Copyright 1986-2022 Xilinx, Inc. All Rights Reserved. Copyright 2022-2024 Advanced Micro Devices, Inc. All Rights Reserved.
----------------------------------------------------------------------------------------------------------------------------------------------------------------------------------------------------------------------------------------------------------------------------------------------------------
| Tool Version : Vivado v.2024.1 (win64) Build 5076996 Wed May 22 18:37:14 MDT 2024
| Date         : Thu Apr  2 08:52:46 2026
| Host         : LAPTOP-96UDD738 running 64-bit major release  (build 9200)
| Command      : report_timing_summary -max_paths 10 -report_unconstrained -warn_on_violation -file D:/FPGAhanjia/Hetero_SoC_2026_3/Hetero_SoC_2026/doc/reports/engineering_evidence/shadow_mirror_20260402_085156/fresh_reports/udp_gateway_shadow_mirror_wrapper_timing_summary_postroute_physopted.rpt
| Design       : udp_gateway_shadow_mirror_wrapper
| Device       : 7z020-clg400
| Speed File   : -1  PRODUCTION 1.12 2019-11-22
| Design State : Physopt postRoute
----------------------------------------------------------------------------------------------------------------------------------------------------------------------------------------------------------------------------------------------------------------------------------------------------------

Timing Summary Report

------------------------------------------------------------------------------------------------
| Timer Settings
| --------------
------------------------------------------------------------------------------------------------

  Enable Multi Corner Analysis               :  Yes
  Enable Pessimism Removal                   :  Yes
  Pessimism Removal Resolution               :  Nearest Common Node
  Enable Input Delay Default Clock           :  No
  Enable Preset / Clear Arcs                 :  No
  Disable Flight Delays                      :  No
  Ignore I/O Paths                           :  No
  Timing Early Launch at Borrowing Latches   :  No
  Borrow Time for Max Delay Exceptions       :  Yes
  Merge Timing Exceptions                    :  Yes
  Inter-SLR Compensation                     :  Conservative

  Corner  Analyze    Analyze    
  Name    Max Paths  Min Paths  
  ------  ---------  ---------  
  Slow    Yes        Yes        
  Fast    Yes        Yes        


------------------------------------------------------------------------------------------------
| Report Methodology
| ------------------
------------------------------------------------------------------------------------------------

Rule     Severity  Description                   Violations  
-------  --------  ----------------------------  ----------  
LUTAR-1  Warning   LUT drives async reset alert  3           

Note: This report is based on the most recent report_methodology run and may not be up-to-date. Run report_methodology on the current design for the latest report.



check_timing report

Table of Contents
-----------------
1. checking no_clock (0)
2. checking constant_clock (0)
3. checking pulse_width_clock (0)
4. checking unconstrained_internal_endpoints (0)
5. checking no_input_delay (0)
6. checking no_output_delay (0)
7. checking multiple_clock (0)
8. checking generated_clocks (0)
9. checking loops (0)
10. checking partial_input_delay (0)
11. checking partial_output_delay (0)
12. checking latch_loops (0)

1. checking no_clock (0)
------------------------
 There are 0 register/latch pins with no clock.


2. checking constant_clock (0)
------------------------------
 There are 0 register/latch pins with constant_clock.


3. checking pulse_width_clock (0)
---------------------------------
 There are 0 register/latch pins which need pulse_width check


4. checking unconstrained_internal_endpoints (0)
------------------------------------------------
 There are 0 pins that are not constrained for maximum delay.

 There are 0 pins that are not constrained for maximum delay due to constant clock.


5. checking no_input_delay (0)
------------------------------
 There are 0 input ports with no input delay specified.

 There are 0 input ports with no input delay but user has a false path constraint.


6. checking no_output_delay (0)
-------------------------------
 There are 0 ports with no output delay specified.

 There are 0 ports with no output delay but user has a false path constraint

 There are 0 ports with no output delay but with a timing clock defined on it or propagating through it


7. checking multiple_clock (0)
------------------------------
 There are 0 register/latch pins with multiple clocks.


8. checking generated_clocks (0)
--------------------------------
 There are 0 generated clocks that are not connected to a clock source.


9. checking loops (0)
---------------------
 There are 0 combinational loops in the design.


10. checking partial_input_delay (0)
------------------------------------
 There are 0 input ports with partial input delay specified.


11. checking partial_output_delay (0)
-------------------------------------
 There are 0 ports with partial output delay specified.


12. checking latch_loops (0)
----------------------------
 There are 0 combinational latch loops in the design through latch input



------------------------------------------------------------------------------------------------
| Design Timing Summary
| ---------------------
------------------------------------------------------------------------------------------------

    WNS(ns)      TNS(ns)  TNS Failing Endpoints  TNS Total Endpoints      WHS(ns)      THS(ns)  THS Failing Endpoints  THS Total Endpoints     WPWS(ns)     TPWS(ns)  TPWS Failing Endpoints  TPWS Total Endpoints  
    -------      -------  ---------------------  -------------------      -------      -------  ---------------------  -------------------     --------     --------  ----------------------  --------------------  
      2.118        0.000                      0               172865        0.041        0.000                      0               172865        8.750        0.000                       0                 42895  


All user specified timing constraints are met.


------------------------------------------------------------------------------------------------
| Clock Summary
| -------------
------------------------------------------------------------------------------------------------

Clock             Waveform(ns)         Period(ns)      Frequency(MHz)
-----             ------------         ----------      --------------
clk_fpga_0        {0.000 10.000}       20.000          50.000          
  shadow_dna_clk  {0.000 320.000}      640.000         1.562           


------------------------------------------------------------------------------------------------
| Intra Clock Table
| -----------------
------------------------------------------------------------------------------------------------

Clock                 WNS(ns)      TNS(ns)  TNS Failing Endpoints  TNS Total Endpoints      WHS(ns)      THS(ns)  THS Failing Endpoints  THS Total Endpoints     WPWS(ns)     TPWS(ns)  TPWS Failing Endpoints  TPWS Total Endpoints  
-----                 -------      -------  ---------------------  -------------------      -------      -------  ---------------------  -------------------     --------     --------  ----------------------  --------------------  
clk_fpga_0              2.694        0.000                      0               151739        0.041        0.000                      0               151739        8.750        0.000                       0                 42826  
  shadow_dna_clk      631.663        0.000                      0                  133        0.284        0.000                      0                  133      319.500        0.000                       0                    69  


------------------------------------------------------------------------------------------------
| Inter Clock Table
| -----------------
------------------------------------------------------------------------------------------------

From Clock      To Clock            WNS(ns)      TNS(ns)  TNS Failing Endpoints  TNS Total Endpoints      WHS(ns)      THS(ns)  THS Failing Endpoints  THS Total Endpoints  
----------      --------            -------      -------  ---------------------  -------------------      -------      -------  ---------------------  -------------------  
shadow_dna_clk  clk_fpga_0           11.914        0.000                      0                   63        0.985        0.000                      0                   63  


------------------------------------------------------------------------------------------------
| Other Path Groups Table
| -----------------------
------------------------------------------------------------------------------------------------

Path Group         From Clock         To Clock               WNS(ns)      TNS(ns)  TNS Failing Endpoints  TNS Total Endpoints      WHS(ns)      THS(ns)  THS Failing Endpoints  THS Total Endpoints  
----------         ----------         --------               -------      -------  ---------------------  -------------------      -------      -------  ---------------------  -------------------  
**async_default**  clk_fpga_0         clk_fpga_0               2.118        0.000                      0                20868        0.674        0.000                      0                20868  
**async_default**  clk_fpga_0         shadow_dna_clk          10.712        0.000                      0                   67        1.591        0.000                      0                   67  


------------------------------------------------------------------------------------------------
| User Ignored Path Table
| -----------------------
------------------------------------------------------------------------------------------------

Path Group    From Clock    To Clock    
----------    ----------    --------    
(none)                      clk_fpga_0    
(none)        clk_fpga_0    clk_fpga_0    


------------------------------------------------------------------------------------------------
| Unconstrained Path Table
| ------------------------
------------------------------------------------------------------------------------------------

Path Group    From Clock    To Clock    
----------    ----------    --------    


------------------------------------------------------------------------------------------------
| Timing Details
| --------------
------------------------------------------------------------------------------------------------


---------------------------------------------------------------------------------------------------
From Clock:  clk_fpga_0
  To Clock:  clk_fpga_0

Setup :            0  Failing Endpoints,  Worst Slack        2.694ns,  Total Violation        0.000ns
Hold  :            0  Failing Endpoints,  Worst Slack        0.041ns,  Total Violation        0.000ns
PW    :            0  Failing Endpoints,  Worst Slack        8.750ns,  Total Violation        0.000ns
---------------------------------------------------------------------------------------------------


Max Delay Paths
--------------------------------------------------------------------------------------
Slack (MET) :             2.694ns  (required time - arrival time)
  Source:                 udp_gateway_shadow_mirror_i/rst_ps7_0_100M/U0/ACTIVE_LOW_PR_OUT_DFF[0].FDRE_PER_N/C
                            (rising edge-triggered cell FDRE clocked by clk_fpga_0  {rise@0.000ns fall@10.000ns period=20.000ns})
  Destination:            udp_gateway_shadow_mirror_i/dma_gateway_hybrid_0/inst/i_hybrid_dma/u_pbm/ptr_head_reserve_reg[3]_rep__10/R
                            (rising edge-triggered cell FDRE clocked by clk_fpga_0  {rise@0.000ns fall@10.000ns period=20.000ns})
  Path Group:             clk_fpga_0
  Path Type:              Setup (Max at Slow Process Corner)
  Requirement:            20.000ns  (clk_fpga_0 rise@20.000ns - clk_fpga_0 rise@0.000ns)
  Data Path Delay:        15.982ns  (logic 0.670ns (4.192%)  route 15.312ns (95.808%))
  Logic Levels:           1  (LUT1=1)
  Clock Path Skew:        -0.392ns (DCD - SCD + CPR)
    Destination Clock Delay (DCD):    2.757ns = ( 22.757 - 20.000 ) 
    Source Clock Delay      (SCD):    3.263ns
    Clock Pessimism Removal (CPR):    0.115ns
  Clock Uncertainty:      0.302ns  ((TSJ^2 + TIJ^2)^1/2 + DJ) / 2 + PE
    Total System Jitter     (TSJ):    0.071ns
    Total Input Jitter      (TIJ):    0.600ns
    Discrete Jitter          (DJ):    0.000ns
    Phase Error              (PE):    0.000ns

    Location             Delay type                Incr(ns)  Path(ns)    PBlock               Netlist Resource(s)
  -------------------------------------------------------------------    ----------------------------------------
                         (clock clk_fpga_0 rise edge)
                                                      0.000     0.000 r                       
    PS7_X0Y0             PS7                          0.000     0.000 r                       udp_gateway_shadow_mirror_i/processing_system7_0/inst/PS7_i/FCLKCLK[0]
                         net (fo=1, routed)           1.193     1.193                         udp_gateway_shadow_mirror_i/processing_system7_0/inst/FCLK_CLK_unbuffered[0]
    BUFGCTRL_X0Y17       BUFG (Prop_bufg_I_O)         0.101     1.294 r                       udp_gateway_shadow_mirror_i/processing_system7_0/inst/buffer_fclk_clk_0.FCLK_CLK_0_BUFG/O
                         net (fo=42827, routed)       1.969     3.263                         udp_gateway_shadow_mirror_i/rst_ps7_0_100M/U0/slowest_sync_clk
    SLICE_X98Y133        FDRE                                         r                       udp_gateway_shadow_mirror_i/rst_ps7_0_100M/U0/ACTIVE_LOW_PR_OUT_DFF[0].FDRE_PER_N/C
  -------------------------------------------------------------------    ----------------------------------------
    SLICE_X98Y133        FDRE (Prop_fdre_C_Q)         0.518     3.781 f                       udp_gateway_shadow_mirror_i/rst_ps7_0_100M/U0/ACTIVE_LOW_PR_OUT_DFF[0].FDRE_PER_N/Q
                         net (fo=92, routed)         10.779    14.560                         udp_gateway_shadow_mirror_i/dma_gateway_hybrid_0/inst/i_hybrid_dma/u_pbm/rst_n
    SLICE_X45Y9          LUT1 (Prop_lut1_I0_O)        0.152    14.712 r  shadow_core_region   udp_gateway_shadow_mirror_i/dma_gateway_hybrid_0/inst/i_hybrid_dma/u_pbm/o_rd_data[31]_i_1/O
                         net (fo=257, routed)         4.532    19.245                         udp_gateway_shadow_mirror_i/dma_gateway_hybrid_0/inst/i_hybrid_dma/u_pbm/o_rd_data[31]_i_1_n_0
    SLICE_X23Y41         FDRE                                         r  shadow_core_region   udp_gateway_shadow_mirror_i/dma_gateway_hybrid_0/inst/i_hybrid_dma/u_pbm/ptr_head_reserve_reg[3]_rep__10/R
  -------------------------------------------------------------------    ----------------------------------------

                         (clock clk_fpga_0 rise edge)
                                                     20.000    20.000 r                       
    PS7_X0Y0             PS7                          0.000    20.000 r                       udp_gateway_shadow_mirror_i/processing_system7_0/inst/PS7_i/FCLKCLK[0]
                         net (fo=1, routed)           1.088    21.088                         udp_gateway_shadow_mirror_i/processing_system7_0/inst/FCLK_CLK_unbuffered[0]
    BUFGCTRL_X0Y17       BUFG (Prop_bufg_I_O)         0.091    21.179 r                       udp_gateway_shadow_mirror_i/processing_system7_0/inst/buffer_fclk_clk_0.FCLK_CLK_0_BUFG/O
                         net (fo=42827, routed)       1.577    22.757                         udp_gateway_shadow_mirror_i/dma_gateway_hybrid_0/inst/i_hybrid_dma/u_pbm/clk
    SLICE_X23Y41         FDRE                                         r  shadow_core_region   udp_gateway_shadow_mirror_i/dma_gateway_hybrid_0/inst/i_hybrid_dma/u_pbm/ptr_head_reserve_reg[3]_rep__10/C
                         clock pessimism              0.115    22.871                           
                         clock uncertainty           -0.302    22.569                           
    SLICE_X23Y41         FDRE (Setup_fdre_C_R)       -0.631    21.938    shadow_core_region     udp_gateway_shadow_mirror_i/dma_gateway_hybrid_0/inst/i_hybrid_dma/u_pbm/ptr_head_reserve_reg[3]_rep__10
  -------------------------------------------------------------------
                         required time                         21.938                           
                         arrival time                         -19.245                           
  -------------------------------------------------------------------
                         slack                                  2.694                           

Slack (MET) :             2.694ns  (required time - arrival time)
  Source:                 udp_gateway_shadow_mirror_i/rst_ps7_0_100M/U0/ACTIVE_LOW_PR_OUT_DFF[0].FDRE_PER_N/C
                            (rising edge-triggered cell FDRE clocked by clk_fpga_0  {rise@0.000ns fall@10.000ns period=20.000ns})
  Destination:            udp_gateway_shadow_mirror_i/dma_gateway_hybrid_0/inst/i_hybrid_dma/u_pbm/ptr_head_reserve_reg[3]_rep__9/R
                            (rising edge-triggered cell FDRE clocked by clk_fpga_0  {rise@0.000ns fall@10.000ns period=20.000ns})
  Path Group:             clk_fpga_0
  Path Type:              Setup (Max at Slow Process Corner)
  Requirement:            20.000ns  (clk_fpga_0 rise@20.000ns - clk_fpga_0 rise@0.000ns)
  Data Path Delay:        15.982ns  (logic 0.670ns (4.192%)  route 15.312ns (95.808%))
  Logic Levels:           1  (LUT1=1)
  Clock Path Skew:        -0.392ns (DCD - SCD + CPR)
    Destination Clock Delay (DCD):    2.757ns = ( 22.757 - 20.000 ) 
    Source Clock Delay      (SCD):    3.263ns
    Clock Pessimism Removal (CPR):    0.115ns
  Clock Uncertainty:      0.302ns  ((TSJ^2 + TIJ^2)^1/2 + DJ) / 2 + PE
    Total System Jitter     (TSJ):    0.071ns
    Total Input Jitter      (TIJ):    0.600ns
    Discrete Jitter          (DJ):    0.000ns
    Phase Error              (PE):    0.000ns

    Location             Delay type                Incr(ns)  Path(ns)    PBlock               Netlist Resource(s)
  -------------------------------------------------------------------    ----------------------------------------
                         (clock clk_fpga_0 rise edge)
                                                      0.000     0.000 r                       
    PS7_X0Y0             PS7                          0.000     0.000 r                       udp_gateway_shadow_mirror_i/processing_system7_0/inst/PS7_i/FCLKCLK[0]
                         net (fo=1, routed)           1.193     1.193                         udp_gateway_shadow_mirror_i/processing_system7_0/inst/FCLK_CLK_unbuffered[0]
    BUFGCTRL_X0Y17       BUFG (Prop_bufg_I_O)         0.101     1.294 r                       udp_gateway_shadow_mirror_i/processing_system7_0/inst/buffer_fclk_clk_0.FCLK_CLK_0_BUFG/O
                         net (fo=42827, routed)       1.969     3.263                         udp_gateway_shadow_mirror_i/rst_ps7_0_100M/U0/slowest_sync_clk
    SLICE_X98Y133        FDRE                                         r                       udp_gateway_shadow_mirror_i/rst_ps7_0_100M/U0/ACTIVE_LOW_PR_OUT_DFF[0].FDRE_PER_N/C
  -------------------------------------------------------------------    ----------------------------------------
    SLICE_X98Y133        FDRE (Prop_fdre_C_Q)         0.518     3.781 f                       udp_gateway_shadow_mirror_i/rst_ps7_0_100M/U0/ACTIVE_LOW_PR_OUT_DFF[0].FDRE_PER_N/Q
                         net (fo=92, routed)         10.779    14.560                         udp_gateway_shadow_mirror_i/dma_gateway_hybrid_0/inst/i_hybrid_dma/u_pbm/rst_n
    SLICE_X45Y9          LUT1 (Prop_lut1_I0_O)        0.152    14.712 r  shadow_core_region   udp_gateway_shadow_mirror_i/dma_gateway_hybrid_0/inst/i_hybrid_dma/u_pbm/o_rd_data[31]_i_1/O
                         net (fo=257, routed)         4.532    19.245                         udp_gateway_shadow_mirror_i/dma_gateway_hybrid_0/inst/i_hybrid_dma/u_pbm/o_rd_data[31]_i_1_n_0
    SLICE_X23Y41         FDRE                                         r  shadow_core_region   udp_gateway_shadow_mirror_i/dma_gateway_hybrid_0/inst/i_hybrid_dma/u_pbm/ptr_head_reserve_reg[3]_rep__9/R
  -------------------------------------------------------------------    ----------------------------------------

                         (clock clk_fpga_0 rise edge)
                                                     20.000    20.000 r                       
    PS7_X0Y0             PS7                          0.000    20.000 r                       udp_gateway_shadow_mirror_i/processing_system7_0/inst/PS7_i/FCLKCLK[0]
                         net (fo=1, routed)           1.088    21.088                         udp_gateway_shadow_mirror_i/processing_system7_0/inst/FCLK_CLK_unbuffered[0]
    BUFGCTRL_X0Y17       BUFG (Prop_bufg_I_O)         0.091    21.179 r                       udp_gateway_shadow_mirror_i/processing_system7_0/inst/buffer_fclk_clk_0.FCLK_CLK_0_BUFG/O
                         net (fo=42827, routed)       1.577    22.757                         udp_gateway_shadow_mirror_i/dma_gateway_hybrid_0/inst/i_hybrid_dma/u_pbm/clk
    SLICE_X23Y41         FDRE                                         r  shadow_core_region   udp_gateway_shadow_mirror_i/dma_gateway_hybrid_0/inst/i_hybrid_dma/u_pbm/ptr_head_reserve_reg[3]_rep__9/C
                         clock pessimism              0.115    22.871                           
                         clock uncertainty           -0.302    22.569                           
    SLICE_X23Y41         FDRE (Setup_fdre_C_R)       -0.631    21.938    shadow_core_region     udp_gateway_shadow_mirror_i/dma_gateway_hybrid_0/inst/i_hybrid_dma/u_pbm/ptr_head_reserve_reg[3]_rep__9
  -------------------------------------------------------------------
                         required time                         21.938                           
                         arrival time                         -19.245                           
  -------------------------------------------------------------------
                         slack                                  2.694                           

Slack (MET) :             2.694ns  (required time - arrival time)
  Source:                 udp_gateway_shadow_mirror_i/rst_ps7_0_100M/U0/ACTIVE_LOW_PR_OUT_DFF[0].FDRE_PER_N/C
                            (rising edge-triggered cell FDRE clocked by clk_fpga_0  {rise@0.000ns fall@10.000ns period=20.000ns})
  Destination:            udp_gateway_shadow_mirror_i/dma_gateway_hybrid_0/inst/i_hybrid_dma/u_pbm/ptr_head_reserve_reg[5]_rep__10/R
                            (rising edge-triggered cell FDRE clocked by clk_fpga_0  {rise@0.000ns fall@10.000ns period=20.000ns})
  Path Group:             clk_fpga_0
  Path Type:              Setup (Max at Slow Process Corner)
  Requirement:            20.000ns  (clk_fpga_0 rise@20.000ns - clk_fpga_0 rise@0.000ns)
  Data Path Delay:        15.982ns  (logic 0.670ns (4.192%)  route 15.312ns (95.808%))
  Logic Levels:           1  (LUT1=1)
  Clock Path Skew:        -0.392ns (DCD - SCD + CPR)
    Destination Clock Delay (DCD):    2.757ns = ( 22.757 - 20.000 ) 
    Source Clock Delay      (SCD):    3.263ns
    Clock Pessimism Removal (CPR):    0.115ns
  Clock Uncertainty:      0.302ns  ((TSJ^2 + TIJ^2)^1/2 + DJ) / 2 + PE
    Total System Jitter     (TSJ):    0.071ns
    Total Input Jitter      (TIJ):    0.600ns
    Discrete Jitter          (DJ):    0.000ns
    Phase Error              (PE):    0.000ns

    Location             Delay type                Incr(ns)  Path(ns)    PBlock               Netlist Resource(s)
  -------------------------------------------------------------------    ----------------------------------------
                         (clock clk_fpga_0 rise edge)
                                                      0.000     0.000 r                       
    PS7_X0Y0             PS7                          0.000     0.000 r                       udp_gateway_shadow_mirror_i/processing_system7_0/inst/PS7_i/FCLKCLK[0]
                         net (fo=1, routed)           1.193     1.193                         udp_gateway_shadow_mirror_i/processing_system7_0/inst/FCLK_CLK_unbuffered[0]
    BUFGCTRL_X0Y17       BUFG (Prop_bufg_I_O)         0.101     1.294 r                       udp_gateway_shadow_mirror_i/processing_system7_0/inst/buffer_fclk_clk_0.FCLK_CLK_0_BUFG/O
                         net (fo=42827, routed)       1.969     3.263                         udp_gateway_shadow_mirror_i/rst_ps7_0_100M/U0/slowest_sync_clk
    SLICE_X98Y133        FDRE                                         r                       udp_gateway_shadow_mirror_i/rst_ps7_0_100M/U0/ACTIVE_LOW_PR_OUT_DFF[0].FDRE_PER_N/C
  -------------------------------------------------------------------    ----------------------------------------
    SLICE_X98Y133        FDRE (Prop_fdre_C_Q)         0.518     3.781 f                       udp_gateway_shadow_mirror_i/rst_ps7_0_100M/U0/ACTIVE_LOW_PR_OUT_DFF[0].FDRE_PER_N/Q
                         net (fo=92, routed)         10.779    14.560                         udp_gateway_shadow_mirror_i/dma_gateway_hybrid_0/inst/i_hybrid_dma/u_pbm/rst_n
    SLICE_X45Y9          LUT1 (Prop_lut1_I0_O)        0.152    14.712 r  shadow_core_region   udp_gateway_shadow_mirror_i/dma_gateway_hybrid_0/inst/i_hybrid_dma/u_pbm/o_rd_data[31]_i_1/O
                         net (fo=257, routed)         4.532    19.245                         udp_gateway_shadow_mirror_i/dma_gateway_hybrid_0/inst/i_hybrid_dma/u_pbm/o_rd_data[31]_i_1_n_0
    SLICE_X23Y41         FDRE                                         r  shadow_core_region   udp_gateway_shadow_mirror_i/dma_gateway_hybrid_0/inst/i_hybrid_dma/u_pbm/ptr_head_reserve_reg[5]_rep__10/R
  -------------------------------------------------------------------    ----------------------------------------

                         (clock clk_fpga_0 rise edge)
                                                     20.000    20.000 r                       
    PS7_X0Y0             PS7                          0.000    20.000 r                       udp_gateway_shadow_mirror_i/processing_system7_0/inst/PS7_i/FCLKCLK[0]
                         net (fo=1, routed)           1.088    21.088                         udp_gateway_shadow_mirror_i/processing_system7_0/inst/FCLK_CLK_unbuffered[0]
    BUFGCTRL_X0Y17       BUFG (Prop_bufg_I_O)         0.091    21.179 r                       udp_gateway_shadow_mirror_i/processing_system7_0/inst/buffer_fclk_clk_0.FCLK_CLK_0_BUFG/O
                         net (fo=42827, routed)       1.577    22.757                         udp_gateway_shadow_mirror_i/dma_gateway_hybrid_0/inst/i_hybrid_dma/u_pbm/clk
    SLICE_X23Y41         FDRE                                         r  shadow_core_region   udp_gateway_shadow_mirror_i/dma_gateway_hybrid_0/inst/i_hybrid_dma/u_pbm/ptr_head_reserve_reg[5]_rep__10/C
                         clock pessimism              0.115    22.871                           
                         clock uncertainty           -0.302    22.569                           
    SLICE_X23Y41         FDRE (Setup_fdre_C_R)       -0.631    21.938    shadow_core_region     udp_gateway_shadow_mirror_i/dma_gateway_hybrid_0/inst/i_hybrid_dma/u_pbm/ptr_head_reserve_reg[5]_rep__10
  -------------------------------------------------------------------
                         required time                         21.938                           
                         arrival time                         -19.245                           
  -------------------------------------------------------------------
                         slack                                  2.694                           

Slack (MET) :             2.694ns  (required time - arrival time)
  Source:                 udp_gateway_shadow_mirror_i/rst_ps7_0_100M/U0/ACTIVE_LOW_PR_OUT_DFF[0].FDRE_PER_N/C
                            (rising edge-triggered cell FDRE clocked by clk_fpga_0  {rise@0.000ns fall@10.000ns period=20.000ns})
  Destination:            udp_gateway_shadow_mirror_i/dma_gateway_hybrid_0/inst/i_hybrid_dma/u_pbm/ptr_head_reserve_reg[5]_rep__9/R
                            (rising edge-triggered cell FDRE clocked by clk_fpga_0  {rise@0.000ns fall@10.000ns period=20.000ns})
  Path Group:             clk_fpga_0
  Path Type:              Setup (Max at Slow Process Corner)
  Requirement:            20.000ns  (clk_fpga_0 rise@20.000ns - clk_fpga_0 rise@0.000ns)
  Data Path Delay:        15.982ns  (logic 0.670ns (4.192%)  route 15.312ns (95.808%))
  Logic Levels:           1  (LUT1=1)
  Clock Path Skew:        -0.392ns (DCD - SCD + CPR)
    Destination Clock Delay (DCD):    2.757ns = ( 22.757 - 20.000 ) 
    Source Clock Delay      (SCD):    3.263ns
    Clock Pessimism Removal (CPR):    0.115ns
  Clock Uncertainty:      0.302ns  ((TSJ^2 + TIJ^2)^1/2 + DJ) / 2 + PE
    Total System Jitter     (TSJ):    0.071ns
    Total Input Jitter      (TIJ):    0.600ns
    Discrete Jitter          (DJ):    0.000ns
    Phase Error              (PE):    0.000ns

    Location             Delay type                Incr(ns)  Path(ns)    PBlock               Netlist Resource(s)
  -------------------------------------------------------------------    ----------------------------------------
                         (clock clk_fpga_0 rise edge)
                                                      0.000     0.000 r                       
    PS7_X0Y0             PS7                          0.000     0.000 r                       udp_gateway_shadow_mirror_i/processing_system7_0/inst/PS7_i/FCLKCLK[0]
                         net (fo=1, routed)           1.193     1.193                         udp_gateway_shadow_mirror_i/processing_system7_0/inst/FCLK_CLK_unbuffered[0]
    BUFGCTRL_X0Y17       BUFG (Prop_bufg_I_O)         0.101     1.294 r                       udp_gateway_shadow_mirror_i/processing_system7_0/inst/buffer_fclk_clk_0.FCLK_CLK_0_BUFG/O
                         net (fo=42827, routed)       1.969     3.263                         udp_gateway_shadow_mirror_i/rst_ps7_0_100M/U0/slowest_sync_clk
    SLICE_X98Y133        FDRE                                         r                       udp_gateway_shadow_mirror_i/rst_ps7_0_100M/U0/ACTIVE_LOW_PR_OUT_DFF[0].FDRE_PER_N/C
  -------------------------------------------------------------------    ----------------------------------------
    SLICE_X98Y133        FDRE (Prop_fdre_C_Q)         0.518     3.781 f                       udp_gateway_shadow_mirror_i/rst_ps7_0_100M/U0/ACTIVE_LOW_PR_OUT_DFF[0].FDRE_PER_N/Q
                         net (fo=92, routed)         10.779    14.560                         udp_gateway_shadow_mirror_i/dma_gateway_hybrid_0/inst/i_hybrid_dma/u_pbm/rst_n
    SLICE_X45Y9          LUT1 (Prop_lut1_I0_O)        0.152    14.712 r  shadow_core_region   udp_gateway_shadow_mirror_i/dma_gateway_hybrid_0/inst/i_hybrid_dma/u_pbm/o_rd_data[31]_i_1/O
                         net (fo=257, routed)         4.532    19.245                         udp_gateway_shadow_mirror_i/dma_gateway_hybrid_0/inst/i_hybrid_dma/u_pbm/o_rd_data[31]_i_1_n_0
    SLICE_X23Y41         FDRE                                         r  shadow_core_region   udp_gateway_shadow_mirror_i/dma_gateway_hybrid_0/inst/i_hybrid_dma/u_pbm/ptr_head_reserve_reg[5]_rep__9/R
  -------------------------------------------------------------------    ----------------------------------------

                         (clock clk_fpga_0 rise edge)
                                                     20.000    20.000 r                       
    PS7_X0Y0             PS7                          0.000    20.000 r                       udp_gateway_shadow_mirror_i/processing_system7_0/inst/PS7_i/FCLKCLK[0]
                         net (fo=1, routed)           1.088    21.088                         udp_gateway_shadow_mirror_i/processing_system7_0/inst/FCLK_CLK_unbuffered[0]
    BUFGCTRL_X0Y17       BUFG (Prop_bufg_I_O)         0.091    21.179 r                       udp_gateway_shadow_mirror_i/processing_system7_0/inst/buffer_fclk_clk_0.FCLK_CLK_0_BUFG/O
                         net (fo=42827, routed)       1.577    22.757                         udp_gateway_shadow_mirror_i/dma_gateway_hybrid_0/inst/i_hybrid_dma/u_pbm/clk
    SLICE_X23Y41         FDRE                                         r  shadow_core_region   udp_gateway_shadow_mirror_i/dma_gateway_hybrid_0/inst/i_hybrid_dma/u_pbm/ptr_head_reserve_reg[5]_rep__9/C
                         clock pessimism              0.115    22.871                           
                         clock uncertainty           -0.302    22.569                           
    SLICE_X23Y41         FDRE (Setup_fdre_C_R)       -0.631    21.938    shadow_core_region     udp_gateway_shadow_mirror_i/dma_gateway_hybrid_0/inst/i_hybrid_dma/u_pbm/ptr_head_reserve_reg[5]_rep__9
  -------------------------------------------------------------------
                         required time                         21.938                           
                         arrival time                         -19.245                           
  -------------------------------------------------------------------
                         slack                                  2.694                           

Slack (MET) :             2.712ns  (required time - arrival time)
  Source:                 udp_gateway_shadow_mirror_i/rst_ps7_0_100M/U0/ACTIVE_LOW_PR_OUT_DFF[0].FDRE_PER_N/C
                            (rising edge-triggered cell FDRE clocked by clk_fpga_0  {rise@0.000ns fall@10.000ns period=20.000ns})
  Destination:            udp_gateway_shadow_mirror_i/axi_mem_intercon/m00_couplers/auto_pc/inst/gen_axi4_axi3.axi3_conv_inst/USE_WRITE.write_addr_inst/S_AXI_AADDR_Q_reg[10]/R
                            (rising edge-triggered cell FDRE clocked by clk_fpga_0  {rise@0.000ns fall@10.000ns period=20.000ns})
  Path Group:             clk_fpga_0
  Path Type:              Setup (Max at Slow Process Corner)
  Requirement:            20.000ns  (clk_fpga_0 rise@20.000ns - clk_fpga_0 rise@0.000ns)
  Data Path Delay:        15.869ns  (logic 0.672ns (4.235%)  route 15.197ns (95.765%))
  Logic Levels:           1  (LUT1=1)
  Clock Path Skew:        -0.485ns (DCD - SCD + CPR)
    Destination Clock Delay (DCD):    2.649ns = ( 22.649 - 20.000 ) 
    Source Clock Delay      (SCD):    3.263ns
    Clock Pessimism Removal (CPR):    0.129ns
  Clock Uncertainty:      0.302ns  ((TSJ^2 + TIJ^2)^1/2 + DJ) / 2 + PE
    Total System Jitter     (TSJ):    0.071ns
    Total Input Jitter      (TIJ):    0.600ns
    Discrete Jitter          (DJ):    0.000ns
    Phase Error              (PE):    0.000ns

    Location             Delay type                Incr(ns)  Path(ns)    Netlist Resource(s)
  -------------------------------------------------------------------    -------------------
                         (clock clk_fpga_0 rise edge)
                                                      0.000     0.000 r  
    PS7_X0Y0             PS7                          0.000     0.000 r  udp_gateway_shadow_mirror_i/processing_system7_0/inst/PS7_i/FCLKCLK[0]
                         net (fo=1, routed)           1.193     1.193    udp_gateway_shadow_mirror_i/processing_system7_0/inst/FCLK_CLK_unbuffered[0]
    BUFGCTRL_X0Y17       BUFG (Prop_bufg_I_O)         0.101     1.294 r  udp_gateway_shadow_mirror_i/processing_system7_0/inst/buffer_fclk_clk_0.FCLK_CLK_0_BUFG/O
                         net (fo=42827, routed)       1.969     3.263    udp_gateway_shadow_mirror_i/rst_ps7_0_100M/U0/slowest_sync_clk
    SLICE_X98Y133        FDRE                                         r  udp_gateway_shadow_mirror_i/rst_ps7_0_100M/U0/ACTIVE_LOW_PR_OUT_DFF[0].FDRE_PER_N/C
  -------------------------------------------------------------------    -------------------
    SLICE_X98Y133        FDRE (Prop_fdre_C_Q)         0.518     3.781 f  udp_gateway_shadow_mirror_i/rst_ps7_0_100M/U0/ACTIVE_LOW_PR_OUT_DFF[0].FDRE_PER_N/Q
                         net (fo=92, routed)         10.505    14.286    udp_gateway_shadow_mirror_i/axi_mem_intercon/m00_couplers/auto_pc/inst/gen_axi4_axi3.axi3_conv_inst/USE_WRITE.write_addr_inst/USE_BURSTS.cmd_queue/inst/aresetn
    SLICE_X17Y18         LUT1 (Prop_lut1_I0_O)        0.154    14.440 r  udp_gateway_shadow_mirror_i/axi_mem_intercon/m00_couplers/auto_pc/inst/gen_axi4_axi3.axi3_conv_inst/USE_WRITE.write_addr_inst/USE_BURSTS.cmd_queue/inst/S_AXI_AREADY_I_i_1/O
                         net (fo=253, routed)         4.691    19.132    udp_gateway_shadow_mirror_i/axi_mem_intercon/m00_couplers/auto_pc/inst/gen_axi4_axi3.axi3_conv_inst/USE_WRITE.write_addr_inst/SR[0]
    SLICE_X35Y68         FDRE                                         r  udp_gateway_shadow_mirror_i/axi_mem_intercon/m00_couplers/auto_pc/inst/gen_axi4_axi3.axi3_conv_inst/USE_WRITE.write_addr_inst/S_AXI_AADDR_Q_reg[10]/R
  -------------------------------------------------------------------    -------------------

                         (clock clk_fpga_0 rise edge)
                                                     20.000    20.000 r  
    PS7_X0Y0             PS7                          0.000    20.000 r  udp_gateway_shadow_mirror_i/processing_system7_0/inst/PS7_i/FCLKCLK[0]
                         net (fo=1, routed)           1.088    21.088    udp_gateway_shadow_mirror_i/processing_system7_0/inst/FCLK_CLK_unbuffered[0]
    BUFGCTRL_X0Y17       BUFG (Prop_bufg_I_O)         0.091    21.179 r  udp_gateway_shadow_mirror_i/processing_system7_0/inst/buffer_fclk_clk_0.FCLK_CLK_0_BUFG/O
                         net (fo=42827, routed)       1.470    22.649    udp_gateway_shadow_mirror_i/axi_mem_intercon/m00_couplers/auto_pc/inst/gen_axi4_axi3.axi3_conv_inst/USE_WRITE.write_addr_inst/aclk
    SLICE_X35Y68         FDRE                                         r  udp_gateway_shadow_mirror_i/axi_mem_intercon/m00_couplers/auto_pc/inst/gen_axi4_axi3.axi3_conv_inst/USE_WRITE.write_addr_inst/S_AXI_AADDR_Q_reg[10]/C
                         clock pessimism              0.129    22.778    
                         clock uncertainty           -0.302    22.476    
    SLICE_X35Y68         FDRE (Setup_fdre_C_R)       -0.632    21.844    udp_gateway_shadow_mirror_i/axi_mem_intercon/m00_couplers/auto_pc/inst/gen_axi4_axi3.axi3_conv_inst/USE_WRITE.write_addr_inst/S_AXI_AADDR_Q_reg[10]
  -------------------------------------------------------------------
                         required time                         21.844    
                         arrival time                         -19.132    
  -------------------------------------------------------------------
                         slack                                  2.712    

Slack (MET) :             2.712ns  (required time - arrival time)
  Source:                 udp_gateway_shadow_mirror_i/rst_ps7_0_100M/U0/ACTIVE_LOW_PR_OUT_DFF[0].FDRE_PER_N/C
                            (rising edge-triggered cell FDRE clocked by clk_fpga_0  {rise@0.000ns fall@10.000ns period=20.000ns})
  Destination:            udp_gateway_shadow_mirror_i/axi_mem_intercon/m00_couplers/auto_pc/inst/gen_axi4_axi3.axi3_conv_inst/USE_WRITE.write_addr_inst/S_AXI_AADDR_Q_reg[18]/R
                            (rising edge-triggered cell FDRE clocked by clk_fpga_0  {rise@0.000ns fall@10.000ns period=20.000ns})
  Path Group:             clk_fpga_0
  Path Type:              Setup (Max at Slow Process Corner)
  Requirement:            20.000ns  (clk_fpga_0 rise@20.000ns - clk_fpga_0 rise@0.000ns)
  Data Path Delay:        15.869ns  (logic 0.672ns (4.235%)  route 15.197ns (95.765%))
  Logic Levels:           1  (LUT1=1)
  Clock Path Skew:        -0.485ns (DCD - SCD + CPR)
    Destination Clock Delay (DCD):    2.649ns = ( 22.649 - 20.000 ) 
    Source Clock Delay      (SCD):    3.263ns
    Clock Pessimism Removal (CPR):    0.129ns
  Clock Uncertainty:      0.302ns  ((TSJ^2 + TIJ^2)^1/2 + DJ) / 2 + PE
    Total System Jitter     (TSJ):    0.071ns
    Total Input Jitter      (TIJ):    0.600ns
    Discrete Jitter          (DJ):    0.000ns
    Phase Error              (PE):    0.000ns

    Location             Delay type                Incr(ns)  Path(ns)    Netlist Resource(s)
  -------------------------------------------------------------------    -------------------
                         (clock clk_fpga_0 rise edge)
                                                      0.000     0.000 r  
    PS7_X0Y0             PS7                          0.000     0.000 r  udp_gateway_shadow_mirror_i/processing_system7_0/inst/PS7_i/FCLKCLK[0]
                         net (fo=1, routed)           1.193     1.193    udp_gateway_shadow_mirror_i/processing_system7_0/inst/FCLK_CLK_unbuffered[0]
    BUFGCTRL_X0Y17       BUFG (Prop_bufg_I_O)         0.101     1.294 r  udp_gateway_shadow_mirror_i/processing_system7_0/inst/buffer_fclk_clk_0.FCLK_CLK_0_BUFG/O
                         net (fo=42827, routed)       1.969     3.263    udp_gateway_shadow_mirror_i/rst_ps7_0_100M/U0/slowest_sync_clk
    SLICE_X98Y133        FDRE                                         r  udp_gateway_shadow_mirror_i/rst_ps7_0_100M/U0/ACTIVE_LOW_PR_OUT_DFF[0].FDRE_PER_N/C
  -------------------------------------------------------------------    -------------------
    SLICE_X98Y133        FDRE (Prop_fdre_C_Q)         0.518     3.781 f  udp_gateway_shadow_mirror_i/rst_ps7_0_100M/U0/ACTIVE_LOW_PR_OUT_DFF[0].FDRE_PER_N/Q
                         net (fo=92, routed)         10.505    14.286    udp_gateway_shadow_mirror_i/axi_mem_intercon/m00_couplers/auto_pc/inst/gen_axi4_axi3.axi3_conv_inst/USE_WRITE.write_addr_inst/USE_BURSTS.cmd_queue/inst/aresetn
    SLICE_X17Y18         LUT1 (Prop_lut1_I0_O)        0.154    14.440 r  udp_gateway_shadow_mirror_i/axi_mem_intercon/m00_couplers/auto_pc/inst/gen_axi4_axi3.axi3_conv_inst/USE_WRITE.write_addr_inst/USE_BURSTS.cmd_queue/inst/S_AXI_AREADY_I_i_1/O
                         net (fo=253, routed)         4.691    19.132    udp_gateway_shadow_mirror_i/axi_mem_intercon/m00_couplers/auto_pc/inst/gen_axi4_axi3.axi3_conv_inst/USE_WRITE.write_addr_inst/SR[0]
    SLICE_X35Y68         FDRE                                         r  udp_gateway_shadow_mirror_i/axi_mem_intercon/m00_couplers/auto_pc/inst/gen_axi4_axi3.axi3_conv_inst/USE_WRITE.write_addr_inst/S_AXI_AADDR_Q_reg[18]/R
  -------------------------------------------------------------------    -------------------

                         (clock clk_fpga_0 rise edge)
                                                     20.000    20.000 r  
    PS7_X0Y0             PS7                          0.000    20.000 r  udp_gateway_shadow_mirror_i/processing_system7_0/inst/PS7_i/FCLKCLK[0]
                         net (fo=1, routed)           1.088    21.088    udp_gateway_shadow_mirror_i/processing_system7_0/inst/FCLK_CLK_unbuffered[0]
    BUFGCTRL_X0Y17       BUFG (Prop_bufg_I_O)         0.091    21.179 r  udp_gateway_shadow_mirror_i/processing_system7_0/inst/buffer_fclk_clk_0.FCLK_CLK_0_BUFG/O
                         net (fo=42827, routed)       1.470    22.649    udp_gateway_shadow_mirror_i/axi_mem_intercon/m00_couplers/auto_pc/inst/gen_axi4_axi3.axi3_conv_inst/USE_WRITE.write_addr_inst/aclk
    SLICE_X35Y68         FDRE                                         r  udp_gateway_shadow_mirror_i/axi_mem_intercon/m00_couplers/auto_pc/inst/gen_axi4_axi3.axi3_conv_inst/USE_WRITE.write_addr_inst/S_AXI_AADDR_Q_reg[18]/C
                         clock pessimism              0.129    22.778    
                         clock uncertainty           -0.302    22.476    
    SLICE_X35Y68         FDRE (Setup_fdre_C_R)       -0.632    21.844    udp_gateway_shadow_mirror_i/axi_mem_intercon/m00_couplers/auto_pc/inst/gen_axi4_axi3.axi3_conv_inst/USE_WRITE.write_addr_inst/S_AXI_AADDR_Q_reg[18]
  -------------------------------------------------------------------
                         required time                         21.844    
                         arrival time                         -19.132    
  -------------------------------------------------------------------
                         slack                                  2.712    

Slack (MET) :             2.712ns  (required time - arrival time)
  Source:                 udp_gateway_shadow_mirror_i/rst_ps7_0_100M/U0/ACTIVE_LOW_PR_OUT_DFF[0].FDRE_PER_N/C
                            (rising edge-triggered cell FDRE clocked by clk_fpga_0  {rise@0.000ns fall@10.000ns period=20.000ns})
  Destination:            udp_gateway_shadow_mirror_i/axi_mem_intercon/m00_couplers/auto_pc/inst/gen_axi4_axi3.axi3_conv_inst/USE_WRITE.write_addr_inst/S_AXI_AADDR_Q_reg[19]/R
                            (rising edge-triggered cell FDRE clocked by clk_fpga_0  {rise@0.000ns fall@10.000ns period=20.000ns})
  Path Group:             clk_fpga_0
  Path Type:              Setup (Max at Slow Process Corner)
  Requirement:            20.000ns  (clk_fpga_0 rise@20.000ns - clk_fpga_0 rise@0.000ns)
  Data Path Delay:        15.869ns  (logic 0.672ns (4.235%)  route 15.197ns (95.765%))
  Logic Levels:           1  (LUT1=1)
  Clock Path Skew:        -0.485ns (DCD - SCD + CPR)
    Destination Clock Delay (DCD):    2.649ns = ( 22.649 - 20.000 ) 
    Source Clock Delay      (SCD):    3.263ns
    Clock Pessimism Removal (CPR):    0.129ns
  Clock Uncertainty:      0.302ns  ((TSJ^2 + TIJ^2)^1/2 + DJ) / 2 + PE
    Total System Jitter     (TSJ):    0.071ns
    Total Input Jitter      (TIJ):    0.600ns
    Discrete Jitter          (DJ):    0.000ns
    Phase Error              (PE):    0.000ns

    Location             Delay type                Incr(ns)  Path(ns)    Netlist Resource(s)
  -------------------------------------------------------------------    -------------------
                         (clock clk_fpga_0 rise edge)
                                                      0.000     0.000 r  
    PS7_X0Y0             PS7                          0.000     0.000 r  udp_gateway_shadow_mirror_i/processing_system7_0/inst/PS7_i/FCLKCLK[0]
                         net (fo=1, routed)           1.193     1.193    udp_gateway_shadow_mirror_i/processing_system7_0/inst/FCLK_CLK_unbuffered[0]
    BUFGCTRL_X0Y17       BUFG (Prop_bufg_I_O)         0.101     1.294 r  udp_gateway_shadow_mirror_i/processing_system7_0/inst/buffer_fclk_clk_0.FCLK_CLK_0_BUFG/O
                         net (fo=42827, routed)       1.969     3.263    udp_gateway_shadow_mirror_i/rst_ps7_0_100M/U0/slowest_sync_clk
    SLICE_X98Y133        FDRE                                         r  udp_gateway_shadow_mirror_i/rst_ps7_0_100M/U0/ACTIVE_LOW_PR_OUT_DFF[0].FDRE_PER_N/C
  -------------------------------------------------------------------    -------------------
    SLICE_X98Y133        FDRE (Prop_fdre_C_Q)         0.518     3.781 f  udp_gateway_shadow_mirror_i/rst_ps7_0_100M/U0/ACTIVE_LOW_PR_OUT_DFF[0].FDRE_PER_N/Q
                         net (fo=92, routed)         10.505    14.286    udp_gateway_shadow_mirror_i/axi_mem_intercon/m00_couplers/auto_pc/inst/gen_axi4_axi3.axi3_conv_inst/USE_WRITE.write_addr_inst/USE_BURSTS.cmd_queue/inst/aresetn
    SLICE_X17Y18         LUT1 (Prop_lut1_I0_O)        0.154    14.440 r  udp_gateway_shadow_mirror_i/axi_mem_intercon/m00_couplers/auto_pc/inst/gen_axi4_axi3.axi3_conv_inst/USE_WRITE.write_addr_inst/USE_BURSTS.cmd_queue/inst/S_AXI_AREADY_I_i_1/O
                         net (fo=253, routed)         4.691    19.132    udp_gateway_shadow_mirror_i/axi_mem_intercon/m00_couplers/auto_pc/inst/gen_axi4_axi3.axi3_conv_inst/USE_WRITE.write_addr_inst/SR[0]
    SLICE_X35Y68         FDRE                                         r  udp_gateway_shadow_mirror_i/axi_mem_intercon/m00_couplers/auto_pc/inst/gen_axi4_axi3.axi3_conv_inst/USE_WRITE.write_addr_inst/S_AXI_AADDR_Q_reg[19]/R
  -------------------------------------------------------------------    -------------------

                         (clock clk_fpga_0 rise edge)
                                                     20.000    20.000 r  
    PS7_X0Y0             PS7                          0.000    20.000 r  udp_gateway_shadow_mirror_i/processing_system7_0/inst/PS7_i/FCLKCLK[0]
                         net (fo=1, routed)           1.088    21.088    udp_gateway_shadow_mirror_i/processing_system7_0/inst/FCLK_CLK_unbuffered[0]
    BUFGCTRL_X0Y17       BUFG (Prop_bufg_I_O)         0.091    21.179 r  udp_gateway_shadow_mirror_i/processing_system7_0/inst/buffer_fclk_clk_0.FCLK_CLK_0_BUFG/O
                         net (fo=42827, routed)       1.470    22.649    udp_gateway_shadow_mirror_i/axi_mem_intercon/m00_couplers/auto_pc/inst/gen_axi4_axi3.axi3_conv_inst/USE_WRITE.write_addr_inst/aclk
    SLICE_X35Y68         FDRE                                         r  udp_gateway_shadow_mirror_i/axi_mem_intercon/m00_couplers/auto_pc/inst/gen_axi4_axi3.axi3_conv_inst/USE_WRITE.write_addr_inst/S_AXI_AADDR_Q_reg[19]/C
                         clock pessimism              0.129    22.778    
                         clock uncertainty           -0.302    22.476    
    SLICE_X35Y68         FDRE (Setup_fdre_C_R)       -0.632    21.844    udp_gateway_shadow_mirror_i/axi_mem_intercon/m00_couplers/auto_pc/inst/gen_axi4_axi3.axi3_conv_inst/USE_WRITE.write_addr_inst/S_AXI_AADDR_Q_reg[19]
  -------------------------------------------------------------------
                         required time                         21.844    
                         arrival time                         -19.132    
  -------------------------------------------------------------------
                         slack                                  2.712    

Slack (MET) :             2.712ns  (required time - arrival time)
  Source:                 udp_gateway_shadow_mirror_i/rst_ps7_0_100M/U0/ACTIVE_LOW_PR_OUT_DFF[0].FDRE_PER_N/C
                            (rising edge-triggered cell FDRE clocked by clk_fpga_0  {rise@0.000ns fall@10.000ns period=20.000ns})
  Destination:            udp_gateway_shadow_mirror_i/axi_mem_intercon/m00_couplers/auto_pc/inst/gen_axi4_axi3.axi3_conv_inst/USE_WRITE.write_addr_inst/S_AXI_AADDR_Q_reg[8]/R
                            (rising edge-triggered cell FDRE clocked by clk_fpga_0  {rise@0.000ns fall@10.000ns period=20.000ns})
  Path Group:             clk_fpga_0
  Path Type:              Setup (Max at Slow Process Corner)
  Requirement:            20.000ns  (clk_fpga_0 rise@20.000ns - clk_fpga_0 rise@0.000ns)
  Data Path Delay:        15.869ns  (logic 0.672ns (4.235%)  route 15.197ns (95.765%))
  Logic Levels:           1  (LUT1=1)
  Clock Path Skew:        -0.485ns (DCD - SCD + CPR)
    Destination Clock Delay (DCD):    2.649ns = ( 22.649 - 20.000 ) 
    Source Clock Delay      (SCD):    3.263ns
    Clock Pessimism Removal (CPR):    0.129ns
  Clock Uncertainty:      0.302ns  ((TSJ^2 + TIJ^2)^1/2 + DJ) / 2 + PE
    Total System Jitter     (TSJ):    0.071ns
    Total Input Jitter      (TIJ):    0.600ns
    Discrete Jitter          (DJ):    0.000ns
    Phase Error              (PE):    0.000ns

    Location             Delay type                Incr(ns)  Path(ns)    Netlist Resource(s)
  -------------------------------------------------------------------    -------------------
                         (clock clk_fpga_0 rise edge)
                                                      0.000     0.000 r  
    PS7_X0Y0             PS7                          0.000     0.000 r  udp_gateway_shadow_mirror_i/processing_system7_0/inst/PS7_i/FCLKCLK[0]
                         net (fo=1, routed)           1.193     1.193    udp_gateway_shadow_mirror_i/processing_system7_0/inst/FCLK_CLK_unbuffered[0]
    BUFGCTRL_X0Y17       BUFG (Prop_bufg_I_O)         0.101     1.294 r  udp_gateway_shadow_mirror_i/processing_system7_0/inst/buffer_fclk_clk_0.FCLK_CLK_0_BUFG/O
                         net (fo=42827, routed)       1.969     3.263    udp_gateway_shadow_mirror_i/rst_ps7_0_100M/U0/slowest_sync_clk
    SLICE_X98Y133        FDRE                                         r  udp_gateway_shadow_mirror_i/rst_ps7_0_100M/U0/ACTIVE_LOW_PR_OUT_DFF[0].FDRE_PER_N/C
  -------------------------------------------------------------------    -------------------
    SLICE_X98Y133        FDRE (Prop_fdre_C_Q)         0.518     3.781 f  udp_gateway_shadow_mirror_i/rst_ps7_0_100M/U0/ACTIVE_LOW_PR_OUT_DFF[0].FDRE_PER_N/Q
                         net (fo=92, routed)         10.505    14.286    udp_gateway_shadow_mirror_i/axi_mem_intercon/m00_couplers/auto_pc/inst/gen_axi4_axi3.axi3_conv_inst/USE_WRITE.write_addr_inst/USE_BURSTS.cmd_queue/inst/aresetn
    SLICE_X17Y18         LUT1 (Prop_lut1_I0_O)        0.154    14.440 r  udp_gateway_shadow_mirror_i/axi_mem_intercon/m00_couplers/auto_pc/inst/gen_axi4_axi3.axi3_conv_inst/USE_WRITE.write_addr_inst/USE_BURSTS.cmd_queue/inst/S_AXI_AREADY_I_i_1/O
                         net (fo=253, routed)         4.691    19.132    udp_gateway_shadow_mirror_i/axi_mem_intercon/m00_couplers/auto_pc/inst/gen_axi4_axi3.axi3_conv_inst/USE_WRITE.write_addr_inst/SR[0]
    SLICE_X35Y68         FDRE                                         r  udp_gateway_shadow_mirror_i/axi_mem_intercon/m00_couplers/auto_pc/inst/gen_axi4_axi3.axi3_conv_inst/USE_WRITE.write_addr_inst/S_AXI_AADDR_Q_reg[8]/R
  -------------------------------------------------------------------    -------------------

                         (clock clk_fpga_0 rise edge)
                                                     20.000    20.000 r  
    PS7_X0Y0             PS7                          0.000    20.000 r  udp_gateway_shadow_mirror_i/processing_system7_0/inst/PS7_i/FCLKCLK[0]
                         net (fo=1, routed)           1.088    21.088    udp_gateway_shadow_mirror_i/processing_system7_0/inst/FCLK_CLK_unbuffered[0]
    BUFGCTRL_X0Y17       BUFG (Prop_bufg_I_O)         0.091    21.179 r  udp_gateway_shadow_mirror_i/processing_system7_0/inst/buffer_fclk_clk_0.FCLK_CLK_0_BUFG/O
                         net (fo=42827, routed)       1.470    22.649    udp_gateway_shadow_mirror_i/axi_mem_intercon/m00_couplers/auto_pc/inst/gen_axi4_axi3.axi3_conv_inst/USE_WRITE.write_addr_inst/aclk
    SLICE_X35Y68         FDRE                                         r  udp_gateway_shadow_mirror_i/axi_mem_intercon/m00_couplers/auto_pc/inst/gen_axi4_axi3.axi3_conv_inst/USE_WRITE.write_addr_inst/S_AXI_AADDR_Q_reg[8]/C
                         clock pessimism              0.129    22.778    
                         clock uncertainty           -0.302    22.476    
    SLICE_X35Y68         FDRE (Setup_fdre_C_R)       -0.632    21.844    udp_gateway_shadow_mirror_i/axi_mem_intercon/m00_couplers/auto_pc/inst/gen_axi4_axi3.axi3_conv_inst/USE_WRITE.write_addr_inst/S_AXI_AADDR_Q_reg[8]
  -------------------------------------------------------------------
                         required time                         21.844    
                         arrival time                         -19.132    
  -------------------------------------------------------------------
                         slack                                  2.712    

Slack (MET) :             2.742ns  (required time - arrival time)
  Source:                 udp_gateway_shadow_mirror_i/rst_ps7_0_100M/U0/ACTIVE_LOW_PR_OUT_DFF[0].FDRE_PER_N/C
                            (rising edge-triggered cell FDRE clocked by clk_fpga_0  {rise@0.000ns fall@10.000ns period=20.000ns})
  Destination:            udp_gateway_shadow_mirror_i/dma_gateway_hybrid_0/inst/i_hybrid_dma/u_pbm/ptr_head_reserve_reg[2]/R
                            (rising edge-triggered cell FDRE clocked by clk_fpga_0  {rise@0.000ns fall@10.000ns period=20.000ns})
  Path Group:             clk_fpga_0
  Path Type:              Setup (Max at Slow Process Corner)
  Requirement:            20.000ns  (clk_fpga_0 rise@20.000ns - clk_fpga_0 rise@0.000ns)
  Data Path Delay:        15.837ns  (logic 0.670ns (4.231%)  route 15.167ns (95.769%))
  Logic Levels:           1  (LUT1=1)
  Clock Path Skew:        -0.488ns (DCD - SCD + CPR)
    Destination Clock Delay (DCD):    2.646ns = ( 22.646 - 20.000 ) 
    Source Clock Delay      (SCD):    3.263ns
    Clock Pessimism Removal (CPR):    0.129ns
  Clock Uncertainty:      0.302ns  ((TSJ^2 + TIJ^2)^1/2 + DJ) / 2 + PE
    Total System Jitter     (TSJ):    0.071ns
    Total Input Jitter      (TIJ):    0.600ns
    Discrete Jitter          (DJ):    0.000ns
    Phase Error              (PE):    0.000ns

    Location             Delay type                Incr(ns)  Path(ns)    PBlock               Netlist Resource(s)
  -------------------------------------------------------------------    ----------------------------------------
                         (clock clk_fpga_0 rise edge)
                                                      0.000     0.000 r                       
    PS7_X0Y0             PS7                          0.000     0.000 r                       udp_gateway_shadow_mirror_i/processing_system7_0/inst/PS7_i/FCLKCLK[0]
                         net (fo=1, routed)           1.193     1.193                         udp_gateway_shadow_mirror_i/processing_system7_0/inst/FCLK_CLK_unbuffered[0]
    BUFGCTRL_X0Y17       BUFG (Prop_bufg_I_O)         0.101     1.294 r                       udp_gateway_shadow_mirror_i/processing_system7_0/inst/buffer_fclk_clk_0.FCLK_CLK_0_BUFG/O
                         net (fo=42827, routed)       1.969     3.263                         udp_gateway_shadow_mirror_i/rst_ps7_0_100M/U0/slowest_sync_clk
    SLICE_X98Y133        FDRE                                         r                       udp_gateway_shadow_mirror_i/rst_ps7_0_100M/U0/ACTIVE_LOW_PR_OUT_DFF[0].FDRE_PER_N/C
  -------------------------------------------------------------------    ----------------------------------------
    SLICE_X98Y133        FDRE (Prop_fdre_C_Q)         0.518     3.781 f                       udp_gateway_shadow_mirror_i/rst_ps7_0_100M/U0/ACTIVE_LOW_PR_OUT_DFF[0].FDRE_PER_N/Q
                         net (fo=92, routed)         10.779    14.560                         udp_gateway_shadow_mirror_i/dma_gateway_hybrid_0/inst/i_hybrid_dma/u_pbm/rst_n
    SLICE_X45Y9          LUT1 (Prop_lut1_I0_O)        0.152    14.712 r  shadow_core_region   udp_gateway_shadow_mirror_i/dma_gateway_hybrid_0/inst/i_hybrid_dma/u_pbm/o_rd_data[31]_i_1/O
                         net (fo=257, routed)         4.387    19.100                         udp_gateway_shadow_mirror_i/dma_gateway_hybrid_0/inst/i_hybrid_dma/u_pbm/o_rd_data[31]_i_1_n_0
    SLICE_X53Y52         FDRE                                         r  shadow_core_region   udp_gateway_shadow_mirror_i/dma_gateway_hybrid_0/inst/i_hybrid_dma/u_pbm/ptr_head_reserve_reg[2]/R
  -------------------------------------------------------------------    ----------------------------------------

                         (clock clk_fpga_0 rise edge)
                                                     20.000    20.000 r                       
    PS7_X0Y0             PS7                          0.000    20.000 r                       udp_gateway_shadow_mirror_i/processing_system7_0/inst/PS7_i/FCLKCLK[0]
                         net (fo=1, routed)           1.088    21.088                         udp_gateway_shadow_mirror_i/processing_system7_0/inst/FCLK_CLK_unbuffered[0]
    BUFGCTRL_X0Y17       BUFG (Prop_bufg_I_O)         0.091    21.179 r                       udp_gateway_shadow_mirror_i/processing_system7_0/inst/buffer_fclk_clk_0.FCLK_CLK_0_BUFG/O
                         net (fo=42827, routed)       1.467    22.646                         udp_gateway_shadow_mirror_i/dma_gateway_hybrid_0/inst/i_hybrid_dma/u_pbm/clk
    SLICE_X53Y52         FDRE                                         r  shadow_core_region   udp_gateway_shadow_mirror_i/dma_gateway_hybrid_0/inst/i_hybrid_dma/u_pbm/ptr_head_reserve_reg[2]/C
                         clock pessimism              0.129    22.775                           
                         clock uncertainty           -0.302    22.473                           
    SLICE_X53Y52         FDRE (Setup_fdre_C_R)       -0.631    21.842    shadow_core_region     udp_gateway_shadow_mirror_i/dma_gateway_hybrid_0/inst/i_hybrid_dma/u_pbm/ptr_head_reserve_reg[2]
  -------------------------------------------------------------------
                         required time                         21.842                           
                         arrival time                         -19.100                           
  -------------------------------------------------------------------
                         slack                                  2.742                           

Slack (MET) :             2.742ns  (required time - arrival time)
  Source:                 udp_gateway_shadow_mirror_i/rst_ps7_0_100M/U0/ACTIVE_LOW_PR_OUT_DFF[0].FDRE_PER_N/C
                            (rising edge-triggered cell FDRE clocked by clk_fpga_0  {rise@0.000ns fall@10.000ns period=20.000ns})
  Destination:            udp_gateway_shadow_mirror_i/dma_gateway_hybrid_0/inst/i_hybrid_dma/u_pbm/ptr_head_reserve_reg[3]_rep__12/R
                            (rising edge-triggered cell FDRE clocked by clk_fpga_0  {rise@0.000ns fall@10.000ns period=20.000ns})
  Path Group:             clk_fpga_0
  Path Type:              Setup (Max at Slow Process Corner)
  Requirement:            20.000ns  (clk_fpga_0 rise@20.000ns - clk_fpga_0 rise@0.000ns)
  Data Path Delay:        15.837ns  (logic 0.670ns (4.231%)  route 15.167ns (95.769%))
  Logic Levels:           1  (LUT1=1)
  Clock Path Skew:        -0.488ns (DCD - SCD + CPR)
    Destination Clock Delay (DCD):    2.646ns = ( 22.646 - 20.000 ) 
    Source Clock Delay      (SCD):    3.263ns
    Clock Pessimism Removal (CPR):    0.129ns
  Clock Uncertainty:      0.302ns  ((TSJ^2 + TIJ^2)^1/2 + DJ) / 2 + PE
    Total System Jitter     (TSJ):    0.071ns
    Total Input Jitter      (TIJ):    0.600ns
    Discrete Jitter          (DJ):    0.000ns
    Phase Error              (PE):    0.000ns

    Location             Delay type                Incr(ns)  Path(ns)    PBlock               Netlist Resource(s)
  -------------------------------------------------------------------    ----------------------------------------
                         (clock clk_fpga_0 rise edge)
                                                      0.000     0.000 r                       
    PS7_X0Y0             PS7                          0.000     0.000 r                       udp_gateway_shadow_mirror_i/processing_system7_0/inst/PS7_i/FCLKCLK[0]
                         net (fo=1, routed)           1.193     1.193                         udp_gateway_shadow_mirror_i/processing_system7_0/inst/FCLK_CLK_unbuffered[0]
    BUFGCTRL_X0Y17       BUFG (Prop_bufg_I_O)         0.101     1.294 r                       udp_gateway_shadow_mirror_i/processing_system7_0/inst/buffer_fclk_clk_0.FCLK_CLK_0_BUFG/O
                         net (fo=42827, routed)       1.969     3.263                         udp_gateway_shadow_mirror_i/rst_ps7_0_100M/U0/slowest_sync_clk
    SLICE_X98Y133        FDRE                                         r                       udp_gateway_shadow_mirror_i/rst_ps7_0_100M/U0/ACTIVE_LOW_PR_OUT_DFF[0].FDRE_PER_N/C
  -------------------------------------------------------------------    ----------------------------------------
    SLICE_X98Y133        FDRE (Prop_fdre_C_Q)         0.518     3.781 f                       udp_gateway_shadow_mirror_i/rst_ps7_0_100M/U0/ACTIVE_LOW_PR_OUT_DFF[0].FDRE_PER_N/Q
                         net (fo=92, routed)         10.779    14.560                         udp_gateway_shadow_mirror_i/dma_gateway_hybrid_0/inst/i_hybrid_dma/u_pbm/rst_n
    SLICE_X45Y9          LUT1 (Prop_lut1_I0_O)        0.152    14.712 r  shadow_core_region   udp_gateway_shadow_mirror_i/dma_gateway_hybrid_0/inst/i_hybrid_dma/u_pbm/o_rd_data[31]_i_1/O
                         net (fo=257, routed)         4.387    19.100                         udp_gateway_shadow_mirror_i/dma_gateway_hybrid_0/inst/i_hybrid_dma/u_pbm/o_rd_data[31]_i_1_n_0
    SLICE_X53Y52         FDRE                                         r  shadow_core_region   udp_gateway_shadow_mirror_i/dma_gateway_hybrid_0/inst/i_hybrid_dma/u_pbm/ptr_head_reserve_reg[3]_rep__12/R
  -------------------------------------------------------------------    ----------------------------------------

                         (clock clk_fpga_0 rise edge)
                                                     20.000    20.000 r                       
    PS7_X0Y0             PS7                          0.000    20.000 r                       udp_gateway_shadow_mirror_i/processing_system7_0/inst/PS7_i/FCLKCLK[0]
                         net (fo=1, routed)           1.088    21.088                         udp_gateway_shadow_mirror_i/processing_system7_0/inst/FCLK_CLK_unbuffered[0]
    BUFGCTRL_X0Y17       BUFG (Prop_bufg_I_O)         0.091    21.179 r                       udp_gateway_shadow_mirror_i/processing_system7_0/inst/buffer_fclk_clk_0.FCLK_CLK_0_BUFG/O
                         net (fo=42827, routed)       1.467    22.646                         udp_gateway_shadow_mirror_i/dma_gateway_hybrid_0/inst/i_hybrid_dma/u_pbm/clk
    SLICE_X53Y52         FDRE                                         r  shadow_core_region   udp_gateway_shadow_mirror_i/dma_gateway_hybrid_0/inst/i_hybrid_dma/u_pbm/ptr_head_reserve_reg[3]_rep__12/C
                         clock pessimism              0.129    22.775                           
                         clock uncertainty           -0.302    22.473                           
    SLICE_X53Y52         FDRE (Setup_fdre_C_R)       -0.631    21.842    shadow_core_region     udp_gateway_shadow_mirror_i/dma_gateway_hybrid_0/inst/i_hybrid_dma/u_pbm/ptr_head_reserve_reg[3]_rep__12
  -------------------------------------------------------------------
                         required time                         21.842                           
                         arrival time                         -19.100                           
  -------------------------------------------------------------------
                         slack                                  2.742                           





Min Delay Paths
--------------------------------------------------------------------------------------
Slack (MET) :             0.041ns  (arrival time - required time)
  Source:                 udp_gateway_shadow_mirror_i/crypto_accel_axi_0/inst/u_design1_crypto_accel_axi/crypto_accel_axi_slave_lite_v1_0_S00_AXI_inst/u_crypto_bridge_top/key_lfsr_reg[43]/C
                            (rising edge-triggered cell FDCE clocked by clk_fpga_0  {rise@0.000ns fall@10.000ns period=20.000ns})
  Destination:            udp_gateway_shadow_mirror_i/crypto_accel_axi_0/inst/u_design1_crypto_accel_axi/crypto_accel_axi_slave_lite_v1_0_S00_AXI_inst/u_crypto_bridge_top/key_mask_lo_reg_reg[43]/D
                            (rising edge-triggered cell FDCE clocked by clk_fpga_0  {rise@0.000ns fall@10.000ns period=20.000ns})
  Path Group:             clk_fpga_0
  Path Type:              Hold (Min at Fast Process Corner)
  Requirement:            0.000ns  (clk_fpga_0 rise@0.000ns - clk_fpga_0 rise@0.000ns)
  Data Path Delay:        0.301ns  (logic 0.128ns (42.455%)  route 0.173ns (57.545%))
  Logic Levels:           0  
  Clock Path Skew:        0.260ns (DCD - SCD - CPR)
    Destination Clock Delay (DCD):    1.271ns
    Source Clock Delay      (SCD):    0.972ns
    Clock Pessimism Removal (CPR):    0.039ns

    Location             Delay type                Incr(ns)  Path(ns)    PBlock               Netlist Resource(s)
  -------------------------------------------------------------------    ----------------------------------------
                         (clock clk_fpga_0 rise edge)
                                                      0.000     0.000 r                       
    PS7_X0Y0             PS7                          0.000     0.000 r                       udp_gateway_shadow_mirror_i/processing_system7_0/inst/PS7_i/FCLKCLK[0]
                         net (fo=1, routed)           0.310     0.310                         udp_gateway_shadow_mirror_i/processing_system7_0/inst/FCLK_CLK_unbuffered[0]
    BUFGCTRL_X0Y17       BUFG (Prop_bufg_I_O)         0.026     0.336 r                       udp_gateway_shadow_mirror_i/processing_system7_0/inst/buffer_fclk_clk_0.FCLK_CLK_0_BUFG/O
                         net (fo=42827, routed)       0.636     0.972                         udp_gateway_shadow_mirror_i/crypto_accel_axi_0/inst/u_design1_crypto_accel_axi/crypto_accel_axi_slave_lite_v1_0_S00_AXI_inst/u_crypto_bridge_top/s00_axi_aclk
    SLICE_X49Y108        FDCE                                         r  shadow_core_region   udp_gateway_shadow_mirror_i/crypto_accel_axi_0/inst/u_design1_crypto_accel_axi/crypto_accel_axi_slave_lite_v1_0_S00_AXI_inst/u_crypto_bridge_top/key_lfsr_reg[43]/C
  -------------------------------------------------------------------    ----------------------------------------
    SLICE_X49Y108        FDCE (Prop_fdce_C_Q)         0.128     1.100 r  shadow_core_region   udp_gateway_shadow_mirror_i/crypto_accel_axi_0/inst/u_design1_crypto_accel_axi/crypto_accel_axi_slave_lite_v1_0_S00_AXI_inst/u_crypto_bridge_top/key_lfsr_reg[43]/Q
                         net (fo=3, routed)           0.173     1.273                         udp_gateway_shadow_mirror_i/crypto_accel_axi_0/inst/u_design1_crypto_accel_axi/crypto_accel_axi_slave_lite_v1_0_S00_AXI_inst/u_crypto_bridge_top/key_lfsr_reg_n_0_[43]
    SLICE_X50Y108        FDCE                                         r  shadow_core_region   udp_gateway_shadow_mirror_i/crypto_accel_axi_0/inst/u_design1_crypto_accel_axi/crypto_accel_axi_slave_lite_v1_0_S00_AXI_inst/u_crypto_bridge_top/key_mask_lo_reg_reg[43]/D
  -------------------------------------------------------------------    ----------------------------------------

                         (clock clk_fpga_0 rise edge)
                                                      0.000     0.000 r                       
    PS7_X0Y0             PS7                          0.000     0.000 r                       udp_gateway_shadow_mirror_i/processing_system7_0/inst/PS7_i/FCLKCLK[0]
                         net (fo=1, routed)           0.337     0.337                         udp_gateway_shadow_mirror_i/processing_system7_0/inst/FCLK_CLK_unbuffered[0]
    BUFGCTRL_X0Y17       BUFG (Prop_bufg_I_O)         0.029     0.366 r                       udp_gateway_shadow_mirror_i/processing_system7_0/inst/buffer_fclk_clk_0.FCLK_CLK_0_BUFG/O
                         net (fo=42827, routed)       0.905     1.271                         udp_gateway_shadow_mirror_i/crypto_accel_axi_0/inst/u_design1_crypto_accel_axi/crypto_accel_axi_slave_lite_v1_0_S00_AXI_inst/u_crypto_bridge_top/s00_axi_aclk
    SLICE_X50Y108        FDCE                                         r  shadow_core_region   udp_gateway_shadow_mirror_i/crypto_accel_axi_0/inst/u_design1_crypto_accel_axi/crypto_accel_axi_slave_lite_v1_0_S00_AXI_inst/u_crypto_bridge_top/key_mask_lo_reg_reg[43]/C
                         clock pessimism             -0.039     1.232                           
    SLICE_X50Y108        FDCE (Hold_fdce_C_D)         0.000     1.232    shadow_core_region     udp_gateway_shadow_mirror_i/crypto_accel_axi_0/inst/u_design1_crypto_accel_axi/crypto_accel_axi_slave_lite_v1_0_S00_AXI_inst/u_crypto_bridge_top/key_mask_lo_reg_reg[43]
  -------------------------------------------------------------------
                         required time                         -1.232                           
                         arrival time                           1.273                           
  -------------------------------------------------------------------
                         slack                                  0.041                           

Slack (MET) :             0.052ns  (arrival time - required time)
  Source:                 udp_gateway_shadow_mirror_i/axi_mem_intercon/s01_couplers/auto_us/inst/gen_upsizer.gen_full_upsizer.axi_upsizer_inst/USE_READ.gen_non_fifo_r_upsizer.mi_register_slice_inst/r.r_pipe/skid_buffer_reg[53]/C
                            (rising edge-triggered cell FDRE clocked by clk_fpga_0  {rise@0.000ns fall@10.000ns period=20.000ns})
  Destination:            udp_gateway_shadow_mirror_i/axi_mem_intercon/s01_couplers/auto_us/inst/gen_upsizer.gen_full_upsizer.axi_upsizer_inst/USE_READ.gen_non_fifo_r_upsizer.mi_register_slice_inst/r.r_pipe/m_payload_i_reg[53]/D
                            (rising edge-triggered cell FDRE clocked by clk_fpga_0  {rise@0.000ns fall@10.000ns period=20.000ns})
  Path Group:             clk_fpga_0
  Path Type:              Hold (Min at Fast Process Corner)
  Requirement:            0.000ns  (clk_fpga_0 rise@0.000ns - clk_fpga_0 rise@0.000ns)
  Data Path Delay:        0.410ns  (logic 0.186ns (45.399%)  route 0.224ns (54.601%))
  Logic Levels:           1  (LUT3=1)
  Clock Path Skew:        0.265ns (DCD - SCD - CPR)
    Destination Clock Delay (DCD):    1.214ns
    Source Clock Delay      (SCD):    0.919ns
    Clock Pessimism Removal (CPR):    0.030ns

    Location             Delay type                Incr(ns)  Path(ns)    Netlist Resource(s)
  -------------------------------------------------------------------    -------------------
                         (clock clk_fpga_0 rise edge)
                                                      0.000     0.000 r  
    PS7_X0Y0             PS7                          0.000     0.000 r  udp_gateway_shadow_mirror_i/processing_system7_0/inst/PS7_i/FCLKCLK[0]
                         net (fo=1, routed)           0.310     0.310    udp_gateway_shadow_mirror_i/processing_system7_0/inst/FCLK_CLK_unbuffered[0]
    BUFGCTRL_X0Y17       BUFG (Prop_bufg_I_O)         0.026     0.336 r  udp_gateway_shadow_mirror_i/processing_system7_0/inst/buffer_fclk_clk_0.FCLK_CLK_0_BUFG/O
                         net (fo=42827, routed)       0.583     0.919    udp_gateway_shadow_mirror_i/axi_mem_intercon/s01_couplers/auto_us/inst/gen_upsizer.gen_full_upsizer.axi_upsizer_inst/USE_READ.gen_non_fifo_r_upsizer.mi_register_slice_inst/r.r_pipe/out
    SLICE_X55Y49         FDRE                                         r  udp_gateway_shadow_mirror_i/axi_mem_intercon/s01_couplers/auto_us/inst/gen_upsizer.gen_full_upsizer.axi_upsizer_inst/USE_READ.gen_non_fifo_r_upsizer.mi_register_slice_inst/r.r_pipe/skid_buffer_reg[53]/C
  -------------------------------------------------------------------    -------------------
    SLICE_X55Y49         FDRE (Prop_fdre_C_Q)         0.141     1.060 r  udp_gateway_shadow_mirror_i/axi_mem_intercon/s01_couplers/auto_us/inst/gen_upsizer.gen_full_upsizer.axi_upsizer_inst/USE_READ.gen_non_fifo_r_upsizer.mi_register_slice_inst/r.r_pipe/skid_buffer_reg[53]/Q
                         net (fo=1, routed)           0.224     1.283    udp_gateway_shadow_mirror_i/axi_mem_intercon/s01_couplers/auto_us/inst/gen_upsizer.gen_full_upsizer.axi_upsizer_inst/USE_READ.gen_non_fifo_r_upsizer.mi_register_slice_inst/r.r_pipe/skid_buffer_reg_n_0_[53]
    SLICE_X56Y50         LUT3 (Prop_lut3_I2_O)        0.045     1.328 r  udp_gateway_shadow_mirror_i/axi_mem_intercon/s01_couplers/auto_us/inst/gen_upsizer.gen_full_upsizer.axi_upsizer_inst/USE_READ.gen_non_fifo_r_upsizer.mi_register_slice_inst/r.r_pipe/m_payload_i[53]_i_1/O
                         net (fo=1, routed)           0.000     1.328    udp_gateway_shadow_mirror_i/axi_mem_intercon/s01_couplers/auto_us/inst/gen_upsizer.gen_full_upsizer.axi_upsizer_inst/USE_READ.gen_non_fifo_r_upsizer.mi_register_slice_inst/r.r_pipe/skid_buffer[53]
    SLICE_X56Y50         FDRE                                         r  udp_gateway_shadow_mirror_i/axi_mem_intercon/s01_couplers/auto_us/inst/gen_upsizer.gen_full_upsizer.axi_upsizer_inst/USE_READ.gen_non_fifo_r_upsizer.mi_register_slice_inst/r.r_pipe/m_payload_i_reg[53]/D
  -------------------------------------------------------------------    -------------------

                         (clock clk_fpga_0 rise edge)
                                                      0.000     0.000 r  
    PS7_X0Y0             PS7                          0.000     0.000 r  udp_gateway_shadow_mirror_i/processing_system7_0/inst/PS7_i/FCLKCLK[0]
                         net (fo=1, routed)           0.337     0.337    udp_gateway_shadow_mirror_i/processing_system7_0/inst/FCLK_CLK_unbuffered[0]
    BUFGCTRL_X0Y17       BUFG (Prop_bufg_I_O)         0.029     0.366 r  udp_gateway_shadow_mirror_i/processing_system7_0/inst/buffer_fclk_clk_0.FCLK_CLK_0_BUFG/O
                         net (fo=42827, routed)       0.848     1.214    udp_gateway_shadow_mirror_i/axi_mem_intercon/s01_couplers/auto_us/inst/gen_upsizer.gen_full_upsizer.axi_upsizer_inst/USE_READ.gen_non_fifo_r_upsizer.mi_register_slice_inst/r.r_pipe/out
    SLICE_X56Y50         FDRE                                         r  udp_gateway_shadow_mirror_i/axi_mem_intercon/s01_couplers/auto_us/inst/gen_upsizer.gen_full_upsizer.axi_upsizer_inst/USE_READ.gen_non_fifo_r_upsizer.mi_register_slice_inst/r.r_pipe/m_payload_i_reg[53]/C
                         clock pessimism             -0.030     1.184    
    SLICE_X56Y50         FDRE (Hold_fdre_C_D)         0.092     1.276    udp_gateway_shadow_mirror_i/axi_mem_intercon/s01_couplers/auto_us/inst/gen_upsizer.gen_full_upsizer.axi_upsizer_inst/USE_READ.gen_non_fifo_r_upsizer.mi_register_slice_inst/r.r_pipe/m_payload_i_reg[53]
  -------------------------------------------------------------------
                         required time                         -1.276    
                         arrival time                           1.328    
  -------------------------------------------------------------------
                         slack                                  0.052    

Slack (MET) :             0.055ns  (arrival time - required time)
  Source:                 udp_gateway_shadow_mirror_i/crypto_accel_axi_0/inst/u_design1_crypto_accel_axi/crypto_accel_axi_slave_lite_v1_0_S00_AXI_inst/u_crypto_bridge_top/key_lfsr_reg[170]/C
                            (rising edge-triggered cell FDCE clocked by clk_fpga_0  {rise@0.000ns fall@10.000ns period=20.000ns})
  Destination:            udp_gateway_shadow_mirror_i/crypto_accel_axi_0/inst/u_design1_crypto_accel_axi/crypto_accel_axi_slave_lite_v1_0_S00_AXI_inst/u_crypto_bridge_top/key_lfsr_reg[171]/D
                            (rising edge-triggered cell FDCE clocked by clk_fpga_0  {rise@0.000ns fall@10.000ns period=20.000ns})
  Path Group:             clk_fpga_0
  Path Type:              Hold (Min at Fast Process Corner)
  Requirement:            0.000ns  (clk_fpga_0 rise@0.000ns - clk_fpga_0 rise@0.000ns)
  Data Path Delay:        0.380ns  (logic 0.141ns (37.094%)  route 0.239ns (62.906%))
  Logic Levels:           0  
  Clock Path Skew:        0.259ns (DCD - SCD - CPR)
    Destination Clock Delay (DCD):    1.270ns
    Source Clock Delay      (SCD):    0.972ns
    Clock Pessimism Removal (CPR):    0.039ns

    Location             Delay type                Incr(ns)  Path(ns)    PBlock               Netlist Resource(s)
  -------------------------------------------------------------------    ----------------------------------------
                         (clock clk_fpga_0 rise edge)
                                                      0.000     0.000 r                       
    PS7_X0Y0             PS7                          0.000     0.000 r                       udp_gateway_shadow_mirror_i/processing_system7_0/inst/PS7_i/FCLKCLK[0]
                         net (fo=1, routed)           0.310     0.310                         udp_gateway_shadow_mirror_i/processing_system7_0/inst/FCLK_CLK_unbuffered[0]
    BUFGCTRL_X0Y17       BUFG (Prop_bufg_I_O)         0.026     0.336 r                       udp_gateway_shadow_mirror_i/processing_system7_0/inst/buffer_fclk_clk_0.FCLK_CLK_0_BUFG/O
                         net (fo=42827, routed)       0.636     0.972                         udp_gateway_shadow_mirror_i/crypto_accel_axi_0/inst/u_design1_crypto_accel_axi/crypto_accel_axi_slave_lite_v1_0_S00_AXI_inst/u_crypto_bridge_top/s00_axi_aclk
    SLICE_X47Y110        FDCE                                         r  shadow_core_region   udp_gateway_shadow_mirror_i/crypto_accel_axi_0/inst/u_design1_crypto_accel_axi/crypto_accel_axi_slave_lite_v1_0_S00_AXI_inst/u_crypto_bridge_top/key_lfsr_reg[170]/C
  -------------------------------------------------------------------    ----------------------------------------
    SLICE_X47Y110        FDCE (Prop_fdce_C_Q)         0.141     1.113 r  shadow_core_region   udp_gateway_shadow_mirror_i/crypto_accel_axi_0/inst/u_design1_crypto_accel_axi/crypto_accel_axi_slave_lite_v1_0_S00_AXI_inst/u_crypto_bridge_top/key_lfsr_reg[170]/Q
                         net (fo=3, routed)           0.239     1.352                         udp_gateway_shadow_mirror_i/crypto_accel_axi_0/inst/u_design1_crypto_accel_axi/crypto_accel_axi_slave_lite_v1_0_S00_AXI_inst/u_crypto_bridge_top/p_0_in[42]
    SLICE_X52Y111        FDCE                                         r  shadow_core_region   udp_gateway_shadow_mirror_i/crypto_accel_axi_0/inst/u_design1_crypto_accel_axi/crypto_accel_axi_slave_lite_v1_0_S00_AXI_inst/u_crypto_bridge_top/key_lfsr_reg[171]/D
  -------------------------------------------------------------------    ----------------------------------------

                         (clock clk_fpga_0 rise edge)
                                                      0.000     0.000 r                       
    PS7_X0Y0             PS7                          0.000     0.000 r                       udp_gateway_shadow_mirror_i/processing_system7_0/inst/PS7_i/FCLKCLK[0]
                         net (fo=1, routed)           0.337     0.337                         udp_gateway_shadow_mirror_i/processing_system7_0/inst/FCLK_CLK_unbuffered[0]
    BUFGCTRL_X0Y17       BUFG (Prop_bufg_I_O)         0.029     0.366 r                       udp_gateway_shadow_mirror_i/processing_system7_0/inst/buffer_fclk_clk_0.FCLK_CLK_0_BUFG/O
                         net (fo=42827, routed)       0.904     1.270                         udp_gateway_shadow_mirror_i/crypto_accel_axi_0/inst/u_design1_crypto_accel_axi/crypto_accel_axi_slave_lite_v1_0_S00_AXI_inst/u_crypto_bridge_top/s00_axi_aclk
    SLICE_X52Y111        FDCE                                         r  shadow_core_region   udp_gateway_shadow_mirror_i/crypto_accel_axi_0/inst/u_design1_crypto_accel_axi/crypto_accel_axi_slave_lite_v1_0_S00_AXI_inst/u_crypto_bridge_top/key_lfsr_reg[171]/C
                         clock pessimism             -0.039     1.231                           
    SLICE_X52Y111        FDCE (Hold_fdce_C_D)         0.066     1.297    shadow_core_region     udp_gateway_shadow_mirror_i/crypto_accel_axi_0/inst/u_design1_crypto_accel_axi/crypto_accel_axi_slave_lite_v1_0_S00_AXI_inst/u_crypto_bridge_top/key_lfsr_reg[171]
  -------------------------------------------------------------------
                         required time                         -1.297                           
                         arrival time                           1.352                           
  -------------------------------------------------------------------
                         slack                                  0.055                           

Slack (MET) :             0.055ns  (arrival time - required time)
  Source:                 udp_gateway_shadow_mirror_i/crypto_accel_axi_0/inst/u_design1_crypto_accel_axi/crypto_accel_axi_slave_lite_v1_0_S00_AXI_inst/slv_reg13_reg[4]/C
                            (rising edge-triggered cell FDRE clocked by clk_fpga_0  {rise@0.000ns fall@10.000ns period=20.000ns})
  Destination:            udp_gateway_shadow_mirror_i/crypto_accel_axi_0/inst/u_design1_crypto_accel_axi/crypto_accel_axi_slave_lite_v1_0_S00_AXI_inst/axi_rdata_reg[4]/D
                            (rising edge-triggered cell FDRE clocked by clk_fpga_0  {rise@0.000ns fall@10.000ns period=20.000ns})
  Path Group:             clk_fpga_0
  Path Type:              Hold (Min at Fast Process Corner)
  Requirement:            0.000ns  (clk_fpga_0 rise@0.000ns - clk_fpga_0 rise@0.000ns)
  Data Path Delay:        0.510ns  (logic 0.270ns (52.902%)  route 0.240ns (47.098%))
  Logic Levels:           3  (LUT6=1 MUXF7=1 MUXF8=1)
  Clock Path Skew:        0.350ns (DCD - SCD - CPR)
    Destination Clock Delay (DCD):    1.277ns
    Source Clock Delay      (SCD):    0.892ns
    Clock Pessimism Removal (CPR):    0.035ns

    Location             Delay type                Incr(ns)  Path(ns)    PBlock               Netlist Resource(s)
  -------------------------------------------------------------------    ----------------------------------------
                         (clock clk_fpga_0 rise edge)
                                                      0.000     0.000 r                       
    PS7_X0Y0             PS7                          0.000     0.000 r                       udp_gateway_shadow_mirror_i/processing_system7_0/inst/PS7_i/FCLKCLK[0]
                         net (fo=1, routed)           0.310     0.310                         udp_gateway_shadow_mirror_i/processing_system7_0/inst/FCLK_CLK_unbuffered[0]
    BUFGCTRL_X0Y17       BUFG (Prop_bufg_I_O)         0.026     0.336 r                       udp_gateway_shadow_mirror_i/processing_system7_0/inst/buffer_fclk_clk_0.FCLK_CLK_0_BUFG/O
                         net (fo=42827, routed)       0.556     0.892                         udp_gateway_shadow_mirror_i/crypto_accel_axi_0/inst/u_design1_crypto_accel_axi/crypto_accel_axi_slave_lite_v1_0_S00_AXI_inst/s00_axi_aclk
    SLICE_X48Y99         FDRE                                         r  shadow_core_region   udp_gateway_shadow_mirror_i/crypto_accel_axi_0/inst/u_design1_crypto_accel_axi/crypto_accel_axi_slave_lite_v1_0_S00_AXI_inst/slv_reg13_reg[4]/C
  -------------------------------------------------------------------    ----------------------------------------
    SLICE_X48Y99         FDRE (Prop_fdre_C_Q)         0.141     1.033 r  shadow_core_region   udp_gateway_shadow_mirror_i/crypto_accel_axi_0/inst/u_design1_crypto_accel_axi/crypto_accel_axi_slave_lite_v1_0_S00_AXI_inst/slv_reg13_reg[4]/Q
                         net (fo=1, routed)           0.240     1.273                         udp_gateway_shadow_mirror_i/crypto_accel_axi_0/inst/u_design1_crypto_accel_axi/crypto_accel_axi_slave_lite_v1_0_S00_AXI_inst/slv_reg13[4]
    SLICE_X48Y100        LUT6 (Prop_lut6_I3_O)        0.045     1.318 r  shadow_core_region   udp_gateway_shadow_mirror_i/crypto_accel_axi_0/inst/u_design1_crypto_accel_axi/crypto_accel_axi_slave_lite_v1_0_S00_AXI_inst/axi_rdata[4]_i_7/O
                         net (fo=1, routed)           0.000     1.318                         udp_gateway_shadow_mirror_i/crypto_accel_axi_0/inst/u_design1_crypto_accel_axi/crypto_accel_axi_slave_lite_v1_0_S00_AXI_inst/axi_rdata[4]_i_7_n_0
    SLICE_X48Y100        MUXF7 (Prop_muxf7_I1_O)      0.065     1.383 r  shadow_core_region   udp_gateway_shadow_mirror_i/crypto_accel_axi_0/inst/u_design1_crypto_accel_axi/crypto_accel_axi_slave_lite_v1_0_S00_AXI_inst/axi_rdata_reg[4]_i_3/O
                         net (fo=1, routed)           0.000     1.383                         udp_gateway_shadow_mirror_i/crypto_accel_axi_0/inst/u_design1_crypto_accel_axi/crypto_accel_axi_slave_lite_v1_0_S00_AXI_inst/u_crypto_bridge_top/u_out_fifo/axi_rdata_reg[4]
    SLICE_X48Y100        MUXF8 (Prop_muxf8_I1_O)      0.019     1.402 r  shadow_core_region   udp_gateway_shadow_mirror_i/crypto_accel_axi_0/inst/u_design1_crypto_accel_axi/crypto_accel_axi_slave_lite_v1_0_S00_AXI_inst/u_crypto_bridge_top/u_out_fifo/axi_rdata_reg[4]_i_1/O
                         net (fo=1, routed)           0.000     1.402                         udp_gateway_shadow_mirror_i/crypto_accel_axi_0/inst/u_design1_crypto_accel_axi/crypto_accel_axi_slave_lite_v1_0_S00_AXI_inst/S_AXI_RDATA_OVERRIDE[4]
    SLICE_X48Y100        FDRE                                         r  shadow_core_region   udp_gateway_shadow_mirror_i/crypto_accel_axi_0/inst/u_design1_crypto_accel_axi/crypto_accel_axi_slave_lite_v1_0_S00_AXI_inst/axi_rdata_reg[4]/D
  -------------------------------------------------------------------    ----------------------------------------

                         (clock clk_fpga_0 rise edge)
                                                      0.000     0.000 r                       
    PS7_X0Y0             PS7                          0.000     0.000 r                       udp_gateway_shadow_mirror_i/processing_system7_0/inst/PS7_i/FCLKCLK[0]
                         net (fo=1, routed)           0.337     0.337                         udp_gateway_shadow_mirror_i/processing_system7_0/inst/FCLK_CLK_unbuffered[0]
    BUFGCTRL_X0Y17       BUFG (Prop_bufg_I_O)         0.029     0.366 r                       udp_gateway_shadow_mirror_i/processing_system7_0/inst/buffer_fclk_clk_0.FCLK_CLK_0_BUFG/O
                         net (fo=42827, routed)       0.911     1.277                         udp_gateway_shadow_mirror_i/crypto_accel_axi_0/inst/u_design1_crypto_accel_axi/crypto_accel_axi_slave_lite_v1_0_S00_AXI_inst/s00_axi_aclk
    SLICE_X48Y100        FDRE                                         r  shadow_core_region   udp_gateway_shadow_mirror_i/crypto_accel_axi_0/inst/u_design1_crypto_accel_axi/crypto_accel_axi_slave_lite_v1_0_S00_AXI_inst/axi_rdata_reg[4]/C
                         clock pessimism             -0.035     1.242                           
    SLICE_X48Y100        FDRE (Hold_fdre_C_D)         0.105     1.347    shadow_core_region     udp_gateway_shadow_mirror_i/crypto_accel_axi_0/inst/u_design1_crypto_accel_axi/crypto_accel_axi_slave_lite_v1_0_S00_AXI_inst/axi_rdata_reg[4]
  -------------------------------------------------------------------
                         required time                         -1.347                           
                         arrival time                           1.402                           
  -------------------------------------------------------------------
                         slack                                  0.055                           

Slack (MET) :             0.056ns  (arrival time - required time)
  Source:                 udp_gateway_shadow_mirror_i/crypto_accel_axi_0/inst/u_design1_crypto_accel_axi/crypto_accel_axi_slave_lite_v1_0_S00_AXI_inst/u_crypto_bridge_top/key_lfsr_reg[138]/C
                            (rising edge-triggered cell FDCE clocked by clk_fpga_0  {rise@0.000ns fall@10.000ns period=20.000ns})
  Destination:            udp_gateway_shadow_mirror_i/crypto_accel_axi_0/inst/u_design1_crypto_accel_axi/crypto_accel_axi_slave_lite_v1_0_S00_AXI_inst/u_crypto_bridge_top/key_shadow_hi_reg_reg[10]/D
                            (rising edge-triggered cell FDCE clocked by clk_fpga_0  {rise@0.000ns fall@10.000ns period=20.000ns})
  Path Group:             clk_fpga_0
  Path Type:              Hold (Min at Fast Process Corner)
  Requirement:            0.000ns  (clk_fpga_0 rise@0.000ns - clk_fpga_0 rise@0.000ns)
  Data Path Delay:        0.414ns  (logic 0.227ns (54.807%)  route 0.187ns (45.193%))
  Logic Levels:           1  (LUT2=1)
  Clock Path Skew:        0.266ns (DCD - SCD - CPR)
    Destination Clock Delay (DCD):    1.272ns
    Source Clock Delay      (SCD):    0.967ns
    Clock Pessimism Removal (CPR):    0.039ns

    Location             Delay type                Incr(ns)  Path(ns)    PBlock               Netlist Resource(s)
  -------------------------------------------------------------------    ----------------------------------------
                         (clock clk_fpga_0 rise edge)
                                                      0.000     0.000 r                       
    PS7_X0Y0             PS7                          0.000     0.000 r                       udp_gateway_shadow_mirror_i/processing_system7_0/inst/PS7_i/FCLKCLK[0]
                         net (fo=1, routed)           0.310     0.310                         udp_gateway_shadow_mirror_i/processing_system7_0/inst/FCLK_CLK_unbuffered[0]
    BUFGCTRL_X0Y17       BUFG (Prop_bufg_I_O)         0.026     0.336 r                       udp_gateway_shadow_mirror_i/processing_system7_0/inst/buffer_fclk_clk_0.FCLK_CLK_0_BUFG/O
                         net (fo=42827, routed)       0.631     0.967                         udp_gateway_shadow_mirror_i/crypto_accel_axi_0/inst/u_design1_crypto_accel_axi/crypto_accel_axi_slave_lite_v1_0_S00_AXI_inst/u_crypto_bridge_top/s00_axi_aclk
    SLICE_X52Y112        FDCE                                         r  shadow_core_region   udp_gateway_shadow_mirror_i/crypto_accel_axi_0/inst/u_design1_crypto_accel_axi/crypto_accel_axi_slave_lite_v1_0_S00_AXI_inst/u_crypto_bridge_top/key_lfsr_reg[138]/C
  -------------------------------------------------------------------    ----------------------------------------
    SLICE_X52Y112        FDCE (Prop_fdce_C_Q)         0.128     1.095 r  shadow_core_region   udp_gateway_shadow_mirror_i/crypto_accel_axi_0/inst/u_design1_crypto_accel_axi/crypto_accel_axi_slave_lite_v1_0_S00_AXI_inst/u_crypto_bridge_top/key_lfsr_reg[138]/Q
                         net (fo=3, routed)           0.187     1.282                         udp_gateway_shadow_mirror_i/crypto_accel_axi_0/inst/u_design1_crypto_accel_axi/crypto_accel_axi_slave_lite_v1_0_S00_AXI_inst/u_crypto_bridge_top/p_0_in[10]
    SLICE_X49Y112        LUT2 (Prop_lut2_I1_O)        0.099     1.381 r  shadow_core_region   udp_gateway_shadow_mirror_i/crypto_accel_axi_0/inst/u_design1_crypto_accel_axi/crypto_accel_axi_slave_lite_v1_0_S00_AXI_inst/u_crypto_bridge_top/key_shadow_hi_reg[10]_i_1/O
                         net (fo=1, routed)           0.000     1.381                         udp_gateway_shadow_mirror_i/crypto_accel_axi_0/inst/u_design1_crypto_accel_axi/crypto_accel_axi_slave_lite_v1_0_S00_AXI_inst/u_crypto_bridge_top/key_shadow_hi_reg0[10]
    SLICE_X49Y112        FDCE                                         r  shadow_core_region   udp_gateway_shadow_mirror_i/crypto_accel_axi_0/inst/u_design1_crypto_accel_axi/crypto_accel_axi_slave_lite_v1_0_S00_AXI_inst/u_crypto_bridge_top/key_shadow_hi_reg_reg[10]/D
  -------------------------------------------------------------------    ----------------------------------------

                         (clock clk_fpga_0 rise edge)
                                                      0.000     0.000 r                       
    PS7_X0Y0             PS7                          0.000     0.000 r                       udp_gateway_shadow_mirror_i/processing_system7_0/inst/PS7_i/FCLKCLK[0]
                         net (fo=1, routed)           0.337     0.337                         udp_gateway_shadow_mirror_i/processing_system7_0/inst/FCLK_CLK_unbuffered[0]
    BUFGCTRL_X0Y17       BUFG (Prop_bufg_I_O)         0.029     0.366 r                       udp_gateway_shadow_mirror_i/processing_system7_0/inst/buffer_fclk_clk_0.FCLK_CLK_0_BUFG/O
                         net (fo=42827, routed)       0.906     1.272                         udp_gateway_shadow_mirror_i/crypto_accel_axi_0/inst/u_design1_crypto_accel_axi/crypto_accel_axi_slave_lite_v1_0_S00_AXI_inst/u_crypto_bridge_top/s00_axi_aclk
    SLICE_X49Y112        FDCE                                         r  shadow_core_region   udp_gateway_shadow_mirror_i/crypto_accel_axi_0/inst/u_design1_crypto_accel_axi/crypto_accel_axi_slave_lite_v1_0_S00_AXI_inst/u_crypto_bridge_top/key_shadow_hi_reg_reg[10]/C
                         clock pessimism             -0.039     1.233                           
    SLICE_X49Y112        FDCE (Hold_fdce_C_D)         0.092     1.325    shadow_core_region     udp_gateway_shadow_mirror_i/crypto_accel_axi_0/inst/u_design1_crypto_accel_axi/crypto_accel_axi_slave_lite_v1_0_S00_AXI_inst/u_crypto_bridge_top/key_shadow_hi_reg_reg[10]
  -------------------------------------------------------------------
                         required time                         -1.325                           
                         arrival time                           1.381                           
  -------------------------------------------------------------------
                         slack                                  0.056                           

Slack (MET) :             0.056ns  (arrival time - required time)
  Source:                 udp_gateway_shadow_mirror_i/crypto_accel_axi_0/inst/u_design1_crypto_accel_axi/crypto_accel_axi_slave_lite_v1_0_S00_AXI_inst/u_crypto_bridge_top/plaintext_reg_reg[96]/C
                            (rising edge-triggered cell FDCE clocked by clk_fpga_0  {rise@0.000ns fall@10.000ns period=20.000ns})
  Destination:            udp_gateway_shadow_mirror_i/crypto_accel_axi_0/inst/u_design1_crypto_accel_axi/crypto_accel_axi_slave_lite_v1_0_S00_AXI_inst/u_crypto_bridge_top/gen_inst_ctrl[0].inst_plaintext_reg[0][96]/D
                            (rising edge-triggered cell FDCE clocked by clk_fpga_0  {rise@0.000ns fall@10.000ns period=20.000ns})
  Path Group:             clk_fpga_0
  Path Type:              Hold (Min at Fast Process Corner)
  Requirement:            0.000ns  (clk_fpga_0 rise@0.000ns - clk_fpga_0 rise@0.000ns)
  Data Path Delay:        0.334ns  (logic 0.128ns (38.277%)  route 0.206ns (61.723%))
  Logic Levels:           0  
  Clock Path Skew:        0.265ns (DCD - SCD - CPR)
    Destination Clock Delay (DCD):    1.264ns
    Source Clock Delay      (SCD):    0.960ns
    Clock Pessimism Removal (CPR):    0.039ns

    Location             Delay type                Incr(ns)  Path(ns)    PBlock               Netlist Resource(s)
  -------------------------------------------------------------------    ----------------------------------------
                         (clock clk_fpga_0 rise edge)
                                                      0.000     0.000 r                       
    PS7_X0Y0             PS7                          0.000     0.000 r                       udp_gateway_shadow_mirror_i/processing_system7_0/inst/PS7_i/FCLKCLK[0]
                         net (fo=1, routed)           0.310     0.310                         udp_gateway_shadow_mirror_i/processing_system7_0/inst/FCLK_CLK_unbuffered[0]
    BUFGCTRL_X0Y17       BUFG (Prop_bufg_I_O)         0.026     0.336 r                       udp_gateway_shadow_mirror_i/processing_system7_0/inst/buffer_fclk_clk_0.FCLK_CLK_0_BUFG/O
                         net (fo=42827, routed)       0.624     0.960                         udp_gateway_shadow_mirror_i/crypto_accel_axi_0/inst/u_design1_crypto_accel_axi/crypto_accel_axi_slave_lite_v1_0_S00_AXI_inst/u_crypto_bridge_top/s00_axi_aclk
    SLICE_X51Y128        FDCE                                         r  shadow_core_region   udp_gateway_shadow_mirror_i/crypto_accel_axi_0/inst/u_design1_crypto_accel_axi/crypto_accel_axi_slave_lite_v1_0_S00_AXI_inst/u_crypto_bridge_top/plaintext_reg_reg[96]/C
  -------------------------------------------------------------------    ----------------------------------------
    SLICE_X51Y128        FDCE (Prop_fdce_C_Q)         0.128     1.088 r  shadow_core_region   udp_gateway_shadow_mirror_i/crypto_accel_axi_0/inst/u_design1_crypto_accel_axi/crypto_accel_axi_slave_lite_v1_0_S00_AXI_inst/u_crypto_bridge_top/plaintext_reg_reg[96]/Q
                         net (fo=1, routed)           0.206     1.294                         udp_gateway_shadow_mirror_i/crypto_accel_axi_0/inst/u_design1_crypto_accel_axi/crypto_accel_axi_slave_lite_v1_0_S00_AXI_inst/u_crypto_bridge_top/plaintext_reg_reg_n_0_[96]
    SLICE_X45Y128        FDCE                                         r  shadow_core_region   udp_gateway_shadow_mirror_i/crypto_accel_axi_0/inst/u_design1_crypto_accel_axi/crypto_accel_axi_slave_lite_v1_0_S00_AXI_inst/u_crypto_bridge_top/gen_inst_ctrl[0].inst_plaintext_reg[0][96]/D
  -------------------------------------------------------------------    ----------------------------------------

                         (clock clk_fpga_0 rise edge)
                                                      0.000     0.000 r                       
    PS7_X0Y0             PS7                          0.000     0.000 r                       udp_gateway_shadow_mirror_i/processing_system7_0/inst/PS7_i/FCLKCLK[0]
                         net (fo=1, routed)           0.337     0.337                         udp_gateway_shadow_mirror_i/processing_system7_0/inst/FCLK_CLK_unbuffered[0]
    BUFGCTRL_X0Y17       BUFG (Prop_bufg_I_O)         0.029     0.366 r                       udp_gateway_shadow_mirror_i/processing_system7_0/inst/buffer_fclk_clk_0.FCLK_CLK_0_BUFG/O
                         net (fo=42827, routed)       0.898     1.264                         udp_gateway_shadow_mirror_i/crypto_accel_axi_0/inst/u_design1_crypto_accel_axi/crypto_accel_axi_slave_lite_v1_0_S00_AXI_inst/u_crypto_bridge_top/s00_axi_aclk
    SLICE_X45Y128        FDCE                                         r  shadow_core_region   udp_gateway_shadow_mirror_i/crypto_accel_axi_0/inst/u_design1_crypto_accel_axi/crypto_accel_axi_slave_lite_v1_0_S00_AXI_inst/u_crypto_bridge_top/gen_inst_ctrl[0].inst_plaintext_reg[0][96]/C
                         clock pessimism             -0.039     1.225                           
    SLICE_X45Y128        FDCE (Hold_fdce_C_D)         0.013     1.238    shadow_core_region     udp_gateway_shadow_mirror_i/crypto_accel_axi_0/inst/u_design1_crypto_accel_axi/crypto_accel_axi_slave_lite_v1_0_S00_AXI_inst/u_crypto_bridge_top/gen_inst_ctrl[0].inst_plaintext_reg[0][96]
  -------------------------------------------------------------------
                         required time                         -1.238                           
                         arrival time                           1.294                           
  -------------------------------------------------------------------
                         slack                                  0.056                           

Slack (MET) :             0.056ns  (arrival time - required time)
  Source:                 udp_gateway_shadow_mirror_i/crypto_accel_axi_0/inst/u_design1_crypto_accel_axi/crypto_accel_axi_slave_lite_v1_0_S00_AXI_inst/u_crypto_bridge_top/key_lfsr_reg[131]/C
                            (rising edge-triggered cell FDCE clocked by clk_fpga_0  {rise@0.000ns fall@10.000ns period=20.000ns})
  Destination:            udp_gateway_shadow_mirror_i/crypto_accel_axi_0/inst/u_design1_crypto_accel_axi/crypto_accel_axi_slave_lite_v1_0_S00_AXI_inst/u_crypto_bridge_top/key_mask_hi_reg_reg[3]/D
                            (rising edge-triggered cell FDCE clocked by clk_fpga_0  {rise@0.000ns fall@10.000ns period=20.000ns})
  Path Group:             clk_fpga_0
  Path Type:              Hold (Min at Fast Process Corner)
  Requirement:            0.000ns  (clk_fpga_0 rise@0.000ns - clk_fpga_0 rise@0.000ns)
  Data Path Delay:        0.375ns  (logic 0.141ns (37.560%)  route 0.234ns (62.440%))
  Logic Levels:           0  
  Clock Path Skew:        0.259ns (DCD - SCD - CPR)
    Destination Clock Delay (DCD):    1.271ns
    Source Clock Delay      (SCD):    0.973ns
    Clock Pessimism Removal (CPR):    0.039ns

    Location             Delay type                Incr(ns)  Path(ns)    PBlock               Netlist Resource(s)
  -------------------------------------------------------------------    ----------------------------------------
                         (clock clk_fpga_0 rise edge)
                                                      0.000     0.000 r                       
    PS7_X0Y0             PS7                          0.000     0.000 r                       udp_gateway_shadow_mirror_i/processing_system7_0/inst/PS7_i/FCLKCLK[0]
                         net (fo=1, routed)           0.310     0.310                         udp_gateway_shadow_mirror_i/processing_system7_0/inst/FCLK_CLK_unbuffered[0]
    BUFGCTRL_X0Y17       BUFG (Prop_bufg_I_O)         0.026     0.336 r                       udp_gateway_shadow_mirror_i/processing_system7_0/inst/buffer_fclk_clk_0.FCLK_CLK_0_BUFG/O
                         net (fo=42827, routed)       0.637     0.973                         udp_gateway_shadow_mirror_i/crypto_accel_axi_0/inst/u_design1_crypto_accel_axi/crypto_accel_axi_slave_lite_v1_0_S00_AXI_inst/u_crypto_bridge_top/s00_axi_aclk
    SLICE_X45Y108        FDCE                                         r  shadow_core_region   udp_gateway_shadow_mirror_i/crypto_accel_axi_0/inst/u_design1_crypto_accel_axi/crypto_accel_axi_slave_lite_v1_0_S00_AXI_inst/u_crypto_bridge_top/key_lfsr_reg[131]/C
  -------------------------------------------------------------------    ----------------------------------------
    SLICE_X45Y108        FDCE (Prop_fdce_C_Q)         0.141     1.114 r  shadow_core_region   udp_gateway_shadow_mirror_i/crypto_accel_axi_0/inst/u_design1_crypto_accel_axi/crypto_accel_axi_slave_lite_v1_0_S00_AXI_inst/u_crypto_bridge_top/key_lfsr_reg[131]/Q
                         net (fo=3, routed)           0.234     1.348                         udp_gateway_shadow_mirror_i/crypto_accel_axi_0/inst/u_design1_crypto_accel_axi/crypto_accel_axi_slave_lite_v1_0_S00_AXI_inst/u_crypto_bridge_top/p_0_in[3]
    SLICE_X50Y108        FDCE                                         r  shadow_core_region   udp_gateway_shadow_mirror_i/crypto_accel_axi_0/inst/u_design1_crypto_accel_axi/crypto_accel_axi_slave_lite_v1_0_S00_AXI_inst/u_crypto_bridge_top/key_mask_hi_reg_reg[3]/D
  -------------------------------------------------------------------    ----------------------------------------

                         (clock clk_fpga_0 rise edge)
                                                      0.000     0.000 r                       
    PS7_X0Y0             PS7                          0.000     0.000 r                       udp_gateway_shadow_mirror_i/processing_system7_0/inst/PS7_i/FCLKCLK[0]
                         net (fo=1, routed)           0.337     0.337                         udp_gateway_shadow_mirror_i/processing_system7_0/inst/FCLK_CLK_unbuffered[0]
    BUFGCTRL_X0Y17       BUFG (Prop_bufg_I_O)         0.029     0.366 r                       udp_gateway_shadow_mirror_i/processing_system7_0/inst/buffer_fclk_clk_0.FCLK_CLK_0_BUFG/O
                         net (fo=42827, routed)       0.905     1.271                         udp_gateway_shadow_mirror_i/crypto_accel_axi_0/inst/u_design1_crypto_accel_axi/crypto_accel_axi_slave_lite_v1_0_S00_AXI_inst/u_crypto_bridge_top/s00_axi_aclk
    SLICE_X50Y108        FDCE                                         r  shadow_core_region   udp_gateway_shadow_mirror_i/crypto_accel_axi_0/inst/u_design1_crypto_accel_axi/crypto_accel_axi_slave_lite_v1_0_S00_AXI_inst/u_crypto_bridge_top/key_mask_hi_reg_reg[3]/C
                         clock pessimism             -0.039     1.232                           
    SLICE_X50Y108        FDCE (Hold_fdce_C_D)         0.060     1.292    shadow_core_region     udp_gateway_shadow_mirror_i/crypto_accel_axi_0/inst/u_design1_crypto_accel_axi/crypto_accel_axi_slave_lite_v1_0_S00_AXI_inst/u_crypto_bridge_top/key_mask_hi_reg_reg[3]
  -------------------------------------------------------------------
                         required time                         -1.292                           
                         arrival time                           1.348                           
  -------------------------------------------------------------------
                         slack                                  0.056                           

Slack (MET) :             0.056ns  (arrival time - required time)
  Source:                 udp_gateway_shadow_mirror_i/dma_gateway_hybrid_0/inst/i_hybrid_dma/u_crypto_bridge/u_mid_fifo/mem_reg[15][38]/C
                            (rising edge-triggered cell FDRE clocked by clk_fpga_0  {rise@0.000ns fall@10.000ns period=20.000ns})
  Destination:            udp_gateway_shadow_mirror_i/dma_gateway_hybrid_0/inst/i_hybrid_dma/u_crypto_bridge/u_gearbox/data_reg_reg[38]/D
                            (rising edge-triggered cell FDCE clocked by clk_fpga_0  {rise@0.000ns fall@10.000ns period=20.000ns})
  Path Group:             clk_fpga_0
  Path Type:              Hold (Min at Fast Process Corner)
  Requirement:            0.000ns  (clk_fpga_0 rise@0.000ns - clk_fpga_0 rise@0.000ns)
  Data Path Delay:        0.421ns  (logic 0.270ns (64.185%)  route 0.151ns (35.815%))
  Logic Levels:           3  (LUT6=1 MUXF7=1 MUXF8=1)
  Clock Path Skew:        0.259ns (DCD - SCD - CPR)
    Destination Clock Delay (DCD):    1.191ns
    Source Clock Delay      (SCD):    0.897ns
    Clock Pessimism Removal (CPR):    0.035ns

    Location             Delay type                Incr(ns)  Path(ns)    PBlock               Netlist Resource(s)
  -------------------------------------------------------------------    ----------------------------------------
                         (clock clk_fpga_0 rise edge)
                                                      0.000     0.000 r                       
    PS7_X0Y0             PS7                          0.000     0.000 r                       udp_gateway_shadow_mirror_i/processing_system7_0/inst/PS7_i/FCLKCLK[0]
                         net (fo=1, routed)           0.310     0.310                         udp_gateway_shadow_mirror_i/processing_system7_0/inst/FCLK_CLK_unbuffered[0]
    BUFGCTRL_X0Y17       BUFG (Prop_bufg_I_O)         0.026     0.336 r                       udp_gateway_shadow_mirror_i/processing_system7_0/inst/buffer_fclk_clk_0.FCLK_CLK_0_BUFG/O
                         net (fo=42827, routed)       0.561     0.896                         udp_gateway_shadow_mirror_i/dma_gateway_hybrid_0/inst/i_hybrid_dma/u_crypto_bridge/u_mid_fifo/clk
    SLICE_X49Y5          FDRE                                         r  shadow_core_region   udp_gateway_shadow_mirror_i/dma_gateway_hybrid_0/inst/i_hybrid_dma/u_crypto_bridge/u_mid_fifo/mem_reg[15][38]/C
  -------------------------------------------------------------------    ----------------------------------------
    SLICE_X49Y5          FDRE (Prop_fdre_C_Q)         0.141     1.038 r  shadow_core_region   udp_gateway_shadow_mirror_i/dma_gateway_hybrid_0/inst/i_hybrid_dma/u_crypto_bridge/u_mid_fifo/mem_reg[15][38]/Q
                         net (fo=1, routed)           0.151     1.188                         udp_gateway_shadow_mirror_i/dma_gateway_hybrid_0/inst/i_hybrid_dma/u_crypto_bridge/u_mid_fifo/mem_reg[15]_0[38]
    SLICE_X51Y6          LUT6 (Prop_lut6_I0_O)        0.045     1.233 r  shadow_core_region   udp_gateway_shadow_mirror_i/dma_gateway_hybrid_0/inst/i_hybrid_dma/u_crypto_bridge/u_mid_fifo/data_reg[38]_i_7/O
                         net (fo=1, routed)           0.000     1.233                         udp_gateway_shadow_mirror_i/dma_gateway_hybrid_0/inst/i_hybrid_dma/u_crypto_bridge/u_mid_fifo/data_reg[38]_i_7_n_0
    SLICE_X51Y6          MUXF7 (Prop_muxf7_I1_O)      0.065     1.298 r  shadow_core_region   udp_gateway_shadow_mirror_i/dma_gateway_hybrid_0/inst/i_hybrid_dma/u_crypto_bridge/u_mid_fifo/data_reg_reg[38]_i_3/O
                         net (fo=1, routed)           0.000     1.298                         udp_gateway_shadow_mirror_i/dma_gateway_hybrid_0/inst/i_hybrid_dma/u_crypto_bridge/u_mid_fifo/data_reg_reg[38]_i_3_n_0
    SLICE_X51Y6          MUXF8 (Prop_muxf8_I1_O)      0.019     1.317 r  shadow_core_region   udp_gateway_shadow_mirror_i/dma_gateway_hybrid_0/inst/i_hybrid_dma/u_crypto_bridge/u_mid_fifo/data_reg_reg[38]_i_1/O
                         net (fo=1, routed)           0.000     1.317                         udp_gateway_shadow_mirror_i/dma_gateway_hybrid_0/inst/i_hybrid_dma/u_crypto_bridge/u_gearbox/data_reg_reg[95]_1[38]
    SLICE_X51Y6          FDCE                                         r  shadow_core_region   udp_gateway_shadow_mirror_i/dma_gateway_hybrid_0/inst/i_hybrid_dma/u_crypto_bridge/u_gearbox/data_reg_reg[38]/D
  -------------------------------------------------------------------    ----------------------------------------

                         (clock clk_fpga_0 rise edge)
                                                      0.000     0.000 r                       
    PS7_X0Y0             PS7                          0.000     0.000 r                       udp_gateway_shadow_mirror_i/processing_system7_0/inst/PS7_i/FCLKCLK[0]
                         net (fo=1, routed)           0.337     0.337                         udp_gateway_shadow_mirror_i/processing_system7_0/inst/FCLK_CLK_unbuffered[0]
    BUFGCTRL_X0Y17       BUFG (Prop_bufg_I_O)         0.029     0.366 r                       udp_gateway_shadow_mirror_i/processing_system7_0/inst/buffer_fclk_clk_0.FCLK_CLK_0_BUFG/O
                         net (fo=42827, routed)       0.825     1.191                         udp_gateway_shadow_mirror_i/dma_gateway_hybrid_0/inst/i_hybrid_dma/u_crypto_bridge/u_gearbox/clk
    SLICE_X51Y6          FDCE                                         r  shadow_core_region   udp_gateway_shadow_mirror_i/dma_gateway_hybrid_0/inst/i_hybrid_dma/u_crypto_bridge/u_gearbox/data_reg_reg[38]/C
                         clock pessimism             -0.035     1.156                           
    SLICE_X51Y6          FDCE (Hold_fdce_C_D)         0.105     1.261    shadow_core_region     udp_gateway_shadow_mirror_i/dma_gateway_hybrid_0/inst/i_hybrid_dma/u_crypto_bridge/u_gearbox/data_reg_reg[38]
  -------------------------------------------------------------------
                         required time                         -1.261                           
                         arrival time                           1.317                           
  -------------------------------------------------------------------
                         slack                                  0.056                           

Slack (MET) :             0.056ns  (arrival time - required time)
  Source:                 udp_gateway_shadow_mirror_i/dma_gateway_hybrid_0/inst/i_hybrid_dma/u_fetcher/current_desc_addr_reg[31]/C
                            (rising edge-triggered cell FDCE clocked by clk_fpga_0  {rise@0.000ns fall@10.000ns period=20.000ns})
  Destination:            udp_gateway_shadow_mirror_i/axi_mem_intercon/s01_couplers/auto_us/inst/gen_upsizer.gen_full_upsizer.axi_upsizer_inst/si_register_slice_inst/ar.ar_pipe/m_payload_i_reg[31]/D
                            (rising edge-triggered cell FDRE clocked by clk_fpga_0  {rise@0.000ns fall@10.000ns period=20.000ns})
  Path Group:             clk_fpga_0
  Path Type:              Hold (Min at Fast Process Corner)
  Requirement:            0.000ns  (clk_fpga_0 rise@0.000ns - clk_fpga_0 rise@0.000ns)
  Data Path Delay:        0.394ns  (logic 0.141ns (35.821%)  route 0.253ns (64.179%))
  Logic Levels:           0  
  Clock Path Skew:        0.261ns (DCD - SCD - CPR)
    Destination Clock Delay (DCD):    1.178ns
    Source Clock Delay      (SCD):    0.882ns
    Clock Pessimism Removal (CPR):    0.035ns

    Location             Delay type                Incr(ns)  Path(ns)    PBlock               Netlist Resource(s)
  -------------------------------------------------------------------    ----------------------------------------
                         (clock clk_fpga_0 rise edge)
                                                      0.000     0.000 r                       
    PS7_X0Y0             PS7                          0.000     0.000 r                       udp_gateway_shadow_mirror_i/processing_system7_0/inst/PS7_i/FCLKCLK[0]
                         net (fo=1, routed)           0.310     0.310                         udp_gateway_shadow_mirror_i/processing_system7_0/inst/FCLK_CLK_unbuffered[0]
    BUFGCTRL_X0Y17       BUFG (Prop_bufg_I_O)         0.026     0.336 r                       udp_gateway_shadow_mirror_i/processing_system7_0/inst/buffer_fclk_clk_0.FCLK_CLK_0_BUFG/O
                         net (fo=42827, routed)       0.546     0.882                         udp_gateway_shadow_mirror_i/dma_gateway_hybrid_0/inst/i_hybrid_dma/u_fetcher/clk
    SLICE_X44Y72         FDCE                                         r  shadow_core_region   udp_gateway_shadow_mirror_i/dma_gateway_hybrid_0/inst/i_hybrid_dma/u_fetcher/current_desc_addr_reg[31]/C
  -------------------------------------------------------------------    ----------------------------------------
    SLICE_X44Y72         FDCE (Prop_fdce_C_Q)         0.141     1.023 r  shadow_core_region   udp_gateway_shadow_mirror_i/dma_gateway_hybrid_0/inst/i_hybrid_dma/u_fetcher/current_desc_addr_reg[31]/Q
                         net (fo=2, routed)           0.253     1.275                         udp_gateway_shadow_mirror_i/axi_mem_intercon/s01_couplers/auto_us/inst/gen_upsizer.gen_full_upsizer.axi_upsizer_inst/si_register_slice_inst/ar.ar_pipe/D[31]
    SLICE_X51Y67         FDRE                                         r                       udp_gateway_shadow_mirror_i/axi_mem_intercon/s01_couplers/auto_us/inst/gen_upsizer.gen_full_upsizer.axi_upsizer_inst/si_register_slice_inst/ar.ar_pipe/m_payload_i_reg[31]/D
  -------------------------------------------------------------------    ----------------------------------------

                         (clock clk_fpga_0 rise edge)
                                                      0.000     0.000 r                       
    PS7_X0Y0             PS7                          0.000     0.000 r                       udp_gateway_shadow_mirror_i/processing_system7_0/inst/PS7_i/FCLKCLK[0]
                         net (fo=1, routed)           0.337     0.337                         udp_gateway_shadow_mirror_i/processing_system7_0/inst/FCLK_CLK_unbuffered[0]
    BUFGCTRL_X0Y17       BUFG (Prop_bufg_I_O)         0.029     0.366 r                       udp_gateway_shadow_mirror_i/processing_system7_0/inst/buffer_fclk_clk_0.FCLK_CLK_0_BUFG/O
                         net (fo=42827, routed)       0.812     1.178                         udp_gateway_shadow_mirror_i/axi_mem_intercon/s01_couplers/auto_us/inst/gen_upsizer.gen_full_upsizer.axi_upsizer_inst/si_register_slice_inst/ar.ar_pipe/out
    SLICE_X51Y67         FDRE                                         r                       udp_gateway_shadow_mirror_i/axi_mem_intercon/s01_couplers/auto_us/inst/gen_upsizer.gen_full_upsizer.axi_upsizer_inst/si_register_slice_inst/ar.ar_pipe/m_payload_i_reg[31]/C
                         clock pessimism             -0.035     1.143                           
    SLICE_X51Y67         FDRE (Hold_fdre_C_D)         0.076     1.219                           udp_gateway_shadow_mirror_i/axi_mem_intercon/s01_couplers/auto_us/inst/gen_upsizer.gen_full_upsizer.axi_upsizer_inst/si_register_slice_inst/ar.ar_pipe/m_payload_i_reg[31]
  -------------------------------------------------------------------
                         required time                         -1.219                           
                         arrival time                           1.275                           
  -------------------------------------------------------------------
                         slack                                  0.056                           

Slack (MET) :             0.057ns  (arrival time - required time)
  Source:                 udp_gateway_shadow_mirror_i/axi_mem_intercon/xbar/inst/gen_samd.crossbar_samd/addr_arbiter_ar/gen_arbiter.m_mesg_i_reg[32]/C
                            (rising edge-triggered cell FDRE clocked by clk_fpga_0  {rise@0.000ns fall@10.000ns period=20.000ns})
  Destination:            udp_gateway_shadow_mirror_i/axi_mem_intercon/m00_couplers/auto_pc/inst/gen_axi4_axi3.axi3_conv_inst/USE_READ.USE_SPLIT_R.read_addr_inst/S_AXI_AADDR_Q_reg[30]/D
                            (rising edge-triggered cell FDRE clocked by clk_fpga_0  {rise@0.000ns fall@10.000ns period=20.000ns})
  Path Group:             clk_fpga_0
  Path Type:              Hold (Min at Fast Process Corner)
  Requirement:            0.000ns  (clk_fpga_0 rise@0.000ns - clk_fpga_0 rise@0.000ns)
  Data Path Delay:        0.391ns  (logic 0.141ns (36.058%)  route 0.250ns (63.942%))
  Logic Levels:           0  
  Clock Path Skew:        0.264ns (DCD - SCD - CPR)
    Destination Clock Delay (DCD):    1.191ns
    Source Clock Delay      (SCD):    0.897ns
    Clock Pessimism Removal (CPR):    0.030ns

    Location             Delay type                Incr(ns)  Path(ns)    Netlist Resource(s)
  -------------------------------------------------------------------    -------------------
                         (clock clk_fpga_0 rise edge)
                                                      0.000     0.000 r  
    PS7_X0Y0             PS7                          0.000     0.000 r  udp_gateway_shadow_mirror_i/processing_system7_0/inst/PS7_i/FCLKCLK[0]
                         net (fo=1, routed)           0.310     0.310    udp_gateway_shadow_mirror_i/processing_system7_0/inst/FCLK_CLK_unbuffered[0]
    BUFGCTRL_X0Y17       BUFG (Prop_bufg_I_O)         0.026     0.336 r  udp_gateway_shadow_mirror_i/processing_system7_0/inst/buffer_fclk_clk_0.FCLK_CLK_0_BUFG/O
                         net (fo=42827, routed)       0.561     0.896    udp_gateway_shadow_mirror_i/axi_mem_intercon/xbar/inst/gen_samd.crossbar_samd/addr_arbiter_ar/aclk
    SLICE_X48Y45         FDRE                                         r  udp_gateway_shadow_mirror_i/axi_mem_intercon/xbar/inst/gen_samd.crossbar_samd/addr_arbiter_ar/gen_arbiter.m_mesg_i_reg[32]/C
  -------------------------------------------------------------------    -------------------
    SLICE_X48Y45         FDRE (Prop_fdre_C_Q)         0.141     1.038 r  udp_gateway_shadow_mirror_i/axi_mem_intercon/xbar/inst/gen_samd.crossbar_samd/addr_arbiter_ar/gen_arbiter.m_mesg_i_reg[32]/Q
                         net (fo=1, routed)           0.250     1.288    udp_gateway_shadow_mirror_i/axi_mem_intercon/m00_couplers/auto_pc/inst/gen_axi4_axi3.axi3_conv_inst/USE_READ.USE_SPLIT_R.read_addr_inst/s_axi_araddr[30]
    SLICE_X48Y52         FDRE                                         r  udp_gateway_shadow_mirror_i/axi_mem_intercon/m00_couplers/auto_pc/inst/gen_axi4_axi3.axi3_conv_inst/USE_READ.USE_SPLIT_R.read_addr_inst/S_AXI_AADDR_Q_reg[30]/D
  -------------------------------------------------------------------    -------------------

                         (clock clk_fpga_0 rise edge)
                                                      0.000     0.000 r  
    PS7_X0Y0             PS7                          0.000     0.000 r  udp_gateway_shadow_mirror_i/processing_system7_0/inst/PS7_i/FCLKCLK[0]
                         net (fo=1, routed)           0.337     0.337    udp_gateway_shadow_mirror_i/processing_system7_0/inst/FCLK_CLK_unbuffered[0]
    BUFGCTRL_X0Y17       BUFG (Prop_bufg_I_O)         0.029     0.366 r  udp_gateway_shadow_mirror_i/processing_system7_0/inst/buffer_fclk_clk_0.FCLK_CLK_0_BUFG/O
                         net (fo=42827, routed)       0.825     1.191    udp_gateway_shadow_mirror_i/axi_mem_intercon/m00_couplers/auto_pc/inst/gen_axi4_axi3.axi3_conv_inst/USE_READ.USE_SPLIT_R.read_addr_inst/aclk
    SLICE_X48Y52         FDRE                                         r  udp_gateway_shadow_mirror_i/axi_mem_intercon/m00_couplers/auto_pc/inst/gen_axi4_axi3.axi3_conv_inst/USE_READ.USE_SPLIT_R.read_addr_inst/S_AXI_AADDR_Q_reg[30]/C
                         clock pessimism             -0.030     1.161    
    SLICE_X48Y52         FDRE (Hold_fdre_C_D)         0.070     1.231    udp_gateway_shadow_mirror_i/axi_mem_intercon/m00_couplers/auto_pc/inst/gen_axi4_axi3.axi3_conv_inst/USE_READ.USE_SPLIT_R.read_addr_inst/S_AXI_AADDR_Q_reg[30]
  -------------------------------------------------------------------
                         required time                         -1.231    
                         arrival time                           1.288    
  -------------------------------------------------------------------
                         slack                                  0.057    





Pulse Width Checks
--------------------------------------------------------------------------------------
Clock Name:         clk_fpga_0
Waveform(ns):       { 0.000 10.000 }
Period(ns):         20.000
Sources:            { udp_gateway_shadow_mirror_i/processing_system7_0/inst/PS7_i/FCLKCLK[0] }

Check Type        Corner  Lib Pin             Reference Pin  Required(ns)  Actual(ns)  Slack(ns)  Location      Pin
Min Period        n/a     RAMB36E1/CLKARDCLK  n/a            2.944         20.000      17.056     RAMB36_X4Y14  udp_gateway_shadow_mirror_i/dma_gateway_hybrid_0/inst/u_shadow_acl_filter/u_acl/bram_way0_reg_0/CLKARDCLK
Min Period        n/a     RAMB36E1/CLKARDCLK  n/a            2.944         20.000      17.056     RAMB36_X4Y17  udp_gateway_shadow_mirror_i/dma_gateway_hybrid_0/inst/u_shadow_acl_filter/u_acl/bram_way0_reg_1/CLKARDCLK
Min Period        n/a     RAMB36E1/CLKARDCLK  n/a            2.944         20.000      17.056     RAMB36_X5Y25  udp_gateway_shadow_mirror_i/dma_gateway_hybrid_0/inst/u_shadow_acl_filter/u_acl/bram_way0_reg_10/CLKARDCLK
Min Period        n/a     RAMB36E1/CLKARDCLK  n/a            2.944         20.000      17.056     RAMB36_X4Y25  udp_gateway_shadow_mirror_i/dma_gateway_hybrid_0/inst/u_shadow_acl_filter/u_acl/bram_way0_reg_11/CLKARDCLK
Min Period        n/a     RAMB36E1/CLKARDCLK  n/a            2.944         20.000      17.056     RAMB36_X5Y18  udp_gateway_shadow_mirror_i/dma_gateway_hybrid_0/inst/u_shadow_acl_filter/u_acl/bram_way0_reg_2/CLKARDCLK
Min Period        n/a     RAMB36E1/CLKARDCLK  n/a            2.944         20.000      17.056     RAMB36_X5Y14  udp_gateway_shadow_mirror_i/dma_gateway_hybrid_0/inst/u_shadow_acl_filter/u_acl/bram_way0_reg_3/CLKARDCLK
Min Period        n/a     RAMB36E1/CLKARDCLK  n/a            2.944         20.000      17.056     RAMB36_X5Y19  udp_gateway_shadow_mirror_i/dma_gateway_hybrid_0/inst/u_shadow_acl_filter/u_acl/bram_way0_reg_4/CLKARDCLK
Min Period        n/a     RAMB36E1/CLKARDCLK  n/a            2.944         20.000      17.056     RAMB36_X5Y16  udp_gateway_shadow_mirror_i/dma_gateway_hybrid_0/inst/u_shadow_acl_filter/u_acl/bram_way0_reg_5/CLKARDCLK
Min Period        n/a     RAMB36E1/CLKARDCLK  n/a            2.944         20.000      17.056     RAMB36_X5Y20  udp_gateway_shadow_mirror_i/dma_gateway_hybrid_0/inst/u_shadow_acl_filter/u_acl/bram_way0_reg_6/CLKARDCLK
Min Period        n/a     RAMB36E1/CLKARDCLK  n/a            2.944         20.000      17.056     RAMB36_X4Y23  udp_gateway_shadow_mirror_i/dma_gateway_hybrid_0/inst/u_shadow_acl_filter/u_acl/bram_way0_reg_7/CLKARDCLK
Low Pulse Width   Slow    RAMD32/CLK          n/a            1.250         10.000      8.750      SLICE_X12Y7   udp_gateway_shadow_mirror_i/axi_mem_intercon/m00_couplers/auto_pc/inst/gen_axi4_axi3.axi3_conv_inst/USE_READ.USE_SPLIT_R.read_addr_inst/USE_R_CHANNEL.cmd_queue/inst/fifo_gen_inst/inst_fifo_gen/gconvfifo.rf/grf.rf/gntv_or_sync_fifo.mem/gdm.dm_gen.dm/RAM_reg_0_31_0_0/DP/CLK
Low Pulse Width   Fast    RAMD32/CLK          n/a            1.250         10.000      8.750      SLICE_X12Y7   udp_gateway_shadow_mirror_i/axi_mem_intercon/m00_couplers/auto_pc/inst/gen_axi4_axi3.axi3_conv_inst/USE_READ.USE_SPLIT_R.read_addr_inst/USE_R_CHANNEL.cmd_queue/inst/fifo_gen_inst/inst_fifo_gen/gconvfifo.rf/grf.rf/gntv_or_sync_fifo.mem/gdm.dm_gen.dm/RAM_reg_0_31_0_0/DP/CLK
Low Pulse Width   Slow    RAMD32/CLK          n/a            1.250         10.000      8.750      SLICE_X12Y7   udp_gateway_shadow_mirror_i/axi_mem_intercon/m00_couplers/auto_pc/inst/gen_axi4_axi3.axi3_conv_inst/USE_READ.USE_SPLIT_R.read_addr_inst/USE_R_CHANNEL.cmd_queue/inst/fifo_gen_inst/inst_fifo_gen/gconvfifo.rf/grf.rf/gntv_or_sync_fifo.mem/gdm.dm_gen.dm/RAM_reg_0_31_0_0/SP/CLK
Low Pulse Width   Fast    RAMD32/CLK          n/a            1.250         10.000      8.750      SLICE_X12Y7   udp_gateway_shadow_mirror_i/axi_mem_intercon/m00_couplers/auto_pc/inst/gen_axi4_axi3.axi3_conv_inst/USE_READ.USE_SPLIT_R.read_addr_inst/USE_R_CHANNEL.cmd_queue/inst/fifo_gen_inst/inst_fifo_gen/gconvfifo.rf/grf.rf/gntv_or_sync_fifo.mem/gdm.dm_gen.dm/RAM_reg_0_31_0_0/SP/CLK
Low Pulse Width   Slow    RAMD32/CLK          n/a            1.250         10.000      8.750      SLICE_X22Y14  udp_gateway_shadow_mirror_i/axi_mem_intercon/m00_couplers/auto_pc/inst/gen_axi4_axi3.axi3_conv_inst/USE_WRITE.write_addr_inst/USE_BURSTS.cmd_queue/inst/fifo_gen_inst/inst_fifo_gen/gconvfifo.rf/grf.rf/gntv_or_sync_fifo.mem/gdm.dm_gen.dm/RAM_reg_0_31_0_5/RAMA/CLK
Low Pulse Width   Fast    RAMD32/CLK          n/a            1.250         10.000      8.750      SLICE_X22Y14  udp_gateway_shadow_mirror_i/axi_mem_intercon/m00_couplers/auto_pc/inst/gen_axi4_axi3.axi3_conv_inst/USE_WRITE.write_addr_inst/USE_BURSTS.cmd_queue/inst/fifo_gen_inst/inst_fifo_gen/gconvfifo.rf/grf.rf/gntv_or_sync_fifo.mem/gdm.dm_gen.dm/RAM_reg_0_31_0_5/RAMA/CLK
Low Pulse Width   Slow    RAMD32/CLK          n/a            1.250         10.000      8.750      SLICE_X22Y14  udp_gateway_shadow_mirror_i/axi_mem_intercon/m00_couplers/auto_pc/inst/gen_axi4_axi3.axi3_conv_inst/USE_WRITE.write_addr_inst/USE_BURSTS.cmd_queue/inst/fifo_gen_inst/inst_fifo_gen/gconvfifo.rf/grf.rf/gntv_or_sync_fifo.mem/gdm.dm_gen.dm/RAM_reg_0_31_0_5/RAMA_D1/CLK
Low Pulse Width   Fast    RAMD32/CLK          n/a            1.250         10.000      8.750      SLICE_X22Y14  udp_gateway_shadow_mirror_i/axi_mem_intercon/m00_couplers/auto_pc/inst/gen_axi4_axi3.axi3_conv_inst/USE_WRITE.write_addr_inst/USE_BURSTS.cmd_queue/inst/fifo_gen_inst/inst_fifo_gen/gconvfifo.rf/grf.rf/gntv_or_sync_fifo.mem/gdm.dm_gen.dm/RAM_reg_0_31_0_5/RAMA_D1/CLK
Low Pulse Width   Slow    RAMD32/CLK          n/a            1.250         10.000      8.750      SLICE_X22Y14  udp_gateway_shadow_mirror_i/axi_mem_intercon/m00_couplers/auto_pc/inst/gen_axi4_axi3.axi3_conv_inst/USE_WRITE.write_addr_inst/USE_BURSTS.cmd_queue/inst/fifo_gen_inst/inst_fifo_gen/gconvfifo.rf/grf.rf/gntv_or_sync_fifo.mem/gdm.dm_gen.dm/RAM_reg_0_31_0_5/RAMB/CLK
Low Pulse Width   Fast    RAMD32/CLK          n/a            1.250         10.000      8.750      SLICE_X22Y14  udp_gateway_shadow_mirror_i/axi_mem_intercon/m00_couplers/auto_pc/inst/gen_axi4_axi3.axi3_conv_inst/USE_WRITE.write_addr_inst/USE_BURSTS.cmd_queue/inst/fifo_gen_inst/inst_fifo_gen/gconvfifo.rf/grf.rf/gntv_or_sync_fifo.mem/gdm.dm_gen.dm/RAM_reg_0_31_0_5/RAMB/CLK
High Pulse Width  Slow    RAMD32/CLK          n/a            1.250         10.000      8.750      SLICE_X12Y7   udp_gateway_shadow_mirror_i/axi_mem_intercon/m00_couplers/auto_pc/inst/gen_axi4_axi3.axi3_conv_inst/USE_READ.USE_SPLIT_R.read_addr_inst/USE_R_CHANNEL.cmd_queue/inst/fifo_gen_inst/inst_fifo_gen/gconvfifo.rf/grf.rf/gntv_or_sync_fifo.mem/gdm.dm_gen.dm/RAM_reg_0_31_0_0/DP/CLK
High Pulse Width  Fast    RAMD32/CLK          n/a            1.250         10.000      8.750      SLICE_X12Y7   udp_gateway_shadow_mirror_i/axi_mem_intercon/m00_couplers/auto_pc/inst/gen_axi4_axi3.axi3_conv_inst/USE_READ.USE_SPLIT_R.read_addr_inst/USE_R_CHANNEL.cmd_queue/inst/fifo_gen_inst/inst_fifo_gen/gconvfifo.rf/grf.rf/gntv_or_sync_fifo.mem/gdm.dm_gen.dm/RAM_reg_0_31_0_0/DP/CLK
High Pulse Width  Slow    RAMD32/CLK          n/a            1.250         10.000      8.750      SLICE_X12Y7   udp_gateway_shadow_mirror_i/axi_mem_intercon/m00_couplers/auto_pc/inst/gen_axi4_axi3.axi3_conv_inst/USE_READ.USE_SPLIT_R.read_addr_inst/USE_R_CHANNEL.cmd_queue/inst/fifo_gen_inst/inst_fifo_gen/gconvfifo.rf/grf.rf/gntv_or_sync_fifo.mem/gdm.dm_gen.dm/RAM_reg_0_31_0_0/SP/CLK
High Pulse Width  Fast    RAMD32/CLK          n/a            1.250         10.000      8.750      SLICE_X12Y7   udp_gateway_shadow_mirror_i/axi_mem_intercon/m00_couplers/auto_pc/inst/gen_axi4_axi3.axi3_conv_inst/USE_READ.USE_SPLIT_R.read_addr_inst/USE_R_CHANNEL.cmd_queue/inst/fifo_gen_inst/inst_fifo_gen/gconvfifo.rf/grf.rf/gntv_or_sync_fifo.mem/gdm.dm_gen.dm/RAM_reg_0_31_0_0/SP/CLK
High Pulse Width  Slow    RAMD32/CLK          n/a            1.250         10.000      8.750      SLICE_X22Y14  udp_gateway_shadow_mirror_i/axi_mem_intercon/m00_couplers/auto_pc/inst/gen_axi4_axi3.axi3_conv_inst/USE_WRITE.write_addr_inst/USE_BURSTS.cmd_queue/inst/fifo_gen_inst/inst_fifo_gen/gconvfifo.rf/grf.rf/gntv_or_sync_fifo.mem/gdm.dm_gen.dm/RAM_reg_0_31_0_5/RAMA/CLK
High Pulse Width  Fast    RAMD32/CLK          n/a            1.250         10.000      8.750      SLICE_X22Y14  udp_gateway_shadow_mirror_i/axi_mem_intercon/m00_couplers/auto_pc/inst/gen_axi4_axi3.axi3_conv_inst/USE_WRITE.write_addr_inst/USE_BURSTS.cmd_queue/inst/fifo_gen_inst/inst_fifo_gen/gconvfifo.rf/grf.rf/gntv_or_sync_fifo.mem/gdm.dm_gen.dm/RAM_reg_0_31_0_5/RAMA/CLK
High Pulse Width  Slow    RAMD32/CLK          n/a            1.250         10.000      8.750      SLICE_X22Y14  udp_gateway_shadow_mirror_i/axi_mem_intercon/m00_couplers/auto_pc/inst/gen_axi4_axi3.axi3_conv_inst/USE_WRITE.write_addr_inst/USE_BURSTS.cmd_queue/inst/fifo_gen_inst/inst_fifo_gen/gconvfifo.rf/grf.rf/gntv_or_sync_fifo.mem/gdm.dm_gen.dm/RAM_reg_0_31_0_5/RAMA_D1/CLK
High Pulse Width  Fast    RAMD32/CLK          n/a            1.250         10.000      8.750      SLICE_X22Y14  udp_gateway_shadow_mirror_i/axi_mem_intercon/m00_couplers/auto_pc/inst/gen_axi4_axi3.axi3_conv_inst/USE_WRITE.write_addr_inst/USE_BURSTS.cmd_queue/inst/fifo_gen_inst/inst_fifo_gen/gconvfifo.rf/grf.rf/gntv_or_sync_fifo.mem/gdm.dm_gen.dm/RAM_reg_0_31_0_5/RAMA_D1/CLK
High Pulse Width  Slow    RAMD32/CLK          n/a            1.250         10.000      8.750      SLICE_X22Y14  udp_gateway_shadow_mirror_i/axi_mem_intercon/m00_couplers/auto_pc/inst/gen_axi4_axi3.axi3_conv_inst/USE_WRITE.write_addr_inst/USE_BURSTS.cmd_queue/inst/fifo_gen_inst/inst_fifo_gen/gconvfifo.rf/grf.rf/gntv_or_sync_fifo.mem/gdm.dm_gen.dm/RAM_reg_0_31_0_5/RAMB/CLK
High Pulse Width  Fast    RAMD32/CLK          n/a            1.250         10.000      8.750      SLICE_X22Y14  udp_gateway_shadow_mirror_i/axi_mem_intercon/m00_couplers/auto_pc/inst/gen_axi4_axi3.axi3_conv_inst/USE_WRITE.write_addr_inst/USE_BURSTS.cmd_queue/inst/fifo_gen_inst/inst_fifo_gen/gconvfifo.rf/grf.rf/gntv_or_sync_fifo.mem/gdm.dm_gen.dm/RAM_reg_0_31_0_5/RAMB/CLK



---------------------------------------------------------------------------------------------------
From Clock:  shadow_dna_clk
  To Clock:  shadow_dna_clk

Setup :            0  Failing Endpoints,  Worst Slack      631.663ns,  Total Violation        0.000ns
Hold  :            0  Failing Endpoints,  Worst Slack        0.284ns,  Total Violation        0.000ns
PW    :            0  Failing Endpoints,  Worst Slack      319.500ns,  Total Violation        0.000ns
---------------------------------------------------------------------------------------------------


Max Delay Paths
--------------------------------------------------------------------------------------
Slack (MET) :             631.663ns  (required time - arrival time)
  Source:                 udp_gateway_shadow_mirror_i/dma_gateway_hybrid_0/inst/u_device_dna_reader/dna_read_reg/C
                            (rising edge-triggered cell FDPE clocked by shadow_dna_clk  {rise@0.000ns fall@320.000ns period=640.000ns})
  Destination:            udp_gateway_shadow_mirror_i/dma_gateway_hybrid_0/inst/u_device_dna_reader/u_dna/READ
                            (rising edge-triggered cell DNA_PORT clocked by shadow_dna_clk  {rise@0.000ns fall@320.000ns period=640.000ns})
  Path Group:             shadow_dna_clk
  Path Type:              Setup (Max at Slow Process Corner)
  Requirement:            640.000ns  (shadow_dna_clk rise@640.000ns - shadow_dna_clk rise@0.000ns)
  Data Path Delay:        2.200ns  (logic 0.419ns (19.042%)  route 1.781ns (80.959%))
  Logic Levels:           0  
  Clock Path Skew:        -0.304ns (DCD - SCD + CPR)
    Destination Clock Delay (DCD):    5.861ns = ( 645.861 - 640.000 ) 
    Source Clock Delay      (SCD):    6.761ns
    Clock Pessimism Removal (CPR):    0.596ns
  Clock Uncertainty:      0.302ns  ((TSJ^2 + TIJ^2)^1/2 + DJ) / 2 + PE
    Total System Jitter     (TSJ):    0.071ns
    Total Input Jitter      (TIJ):    0.600ns
    Discrete Jitter          (DJ):    0.000ns
    Phase Error              (PE):    0.000ns

    Location             Delay type                Incr(ns)  Path(ns)    Netlist Resource(s)
  -------------------------------------------------------------------    -------------------
                         (clock shadow_dna_clk rise edge)
                                                      0.000     0.000 r  
    PS7_X0Y0             PS7                          0.000     0.000 r  udp_gateway_shadow_mirror_i/processing_system7_0/inst/PS7_i/FCLKCLK[0]
                         net (fo=1, routed)           1.193     1.193    udp_gateway_shadow_mirror_i/processing_system7_0/inst/FCLK_CLK_unbuffered[0]
    BUFGCTRL_X0Y17       BUFG (Prop_bufg_I_O)         0.101     1.294 r  udp_gateway_shadow_mirror_i/processing_system7_0/inst/buffer_fclk_clk_0.FCLK_CLK_0_BUFG/O
                         net (fo=42827, routed)       1.628     2.922    udp_gateway_shadow_mirror_i/dma_gateway_hybrid_0/inst/u_device_dna_reader/clk
    SLICE_X51Y68         FDCE (Prop_fdce_C_Q)         0.456     3.378 r  udp_gateway_shadow_mirror_i/dma_gateway_hybrid_0/inst/u_device_dna_reader/dna_clk_reg/Q
                         net (fo=1, routed)           1.381     4.759    udp_gateway_shadow_mirror_i/dma_gateway_hybrid_0/inst/u_device_dna_reader/dna_clk
    BUFGCTRL_X0Y16       BUFG (Prop_bufg_I_O)         0.101     4.860 r  udp_gateway_shadow_mirror_i/dma_gateway_hybrid_0/inst/u_device_dna_reader/dna_clk_BUFG_inst/O
                         net (fo=69, routed)          1.901     6.761    udp_gateway_shadow_mirror_i/dma_gateway_hybrid_0/inst/u_device_dna_reader/dna_clk_BUFG
    SLICE_X57Y111        FDPE                                         r  udp_gateway_shadow_mirror_i/dma_gateway_hybrid_0/inst/u_device_dna_reader/dna_read_reg/C
  -------------------------------------------------------------------    -------------------
    SLICE_X57Y111        FDPE (Prop_fdpe_C_Q)         0.419     7.180 r  udp_gateway_shadow_mirror_i/dma_gateway_hybrid_0/inst/u_device_dna_reader/dna_read_reg/Q
                         net (fo=5, routed)           1.781     8.961    udp_gateway_shadow_mirror_i/dma_gateway_hybrid_0/inst/u_device_dna_reader/dna_read
    DNA_PORT_X0Y0        DNA_PORT                                     r  udp_gateway_shadow_mirror_i/dma_gateway_hybrid_0/inst/u_device_dna_reader/u_dna/READ
  -------------------------------------------------------------------    -------------------

                         (clock shadow_dna_clk rise edge)
                                                    640.000   640.000 r  
    PS7_X0Y0             PS7                          0.000   640.000 r  udp_gateway_shadow_mirror_i/processing_system7_0/inst/PS7_i/FCLKCLK[0]
                         net (fo=1, routed)           1.088   641.088    udp_gateway_shadow_mirror_i/processing_system7_0/inst/FCLK_CLK_unbuffered[0]
    BUFGCTRL_X0Y17       BUFG (Prop_bufg_I_O)         0.091   641.179 r  udp_gateway_shadow_mirror_i/processing_system7_0/inst/buffer_fclk_clk_0.FCLK_CLK_0_BUFG/O
                         net (fo=42827, routed)       1.456   642.635    udp_gateway_shadow_mirror_i/dma_gateway_hybrid_0/inst/u_device_dna_reader/clk
    SLICE_X51Y68         FDCE (Prop_fdce_C_Q)         0.367   643.002 r  udp_gateway_shadow_mirror_i/dma_gateway_hybrid_0/inst/u_device_dna_reader/dna_clk_reg/Q
                         net (fo=1, routed)           1.185   644.186    udp_gateway_shadow_mirror_i/dma_gateway_hybrid_0/inst/u_device_dna_reader/dna_clk
    BUFGCTRL_X0Y16       BUFG (Prop_bufg_I_O)         0.091   644.277 r  udp_gateway_shadow_mirror_i/dma_gateway_hybrid_0/inst/u_device_dna_reader/dna_clk_BUFG_inst/O
                         net (fo=69, routed)          1.583   645.861    udp_gateway_shadow_mirror_i/dma_gateway_hybrid_0/inst/u_device_dna_reader/dna_clk_BUFG
    DNA_PORT_X0Y0        DNA_PORT                                     r  udp_gateway_shadow_mirror_i/dma_gateway_hybrid_0/inst/u_device_dna_reader/u_dna/CLK
                         clock pessimism              0.596   646.457    
                         clock uncertainty           -0.302   646.155    
    DNA_PORT_X0Y0        DNA_PORT (Setup_dna_port_CLK_READ)
                                                     -5.531   640.624    udp_gateway_shadow_mirror_i/dma_gateway_hybrid_0/inst/u_device_dna_reader/u_dna
  -------------------------------------------------------------------
                         required time                        640.624    
                         arrival time                          -8.961    
  -------------------------------------------------------------------
                         slack                                631.663    

Slack (MET) :             632.458ns  (required time - arrival time)
  Source:                 udp_gateway_shadow_mirror_i/dma_gateway_hybrid_0/inst/u_device_dna_reader/dna_shift_reg/C
                            (rising edge-triggered cell FDCE clocked by shadow_dna_clk  {rise@0.000ns fall@320.000ns period=640.000ns})
  Destination:            udp_gateway_shadow_mirror_i/dma_gateway_hybrid_0/inst/u_device_dna_reader/u_dna/SHIFT
                            (rising edge-triggered cell DNA_PORT clocked by shadow_dna_clk  {rise@0.000ns fall@320.000ns period=640.000ns})
  Path Group:             shadow_dna_clk
  Path Type:              Setup (Max at Slow Process Corner)
  Requirement:            640.000ns  (shadow_dna_clk rise@640.000ns - shadow_dna_clk rise@0.000ns)
  Data Path Delay:        1.580ns  (logic 0.456ns (28.853%)  route 1.124ns (71.147%))
  Logic Levels:           0  
  Clock Path Skew:        -0.304ns (DCD - SCD + CPR)
    Destination Clock Delay (DCD):    5.861ns = ( 645.861 - 640.000 ) 
    Source Clock Delay      (SCD):    6.761ns
    Clock Pessimism Removal (CPR):    0.596ns
  Clock Uncertainty:      0.302ns  ((TSJ^2 + TIJ^2)^1/2 + DJ) / 2 + PE
    Total System Jitter     (TSJ):    0.071ns
    Total Input Jitter      (TIJ):    0.600ns
    Discrete Jitter          (DJ):    0.000ns
    Phase Error              (PE):    0.000ns

    Location             Delay type                Incr(ns)  Path(ns)    Netlist Resource(s)
  -------------------------------------------------------------------    -------------------
                         (clock shadow_dna_clk rise edge)
                                                      0.000     0.000 r  
    PS7_X0Y0             PS7                          0.000     0.000 r  udp_gateway_shadow_mirror_i/processing_system7_0/inst/PS7_i/FCLKCLK[0]
                         net (fo=1, routed)           1.193     1.193    udp_gateway_shadow_mirror_i/processing_system7_0/inst/FCLK_CLK_unbuffered[0]
    BUFGCTRL_X0Y17       BUFG (Prop_bufg_I_O)         0.101     1.294 r  udp_gateway_shadow_mirror_i/processing_system7_0/inst/buffer_fclk_clk_0.FCLK_CLK_0_BUFG/O
                         net (fo=42827, routed)       1.628     2.922    udp_gateway_shadow_mirror_i/dma_gateway_hybrid_0/inst/u_device_dna_reader/clk
    SLICE_X51Y68         FDCE (Prop_fdce_C_Q)         0.456     3.378 r  udp_gateway_shadow_mirror_i/dma_gateway_hybrid_0/inst/u_device_dna_reader/dna_clk_reg/Q
                         net (fo=1, routed)           1.381     4.759    udp_gateway_shadow_mirror_i/dma_gateway_hybrid_0/inst/u_device_dna_reader/dna_clk
    BUFGCTRL_X0Y16       BUFG (Prop_bufg_I_O)         0.101     4.860 r  udp_gateway_shadow_mirror_i/dma_gateway_hybrid_0/inst/u_device_dna_reader/dna_clk_BUFG_inst/O
                         net (fo=69, routed)          1.901     6.761    udp_gateway_shadow_mirror_i/dma_gateway_hybrid_0/inst/u_device_dna_reader/dna_clk_BUFG
    SLICE_X57Y111        FDCE                                         r  udp_gateway_shadow_mirror_i/dma_gateway_hybrid_0/inst/u_device_dna_reader/dna_shift_reg/C
  -------------------------------------------------------------------    -------------------
    SLICE_X57Y111        FDCE (Prop_fdce_C_Q)         0.456     7.217 r  udp_gateway_shadow_mirror_i/dma_gateway_hybrid_0/inst/u_device_dna_reader/dna_shift_reg/Q
                         net (fo=4, routed)           1.124     8.341    udp_gateway_shadow_mirror_i/dma_gateway_hybrid_0/inst/u_device_dna_reader/dna_shift
    DNA_PORT_X0Y0        DNA_PORT                                     r  udp_gateway_shadow_mirror_i/dma_gateway_hybrid_0/inst/u_device_dna_reader/u_dna/SHIFT
  -------------------------------------------------------------------    -------------------

                         (clock shadow_dna_clk rise edge)
                                                    640.000   640.000 r  
    PS7_X0Y0             PS7                          0.000   640.000 r  udp_gateway_shadow_mirror_i/processing_system7_0/inst/PS7_i/FCLKCLK[0]
                         net (fo=1, routed)           1.088   641.088    udp_gateway_shadow_mirror_i/processing_system7_0/inst/FCLK_CLK_unbuffered[0]
    BUFGCTRL_X0Y17       BUFG (Prop_bufg_I_O)         0.091   641.179 r  udp_gateway_shadow_mirror_i/processing_system7_0/inst/buffer_fclk_clk_0.FCLK_CLK_0_BUFG/O
                         net (fo=42827, routed)       1.456   642.635    udp_gateway_shadow_mirror_i/dma_gateway_hybrid_0/inst/u_device_dna_reader/clk
    SLICE_X51Y68         FDCE (Prop_fdce_C_Q)         0.367   643.002 r  udp_gateway_shadow_mirror_i/dma_gateway_hybrid_0/inst/u_device_dna_reader/dna_clk_reg/Q
                         net (fo=1, routed)           1.185   644.186    udp_gateway_shadow_mirror_i/dma_gateway_hybrid_0/inst/u_device_dna_reader/dna_clk
    BUFGCTRL_X0Y16       BUFG (Prop_bufg_I_O)         0.091   644.277 r  udp_gateway_shadow_mirror_i/dma_gateway_hybrid_0/inst/u_device_dna_reader/dna_clk_BUFG_inst/O
                         net (fo=69, routed)          1.583   645.861    udp_gateway_shadow_mirror_i/dma_gateway_hybrid_0/inst/u_device_dna_reader/dna_clk_BUFG
    DNA_PORT_X0Y0        DNA_PORT                                     r  udp_gateway_shadow_mirror_i/dma_gateway_hybrid_0/inst/u_device_dna_reader/u_dna/CLK
                         clock pessimism              0.596   646.457    
                         clock uncertainty           -0.302   646.155    
    DNA_PORT_X0Y0        DNA_PORT (Setup_dna_port_CLK_SHIFT)
                                                     -5.356   640.799    udp_gateway_shadow_mirror_i/dma_gateway_hybrid_0/inst/u_device_dna_reader/u_dna
  -------------------------------------------------------------------
                         required time                        640.799    
                         arrival time                          -8.341    
  -------------------------------------------------------------------
                         slack                                632.458    

Slack (MET) :             632.887ns  (required time - arrival time)
  Source:                 udp_gateway_shadow_mirror_i/dma_gateway_hybrid_0/inst/u_device_dna_reader/dna_read_reg/C
                            (rising edge-triggered cell FDPE clocked by shadow_dna_clk  {rise@0.000ns fall@320.000ns period=640.000ns})
  Destination:            udp_gateway_shadow_mirror_i/dma_gateway_hybrid_0/inst/u_device_dna_reader/dna_shift_value_reg[34]/CE
                            (rising edge-triggered cell FDCE clocked by shadow_dna_clk  {rise@0.000ns fall@320.000ns period=640.000ns})
  Path Group:             shadow_dna_clk
  Path Type:              Setup (Max at Slow Process Corner)
  Requirement:            640.000ns  (shadow_dna_clk rise@640.000ns - shadow_dna_clk rise@0.000ns)
  Data Path Delay:        6.393ns  (logic 0.718ns (11.230%)  route 5.675ns (88.770%))
  Logic Levels:           1  (LUT3=1)
  Clock Path Skew:        -0.212ns (DCD - SCD + CPR)
    Destination Clock Delay (DCD):    5.952ns = ( 645.952 - 640.000 ) 
    Source Clock Delay      (SCD):    6.761ns
    Clock Pessimism Removal (CPR):    0.596ns
  Clock Uncertainty:      0.302ns  ((TSJ^2 + TIJ^2)^1/2 + DJ) / 2 + PE
    Total System Jitter     (TSJ):    0.071ns
    Total Input Jitter      (TIJ):    0.600ns
    Discrete Jitter          (DJ):    0.000ns
    Phase Error              (PE):    0.000ns

    Location             Delay type                Incr(ns)  Path(ns)    Netlist Resource(s)
  -------------------------------------------------------------------    -------------------
                         (clock shadow_dna_clk rise edge)
                                                      0.000     0.000 r  
    PS7_X0Y0             PS7                          0.000     0.000 r  udp_gateway_shadow_mirror_i/processing_system7_0/inst/PS7_i/FCLKCLK[0]
                         net (fo=1, routed)           1.193     1.193    udp_gateway_shadow_mirror_i/processing_system7_0/inst/FCLK_CLK_unbuffered[0]
    BUFGCTRL_X0Y17       BUFG (Prop_bufg_I_O)         0.101     1.294 r  udp_gateway_shadow_mirror_i/processing_system7_0/inst/buffer_fclk_clk_0.FCLK_CLK_0_BUFG/O
                         net (fo=42827, routed)       1.628     2.922    udp_gateway_shadow_mirror_i/dma_gateway_hybrid_0/inst/u_device_dna_reader/clk
    SLICE_X51Y68         FDCE (Prop_fdce_C_Q)         0.456     3.378 r  udp_gateway_shadow_mirror_i/dma_gateway_hybrid_0/inst/u_device_dna_reader/dna_clk_reg/Q
                         net (fo=1, routed)           1.381     4.759    udp_gateway_shadow_mirror_i/dma_gateway_hybrid_0/inst/u_device_dna_reader/dna_clk
    BUFGCTRL_X0Y16       BUFG (Prop_bufg_I_O)         0.101     4.860 r  udp_gateway_shadow_mirror_i/dma_gateway_hybrid_0/inst/u_device_dna_reader/dna_clk_BUFG_inst/O
                         net (fo=69, routed)          1.901     6.761    udp_gateway_shadow_mirror_i/dma_gateway_hybrid_0/inst/u_device_dna_reader/dna_clk_BUFG
    SLICE_X57Y111        FDPE                                         r  udp_gateway_shadow_mirror_i/dma_gateway_hybrid_0/inst/u_device_dna_reader/dna_read_reg/C
  -------------------------------------------------------------------    -------------------
    SLICE_X57Y111        FDPE (Prop_fdpe_C_Q)         0.419     7.180 f  udp_gateway_shadow_mirror_i/dma_gateway_hybrid_0/inst/u_device_dna_reader/dna_read_reg/Q
                         net (fo=5, routed)           1.131     8.310    udp_gateway_shadow_mirror_i/dma_gateway_hybrid_0/inst/u_device_dna_reader/dna_read
    SLICE_X61Y110        LUT3 (Prop_lut3_I0_O)        0.299     8.609 r  udp_gateway_shadow_mirror_i/dma_gateway_hybrid_0/inst/u_device_dna_reader/dna_shift_value[56]_i_1/O
                         net (fo=64, routed)          4.545    13.154    udp_gateway_shadow_mirror_i/dma_gateway_hybrid_0/inst/u_device_dna_reader/dna_bit_count
    SLICE_X113Y70        FDCE                                         r  udp_gateway_shadow_mirror_i/dma_gateway_hybrid_0/inst/u_device_dna_reader/dna_shift_value_reg[34]/CE
  -------------------------------------------------------------------    -------------------

                         (clock shadow_dna_clk rise edge)
                                                    640.000   640.000 r  
    PS7_X0Y0             PS7                          0.000   640.000 r  udp_gateway_shadow_mirror_i/processing_system7_0/inst/PS7_i/FCLKCLK[0]
                         net (fo=1, routed)           1.088   641.088    udp_gateway_shadow_mirror_i/processing_system7_0/inst/FCLK_CLK_unbuffered[0]
    BUFGCTRL_X0Y17       BUFG (Prop_bufg_I_O)         0.091   641.179 r  udp_gateway_shadow_mirror_i/processing_system7_0/inst/buffer_fclk_clk_0.FCLK_CLK_0_BUFG/O
                         net (fo=42827, routed)       1.456   642.635    udp_gateway_shadow_mirror_i/dma_gateway_hybrid_0/inst/u_device_dna_reader/clk
    SLICE_X51Y68         FDCE (Prop_fdce_C_Q)         0.367   643.002 r  udp_gateway_shadow_mirror_i/dma_gateway_hybrid_0/inst/u_device_dna_reader/dna_clk_reg/Q
                         net (fo=1, routed)           1.185   644.186    udp_gateway_shadow_mirror_i/dma_gateway_hybrid_0/inst/u_device_dna_reader/dna_clk
    BUFGCTRL_X0Y16       BUFG (Prop_bufg_I_O)         0.091   644.277 r  udp_gateway_shadow_mirror_i/dma_gateway_hybrid_0/inst/u_device_dna_reader/dna_clk_BUFG_inst/O
                         net (fo=69, routed)          1.675   645.952    udp_gateway_shadow_mirror_i/dma_gateway_hybrid_0/inst/u_device_dna_reader/dna_clk_BUFG
    SLICE_X113Y70        FDCE                                         r  udp_gateway_shadow_mirror_i/dma_gateway_hybrid_0/inst/u_device_dna_reader/dna_shift_value_reg[34]/C
                         clock pessimism              0.596   646.548    
                         clock uncertainty           -0.302   646.246    
    SLICE_X113Y70        FDCE (Setup_fdce_C_CE)      -0.205   646.041    udp_gateway_shadow_mirror_i/dma_gateway_hybrid_0/inst/u_device_dna_reader/dna_shift_value_reg[34]
  -------------------------------------------------------------------
                         required time                        646.041    
                         arrival time                         -13.154    
  -------------------------------------------------------------------
                         slack                                632.887    

Slack (MET) :             632.887ns  (required time - arrival time)
  Source:                 udp_gateway_shadow_mirror_i/dma_gateway_hybrid_0/inst/u_device_dna_reader/dna_read_reg/C
                            (rising edge-triggered cell FDPE clocked by shadow_dna_clk  {rise@0.000ns fall@320.000ns period=640.000ns})
  Destination:            udp_gateway_shadow_mirror_i/dma_gateway_hybrid_0/inst/u_device_dna_reader/dna_shift_value_reg[6]/CE
                            (rising edge-triggered cell FDCE clocked by shadow_dna_clk  {rise@0.000ns fall@320.000ns period=640.000ns})
  Path Group:             shadow_dna_clk
  Path Type:              Setup (Max at Slow Process Corner)
  Requirement:            640.000ns  (shadow_dna_clk rise@640.000ns - shadow_dna_clk rise@0.000ns)
  Data Path Delay:        6.393ns  (logic 0.718ns (11.230%)  route 5.675ns (88.770%))
  Logic Levels:           1  (LUT3=1)
  Clock Path Skew:        -0.212ns (DCD - SCD + CPR)
    Destination Clock Delay (DCD):    5.952ns = ( 645.952 - 640.000 ) 
    Source Clock Delay      (SCD):    6.761ns
    Clock Pessimism Removal (CPR):    0.596ns
  Clock Uncertainty:      0.302ns  ((TSJ^2 + TIJ^2)^1/2 + DJ) / 2 + PE
    Total System Jitter     (TSJ):    0.071ns
    Total Input Jitter      (TIJ):    0.600ns
    Discrete Jitter          (DJ):    0.000ns
    Phase Error              (PE):    0.000ns

    Location             Delay type                Incr(ns)  Path(ns)    Netlist Resource(s)
  -------------------------------------------------------------------    -------------------
                         (clock shadow_dna_clk rise edge)
                                                      0.000     0.000 r  
    PS7_X0Y0             PS7                          0.000     0.000 r  udp_gateway_shadow_mirror_i/processing_system7_0/inst/PS7_i/FCLKCLK[0]
                         net (fo=1, routed)           1.193     1.193    udp_gateway_shadow_mirror_i/processing_system7_0/inst/FCLK_CLK_unbuffered[0]
    BUFGCTRL_X0Y17       BUFG (Prop_bufg_I_O)         0.101     1.294 r  udp_gateway_shadow_mirror_i/processing_system7_0/inst/buffer_fclk_clk_0.FCLK_CLK_0_BUFG/O
                         net (fo=42827, routed)       1.628     2.922    udp_gateway_shadow_mirror_i/dma_gateway_hybrid_0/inst/u_device_dna_reader/clk
    SLICE_X51Y68         FDCE (Prop_fdce_C_Q)         0.456     3.378 r  udp_gateway_shadow_mirror_i/dma_gateway_hybrid_0/inst/u_device_dna_reader/dna_clk_reg/Q
                         net (fo=1, routed)           1.381     4.759    udp_gateway_shadow_mirror_i/dma_gateway_hybrid_0/inst/u_device_dna_reader/dna_clk
    BUFGCTRL_X0Y16       BUFG (Prop_bufg_I_O)         0.101     4.860 r  udp_gateway_shadow_mirror_i/dma_gateway_hybrid_0/inst/u_device_dna_reader/dna_clk_BUFG_inst/O
                         net (fo=69, routed)          1.901     6.761    udp_gateway_shadow_mirror_i/dma_gateway_hybrid_0/inst/u_device_dna_reader/dna_clk_BUFG
    SLICE_X57Y111        FDPE                                         r  udp_gateway_shadow_mirror_i/dma_gateway_hybrid_0/inst/u_device_dna_reader/dna_read_reg/C
  -------------------------------------------------------------------    -------------------
    SLICE_X57Y111        FDPE (Prop_fdpe_C_Q)         0.419     7.180 f  udp_gateway_shadow_mirror_i/dma_gateway_hybrid_0/inst/u_device_dna_reader/dna_read_reg/Q
                         net (fo=5, routed)           1.131     8.310    udp_gateway_shadow_mirror_i/dma_gateway_hybrid_0/inst/u_device_dna_reader/dna_read
    SLICE_X61Y110        LUT3 (Prop_lut3_I0_O)        0.299     8.609 r  udp_gateway_shadow_mirror_i/dma_gateway_hybrid_0/inst/u_device_dna_reader/dna_shift_value[56]_i_1/O
                         net (fo=64, routed)          4.545    13.154    udp_gateway_shadow_mirror_i/dma_gateway_hybrid_0/inst/u_device_dna_reader/dna_bit_count
    SLICE_X113Y70        FDCE                                         r  udp_gateway_shadow_mirror_i/dma_gateway_hybrid_0/inst/u_device_dna_reader/dna_shift_value_reg[6]/CE
  -------------------------------------------------------------------    -------------------

                         (clock shadow_dna_clk rise edge)
                                                    640.000   640.000 r  
    PS7_X0Y0             PS7                          0.000   640.000 r  udp_gateway_shadow_mirror_i/processing_system7_0/inst/PS7_i/FCLKCLK[0]
                         net (fo=1, routed)           1.088   641.088    udp_gateway_shadow_mirror_i/processing_system7_0/inst/FCLK_CLK_unbuffered[0]
    BUFGCTRL_X0Y17       BUFG (Prop_bufg_I_O)         0.091   641.179 r  udp_gateway_shadow_mirror_i/processing_system7_0/inst/buffer_fclk_clk_0.FCLK_CLK_0_BUFG/O
                         net (fo=42827, routed)       1.456   642.635    udp_gateway_shadow_mirror_i/dma_gateway_hybrid_0/inst/u_device_dna_reader/clk
    SLICE_X51Y68         FDCE (Prop_fdce_C_Q)         0.367   643.002 r  udp_gateway_shadow_mirror_i/dma_gateway_hybrid_0/inst/u_device_dna_reader/dna_clk_reg/Q
                         net (fo=1, routed)           1.185   644.186    udp_gateway_shadow_mirror_i/dma_gateway_hybrid_0/inst/u_device_dna_reader/dna_clk
    BUFGCTRL_X0Y16       BUFG (Prop_bufg_I_O)         0.091   644.277 r  udp_gateway_shadow_mirror_i/dma_gateway_hybrid_0/inst/u_device_dna_reader/dna_clk_BUFG_inst/O
                         net (fo=69, routed)          1.675   645.952    udp_gateway_shadow_mirror_i/dma_gateway_hybrid_0/inst/u_device_dna_reader/dna_clk_BUFG
    SLICE_X113Y70        FDCE                                         r  udp_gateway_shadow_mirror_i/dma_gateway_hybrid_0/inst/u_device_dna_reader/dna_shift_value_reg[6]/C
                         clock pessimism              0.596   646.548    
                         clock uncertainty           -0.302   646.246    
    SLICE_X113Y70        FDCE (Setup_fdce_C_CE)      -0.205   646.041    udp_gateway_shadow_mirror_i/dma_gateway_hybrid_0/inst/u_device_dna_reader/dna_shift_value_reg[6]
  -------------------------------------------------------------------
                         required time                        646.041    
                         arrival time                         -13.154    
  -------------------------------------------------------------------
                         slack                                632.887    

Slack (MET) :             632.887ns  (required time - arrival time)
  Source:                 udp_gateway_shadow_mirror_i/dma_gateway_hybrid_0/inst/u_device_dna_reader/dna_read_reg/C
                            (rising edge-triggered cell FDPE clocked by shadow_dna_clk  {rise@0.000ns fall@320.000ns period=640.000ns})
  Destination:            udp_gateway_shadow_mirror_i/dma_gateway_hybrid_0/inst/u_device_dna_reader/dna_shift_value_reg[7]/CE
                            (rising edge-triggered cell FDCE clocked by shadow_dna_clk  {rise@0.000ns fall@320.000ns period=640.000ns})
  Path Group:             shadow_dna_clk
  Path Type:              Setup (Max at Slow Process Corner)
  Requirement:            640.000ns  (shadow_dna_clk rise@640.000ns - shadow_dna_clk rise@0.000ns)
  Data Path Delay:        6.393ns  (logic 0.718ns (11.230%)  route 5.675ns (88.770%))
  Logic Levels:           1  (LUT3=1)
  Clock Path Skew:        -0.212ns (DCD - SCD + CPR)
    Destination Clock Delay (DCD):    5.952ns = ( 645.952 - 640.000 ) 
    Source Clock Delay      (SCD):    6.761ns
    Clock Pessimism Removal (CPR):    0.596ns
  Clock Uncertainty:      0.302ns  ((TSJ^2 + TIJ^2)^1/2 + DJ) / 2 + PE
    Total System Jitter     (TSJ):    0.071ns
    Total Input Jitter      (TIJ):    0.600ns
    Discrete Jitter          (DJ):    0.000ns
    Phase Error              (PE):    0.000ns

    Location             Delay type                Incr(ns)  Path(ns)    Netlist Resource(s)
  -------------------------------------------------------------------    -------------------
                         (clock shadow_dna_clk rise edge)
                                                      0.000     0.000 r  
    PS7_X0Y0             PS7                          0.000     0.000 r  udp_gateway_shadow_mirror_i/processing_system7_0/inst/PS7_i/FCLKCLK[0]
                         net (fo=1, routed)           1.193     1.193    udp_gateway_shadow_mirror_i/processing_system7_0/inst/FCLK_CLK_unbuffered[0]
    BUFGCTRL_X0Y17       BUFG (Prop_bufg_I_O)         0.101     1.294 r  udp_gateway_shadow_mirror_i/processing_system7_0/inst/buffer_fclk_clk_0.FCLK_CLK_0_BUFG/O
                         net (fo=42827, routed)       1.628     2.922    udp_gateway_shadow_mirror_i/dma_gateway_hybrid_0/inst/u_device_dna_reader/clk
    SLICE_X51Y68         FDCE (Prop_fdce_C_Q)         0.456     3.378 r  udp_gateway_shadow_mirror_i/dma_gateway_hybrid_0/inst/u_device_dna_reader/dna_clk_reg/Q
                         net (fo=1, routed)           1.381     4.759    udp_gateway_shadow_mirror_i/dma_gateway_hybrid_0/inst/u_device_dna_reader/dna_clk
    BUFGCTRL_X0Y16       BUFG (Prop_bufg_I_O)         0.101     4.860 r  udp_gateway_shadow_mirror_i/dma_gateway_hybrid_0/inst/u_device_dna_reader/dna_clk_BUFG_inst/O
                         net (fo=69, routed)          1.901     6.761    udp_gateway_shadow_mirror_i/dma_gateway_hybrid_0/inst/u_device_dna_reader/dna_clk_BUFG
    SLICE_X57Y111        FDPE                                         r  udp_gateway_shadow_mirror_i/dma_gateway_hybrid_0/inst/u_device_dna_reader/dna_read_reg/C
  -------------------------------------------------------------------    -------------------
    SLICE_X57Y111        FDPE (Prop_fdpe_C_Q)         0.419     7.180 f  udp_gateway_shadow_mirror_i/dma_gateway_hybrid_0/inst/u_device_dna_reader/dna_read_reg/Q
                         net (fo=5, routed)           1.131     8.310    udp_gateway_shadow_mirror_i/dma_gateway_hybrid_0/inst/u_device_dna_reader/dna_read
    SLICE_X61Y110        LUT3 (Prop_lut3_I0_O)        0.299     8.609 r  udp_gateway_shadow_mirror_i/dma_gateway_hybrid_0/inst/u_device_dna_reader/dna_shift_value[56]_i_1/O
                         net (fo=64, routed)          4.545    13.154    udp_gateway_shadow_mirror_i/dma_gateway_hybrid_0/inst/u_device_dna_reader/dna_bit_count
    SLICE_X113Y70        FDCE                                         r  udp_gateway_shadow_mirror_i/dma_gateway_hybrid_0/inst/u_device_dna_reader/dna_shift_value_reg[7]/CE
  -------------------------------------------------------------------    -------------------

                         (clock shadow_dna_clk rise edge)
                                                    640.000   640.000 r  
    PS7_X0Y0             PS7                          0.000   640.000 r  udp_gateway_shadow_mirror_i/processing_system7_0/inst/PS7_i/FCLKCLK[0]
                         net (fo=1, routed)           1.088   641.088    udp_gateway_shadow_mirror_i/processing_system7_0/inst/FCLK_CLK_unbuffered[0]
    BUFGCTRL_X0Y17       BUFG (Prop_bufg_I_O)         0.091   641.179 r  udp_gateway_shadow_mirror_i/processing_system7_0/inst/buffer_fclk_clk_0.FCLK_CLK_0_BUFG/O
                         net (fo=42827, routed)       1.456   642.635    udp_gateway_shadow_mirror_i/dma_gateway_hybrid_0/inst/u_device_dna_reader/clk
    SLICE_X51Y68         FDCE (Prop_fdce_C_Q)         0.367   643.002 r  udp_gateway_shadow_mirror_i/dma_gateway_hybrid_0/inst/u_device_dna_reader/dna_clk_reg/Q
                         net (fo=1, routed)           1.185   644.186    udp_gateway_shadow_mirror_i/dma_gateway_hybrid_0/inst/u_device_dna_reader/dna_clk
    BUFGCTRL_X0Y16       BUFG (Prop_bufg_I_O)         0.091   644.277 r  udp_gateway_shadow_mirror_i/dma_gateway_hybrid_0/inst/u_device_dna_reader/dna_clk_BUFG_inst/O
                         net (fo=69, routed)          1.675   645.952    udp_gateway_shadow_mirror_i/dma_gateway_hybrid_0/inst/u_device_dna_reader/dna_clk_BUFG
    SLICE_X113Y70        FDCE                                         r  udp_gateway_shadow_mirror_i/dma_gateway_hybrid_0/inst/u_device_dna_reader/dna_shift_value_reg[7]/C
                         clock pessimism              0.596   646.548    
                         clock uncertainty           -0.302   646.246    
    SLICE_X113Y70        FDCE (Setup_fdce_C_CE)      -0.205   646.041    udp_gateway_shadow_mirror_i/dma_gateway_hybrid_0/inst/u_device_dna_reader/dna_shift_value_reg[7]
  -------------------------------------------------------------------
                         required time                        646.041    
                         arrival time                         -13.154    
  -------------------------------------------------------------------
                         slack                                632.887    

Slack (MET) :             632.887ns  (required time - arrival time)
  Source:                 udp_gateway_shadow_mirror_i/dma_gateway_hybrid_0/inst/u_device_dna_reader/dna_read_reg/C
                            (rising edge-triggered cell FDPE clocked by shadow_dna_clk  {rise@0.000ns fall@320.000ns period=640.000ns})
  Destination:            udp_gateway_shadow_mirror_i/dma_gateway_hybrid_0/inst/u_device_dna_reader/dna_shift_value_reg[8]/CE
                            (rising edge-triggered cell FDCE clocked by shadow_dna_clk  {rise@0.000ns fall@320.000ns period=640.000ns})
  Path Group:             shadow_dna_clk
  Path Type:              Setup (Max at Slow Process Corner)
  Requirement:            640.000ns  (shadow_dna_clk rise@640.000ns - shadow_dna_clk rise@0.000ns)
  Data Path Delay:        6.393ns  (logic 0.718ns (11.230%)  route 5.675ns (88.770%))
  Logic Levels:           1  (LUT3=1)
  Clock Path Skew:        -0.212ns (DCD - SCD + CPR)
    Destination Clock Delay (DCD):    5.952ns = ( 645.952 - 640.000 ) 
    Source Clock Delay      (SCD):    6.761ns
    Clock Pessimism Removal (CPR):    0.596ns
  Clock Uncertainty:      0.302ns  ((TSJ^2 + TIJ^2)^1/2 + DJ) / 2 + PE
    Total System Jitter     (TSJ):    0.071ns
    Total Input Jitter      (TIJ):    0.600ns
    Discrete Jitter          (DJ):    0.000ns
    Phase Error              (PE):    0.000ns

    Location             Delay type                Incr(ns)  Path(ns)    Netlist Resource(s)
  -------------------------------------------------------------------    -------------------
                         (clock shadow_dna_clk rise edge)
                                                      0.000     0.000 r  
    PS7_X0Y0             PS7                          0.000     0.000 r  udp_gateway_shadow_mirror_i/processing_system7_0/inst/PS7_i/FCLKCLK[0]
                         net (fo=1, routed)           1.193     1.193    udp_gateway_shadow_mirror_i/processing_system7_0/inst/FCLK_CLK_unbuffered[0]
    BUFGCTRL_X0Y17       BUFG (Prop_bufg_I_O)         0.101     1.294 r  udp_gateway_shadow_mirror_i/processing_system7_0/inst/buffer_fclk_clk_0.FCLK_CLK_0_BUFG/O
                         net (fo=42827, routed)       1.628     2.922    udp_gateway_shadow_mirror_i/dma_gateway_hybrid_0/inst/u_device_dna_reader/clk
    SLICE_X51Y68         FDCE (Prop_fdce_C_Q)         0.456     3.378 r  udp_gateway_shadow_mirror_i/dma_gateway_hybrid_0/inst/u_device_dna_reader/dna_clk_reg/Q
                         net (fo=1, routed)           1.381     4.759    udp_gateway_shadow_mirror_i/dma_gateway_hybrid_0/inst/u_device_dna_reader/dna_clk
    BUFGCTRL_X0Y16       BUFG (Prop_bufg_I_O)         0.101     4.860 r  udp_gateway_shadow_mirror_i/dma_gateway_hybrid_0/inst/u_device_dna_reader/dna_clk_BUFG_inst/O
                         net (fo=69, routed)          1.901     6.761    udp_gateway_shadow_mirror_i/dma_gateway_hybrid_0/inst/u_device_dna_reader/dna_clk_BUFG
    SLICE_X57Y111        FDPE                                         r  udp_gateway_shadow_mirror_i/dma_gateway_hybrid_0/inst/u_device_dna_reader/dna_read_reg/C
  -------------------------------------------------------------------    -------------------
    SLICE_X57Y111        FDPE (Prop_fdpe_C_Q)         0.419     7.180 f  udp_gateway_shadow_mirror_i/dma_gateway_hybrid_0/inst/u_device_dna_reader/dna_read_reg/Q
                         net (fo=5, routed)           1.131     8.310    udp_gateway_shadow_mirror_i/dma_gateway_hybrid_0/inst/u_device_dna_reader/dna_read
    SLICE_X61Y110        LUT3 (Prop_lut3_I0_O)        0.299     8.609 r  udp_gateway_shadow_mirror_i/dma_gateway_hybrid_0/inst/u_device_dna_reader/dna_shift_value[56]_i_1/O
                         net (fo=64, routed)          4.545    13.154    udp_gateway_shadow_mirror_i/dma_gateway_hybrid_0/inst/u_device_dna_reader/dna_bit_count
    SLICE_X113Y70        FDCE                                         r  udp_gateway_shadow_mirror_i/dma_gateway_hybrid_0/inst/u_device_dna_reader/dna_shift_value_reg[8]/CE
  -------------------------------------------------------------------    -------------------

                         (clock shadow_dna_clk rise edge)
                                                    640.000   640.000 r  
    PS7_X0Y0             PS7                          0.000   640.000 r  udp_gateway_shadow_mirror_i/processing_system7_0/inst/PS7_i/FCLKCLK[0]
                         net (fo=1, routed)           1.088   641.088    udp_gateway_shadow_mirror_i/processing_system7_0/inst/FCLK_CLK_unbuffered[0]
    BUFGCTRL_X0Y17       BUFG (Prop_bufg_I_O)         0.091   641.179 r  udp_gateway_shadow_mirror_i/processing_system7_0/inst/buffer_fclk_clk_0.FCLK_CLK_0_BUFG/O
                         net (fo=42827, routed)       1.456   642.635    udp_gateway_shadow_mirror_i/dma_gateway_hybrid_0/inst/u_device_dna_reader/clk
    SLICE_X51Y68         FDCE (Prop_fdce_C_Q)         0.367   643.002 r  udp_gateway_shadow_mirror_i/dma_gateway_hybrid_0/inst/u_device_dna_reader/dna_clk_reg/Q
                         net (fo=1, routed)           1.185   644.186    udp_gateway_shadow_mirror_i/dma_gateway_hybrid_0/inst/u_device_dna_reader/dna_clk
    BUFGCTRL_X0Y16       BUFG (Prop_bufg_I_O)         0.091   644.277 r  udp_gateway_shadow_mirror_i/dma_gateway_hybrid_0/inst/u_device_dna_reader/dna_clk_BUFG_inst/O
                         net (fo=69, routed)          1.675   645.952    udp_gateway_shadow_mirror_i/dma_gateway_hybrid_0/inst/u_device_dna_reader/dna_clk_BUFG
    SLICE_X113Y70        FDCE                                         r  udp_gateway_shadow_mirror_i/dma_gateway_hybrid_0/inst/u_device_dna_reader/dna_shift_value_reg[8]/C
                         clock pessimism              0.596   646.548    
                         clock uncertainty           -0.302   646.246    
    SLICE_X113Y70        FDCE (Setup_fdce_C_CE)      -0.205   646.041    udp_gateway_shadow_mirror_i/dma_gateway_hybrid_0/inst/u_device_dna_reader/dna_shift_value_reg[8]
  -------------------------------------------------------------------
                         required time                        646.041    
                         arrival time                         -13.154    
  -------------------------------------------------------------------
                         slack                                632.887    

Slack (MET) :             633.061ns  (required time - arrival time)
  Source:                 udp_gateway_shadow_mirror_i/dma_gateway_hybrid_0/inst/u_device_dna_reader/dna_read_reg/C
                            (rising edge-triggered cell FDPE clocked by shadow_dna_clk  {rise@0.000ns fall@320.000ns period=640.000ns})
  Destination:            udp_gateway_shadow_mirror_i/dma_gateway_hybrid_0/inst/u_device_dna_reader/dna_shift_value_reg[30]/CE
                            (rising edge-triggered cell FDCE clocked by shadow_dna_clk  {rise@0.000ns fall@320.000ns period=640.000ns})
  Path Group:             shadow_dna_clk
  Path Type:              Setup (Max at Slow Process Corner)
  Requirement:            640.000ns  (shadow_dna_clk rise@640.000ns - shadow_dna_clk rise@0.000ns)
  Data Path Delay:        6.224ns  (logic 0.718ns (11.536%)  route 5.506ns (88.464%))
  Logic Levels:           1  (LUT3=1)
  Clock Path Skew:        -0.207ns (DCD - SCD + CPR)
    Destination Clock Delay (DCD):    5.957ns = ( 645.957 - 640.000 ) 
    Source Clock Delay      (SCD):    6.761ns
    Clock Pessimism Removal (CPR):    0.596ns
  Clock Uncertainty:      0.302ns  ((TSJ^2 + TIJ^2)^1/2 + DJ) / 2 + PE
    Total System Jitter     (TSJ):    0.071ns
    Total Input Jitter      (TIJ):    0.600ns
    Discrete Jitter          (DJ):    0.000ns
    Phase Error              (PE):    0.000ns

    Location             Delay type                Incr(ns)  Path(ns)    Netlist Resource(s)
  -------------------------------------------------------------------    -------------------
                         (clock shadow_dna_clk rise edge)
                                                      0.000     0.000 r  
    PS7_X0Y0             PS7                          0.000     0.000 r  udp_gateway_shadow_mirror_i/processing_system7_0/inst/PS7_i/FCLKCLK[0]
                         net (fo=1, routed)           1.193     1.193    udp_gateway_shadow_mirror_i/processing_system7_0/inst/FCLK_CLK_unbuffered[0]
    BUFGCTRL_X0Y17       BUFG (Prop_bufg_I_O)         0.101     1.294 r  udp_gateway_shadow_mirror_i/processing_system7_0/inst/buffer_fclk_clk_0.FCLK_CLK_0_BUFG/O
                         net (fo=42827, routed)       1.628     2.922    udp_gateway_shadow_mirror_i/dma_gateway_hybrid_0/inst/u_device_dna_reader/clk
    SLICE_X51Y68         FDCE (Prop_fdce_C_Q)         0.456     3.378 r  udp_gateway_shadow_mirror_i/dma_gateway_hybrid_0/inst/u_device_dna_reader/dna_clk_reg/Q
                         net (fo=1, routed)           1.381     4.759    udp_gateway_shadow_mirror_i/dma_gateway_hybrid_0/inst/u_device_dna_reader/dna_clk
    BUFGCTRL_X0Y16       BUFG (Prop_bufg_I_O)         0.101     4.860 r  udp_gateway_shadow_mirror_i/dma_gateway_hybrid_0/inst/u_device_dna_reader/dna_clk_BUFG_inst/O
                         net (fo=69, routed)          1.901     6.761    udp_gateway_shadow_mirror_i/dma_gateway_hybrid_0/inst/u_device_dna_reader/dna_clk_BUFG
    SLICE_X57Y111        FDPE                                         r  udp_gateway_shadow_mirror_i/dma_gateway_hybrid_0/inst/u_device_dna_reader/dna_read_reg/C
  -------------------------------------------------------------------    -------------------
    SLICE_X57Y111        FDPE (Prop_fdpe_C_Q)         0.419     7.180 f  udp_gateway_shadow_mirror_i/dma_gateway_hybrid_0/inst/u_device_dna_reader/dna_read_reg/Q
                         net (fo=5, routed)           1.131     8.310    udp_gateway_shadow_mirror_i/dma_gateway_hybrid_0/inst/u_device_dna_reader/dna_read
    SLICE_X61Y110        LUT3 (Prop_lut3_I0_O)        0.299     8.609 r  udp_gateway_shadow_mirror_i/dma_gateway_hybrid_0/inst/u_device_dna_reader/dna_shift_value[56]_i_1/O
                         net (fo=64, routed)          4.375    12.985    udp_gateway_shadow_mirror_i/dma_gateway_hybrid_0/inst/u_device_dna_reader/dna_bit_count
    SLICE_X113Y84        FDCE                                         r  udp_gateway_shadow_mirror_i/dma_gateway_hybrid_0/inst/u_device_dna_reader/dna_shift_value_reg[30]/CE
  -------------------------------------------------------------------    -------------------

                         (clock shadow_dna_clk rise edge)
                                                    640.000   640.000 r  
    PS7_X0Y0             PS7                          0.000   640.000 r  udp_gateway_shadow_mirror_i/processing_system7_0/inst/PS7_i/FCLKCLK[0]
                         net (fo=1, routed)           1.088   641.088    udp_gateway_shadow_mirror_i/processing_system7_0/inst/FCLK_CLK_unbuffered[0]
    BUFGCTRL_X0Y17       BUFG (Prop_bufg_I_O)         0.091   641.179 r  udp_gateway_shadow_mirror_i/processing_system7_0/inst/buffer_fclk_clk_0.FCLK_CLK_0_BUFG/O
                         net (fo=42827, routed)       1.456   642.635    udp_gateway_shadow_mirror_i/dma_gateway_hybrid_0/inst/u_device_dna_reader/clk
    SLICE_X51Y68         FDCE (Prop_fdce_C_Q)         0.367   643.002 r  udp_gateway_shadow_mirror_i/dma_gateway_hybrid_0/inst/u_device_dna_reader/dna_clk_reg/Q
                         net (fo=1, routed)           1.185   644.186    udp_gateway_shadow_mirror_i/dma_gateway_hybrid_0/inst/u_device_dna_reader/dna_clk
    BUFGCTRL_X0Y16       BUFG (Prop_bufg_I_O)         0.091   644.277 r  udp_gateway_shadow_mirror_i/dma_gateway_hybrid_0/inst/u_device_dna_reader/dna_clk_BUFG_inst/O
                         net (fo=69, routed)          1.680   645.957    udp_gateway_shadow_mirror_i/dma_gateway_hybrid_0/inst/u_device_dna_reader/dna_clk_BUFG
    SLICE_X113Y84        FDCE                                         r  udp_gateway_shadow_mirror_i/dma_gateway_hybrid_0/inst/u_device_dna_reader/dna_shift_value_reg[30]/C
                         clock pessimism              0.596   646.553    
                         clock uncertainty           -0.302   646.251    
    SLICE_X113Y84        FDCE (Setup_fdce_C_CE)      -0.205   646.046    udp_gateway_shadow_mirror_i/dma_gateway_hybrid_0/inst/u_device_dna_reader/dna_shift_value_reg[30]
  -------------------------------------------------------------------
                         required time                        646.046    
                         arrival time                         -12.985    
  -------------------------------------------------------------------
                         slack                                633.061    

Slack (MET) :             633.061ns  (required time - arrival time)
  Source:                 udp_gateway_shadow_mirror_i/dma_gateway_hybrid_0/inst/u_device_dna_reader/dna_read_reg/C
                            (rising edge-triggered cell FDPE clocked by shadow_dna_clk  {rise@0.000ns fall@320.000ns period=640.000ns})
  Destination:            udp_gateway_shadow_mirror_i/dma_gateway_hybrid_0/inst/u_device_dna_reader/dna_shift_value_reg[31]/CE
                            (rising edge-triggered cell FDCE clocked by shadow_dna_clk  {rise@0.000ns fall@320.000ns period=640.000ns})
  Path Group:             shadow_dna_clk
  Path Type:              Setup (Max at Slow Process Corner)
  Requirement:            640.000ns  (shadow_dna_clk rise@640.000ns - shadow_dna_clk rise@0.000ns)
  Data Path Delay:        6.224ns  (logic 0.718ns (11.536%)  route 5.506ns (88.464%))
  Logic Levels:           1  (LUT3=1)
  Clock Path Skew:        -0.207ns (DCD - SCD + CPR)
    Destination Clock Delay (DCD):    5.957ns = ( 645.957 - 640.000 ) 
    Source Clock Delay      (SCD):    6.761ns
    Clock Pessimism Removal (CPR):    0.596ns
  Clock Uncertainty:      0.302ns  ((TSJ^2 + TIJ^2)^1/2 + DJ) / 2 + PE
    Total System Jitter     (TSJ):    0.071ns
    Total Input Jitter      (TIJ):    0.600ns
    Discrete Jitter          (DJ):    0.000ns
    Phase Error              (PE):    0.000ns

    Location             Delay type                Incr(ns)  Path(ns)    Netlist Resource(s)
  -------------------------------------------------------------------    -------------------
                         (clock shadow_dna_clk rise edge)
                                                      0.000     0.000 r  
    PS7_X0Y0             PS7                          0.000     0.000 r  udp_gateway_shadow_mirror_i/processing_system7_0/inst/PS7_i/FCLKCLK[0]
                         net (fo=1, routed)           1.193     1.193    udp_gateway_shadow_mirror_i/processing_system7_0/inst/FCLK_CLK_unbuffered[0]
    BUFGCTRL_X0Y17       BUFG (Prop_bufg_I_O)         0.101     1.294 r  udp_gateway_shadow_mirror_i/processing_system7_0/inst/buffer_fclk_clk_0.FCLK_CLK_0_BUFG/O
                         net (fo=42827, routed)       1.628     2.922    udp_gateway_shadow_mirror_i/dma_gateway_hybrid_0/inst/u_device_dna_reader/clk
    SLICE_X51Y68         FDCE (Prop_fdce_C_Q)         0.456     3.378 r  udp_gateway_shadow_mirror_i/dma_gateway_hybrid_0/inst/u_device_dna_reader/dna_clk_reg/Q
                         net (fo=1, routed)           1.381     4.759    udp_gateway_shadow_mirror_i/dma_gateway_hybrid_0/inst/u_device_dna_reader/dna_clk
    BUFGCTRL_X0Y16       BUFG (Prop_bufg_I_O)         0.101     4.860 r  udp_gateway_shadow_mirror_i/dma_gateway_hybrid_0/inst/u_device_dna_reader/dna_clk_BUFG_inst/O
                         net (fo=69, routed)          1.901     6.761    udp_gateway_shadow_mirror_i/dma_gateway_hybrid_0/inst/u_device_dna_reader/dna_clk_BUFG
    SLICE_X57Y111        FDPE                                         r  udp_gateway_shadow_mirror_i/dma_gateway_hybrid_0/inst/u_device_dna_reader/dna_read_reg/C
  -------------------------------------------------------------------    -------------------
    SLICE_X57Y111        FDPE (Prop_fdpe_C_Q)         0.419     7.180 f  udp_gateway_shadow_mirror_i/dma_gateway_hybrid_0/inst/u_device_dna_reader/dna_read_reg/Q
                         net (fo=5, routed)           1.131     8.310    udp_gateway_shadow_mirror_i/dma_gateway_hybrid_0/inst/u_device_dna_reader/dna_read
    SLICE_X61Y110        LUT3 (Prop_lut3_I0_O)        0.299     8.609 r  udp_gateway_shadow_mirror_i/dma_gateway_hybrid_0/inst/u_device_dna_reader/dna_shift_value[56]_i_1/O
                         net (fo=64, routed)          4.375    12.985    udp_gateway_shadow_mirror_i/dma_gateway_hybrid_0/inst/u_device_dna_reader/dna_bit_count
    SLICE_X113Y84        FDCE                                         r  udp_gateway_shadow_mirror_i/dma_gateway_hybrid_0/inst/u_device_dna_reader/dna_shift_value_reg[31]/CE
  -------------------------------------------------------------------    -------------------

                         (clock shadow_dna_clk rise edge)
                                                    640.000   640.000 r  
    PS7_X0Y0             PS7                          0.000   640.000 r  udp_gateway_shadow_mirror_i/processing_system7_0/inst/PS7_i/FCLKCLK[0]
                         net (fo=1, routed)           1.088   641.088    udp_gateway_shadow_mirror_i/processing_system7_0/inst/FCLK_CLK_unbuffered[0]
    BUFGCTRL_X0Y17       BUFG (Prop_bufg_I_O)         0.091   641.179 r  udp_gateway_shadow_mirror_i/processing_system7_0/inst/buffer_fclk_clk_0.FCLK_CLK_0_BUFG/O
                         net (fo=42827, routed)       1.456   642.635    udp_gateway_shadow_mirror_i/dma_gateway_hybrid_0/inst/u_device_dna_reader/clk
    SLICE_X51Y68         FDCE (Prop_fdce_C_Q)         0.367   643.002 r  udp_gateway_shadow_mirror_i/dma_gateway_hybrid_0/inst/u_device_dna_reader/dna_clk_reg/Q
                         net (fo=1, routed)           1.185   644.186    udp_gateway_shadow_mirror_i/dma_gateway_hybrid_0/inst/u_device_dna_reader/dna_clk
    BUFGCTRL_X0Y16       BUFG (Prop_bufg_I_O)         0.091   644.277 r  udp_gateway_shadow_mirror_i/dma_gateway_hybrid_0/inst/u_device_dna_reader/dna_clk_BUFG_inst/O
                         net (fo=69, routed)          1.680   645.957    udp_gateway_shadow_mirror_i/dma_gateway_hybrid_0/inst/u_device_dna_reader/dna_clk_BUFG
    SLICE_X113Y84        FDCE                                         r  udp_gateway_shadow_mirror_i/dma_gateway_hybrid_0/inst/u_device_dna_reader/dna_shift_value_reg[31]/C
                         clock pessimism              0.596   646.553    
                         clock uncertainty           -0.302   646.251    
    SLICE_X113Y84        FDCE (Setup_fdce_C_CE)      -0.205   646.046    udp_gateway_shadow_mirror_i/dma_gateway_hybrid_0/inst/u_device_dna_reader/dna_shift_value_reg[31]
  -------------------------------------------------------------------
                         required time                        646.046    
                         arrival time                         -12.985    
  -------------------------------------------------------------------
                         slack                                633.061    

Slack (MET) :             633.061ns  (required time - arrival time)
  Source:                 udp_gateway_shadow_mirror_i/dma_gateway_hybrid_0/inst/u_device_dna_reader/dna_read_reg/C
                            (rising edge-triggered cell FDPE clocked by shadow_dna_clk  {rise@0.000ns fall@320.000ns period=640.000ns})
  Destination:            udp_gateway_shadow_mirror_i/dma_gateway_hybrid_0/inst/u_device_dna_reader/dna_shift_value_reg[56]/CE
                            (rising edge-triggered cell FDCE clocked by shadow_dna_clk  {rise@0.000ns fall@320.000ns period=640.000ns})
  Path Group:             shadow_dna_clk
  Path Type:              Setup (Max at Slow Process Corner)
  Requirement:            640.000ns  (shadow_dna_clk rise@640.000ns - shadow_dna_clk rise@0.000ns)
  Data Path Delay:        6.224ns  (logic 0.718ns (11.536%)  route 5.506ns (88.464%))
  Logic Levels:           1  (LUT3=1)
  Clock Path Skew:        -0.207ns (DCD - SCD + CPR)
    Destination Clock Delay (DCD):    5.957ns = ( 645.957 - 640.000 ) 
    Source Clock Delay      (SCD):    6.761ns
    Clock Pessimism Removal (CPR):    0.596ns
  Clock Uncertainty:      0.302ns  ((TSJ^2 + TIJ^2)^1/2 + DJ) / 2 + PE
    Total System Jitter     (TSJ):    0.071ns
    Total Input Jitter      (TIJ):    0.600ns
    Discrete Jitter          (DJ):    0.000ns
    Phase Error              (PE):    0.000ns

    Location             Delay type                Incr(ns)  Path(ns)    Netlist Resource(s)
  -------------------------------------------------------------------    -------------------
                         (clock shadow_dna_clk rise edge)
                                                      0.000     0.000 r  
    PS7_X0Y0             PS7                          0.000     0.000 r  udp_gateway_shadow_mirror_i/processing_system7_0/inst/PS7_i/FCLKCLK[0]
                         net (fo=1, routed)           1.193     1.193    udp_gateway_shadow_mirror_i/processing_system7_0/inst/FCLK_CLK_unbuffered[0]
    BUFGCTRL_X0Y17       BUFG (Prop_bufg_I_O)         0.101     1.294 r  udp_gateway_shadow_mirror_i/processing_system7_0/inst/buffer_fclk_clk_0.FCLK_CLK_0_BUFG/O
                         net (fo=42827, routed)       1.628     2.922    udp_gateway_shadow_mirror_i/dma_gateway_hybrid_0/inst/u_device_dna_reader/clk
    SLICE_X51Y68         FDCE (Prop_fdce_C_Q)         0.456     3.378 r  udp_gateway_shadow_mirror_i/dma_gateway_hybrid_0/inst/u_device_dna_reader/dna_clk_reg/Q
                         net (fo=1, routed)           1.381     4.759    udp_gateway_shadow_mirror_i/dma_gateway_hybrid_0/inst/u_device_dna_reader/dna_clk
    BUFGCTRL_X0Y16       BUFG (Prop_bufg_I_O)         0.101     4.860 r  udp_gateway_shadow_mirror_i/dma_gateway_hybrid_0/inst/u_device_dna_reader/dna_clk_BUFG_inst/O
                         net (fo=69, routed)          1.901     6.761    udp_gateway_shadow_mirror_i/dma_gateway_hybrid_0/inst/u_device_dna_reader/dna_clk_BUFG
    SLICE_X57Y111        FDPE                                         r  udp_gateway_shadow_mirror_i/dma_gateway_hybrid_0/inst/u_device_dna_reader/dna_read_reg/C
  -------------------------------------------------------------------    -------------------
    SLICE_X57Y111        FDPE (Prop_fdpe_C_Q)         0.419     7.180 f  udp_gateway_shadow_mirror_i/dma_gateway_hybrid_0/inst/u_device_dna_reader/dna_read_reg/Q
                         net (fo=5, routed)           1.131     8.310    udp_gateway_shadow_mirror_i/dma_gateway_hybrid_0/inst/u_device_dna_reader/dna_read
    SLICE_X61Y110        LUT3 (Prop_lut3_I0_O)        0.299     8.609 r  udp_gateway_shadow_mirror_i/dma_gateway_hybrid_0/inst/u_device_dna_reader/dna_shift_value[56]_i_1/O
                         net (fo=64, routed)          4.375    12.985    udp_gateway_shadow_mirror_i/dma_gateway_hybrid_0/inst/u_device_dna_reader/dna_bit_count
    SLICE_X113Y84        FDCE                                         r  udp_gateway_shadow_mirror_i/dma_gateway_hybrid_0/inst/u_device_dna_reader/dna_shift_value_reg[56]/CE
  -------------------------------------------------------------------    -------------------

                         (clock shadow_dna_clk rise edge)
                                                    640.000   640.000 r  
    PS7_X0Y0             PS7                          0.000   640.000 r  udp_gateway_shadow_mirror_i/processing_system7_0/inst/PS7_i/FCLKCLK[0]
                         net (fo=1, routed)           1.088   641.088    udp_gateway_shadow_mirror_i/processing_system7_0/inst/FCLK_CLK_unbuffered[0]
    BUFGCTRL_X0Y17       BUFG (Prop_bufg_I_O)         0.091   641.179 r  udp_gateway_shadow_mirror_i/processing_system7_0/inst/buffer_fclk_clk_0.FCLK_CLK_0_BUFG/O
                         net (fo=42827, routed)       1.456   642.635    udp_gateway_shadow_mirror_i/dma_gateway_hybrid_0/inst/u_device_dna_reader/clk
    SLICE_X51Y68         FDCE (Prop_fdce_C_Q)         0.367   643.002 r  udp_gateway_shadow_mirror_i/dma_gateway_hybrid_0/inst/u_device_dna_reader/dna_clk_reg/Q
                         net (fo=1, routed)           1.185   644.186    udp_gateway_shadow_mirror_i/dma_gateway_hybrid_0/inst/u_device_dna_reader/dna_clk
    BUFGCTRL_X0Y16       BUFG (Prop_bufg_I_O)         0.091   644.277 r  udp_gateway_shadow_mirror_i/dma_gateway_hybrid_0/inst/u_device_dna_reader/dna_clk_BUFG_inst/O
                         net (fo=69, routed)          1.680   645.957    udp_gateway_shadow_mirror_i/dma_gateway_hybrid_0/inst/u_device_dna_reader/dna_clk_BUFG
    SLICE_X113Y84        FDCE                                         r  udp_gateway_shadow_mirror_i/dma_gateway_hybrid_0/inst/u_device_dna_reader/dna_shift_value_reg[56]/C
                         clock pessimism              0.596   646.553    
                         clock uncertainty           -0.302   646.251    
    SLICE_X113Y84        FDCE (Setup_fdce_C_CE)      -0.205   646.046    udp_gateway_shadow_mirror_i/dma_gateway_hybrid_0/inst/u_device_dna_reader/dna_shift_value_reg[56]
  -------------------------------------------------------------------
                         required time                        646.046    
                         arrival time                         -12.985    
  -------------------------------------------------------------------
                         slack                                633.061    

Slack (MET) :             633.112ns  (required time - arrival time)
  Source:                 udp_gateway_shadow_mirror_i/dma_gateway_hybrid_0/inst/u_device_dna_reader/dna_read_reg/C
                            (rising edge-triggered cell FDPE clocked by shadow_dna_clk  {rise@0.000ns fall@320.000ns period=640.000ns})
  Destination:            udp_gateway_shadow_mirror_i/dma_gateway_hybrid_0/inst/u_device_dna_reader/dna_shift_value_reg[11]/CE
                            (rising edge-triggered cell FDCE clocked by shadow_dna_clk  {rise@0.000ns fall@320.000ns period=640.000ns})
  Path Group:             shadow_dna_clk
  Path Type:              Setup (Max at Slow Process Corner)
  Requirement:            640.000ns  (shadow_dna_clk rise@640.000ns - shadow_dna_clk rise@0.000ns)
  Data Path Delay:        6.204ns  (logic 0.718ns (11.573%)  route 5.486ns (88.427%))
  Logic Levels:           1  (LUT3=1)
  Clock Path Skew:        -0.212ns (DCD - SCD + CPR)
    Destination Clock Delay (DCD):    5.952ns = ( 645.952 - 640.000 ) 
    Source Clock Delay      (SCD):    6.761ns
    Clock Pessimism Removal (CPR):    0.596ns
  Clock Uncertainty:      0.302ns  ((TSJ^2 + TIJ^2)^1/2 + DJ) / 2 + PE
    Total System Jitter     (TSJ):    0.071ns
    Total Input Jitter      (TIJ):    0.600ns
    Discrete Jitter          (DJ):    0.000ns
    Phase Error              (PE):    0.000ns

    Location             Delay type                Incr(ns)  Path(ns)    Netlist Resource(s)
  -------------------------------------------------------------------    -------------------
                         (clock shadow_dna_clk rise edge)
                                                      0.000     0.000 r  
    PS7_X0Y0             PS7                          0.000     0.000 r  udp_gateway_shadow_mirror_i/processing_system7_0/inst/PS7_i/FCLKCLK[0]
                         net (fo=1, routed)           1.193     1.193    udp_gateway_shadow_mirror_i/processing_system7_0/inst/FCLK_CLK_unbuffered[0]
    BUFGCTRL_X0Y17       BUFG (Prop_bufg_I_O)         0.101     1.294 r  udp_gateway_shadow_mirror_i/processing_system7_0/inst/buffer_fclk_clk_0.FCLK_CLK_0_BUFG/O
                         net (fo=42827, routed)       1.628     2.922    udp_gateway_shadow_mirror_i/dma_gateway_hybrid_0/inst/u_device_dna_reader/clk
    SLICE_X51Y68         FDCE (Prop_fdce_C_Q)         0.456     3.378 r  udp_gateway_shadow_mirror_i/dma_gateway_hybrid_0/inst/u_device_dna_reader/dna_clk_reg/Q
                         net (fo=1, routed)           1.381     4.759    udp_gateway_shadow_mirror_i/dma_gateway_hybrid_0/inst/u_device_dna_reader/dna_clk
    BUFGCTRL_X0Y16       BUFG (Prop_bufg_I_O)         0.101     4.860 r  udp_gateway_shadow_mirror_i/dma_gateway_hybrid_0/inst/u_device_dna_reader/dna_clk_BUFG_inst/O
                         net (fo=69, routed)          1.901     6.761    udp_gateway_shadow_mirror_i/dma_gateway_hybrid_0/inst/u_device_dna_reader/dna_clk_BUFG
    SLICE_X57Y111        FDPE                                         r  udp_gateway_shadow_mirror_i/dma_gateway_hybrid_0/inst/u_device_dna_reader/dna_read_reg/C
  -------------------------------------------------------------------    -------------------
    SLICE_X57Y111        FDPE (Prop_fdpe_C_Q)         0.419     7.180 f  udp_gateway_shadow_mirror_i/dma_gateway_hybrid_0/inst/u_device_dna_reader/dna_read_reg/Q
                         net (fo=5, routed)           1.131     8.310    udp_gateway_shadow_mirror_i/dma_gateway_hybrid_0/inst/u_device_dna_reader/dna_read
    SLICE_X61Y110        LUT3 (Prop_lut3_I0_O)        0.299     8.609 r  udp_gateway_shadow_mirror_i/dma_gateway_hybrid_0/inst/u_device_dna_reader/dna_shift_value[56]_i_1/O
                         net (fo=64, routed)          4.355    12.965    udp_gateway_shadow_mirror_i/dma_gateway_hybrid_0/inst/u_device_dna_reader/dna_bit_count
    SLICE_X112Y70        FDCE                                         r  udp_gateway_shadow_mirror_i/dma_gateway_hybrid_0/inst/u_device_dna_reader/dna_shift_value_reg[11]/CE
  -------------------------------------------------------------------    -------------------

                         (clock shadow_dna_clk rise edge)
                                                    640.000   640.000 r  
    PS7_X0Y0             PS7                          0.000   640.000 r  udp_gateway_shadow_mirror_i/processing_system7_0/inst/PS7_i/FCLKCLK[0]
                         net (fo=1, routed)           1.088   641.088    udp_gateway_shadow_mirror_i/processing_system7_0/inst/FCLK_CLK_unbuffered[0]
    BUFGCTRL_X0Y17       BUFG (Prop_bufg_I_O)         0.091   641.179 r  udp_gateway_shadow_mirror_i/processing_system7_0/inst/buffer_fclk_clk_0.FCLK_CLK_0_BUFG/O
                         net (fo=42827, routed)       1.456   642.635    udp_gateway_shadow_mirror_i/dma_gateway_hybrid_0/inst/u_device_dna_reader/clk
    SLICE_X51Y68         FDCE (Prop_fdce_C_Q)         0.367   643.002 r  udp_gateway_shadow_mirror_i/dma_gateway_hybrid_0/inst/u_device_dna_reader/dna_clk_reg/Q
                         net (fo=1, routed)           1.185   644.186    udp_gateway_shadow_mirror_i/dma_gateway_hybrid_0/inst/u_device_dna_reader/dna_clk
    BUFGCTRL_X0Y16       BUFG (Prop_bufg_I_O)         0.091   644.277 r  udp_gateway_shadow_mirror_i/dma_gateway_hybrid_0/inst/u_device_dna_reader/dna_clk_BUFG_inst/O
                         net (fo=69, routed)          1.675   645.952    udp_gateway_shadow_mirror_i/dma_gateway_hybrid_0/inst/u_device_dna_reader/dna_clk_BUFG
    SLICE_X112Y70        FDCE                                         r  udp_gateway_shadow_mirror_i/dma_gateway_hybrid_0/inst/u_device_dna_reader/dna_shift_value_reg[11]/C
                         clock pessimism              0.596   646.548    
                         clock uncertainty           -0.302   646.246    
    SLICE_X112Y70        FDCE (Setup_fdce_C_CE)      -0.169   646.077    udp_gateway_shadow_mirror_i/dma_gateway_hybrid_0/inst/u_device_dna_reader/dna_shift_value_reg[11]
  -------------------------------------------------------------------
                         required time                        646.077    
                         arrival time                         -12.965    
  -------------------------------------------------------------------
                         slack                                633.112    





Min Delay Paths
--------------------------------------------------------------------------------------
Slack (MET) :             0.284ns  (arrival time - required time)
  Source:                 udp_gateway_shadow_mirror_i/dma_gateway_hybrid_0/inst/u_device_dna_reader/dna_shift_value_reg[42]/C
                            (rising edge-triggered cell FDCE clocked by shadow_dna_clk  {rise@0.000ns fall@320.000ns period=640.000ns})
  Destination:            udp_gateway_shadow_mirror_i/dma_gateway_hybrid_0/inst/u_device_dna_reader/dna_shift_value_reg[43]/D
                            (rising edge-triggered cell FDCE clocked by shadow_dna_clk  {rise@0.000ns fall@320.000ns period=640.000ns})
  Path Group:             shadow_dna_clk
  Path Type:              Hold (Min at Fast Process Corner)
  Requirement:            0.000ns  (shadow_dna_clk rise@0.000ns - shadow_dna_clk rise@0.000ns)
  Data Path Delay:        0.314ns  (logic 0.148ns (47.076%)  route 0.166ns (52.924%))
  Logic Levels:           0  
  Clock Path Skew:        0.013ns (DCD - SCD - CPR)
    Destination Clock Delay (DCD):    2.890ns
    Source Clock Delay      (SCD):    2.208ns
    Clock Pessimism Removal (CPR):    0.669ns

    Location             Delay type                Incr(ns)  Path(ns)    Netlist Resource(s)
  -------------------------------------------------------------------    -------------------
                         (clock shadow_dna_clk rise edge)
                                                      0.000     0.000 r  
    PS7_X0Y0             PS7                          0.000     0.000 r  udp_gateway_shadow_mirror_i/processing_system7_0/inst/PS7_i/FCLKCLK[0]
                         net (fo=1, routed)           0.310     0.310    udp_gateway_shadow_mirror_i/processing_system7_0/inst/FCLK_CLK_unbuffered[0]
    BUFGCTRL_X0Y17       BUFG (Prop_bufg_I_O)         0.026     0.336 r  udp_gateway_shadow_mirror_i/processing_system7_0/inst/buffer_fclk_clk_0.FCLK_CLK_0_BUFG/O
                         net (fo=42827, routed)       0.545     0.881    udp_gateway_shadow_mirror_i/dma_gateway_hybrid_0/inst/u_device_dna_reader/clk
    SLICE_X51Y68         FDCE (Prop_fdce_C_Q)         0.141     1.022 r  udp_gateway_shadow_mirror_i/dma_gateway_hybrid_0/inst/u_device_dna_reader/dna_clk_reg/Q
                         net (fo=1, routed)           0.535     1.556    udp_gateway_shadow_mirror_i/dma_gateway_hybrid_0/inst/u_device_dna_reader/dna_clk
    BUFGCTRL_X0Y16       BUFG (Prop_bufg_I_O)         0.026     1.582 r  udp_gateway_shadow_mirror_i/dma_gateway_hybrid_0/inst/u_device_dna_reader/dna_clk_BUFG_inst/O
                         net (fo=69, routed)          0.626     2.208    udp_gateway_shadow_mirror_i/dma_gateway_hybrid_0/inst/u_device_dna_reader/dna_clk_BUFG
    SLICE_X112Y71        FDCE                                         r  udp_gateway_shadow_mirror_i/dma_gateway_hybrid_0/inst/u_device_dna_reader/dna_shift_value_reg[42]/C
  -------------------------------------------------------------------    -------------------
    SLICE_X112Y71        FDCE (Prop_fdce_C_Q)         0.148     2.356 r  udp_gateway_shadow_mirror_i/dma_gateway_hybrid_0/inst/u_device_dna_reader/dna_shift_value_reg[42]/Q
                         net (fo=2, routed)           0.166     2.522    udp_gateway_shadow_mirror_i/dma_gateway_hybrid_0/inst/u_device_dna_reader/dna_shift_value[42]
    SLICE_X113Y72        FDCE                                         r  udp_gateway_shadow_mirror_i/dma_gateway_hybrid_0/inst/u_device_dna_reader/dna_shift_value_reg[43]/D
  -------------------------------------------------------------------    -------------------

                         (clock shadow_dna_clk rise edge)
                                                      0.000     0.000 r  
    PS7_X0Y0             PS7                          0.000     0.000 r  udp_gateway_shadow_mirror_i/processing_system7_0/inst/PS7_i/FCLKCLK[0]
                         net (fo=1, routed)           0.337     0.337    udp_gateway_shadow_mirror_i/processing_system7_0/inst/FCLK_CLK_unbuffered[0]
    BUFGCTRL_X0Y17       BUFG (Prop_bufg_I_O)         0.029     0.366 r  udp_gateway_shadow_mirror_i/processing_system7_0/inst/buffer_fclk_clk_0.FCLK_CLK_0_BUFG/O
                         net (fo=42827, routed)       0.811     1.177    udp_gateway_shadow_mirror_i/dma_gateway_hybrid_0/inst/u_device_dna_reader/clk
    SLICE_X51Y68         FDCE (Prop_fdce_C_Q)         0.175     1.352 r  udp_gateway_shadow_mirror_i/dma_gateway_hybrid_0/inst/u_device_dna_reader/dna_clk_reg/Q
                         net (fo=1, routed)           0.614     1.966    udp_gateway_shadow_mirror_i/dma_gateway_hybrid_0/inst/u_device_dna_reader/dna_clk
    BUFGCTRL_X0Y16       BUFG (Prop_bufg_I_O)         0.029     1.995 r  udp_gateway_shadow_mirror_i/dma_gateway_hybrid_0/inst/u_device_dna_reader/dna_clk_BUFG_inst/O
                         net (fo=69, routed)          0.895     2.890    udp_gateway_shadow_mirror_i/dma_gateway_hybrid_0/inst/u_device_dna_reader/dna_clk_BUFG
    SLICE_X113Y72        FDCE                                         r  udp_gateway_shadow_mirror_i/dma_gateway_hybrid_0/inst/u_device_dna_reader/dna_shift_value_reg[43]/C
                         clock pessimism             -0.669     2.221    
    SLICE_X113Y72        FDCE (Hold_fdce_C_D)         0.017     2.238    udp_gateway_shadow_mirror_i/dma_gateway_hybrid_0/inst/u_device_dna_reader/dna_shift_value_reg[43]
  -------------------------------------------------------------------
                         required time                         -2.238    
                         arrival time                           2.522    
  -------------------------------------------------------------------
                         slack                                  0.284    

Slack (MET) :             0.286ns  (arrival time - required time)
  Source:                 udp_gateway_shadow_mirror_i/dma_gateway_hybrid_0/inst/u_device_dna_reader/dna_shift_value_reg[29]/C
                            (rising edge-triggered cell FDCE clocked by shadow_dna_clk  {rise@0.000ns fall@320.000ns period=640.000ns})
  Destination:            udp_gateway_shadow_mirror_i/dma_gateway_hybrid_0/inst/u_device_dna_reader/dna_shift_value_reg[30]/D
                            (rising edge-triggered cell FDCE clocked by shadow_dna_clk  {rise@0.000ns fall@320.000ns period=640.000ns})
  Path Group:             shadow_dna_clk
  Path Type:              Hold (Min at Fast Process Corner)
  Requirement:            0.000ns  (shadow_dna_clk rise@0.000ns - shadow_dna_clk rise@0.000ns)
  Data Path Delay:        0.374ns  (logic 0.141ns (37.694%)  route 0.233ns (62.306%))
  Logic Levels:           0  
  Clock Path Skew:        0.018ns (DCD - SCD - CPR)
    Destination Clock Delay (DCD):    2.897ns
    Source Clock Delay      (SCD):    2.210ns
    Clock Pessimism Removal (CPR):    0.669ns

    Location             Delay type                Incr(ns)  Path(ns)    Netlist Resource(s)
  -------------------------------------------------------------------    -------------------
                         (clock shadow_dna_clk rise edge)
                                                      0.000     0.000 r  
    PS7_X0Y0             PS7                          0.000     0.000 r  udp_gateway_shadow_mirror_i/processing_system7_0/inst/PS7_i/FCLKCLK[0]
                         net (fo=1, routed)           0.310     0.310    udp_gateway_shadow_mirror_i/processing_system7_0/inst/FCLK_CLK_unbuffered[0]
    BUFGCTRL_X0Y17       BUFG (Prop_bufg_I_O)         0.026     0.336 r  udp_gateway_shadow_mirror_i/processing_system7_0/inst/buffer_fclk_clk_0.FCLK_CLK_0_BUFG/O
                         net (fo=42827, routed)       0.545     0.881    udp_gateway_shadow_mirror_i/dma_gateway_hybrid_0/inst/u_device_dna_reader/clk
    SLICE_X51Y68         FDCE (Prop_fdce_C_Q)         0.141     1.022 r  udp_gateway_shadow_mirror_i/dma_gateway_hybrid_0/inst/u_device_dna_reader/dna_clk_reg/Q
                         net (fo=1, routed)           0.535     1.556    udp_gateway_shadow_mirror_i/dma_gateway_hybrid_0/inst/u_device_dna_reader/dna_clk
    BUFGCTRL_X0Y16       BUFG (Prop_bufg_I_O)         0.026     1.582 r  udp_gateway_shadow_mirror_i/dma_gateway_hybrid_0/inst/u_device_dna_reader/dna_clk_BUFG_inst/O
                         net (fo=69, routed)          0.628     2.210    udp_gateway_shadow_mirror_i/dma_gateway_hybrid_0/inst/u_device_dna_reader/dna_clk_BUFG
    SLICE_X113Y80        FDCE                                         r  udp_gateway_shadow_mirror_i/dma_gateway_hybrid_0/inst/u_device_dna_reader/dna_shift_value_reg[29]/C
  -------------------------------------------------------------------    -------------------
    SLICE_X113Y80        FDCE (Prop_fdce_C_Q)         0.141     2.351 r  udp_gateway_shadow_mirror_i/dma_gateway_hybrid_0/inst/u_device_dna_reader/dna_shift_value_reg[29]/Q
                         net (fo=2, routed)           0.233     2.584    udp_gateway_shadow_mirror_i/dma_gateway_hybrid_0/inst/u_device_dna_reader/dna_shift_value[29]
    SLICE_X113Y84        FDCE                                         r  udp_gateway_shadow_mirror_i/dma_gateway_hybrid_0/inst/u_device_dna_reader/dna_shift_value_reg[30]/D
  -------------------------------------------------------------------    -------------------

                         (clock shadow_dna_clk rise edge)
                                                      0.000     0.000 r  
    PS7_X0Y0             PS7                          0.000     0.000 r  udp_gateway_shadow_mirror_i/processing_system7_0/inst/PS7_i/FCLKCLK[0]
                         net (fo=1, routed)           0.337     0.337    udp_gateway_shadow_mirror_i/processing_system7_0/inst/FCLK_CLK_unbuffered[0]
    BUFGCTRL_X0Y17       BUFG (Prop_bufg_I_O)         0.029     0.366 r  udp_gateway_shadow_mirror_i/processing_system7_0/inst/buffer_fclk_clk_0.FCLK_CLK_0_BUFG/O
                         net (fo=42827, routed)       0.811     1.177    udp_gateway_shadow_mirror_i/dma_gateway_hybrid_0/inst/u_device_dna_reader/clk
    SLICE_X51Y68         FDCE (Prop_fdce_C_Q)         0.175     1.352 r  udp_gateway_shadow_mirror_i/dma_gateway_hybrid_0/inst/u_device_dna_reader/dna_clk_reg/Q
                         net (fo=1, routed)           0.614     1.966    udp_gateway_shadow_mirror_i/dma_gateway_hybrid_0/inst/u_device_dna_reader/dna_clk
    BUFGCTRL_X0Y16       BUFG (Prop_bufg_I_O)         0.029     1.995 r  udp_gateway_shadow_mirror_i/dma_gateway_hybrid_0/inst/u_device_dna_reader/dna_clk_BUFG_inst/O
                         net (fo=69, routed)          0.902     2.897    udp_gateway_shadow_mirror_i/dma_gateway_hybrid_0/inst/u_device_dna_reader/dna_clk_BUFG
    SLICE_X113Y84        FDCE                                         r  udp_gateway_shadow_mirror_i/dma_gateway_hybrid_0/inst/u_device_dna_reader/dna_shift_value_reg[30]/C
                         clock pessimism             -0.669     2.228    
    SLICE_X113Y84        FDCE (Hold_fdce_C_D)         0.070     2.298    udp_gateway_shadow_mirror_i/dma_gateway_hybrid_0/inst/u_device_dna_reader/dna_shift_value_reg[30]
  -------------------------------------------------------------------
                         required time                         -2.298    
                         arrival time                           2.584    
  -------------------------------------------------------------------
                         slack                                  0.286    

Slack (MET) :             0.287ns  (arrival time - required time)
  Source:                 udp_gateway_shadow_mirror_i/dma_gateway_hybrid_0/inst/u_device_dna_reader/dna_shift_value_reg[33]/C
                            (rising edge-triggered cell FDCE clocked by shadow_dna_clk  {rise@0.000ns fall@320.000ns period=640.000ns})
  Destination:            udp_gateway_shadow_mirror_i/dma_gateway_hybrid_0/inst/u_device_dna_reader/dna_shift_value_reg[34]/D
                            (rising edge-triggered cell FDCE clocked by shadow_dna_clk  {rise@0.000ns fall@320.000ns period=640.000ns})
  Path Group:             shadow_dna_clk
  Path Type:              Hold (Min at Fast Process Corner)
  Requirement:            0.000ns  (shadow_dna_clk rise@0.000ns - shadow_dna_clk rise@0.000ns)
  Data Path Delay:        0.318ns  (logic 0.128ns (40.263%)  route 0.190ns (59.737%))
  Logic Levels:           0  
  Clock Path Skew:        0.015ns (DCD - SCD - CPR)
    Destination Clock Delay (DCD):    2.892ns
    Source Clock Delay      (SCD):    2.208ns
    Clock Pessimism Removal (CPR):    0.669ns

    Location             Delay type                Incr(ns)  Path(ns)    Netlist Resource(s)
  -------------------------------------------------------------------    -------------------
                         (clock shadow_dna_clk rise edge)
                                                      0.000     0.000 r  
    PS7_X0Y0             PS7                          0.000     0.000 r  udp_gateway_shadow_mirror_i/processing_system7_0/inst/PS7_i/FCLKCLK[0]
                         net (fo=1, routed)           0.310     0.310    udp_gateway_shadow_mirror_i/processing_system7_0/inst/FCLK_CLK_unbuffered[0]
    BUFGCTRL_X0Y17       BUFG (Prop_bufg_I_O)         0.026     0.336 r  udp_gateway_shadow_mirror_i/processing_system7_0/inst/buffer_fclk_clk_0.FCLK_CLK_0_BUFG/O
                         net (fo=42827, routed)       0.545     0.881    udp_gateway_shadow_mirror_i/dma_gateway_hybrid_0/inst/u_device_dna_reader/clk
    SLICE_X51Y68         FDCE (Prop_fdce_C_Q)         0.141     1.022 r  udp_gateway_shadow_mirror_i/dma_gateway_hybrid_0/inst/u_device_dna_reader/dna_clk_reg/Q
                         net (fo=1, routed)           0.535     1.556    udp_gateway_shadow_mirror_i/dma_gateway_hybrid_0/inst/u_device_dna_reader/dna_clk
    BUFGCTRL_X0Y16       BUFG (Prop_bufg_I_O)         0.026     1.582 r  udp_gateway_shadow_mirror_i/dma_gateway_hybrid_0/inst/u_device_dna_reader/dna_clk_BUFG_inst/O
                         net (fo=69, routed)          0.626     2.208    udp_gateway_shadow_mirror_i/dma_gateway_hybrid_0/inst/u_device_dna_reader/dna_clk_BUFG
    SLICE_X113Y72        FDCE                                         r  udp_gateway_shadow_mirror_i/dma_gateway_hybrid_0/inst/u_device_dna_reader/dna_shift_value_reg[33]/C
  -------------------------------------------------------------------    -------------------
    SLICE_X113Y72        FDCE (Prop_fdce_C_Q)         0.128     2.336 r  udp_gateway_shadow_mirror_i/dma_gateway_hybrid_0/inst/u_device_dna_reader/dna_shift_value_reg[33]/Q
                         net (fo=2, routed)           0.190     2.526    udp_gateway_shadow_mirror_i/dma_gateway_hybrid_0/inst/u_device_dna_reader/dna_shift_value[33]
    SLICE_X113Y70        FDCE                                         r  udp_gateway_shadow_mirror_i/dma_gateway_hybrid_0/inst/u_device_dna_reader/dna_shift_value_reg[34]/D
  -------------------------------------------------------------------    -------------------

                         (clock shadow_dna_clk rise edge)
                                                      0.000     0.000 r  
    PS7_X0Y0             PS7                          0.000     0.000 r  udp_gateway_shadow_mirror_i/processing_system7_0/inst/PS7_i/FCLKCLK[0]
                         net (fo=1, routed)           0.337     0.337    udp_gateway_shadow_mirror_i/processing_system7_0/inst/FCLK_CLK_unbuffered[0]
    BUFGCTRL_X0Y17       BUFG (Prop_bufg_I_O)         0.029     0.366 r  udp_gateway_shadow_mirror_i/processing_system7_0/inst/buffer_fclk_clk_0.FCLK_CLK_0_BUFG/O
                         net (fo=42827, routed)       0.811     1.177    udp_gateway_shadow_mirror_i/dma_gateway_hybrid_0/inst/u_device_dna_reader/clk
    SLICE_X51Y68         FDCE (Prop_fdce_C_Q)         0.175     1.352 r  udp_gateway_shadow_mirror_i/dma_gateway_hybrid_0/inst/u_device_dna_reader/dna_clk_reg/Q
                         net (fo=1, routed)           0.614     1.966    udp_gateway_shadow_mirror_i/dma_gateway_hybrid_0/inst/u_device_dna_reader/dna_clk
    BUFGCTRL_X0Y16       BUFG (Prop_bufg_I_O)         0.029     1.995 r  udp_gateway_shadow_mirror_i/dma_gateway_hybrid_0/inst/u_device_dna_reader/dna_clk_BUFG_inst/O
                         net (fo=69, routed)          0.897     2.892    udp_gateway_shadow_mirror_i/dma_gateway_hybrid_0/inst/u_device_dna_reader/dna_clk_BUFG
    SLICE_X113Y70        FDCE                                         r  udp_gateway_shadow_mirror_i/dma_gateway_hybrid_0/inst/u_device_dna_reader/dna_shift_value_reg[34]/C
                         clock pessimism             -0.669     2.223    
    SLICE_X113Y70        FDCE (Hold_fdce_C_D)         0.016     2.239    udp_gateway_shadow_mirror_i/dma_gateway_hybrid_0/inst/u_device_dna_reader/dna_shift_value_reg[34]
  -------------------------------------------------------------------
                         required time                         -2.239    
                         arrival time                           2.526    
  -------------------------------------------------------------------
                         slack                                  0.287    

Slack (MET) :             0.287ns  (arrival time - required time)
  Source:                 udp_gateway_shadow_mirror_i/dma_gateway_hybrid_0/inst/u_device_dna_reader/dna_shift_value_reg[21]/C
                            (rising edge-triggered cell FDCE clocked by shadow_dna_clk  {rise@0.000ns fall@320.000ns period=640.000ns})
  Destination:            udp_gateway_shadow_mirror_i/dma_gateway_hybrid_0/inst/u_device_dna_reader/dna_shift_value_reg[22]/D
                            (rising edge-triggered cell FDCE clocked by shadow_dna_clk  {rise@0.000ns fall@320.000ns period=640.000ns})
  Path Group:             shadow_dna_clk
  Path Type:              Hold (Min at Fast Process Corner)
  Requirement:            0.000ns  (shadow_dna_clk rise@0.000ns - shadow_dna_clk rise@0.000ns)
  Data Path Delay:        0.365ns  (logic 0.141ns (38.591%)  route 0.224ns (61.409%))
  Logic Levels:           0  
  Clock Path Skew:        0.015ns (DCD - SCD - CPR)
    Destination Clock Delay (DCD):    2.894ns
    Source Clock Delay      (SCD):    2.210ns
    Clock Pessimism Removal (CPR):    0.669ns

    Location             Delay type                Incr(ns)  Path(ns)    Netlist Resource(s)
  -------------------------------------------------------------------    -------------------
                         (clock shadow_dna_clk rise edge)
                                                      0.000     0.000 r  
    PS7_X0Y0             PS7                          0.000     0.000 r  udp_gateway_shadow_mirror_i/processing_system7_0/inst/PS7_i/FCLKCLK[0]
                         net (fo=1, routed)           0.310     0.310    udp_gateway_shadow_mirror_i/processing_system7_0/inst/FCLK_CLK_unbuffered[0]
    BUFGCTRL_X0Y17       BUFG (Prop_bufg_I_O)         0.026     0.336 r  udp_gateway_shadow_mirror_i/processing_system7_0/inst/buffer_fclk_clk_0.FCLK_CLK_0_BUFG/O
                         net (fo=42827, routed)       0.545     0.881    udp_gateway_shadow_mirror_i/dma_gateway_hybrid_0/inst/u_device_dna_reader/clk
    SLICE_X51Y68         FDCE (Prop_fdce_C_Q)         0.141     1.022 r  udp_gateway_shadow_mirror_i/dma_gateway_hybrid_0/inst/u_device_dna_reader/dna_clk_reg/Q
                         net (fo=1, routed)           0.535     1.556    udp_gateway_shadow_mirror_i/dma_gateway_hybrid_0/inst/u_device_dna_reader/dna_clk
    BUFGCTRL_X0Y16       BUFG (Prop_bufg_I_O)         0.026     1.582 r  udp_gateway_shadow_mirror_i/dma_gateway_hybrid_0/inst/u_device_dna_reader/dna_clk_BUFG_inst/O
                         net (fo=69, routed)          0.628     2.210    udp_gateway_shadow_mirror_i/dma_gateway_hybrid_0/inst/u_device_dna_reader/dna_clk_BUFG
    SLICE_X113Y80        FDCE                                         r  udp_gateway_shadow_mirror_i/dma_gateway_hybrid_0/inst/u_device_dna_reader/dna_shift_value_reg[21]/C
  -------------------------------------------------------------------    -------------------
    SLICE_X113Y80        FDCE (Prop_fdce_C_Q)         0.141     2.351 r  udp_gateway_shadow_mirror_i/dma_gateway_hybrid_0/inst/u_device_dna_reader/dna_shift_value_reg[21]/Q
                         net (fo=2, routed)           0.224     2.575    udp_gateway_shadow_mirror_i/dma_gateway_hybrid_0/inst/u_device_dna_reader/dna_shift_value[21]
    SLICE_X113Y81        FDCE                                         r  udp_gateway_shadow_mirror_i/dma_gateway_hybrid_0/inst/u_device_dna_reader/dna_shift_value_reg[22]/D
  -------------------------------------------------------------------    -------------------

                         (clock shadow_dna_clk rise edge)
                                                      0.000     0.000 r  
    PS7_X0Y0             PS7                          0.000     0.000 r  udp_gateway_shadow_mirror_i/processing_system7_0/inst/PS7_i/FCLKCLK[0]
                         net (fo=1, routed)           0.337     0.337    udp_gateway_shadow_mirror_i/processing_system7_0/inst/FCLK_CLK_unbuffered[0]
    BUFGCTRL_X0Y17       BUFG (Prop_bufg_I_O)         0.029     0.366 r  udp_gateway_shadow_mirror_i/processing_system7_0/inst/buffer_fclk_clk_0.FCLK_CLK_0_BUFG/O
                         net (fo=42827, routed)       0.811     1.177    udp_gateway_shadow_mirror_i/dma_gateway_hybrid_0/inst/u_device_dna_reader/clk
    SLICE_X51Y68         FDCE (Prop_fdce_C_Q)         0.175     1.352 r  udp_gateway_shadow_mirror_i/dma_gateway_hybrid_0/inst/u_device_dna_reader/dna_clk_reg/Q
                         net (fo=1, routed)           0.614     1.966    udp_gateway_shadow_mirror_i/dma_gateway_hybrid_0/inst/u_device_dna_reader/dna_clk
    BUFGCTRL_X0Y16       BUFG (Prop_bufg_I_O)         0.029     1.995 r  udp_gateway_shadow_mirror_i/dma_gateway_hybrid_0/inst/u_device_dna_reader/dna_clk_BUFG_inst/O
                         net (fo=69, routed)          0.899     2.894    udp_gateway_shadow_mirror_i/dma_gateway_hybrid_0/inst/u_device_dna_reader/dna_clk_BUFG
    SLICE_X113Y81        FDCE                                         r  udp_gateway_shadow_mirror_i/dma_gateway_hybrid_0/inst/u_device_dna_reader/dna_shift_value_reg[22]/C
                         clock pessimism             -0.669     2.225    
    SLICE_X113Y81        FDCE (Hold_fdce_C_D)         0.063     2.288    udp_gateway_shadow_mirror_i/dma_gateway_hybrid_0/inst/u_device_dna_reader/dna_shift_value_reg[22]
  -------------------------------------------------------------------
                         required time                         -2.288    
                         arrival time                           2.575    
  -------------------------------------------------------------------
                         slack                                  0.287    

Slack (MET) :             0.297ns  (arrival time - required time)
  Source:                 udp_gateway_shadow_mirror_i/dma_gateway_hybrid_0/inst/u_device_dna_reader/dna_read_reg/C
                            (rising edge-triggered cell FDPE clocked by shadow_dna_clk  {rise@0.000ns fall@320.000ns period=640.000ns})
  Destination:            udp_gateway_shadow_mirror_i/dma_gateway_hybrid_0/inst/u_device_dna_reader/dna_shift_reg/D
                            (rising edge-triggered cell FDCE clocked by shadow_dna_clk  {rise@0.000ns fall@320.000ns period=640.000ns})
  Path Group:             shadow_dna_clk
  Path Type:              Hold (Min at Fast Process Corner)
  Requirement:            0.000ns  (shadow_dna_clk rise@0.000ns - shadow_dna_clk rise@0.000ns)
  Data Path Delay:        0.389ns  (logic 0.227ns (58.299%)  route 0.162ns (41.701%))
  Logic Levels:           1  (LUT5=1)
  Clock Path Skew:        0.000ns (DCD - SCD - CPR)
    Destination Clock Delay (DCD):    2.926ns
    Source Clock Delay      (SCD):    2.239ns
    Clock Pessimism Removal (CPR):    0.686ns

    Location             Delay type                Incr(ns)  Path(ns)    Netlist Resource(s)
  -------------------------------------------------------------------    -------------------
                         (clock shadow_dna_clk rise edge)
                                                      0.000     0.000 r  
    PS7_X0Y0             PS7                          0.000     0.000 r  udp_gateway_shadow_mirror_i/processing_system7_0/inst/PS7_i/FCLKCLK[0]
                         net (fo=1, routed)           0.310     0.310    udp_gateway_shadow_mirror_i/processing_system7_0/inst/FCLK_CLK_unbuffered[0]
    BUFGCTRL_X0Y17       BUFG (Prop_bufg_I_O)         0.026     0.336 r  udp_gateway_shadow_mirror_i/processing_system7_0/inst/buffer_fclk_clk_0.FCLK_CLK_0_BUFG/O
                         net (fo=42827, routed)       0.545     0.881    udp_gateway_shadow_mirror_i/dma_gateway_hybrid_0/inst/u_device_dna_reader/clk
    SLICE_X51Y68         FDCE (Prop_fdce_C_Q)         0.141     1.022 r  udp_gateway_shadow_mirror_i/dma_gateway_hybrid_0/inst/u_device_dna_reader/dna_clk_reg/Q
                         net (fo=1, routed)           0.535     1.556    udp_gateway_shadow_mirror_i/dma_gateway_hybrid_0/inst/u_device_dna_reader/dna_clk
    BUFGCTRL_X0Y16       BUFG (Prop_bufg_I_O)         0.026     1.582 r  udp_gateway_shadow_mirror_i/dma_gateway_hybrid_0/inst/u_device_dna_reader/dna_clk_BUFG_inst/O
                         net (fo=69, routed)          0.657     2.239    udp_gateway_shadow_mirror_i/dma_gateway_hybrid_0/inst/u_device_dna_reader/dna_clk_BUFG
    SLICE_X57Y111        FDPE                                         r  udp_gateway_shadow_mirror_i/dma_gateway_hybrid_0/inst/u_device_dna_reader/dna_read_reg/C
  -------------------------------------------------------------------    -------------------
    SLICE_X57Y111        FDPE (Prop_fdpe_C_Q)         0.128     2.367 r  udp_gateway_shadow_mirror_i/dma_gateway_hybrid_0/inst/u_device_dna_reader/dna_read_reg/Q
                         net (fo=5, routed)           0.162     2.530    udp_gateway_shadow_mirror_i/dma_gateway_hybrid_0/inst/u_device_dna_reader/dna_read
    SLICE_X57Y111        LUT5 (Prop_lut5_I0_O)        0.099     2.629 r  udp_gateway_shadow_mirror_i/dma_gateway_hybrid_0/inst/u_device_dna_reader/dna_shift_i_1/O
                         net (fo=1, routed)           0.000     2.629    udp_gateway_shadow_mirror_i/dma_gateway_hybrid_0/inst/u_device_dna_reader/dna_shift_i_1_n_0
    SLICE_X57Y111        FDCE                                         r  udp_gateway_shadow_mirror_i/dma_gateway_hybrid_0/inst/u_device_dna_reader/dna_shift_reg/D
  -------------------------------------------------------------------    -------------------

                         (clock shadow_dna_clk rise edge)
                                                      0.000     0.000 r  
    PS7_X0Y0             PS7                          0.000     0.000 r  udp_gateway_shadow_mirror_i/processing_system7_0/inst/PS7_i/FCLKCLK[0]
                         net (fo=1, routed)           0.337     0.337    udp_gateway_shadow_mirror_i/processing_system7_0/inst/FCLK_CLK_unbuffered[0]
    BUFGCTRL_X0Y17       BUFG (Prop_bufg_I_O)         0.029     0.366 r  udp_gateway_shadow_mirror_i/processing_system7_0/inst/buffer_fclk_clk_0.FCLK_CLK_0_BUFG/O
                         net (fo=42827, routed)       0.811     1.177    udp_gateway_shadow_mirror_i/dma_gateway_hybrid_0/inst/u_device_dna_reader/clk
    SLICE_X51Y68         FDCE (Prop_fdce_C_Q)         0.175     1.352 r  udp_gateway_shadow_mirror_i/dma_gateway_hybrid_0/inst/u_device_dna_reader/dna_clk_reg/Q
                         net (fo=1, routed)           0.614     1.966    udp_gateway_shadow_mirror_i/dma_gateway_hybrid_0/inst/u_device_dna_reader/dna_clk
    BUFGCTRL_X0Y16       BUFG (Prop_bufg_I_O)         0.029     1.995 r  udp_gateway_shadow_mirror_i/dma_gateway_hybrid_0/inst/u_device_dna_reader/dna_clk_BUFG_inst/O
                         net (fo=69, routed)          0.931     2.926    udp_gateway_shadow_mirror_i/dma_gateway_hybrid_0/inst/u_device_dna_reader/dna_clk_BUFG
    SLICE_X57Y111        FDCE                                         r  udp_gateway_shadow_mirror_i/dma_gateway_hybrid_0/inst/u_device_dna_reader/dna_shift_reg/C
                         clock pessimism             -0.686     2.239    
    SLICE_X57Y111        FDCE (Hold_fdce_C_D)         0.092     2.331    udp_gateway_shadow_mirror_i/dma_gateway_hybrid_0/inst/u_device_dna_reader/dna_shift_reg
  -------------------------------------------------------------------
                         required time                         -2.331    
                         arrival time                           2.629    
  -------------------------------------------------------------------
                         slack                                  0.297    

Slack (MET) :             0.314ns  (arrival time - required time)
  Source:                 udp_gateway_shadow_mirror_i/dma_gateway_hybrid_0/inst/u_device_dna_reader/dna_shift_value_reg[31]/C
                            (rising edge-triggered cell FDCE clocked by shadow_dna_clk  {rise@0.000ns fall@320.000ns period=640.000ns})
  Destination:            udp_gateway_shadow_mirror_i/dma_gateway_hybrid_0/inst/u_device_dna_reader/dna_shift_value_reg[32]/D
                            (rising edge-triggered cell FDCE clocked by shadow_dna_clk  {rise@0.000ns fall@320.000ns period=640.000ns})
  Path Group:             shadow_dna_clk
  Path Type:              Hold (Min at Fast Process Corner)
  Requirement:            0.000ns  (shadow_dna_clk rise@0.000ns - shadow_dna_clk rise@0.000ns)
  Data Path Delay:        0.396ns  (logic 0.141ns (35.641%)  route 0.255ns (64.359%))
  Logic Levels:           0  
  Clock Path Skew:        0.010ns (DCD - SCD - CPR)
    Destination Clock Delay (DCD):    2.893ns
    Source Clock Delay      (SCD):    2.214ns
    Clock Pessimism Removal (CPR):    0.669ns

    Location             Delay type                Incr(ns)  Path(ns)    Netlist Resource(s)
  -------------------------------------------------------------------    -------------------
                         (clock shadow_dna_clk rise edge)
                                                      0.000     0.000 r  
    PS7_X0Y0             PS7                          0.000     0.000 r  udp_gateway_shadow_mirror_i/processing_system7_0/inst/PS7_i/FCLKCLK[0]
                         net (fo=1, routed)           0.310     0.310    udp_gateway_shadow_mirror_i/processing_system7_0/inst/FCLK_CLK_unbuffered[0]
    BUFGCTRL_X0Y17       BUFG (Prop_bufg_I_O)         0.026     0.336 r  udp_gateway_shadow_mirror_i/processing_system7_0/inst/buffer_fclk_clk_0.FCLK_CLK_0_BUFG/O
                         net (fo=42827, routed)       0.545     0.881    udp_gateway_shadow_mirror_i/dma_gateway_hybrid_0/inst/u_device_dna_reader/clk
    SLICE_X51Y68         FDCE (Prop_fdce_C_Q)         0.141     1.022 r  udp_gateway_shadow_mirror_i/dma_gateway_hybrid_0/inst/u_device_dna_reader/dna_clk_reg/Q
                         net (fo=1, routed)           0.535     1.556    udp_gateway_shadow_mirror_i/dma_gateway_hybrid_0/inst/u_device_dna_reader/dna_clk
    BUFGCTRL_X0Y16       BUFG (Prop_bufg_I_O)         0.026     1.582 r  udp_gateway_shadow_mirror_i/dma_gateway_hybrid_0/inst/u_device_dna_reader/dna_clk_BUFG_inst/O
                         net (fo=69, routed)          0.632     2.214    udp_gateway_shadow_mirror_i/dma_gateway_hybrid_0/inst/u_device_dna_reader/dna_clk_BUFG
    SLICE_X113Y84        FDCE                                         r  udp_gateway_shadow_mirror_i/dma_gateway_hybrid_0/inst/u_device_dna_reader/dna_shift_value_reg[31]/C
  -------------------------------------------------------------------    -------------------
    SLICE_X113Y84        FDCE (Prop_fdce_C_Q)         0.141     2.355 r  udp_gateway_shadow_mirror_i/dma_gateway_hybrid_0/inst/u_device_dna_reader/dna_shift_value_reg[31]/Q
                         net (fo=2, routed)           0.255     2.609    udp_gateway_shadow_mirror_i/dma_gateway_hybrid_0/inst/u_device_dna_reader/dna_shift_value[31]
    SLICE_X113Y80        FDCE                                         r  udp_gateway_shadow_mirror_i/dma_gateway_hybrid_0/inst/u_device_dna_reader/dna_shift_value_reg[32]/D
  -------------------------------------------------------------------    -------------------

                         (clock shadow_dna_clk rise edge)
                                                      0.000     0.000 r  
    PS7_X0Y0             PS7                          0.000     0.000 r  udp_gateway_shadow_mirror_i/processing_system7_0/inst/PS7_i/FCLKCLK[0]
                         net (fo=1, routed)           0.337     0.337    udp_gateway_shadow_mirror_i/processing_system7_0/inst/FCLK_CLK_unbuffered[0]
    BUFGCTRL_X0Y17       BUFG (Prop_bufg_I_O)         0.029     0.366 r  udp_gateway_shadow_mirror_i/processing_system7_0/inst/buffer_fclk_clk_0.FCLK_CLK_0_BUFG/O
                         net (fo=42827, routed)       0.811     1.177    udp_gateway_shadow_mirror_i/dma_gateway_hybrid_0/inst/u_device_dna_reader/clk
    SLICE_X51Y68         FDCE (Prop_fdce_C_Q)         0.175     1.352 r  udp_gateway_shadow_mirror_i/dma_gateway_hybrid_0/inst/u_device_dna_reader/dna_clk_reg/Q
                         net (fo=1, routed)           0.614     1.966    udp_gateway_shadow_mirror_i/dma_gateway_hybrid_0/inst/u_device_dna_reader/dna_clk
    BUFGCTRL_X0Y16       BUFG (Prop_bufg_I_O)         0.029     1.995 r  udp_gateway_shadow_mirror_i/dma_gateway_hybrid_0/inst/u_device_dna_reader/dna_clk_BUFG_inst/O
                         net (fo=69, routed)          0.898     2.893    udp_gateway_shadow_mirror_i/dma_gateway_hybrid_0/inst/u_device_dna_reader/dna_clk_BUFG
    SLICE_X113Y80        FDCE                                         r  udp_gateway_shadow_mirror_i/dma_gateway_hybrid_0/inst/u_device_dna_reader/dna_shift_value_reg[32]/C
                         clock pessimism             -0.669     2.224    
    SLICE_X113Y80        FDCE (Hold_fdce_C_D)         0.072     2.296    udp_gateway_shadow_mirror_i/dma_gateway_hybrid_0/inst/u_device_dna_reader/dna_shift_value_reg[32]
  -------------------------------------------------------------------
                         required time                         -2.296    
                         arrival time                           2.609    
  -------------------------------------------------------------------
                         slack                                  0.314    

Slack (MET) :             0.319ns  (arrival time - required time)
  Source:                 udp_gateway_shadow_mirror_i/dma_gateway_hybrid_0/inst/u_device_dna_reader/dna_bit_count_reg[3]/C
                            (rising edge-triggered cell FDCE clocked by shadow_dna_clk  {rise@0.000ns fall@320.000ns period=640.000ns})
  Destination:            udp_gateway_shadow_mirror_i/dma_gateway_hybrid_0/inst/u_device_dna_reader/dna_bit_count_reg[4]/D
                            (rising edge-triggered cell FDCE clocked by shadow_dna_clk  {rise@0.000ns fall@320.000ns period=640.000ns})
  Path Group:             shadow_dna_clk
  Path Type:              Hold (Min at Fast Process Corner)
  Requirement:            0.000ns  (shadow_dna_clk rise@0.000ns - shadow_dna_clk rise@0.000ns)
  Data Path Delay:        0.426ns  (logic 0.184ns (43.179%)  route 0.242ns (56.821%))
  Logic Levels:           1  (LUT5=1)
  Clock Path Skew:        0.000ns (DCD - SCD - CPR)
    Destination Clock Delay (DCD):    2.891ns
    Source Clock Delay      (SCD):    2.208ns
    Clock Pessimism Removal (CPR):    0.682ns

    Location             Delay type                Incr(ns)  Path(ns)    Netlist Resource(s)
  -------------------------------------------------------------------    -------------------
                         (clock shadow_dna_clk rise edge)
                                                      0.000     0.000 r  
    PS7_X0Y0             PS7                          0.000     0.000 r  udp_gateway_shadow_mirror_i/processing_system7_0/inst/PS7_i/FCLKCLK[0]
                         net (fo=1, routed)           0.310     0.310    udp_gateway_shadow_mirror_i/processing_system7_0/inst/FCLK_CLK_unbuffered[0]
    BUFGCTRL_X0Y17       BUFG (Prop_bufg_I_O)         0.026     0.336 r  udp_gateway_shadow_mirror_i/processing_system7_0/inst/buffer_fclk_clk_0.FCLK_CLK_0_BUFG/O
                         net (fo=42827, routed)       0.545     0.881    udp_gateway_shadow_mirror_i/dma_gateway_hybrid_0/inst/u_device_dna_reader/clk
    SLICE_X51Y68         FDCE (Prop_fdce_C_Q)         0.141     1.022 r  udp_gateway_shadow_mirror_i/dma_gateway_hybrid_0/inst/u_device_dna_reader/dna_clk_reg/Q
                         net (fo=1, routed)           0.535     1.556    udp_gateway_shadow_mirror_i/dma_gateway_hybrid_0/inst/u_device_dna_reader/dna_clk
    BUFGCTRL_X0Y16       BUFG (Prop_bufg_I_O)         0.026     1.582 r  udp_gateway_shadow_mirror_i/dma_gateway_hybrid_0/inst/u_device_dna_reader/dna_clk_BUFG_inst/O
                         net (fo=69, routed)          0.626     2.208    udp_gateway_shadow_mirror_i/dma_gateway_hybrid_0/inst/u_device_dna_reader/dna_clk_BUFG
    SLICE_X51Y119        FDCE                                         r  udp_gateway_shadow_mirror_i/dma_gateway_hybrid_0/inst/u_device_dna_reader/dna_bit_count_reg[3]/C
  -------------------------------------------------------------------    -------------------
    SLICE_X51Y119        FDCE (Prop_fdce_C_Q)         0.141     2.349 r  udp_gateway_shadow_mirror_i/dma_gateway_hybrid_0/inst/u_device_dna_reader/dna_bit_count_reg[3]/Q
                         net (fo=5, routed)           0.242     2.591    udp_gateway_shadow_mirror_i/dma_gateway_hybrid_0/inst/u_device_dna_reader/dna_bit_count_reg[3]
    SLICE_X51Y119        LUT5 (Prop_lut5_I3_O)        0.043     2.634 r  udp_gateway_shadow_mirror_i/dma_gateway_hybrid_0/inst/u_device_dna_reader/dna_bit_count[4]_i_1/O
                         net (fo=1, routed)           0.000     2.634    udp_gateway_shadow_mirror_i/dma_gateway_hybrid_0/inst/u_device_dna_reader/p_0_in_0[4]
    SLICE_X51Y119        FDCE                                         r  udp_gateway_shadow_mirror_i/dma_gateway_hybrid_0/inst/u_device_dna_reader/dna_bit_count_reg[4]/D
  -------------------------------------------------------------------    -------------------

                         (clock shadow_dna_clk rise edge)
                                                      0.000     0.000 r  
    PS7_X0Y0             PS7                          0.000     0.000 r  udp_gateway_shadow_mirror_i/processing_system7_0/inst/PS7_i/FCLKCLK[0]
                         net (fo=1, routed)           0.337     0.337    udp_gateway_shadow_mirror_i/processing_system7_0/inst/FCLK_CLK_unbuffered[0]
    BUFGCTRL_X0Y17       BUFG (Prop_bufg_I_O)         0.029     0.366 r  udp_gateway_shadow_mirror_i/processing_system7_0/inst/buffer_fclk_clk_0.FCLK_CLK_0_BUFG/O
                         net (fo=42827, routed)       0.811     1.177    udp_gateway_shadow_mirror_i/dma_gateway_hybrid_0/inst/u_device_dna_reader/clk
    SLICE_X51Y68         FDCE (Prop_fdce_C_Q)         0.175     1.352 r  udp_gateway_shadow_mirror_i/dma_gateway_hybrid_0/inst/u_device_dna_reader/dna_clk_reg/Q
                         net (fo=1, routed)           0.614     1.966    udp_gateway_shadow_mirror_i/dma_gateway_hybrid_0/inst/u_device_dna_reader/dna_clk
    BUFGCTRL_X0Y16       BUFG (Prop_bufg_I_O)         0.029     1.995 r  udp_gateway_shadow_mirror_i/dma_gateway_hybrid_0/inst/u_device_dna_reader/dna_clk_BUFG_inst/O
                         net (fo=69, routed)          0.896     2.891    udp_gateway_shadow_mirror_i/dma_gateway_hybrid_0/inst/u_device_dna_reader/dna_clk_BUFG
    SLICE_X51Y119        FDCE                                         r  udp_gateway_shadow_mirror_i/dma_gateway_hybrid_0/inst/u_device_dna_reader/dna_bit_count_reg[4]/C
                         clock pessimism             -0.682     2.208    
    SLICE_X51Y119        FDCE (Hold_fdce_C_D)         0.107     2.315    udp_gateway_shadow_mirror_i/dma_gateway_hybrid_0/inst/u_device_dna_reader/dna_bit_count_reg[4]
  -------------------------------------------------------------------
                         required time                         -2.315    
                         arrival time                           2.634    
  -------------------------------------------------------------------
                         slack                                  0.319    

Slack (MET) :             0.323ns  (arrival time - required time)
  Source:                 udp_gateway_shadow_mirror_i/dma_gateway_hybrid_0/inst/u_device_dna_reader/dna_shift_value_reg[45]/C
                            (rising edge-triggered cell FDCE clocked by shadow_dna_clk  {rise@0.000ns fall@320.000ns period=640.000ns})
  Destination:            udp_gateway_shadow_mirror_i/dma_gateway_hybrid_0/inst/u_device_dna_reader/dna_shift_value_reg[46]/D
                            (rising edge-triggered cell FDCE clocked by shadow_dna_clk  {rise@0.000ns fall@320.000ns period=640.000ns})
  Path Group:             shadow_dna_clk
  Path Type:              Hold (Min at Fast Process Corner)
  Requirement:            0.000ns  (shadow_dna_clk rise@0.000ns - shadow_dna_clk rise@0.000ns)
  Data Path Delay:        0.370ns  (logic 0.141ns (38.102%)  route 0.229ns (61.898%))
  Logic Levels:           0  
  Clock Path Skew:        0.000ns (DCD - SCD - CPR)
    Destination Clock Delay (DCD):    2.891ns
    Source Clock Delay      (SCD):    2.208ns
    Clock Pessimism Removal (CPR):    0.683ns

    Location             Delay type                Incr(ns)  Path(ns)    Netlist Resource(s)
  -------------------------------------------------------------------    -------------------
                         (clock shadow_dna_clk rise edge)
                                                      0.000     0.000 r  
    PS7_X0Y0             PS7                          0.000     0.000 r  udp_gateway_shadow_mirror_i/processing_system7_0/inst/PS7_i/FCLKCLK[0]
                         net (fo=1, routed)           0.310     0.310    udp_gateway_shadow_mirror_i/processing_system7_0/inst/FCLK_CLK_unbuffered[0]
    BUFGCTRL_X0Y17       BUFG (Prop_bufg_I_O)         0.026     0.336 r  udp_gateway_shadow_mirror_i/processing_system7_0/inst/buffer_fclk_clk_0.FCLK_CLK_0_BUFG/O
                         net (fo=42827, routed)       0.545     0.881    udp_gateway_shadow_mirror_i/dma_gateway_hybrid_0/inst/u_device_dna_reader/clk
    SLICE_X51Y68         FDCE (Prop_fdce_C_Q)         0.141     1.022 r  udp_gateway_shadow_mirror_i/dma_gateway_hybrid_0/inst/u_device_dna_reader/dna_clk_reg/Q
                         net (fo=1, routed)           0.535     1.556    udp_gateway_shadow_mirror_i/dma_gateway_hybrid_0/inst/u_device_dna_reader/dna_clk
    BUFGCTRL_X0Y16       BUFG (Prop_bufg_I_O)         0.026     1.582 r  udp_gateway_shadow_mirror_i/dma_gateway_hybrid_0/inst/u_device_dna_reader/dna_clk_BUFG_inst/O
                         net (fo=69, routed)          0.626     2.208    udp_gateway_shadow_mirror_i/dma_gateway_hybrid_0/inst/u_device_dna_reader/dna_clk_BUFG
    SLICE_X113Y78        FDCE                                         r  udp_gateway_shadow_mirror_i/dma_gateway_hybrid_0/inst/u_device_dna_reader/dna_shift_value_reg[45]/C
  -------------------------------------------------------------------    -------------------
    SLICE_X113Y78        FDCE (Prop_fdce_C_Q)         0.141     2.349 r  udp_gateway_shadow_mirror_i/dma_gateway_hybrid_0/inst/u_device_dna_reader/dna_shift_value_reg[45]/Q
                         net (fo=2, routed)           0.229     2.578    udp_gateway_shadow_mirror_i/dma_gateway_hybrid_0/inst/u_device_dna_reader/dna_shift_value[45]
    SLICE_X113Y78        FDCE                                         r  udp_gateway_shadow_mirror_i/dma_gateway_hybrid_0/inst/u_device_dna_reader/dna_shift_value_reg[46]/D
  -------------------------------------------------------------------    -------------------

                         (clock shadow_dna_clk rise edge)
                                                      0.000     0.000 r  
    PS7_X0Y0             PS7                          0.000     0.000 r  udp_gateway_shadow_mirror_i/processing_system7_0/inst/PS7_i/FCLKCLK[0]
                         net (fo=1, routed)           0.337     0.337    udp_gateway_shadow_mirror_i/processing_system7_0/inst/FCLK_CLK_unbuffered[0]
    BUFGCTRL_X0Y17       BUFG (Prop_bufg_I_O)         0.029     0.366 r  udp_gateway_shadow_mirror_i/processing_system7_0/inst/buffer_fclk_clk_0.FCLK_CLK_0_BUFG/O
                         net (fo=42827, routed)       0.811     1.177    udp_gateway_shadow_mirror_i/dma_gateway_hybrid_0/inst/u_device_dna_reader/clk
    SLICE_X51Y68         FDCE (Prop_fdce_C_Q)         0.175     1.352 r  udp_gateway_shadow_mirror_i/dma_gateway_hybrid_0/inst/u_device_dna_reader/dna_clk_reg/Q
                         net (fo=1, routed)           0.614     1.966    udp_gateway_shadow_mirror_i/dma_gateway_hybrid_0/inst/u_device_dna_reader/dna_clk
    BUFGCTRL_X0Y16       BUFG (Prop_bufg_I_O)         0.029     1.995 r  udp_gateway_shadow_mirror_i/dma_gateway_hybrid_0/inst/u_device_dna_reader/dna_clk_BUFG_inst/O
                         net (fo=69, routed)          0.896     2.891    udp_gateway_shadow_mirror_i/dma_gateway_hybrid_0/inst/u_device_dna_reader/dna_clk_BUFG
    SLICE_X113Y78        FDCE                                         r  udp_gateway_shadow_mirror_i/dma_gateway_hybrid_0/inst/u_device_dna_reader/dna_shift_value_reg[46]/C
                         clock pessimism             -0.683     2.208    
    SLICE_X113Y78        FDCE (Hold_fdce_C_D)         0.047     2.255    udp_gateway_shadow_mirror_i/dma_gateway_hybrid_0/inst/u_device_dna_reader/dna_shift_value_reg[46]
  -------------------------------------------------------------------
                         required time                         -2.255    
                         arrival time                           2.578    
  -------------------------------------------------------------------
                         slack                                  0.323    

Slack (MET) :             0.323ns  (arrival time - required time)
  Source:                 udp_gateway_shadow_mirror_i/dma_gateway_hybrid_0/inst/u_device_dna_reader/dna_shift_value_reg[17]/C
                            (rising edge-triggered cell FDCE clocked by shadow_dna_clk  {rise@0.000ns fall@320.000ns period=640.000ns})
  Destination:            udp_gateway_shadow_mirror_i/dma_gateway_hybrid_0/inst/u_device_dna_reader/dna_shift_value_reg[18]/D
                            (rising edge-triggered cell FDCE clocked by shadow_dna_clk  {rise@0.000ns fall@320.000ns period=640.000ns})
  Path Group:             shadow_dna_clk
  Path Type:              Hold (Min at Fast Process Corner)
  Requirement:            0.000ns  (shadow_dna_clk rise@0.000ns - shadow_dna_clk rise@0.000ns)
  Data Path Delay:        0.370ns  (logic 0.141ns (38.092%)  route 0.229ns (61.908%))
  Logic Levels:           0  
  Clock Path Skew:        0.000ns (DCD - SCD - CPR)
    Destination Clock Delay (DCD):    2.892ns
    Source Clock Delay      (SCD):    2.209ns
    Clock Pessimism Removal (CPR):    0.683ns

    Location             Delay type                Incr(ns)  Path(ns)    Netlist Resource(s)
  -------------------------------------------------------------------    -------------------
                         (clock shadow_dna_clk rise edge)
                                                      0.000     0.000 r  
    PS7_X0Y0             PS7                          0.000     0.000 r  udp_gateway_shadow_mirror_i/processing_system7_0/inst/PS7_i/FCLKCLK[0]
                         net (fo=1, routed)           0.310     0.310    udp_gateway_shadow_mirror_i/processing_system7_0/inst/FCLK_CLK_unbuffered[0]
    BUFGCTRL_X0Y17       BUFG (Prop_bufg_I_O)         0.026     0.336 r  udp_gateway_shadow_mirror_i/processing_system7_0/inst/buffer_fclk_clk_0.FCLK_CLK_0_BUFG/O
                         net (fo=42827, routed)       0.545     0.881    udp_gateway_shadow_mirror_i/dma_gateway_hybrid_0/inst/u_device_dna_reader/clk
    SLICE_X51Y68         FDCE (Prop_fdce_C_Q)         0.141     1.022 r  udp_gateway_shadow_mirror_i/dma_gateway_hybrid_0/inst/u_device_dna_reader/dna_clk_reg/Q
                         net (fo=1, routed)           0.535     1.556    udp_gateway_shadow_mirror_i/dma_gateway_hybrid_0/inst/u_device_dna_reader/dna_clk
    BUFGCTRL_X0Y16       BUFG (Prop_bufg_I_O)         0.026     1.582 r  udp_gateway_shadow_mirror_i/dma_gateway_hybrid_0/inst/u_device_dna_reader/dna_clk_BUFG_inst/O
                         net (fo=69, routed)          0.627     2.209    udp_gateway_shadow_mirror_i/dma_gateway_hybrid_0/inst/u_device_dna_reader/dna_clk_BUFG
    SLICE_X113Y79        FDCE                                         r  udp_gateway_shadow_mirror_i/dma_gateway_hybrid_0/inst/u_device_dna_reader/dna_shift_value_reg[17]/C
  -------------------------------------------------------------------    -------------------
    SLICE_X113Y79        FDCE (Prop_fdce_C_Q)         0.141     2.350 r  udp_gateway_shadow_mirror_i/dma_gateway_hybrid_0/inst/u_device_dna_reader/dna_shift_value_reg[17]/Q
                         net (fo=2, routed)           0.229     2.579    udp_gateway_shadow_mirror_i/dma_gateway_hybrid_0/inst/u_device_dna_reader/dna_shift_value[17]
    SLICE_X113Y79        FDCE                                         r  udp_gateway_shadow_mirror_i/dma_gateway_hybrid_0/inst/u_device_dna_reader/dna_shift_value_reg[18]/D
  -------------------------------------------------------------------    -------------------

                         (clock shadow_dna_clk rise edge)
                                                      0.000     0.000 r  
    PS7_X0Y0             PS7                          0.000     0.000 r  udp_gateway_shadow_mirror_i/processing_system7_0/inst/PS7_i/FCLKCLK[0]
                         net (fo=1, routed)           0.337     0.337    udp_gateway_shadow_mirror_i/processing_system7_0/inst/FCLK_CLK_unbuffered[0]
    BUFGCTRL_X0Y17       BUFG (Prop_bufg_I_O)         0.029     0.366 r  udp_gateway_shadow_mirror_i/processing_system7_0/inst/buffer_fclk_clk_0.FCLK_CLK_0_BUFG/O
                         net (fo=42827, routed)       0.811     1.177    udp_gateway_shadow_mirror_i/dma_gateway_hybrid_0/inst/u_device_dna_reader/clk
    SLICE_X51Y68         FDCE (Prop_fdce_C_Q)         0.175     1.352 r  udp_gateway_shadow_mirror_i/dma_gateway_hybrid_0/inst/u_device_dna_reader/dna_clk_reg/Q
                         net (fo=1, routed)           0.614     1.966    udp_gateway_shadow_mirror_i/dma_gateway_hybrid_0/inst/u_device_dna_reader/dna_clk
    BUFGCTRL_X0Y16       BUFG (Prop_bufg_I_O)         0.029     1.995 r  udp_gateway_shadow_mirror_i/dma_gateway_hybrid_0/inst/u_device_dna_reader/dna_clk_BUFG_inst/O
                         net (fo=69, routed)          0.897     2.892    udp_gateway_shadow_mirror_i/dma_gateway_hybrid_0/inst/u_device_dna_reader/dna_clk_BUFG
    SLICE_X113Y79        FDCE                                         r  udp_gateway_shadow_mirror_i/dma_gateway_hybrid_0/inst/u_device_dna_reader/dna_shift_value_reg[18]/C
                         clock pessimism             -0.683     2.209    
    SLICE_X113Y79        FDCE (Hold_fdce_C_D)         0.047     2.256    udp_gateway_shadow_mirror_i/dma_gateway_hybrid_0/inst/u_device_dna_reader/dna_shift_value_reg[18]
  -------------------------------------------------------------------
                         required time                         -2.256    
                         arrival time                           2.579    
  -------------------------------------------------------------------
                         slack                                  0.323    

Slack (MET) :             0.324ns  (arrival time - required time)
  Source:                 udp_gateway_shadow_mirror_i/dma_gateway_hybrid_0/inst/u_device_dna_reader/dna_shift_value_reg[35]/C
                            (rising edge-triggered cell FDCE clocked by shadow_dna_clk  {rise@0.000ns fall@320.000ns period=640.000ns})
  Destination:            udp_gateway_shadow_mirror_i/dma_gateway_hybrid_0/inst/u_device_dna_reader/dna_shift_value_reg[36]/D
                            (rising edge-triggered cell FDCE clocked by shadow_dna_clk  {rise@0.000ns fall@320.000ns period=640.000ns})
  Path Group:             shadow_dna_clk
  Path Type:              Hold (Min at Fast Process Corner)
  Requirement:            0.000ns  (shadow_dna_clk rise@0.000ns - shadow_dna_clk rise@0.000ns)
  Data Path Delay:        0.394ns  (logic 0.141ns (35.809%)  route 0.253ns (64.191%))
  Logic Levels:           0  
  Clock Path Skew:        0.000ns (DCD - SCD - CPR)
    Destination Clock Delay (DCD):    2.893ns
    Source Clock Delay      (SCD):    2.210ns
    Clock Pessimism Removal (CPR):    0.683ns

    Location             Delay type                Incr(ns)  Path(ns)    Netlist Resource(s)
  -------------------------------------------------------------------    -------------------
                         (clock shadow_dna_clk rise edge)
                                                      0.000     0.000 r  
    PS7_X0Y0             PS7                          0.000     0.000 r  udp_gateway_shadow_mirror_i/processing_system7_0/inst/PS7_i/FCLKCLK[0]
                         net (fo=1, routed)           0.310     0.310    udp_gateway_shadow_mirror_i/processing_system7_0/inst/FCLK_CLK_unbuffered[0]
    BUFGCTRL_X0Y17       BUFG (Prop_bufg_I_O)         0.026     0.336 r  udp_gateway_shadow_mirror_i/processing_system7_0/inst/buffer_fclk_clk_0.FCLK_CLK_0_BUFG/O
                         net (fo=42827, routed)       0.545     0.881    udp_gateway_shadow_mirror_i/dma_gateway_hybrid_0/inst/u_device_dna_reader/clk
    SLICE_X51Y68         FDCE (Prop_fdce_C_Q)         0.141     1.022 r  udp_gateway_shadow_mirror_i/dma_gateway_hybrid_0/inst/u_device_dna_reader/dna_clk_reg/Q
                         net (fo=1, routed)           0.535     1.556    udp_gateway_shadow_mirror_i/dma_gateway_hybrid_0/inst/u_device_dna_reader/dna_clk
    BUFGCTRL_X0Y16       BUFG (Prop_bufg_I_O)         0.026     1.582 r  udp_gateway_shadow_mirror_i/dma_gateway_hybrid_0/inst/u_device_dna_reader/dna_clk_BUFG_inst/O
                         net (fo=69, routed)          0.628     2.210    udp_gateway_shadow_mirror_i/dma_gateway_hybrid_0/inst/u_device_dna_reader/dna_clk_BUFG
    SLICE_X111Y69        FDCE                                         r  udp_gateway_shadow_mirror_i/dma_gateway_hybrid_0/inst/u_device_dna_reader/dna_shift_value_reg[35]/C
  -------------------------------------------------------------------    -------------------
    SLICE_X111Y69        FDCE (Prop_fdce_C_Q)         0.141     2.351 r  udp_gateway_shadow_mirror_i/dma_gateway_hybrid_0/inst/u_device_dna_reader/dna_shift_value_reg[35]/Q
                         net (fo=2, routed)           0.253     2.604    udp_gateway_shadow_mirror_i/dma_gateway_hybrid_0/inst/u_device_dna_reader/dna_shift_value[35]
    SLICE_X111Y69        FDCE                                         r  udp_gateway_shadow_mirror_i/dma_gateway_hybrid_0/inst/u_device_dna_reader/dna_shift_value_reg[36]/D
  -------------------------------------------------------------------    -------------------

                         (clock shadow_dna_clk rise edge)
                                                      0.000     0.000 r  
    PS7_X0Y0             PS7                          0.000     0.000 r  udp_gateway_shadow_mirror_i/processing_system7_0/inst/PS7_i/FCLKCLK[0]
                         net (fo=1, routed)           0.337     0.337    udp_gateway_shadow_mirror_i/processing_system7_0/inst/FCLK_CLK_unbuffered[0]
    BUFGCTRL_X0Y17       BUFG (Prop_bufg_I_O)         0.029     0.366 r  udp_gateway_shadow_mirror_i/processing_system7_0/inst/buffer_fclk_clk_0.FCLK_CLK_0_BUFG/O
                         net (fo=42827, routed)       0.811     1.177    udp_gateway_shadow_mirror_i/dma_gateway_hybrid_0/inst/u_device_dna_reader/clk
    SLICE_X51Y68         FDCE (Prop_fdce_C_Q)         0.175     1.352 r  udp_gateway_shadow_mirror_i/dma_gateway_hybrid_0/inst/u_device_dna_reader/dna_clk_reg/Q
                         net (fo=1, routed)           0.614     1.966    udp_gateway_shadow_mirror_i/dma_gateway_hybrid_0/inst/u_device_dna_reader/dna_clk
    BUFGCTRL_X0Y16       BUFG (Prop_bufg_I_O)         0.029     1.995 r  udp_gateway_shadow_mirror_i/dma_gateway_hybrid_0/inst/u_device_dna_reader/dna_clk_BUFG_inst/O
                         net (fo=69, routed)          0.898     2.893    udp_gateway_shadow_mirror_i/dma_gateway_hybrid_0/inst/u_device_dna_reader/dna_clk_BUFG
    SLICE_X111Y69        FDCE                                         r  udp_gateway_shadow_mirror_i/dma_gateway_hybrid_0/inst/u_device_dna_reader/dna_shift_value_reg[36]/C
                         clock pessimism             -0.683     2.210    
    SLICE_X111Y69        FDCE (Hold_fdce_C_D)         0.070     2.280    udp_gateway_shadow_mirror_i/dma_gateway_hybrid_0/inst/u_device_dna_reader/dna_shift_value_reg[36]
  -------------------------------------------------------------------
                         required time                         -2.280    
                         arrival time                           2.604    
  -------------------------------------------------------------------
                         slack                                  0.324    





Pulse Width Checks
--------------------------------------------------------------------------------------
Clock Name:         shadow_dna_clk
Waveform(ns):       { 0.000 320.000 }
Period(ns):         640.000
Sources:            { udp_gateway_shadow_mirror_i/dma_gateway_hybrid_0/inst/u_device_dna_reader/dna_clk_reg/Q }

Check Type        Corner  Lib Pin       Reference Pin  Required(ns)  Actual(ns)  Slack(ns)  Location        Pin
Min Period        n/a     DNA_PORT/CLK  n/a            10.000        640.000     630.000    DNA_PORT_X0Y0   udp_gateway_shadow_mirror_i/dma_gateway_hybrid_0/inst/u_device_dna_reader/u_dna/CLK
Min Period        n/a     BUFG/I        n/a            2.155         640.000     637.845    BUFGCTRL_X0Y16  udp_gateway_shadow_mirror_i/dma_gateway_hybrid_0/inst/u_device_dna_reader/dna_clk_BUFG_inst/I
Min Period        n/a     FDCE/C        n/a            1.000         640.000     639.000    SLICE_X51Y119   udp_gateway_shadow_mirror_i/dma_gateway_hybrid_0/inst/u_device_dna_reader/dna_bit_count_reg[0]/C
Min Period        n/a     FDCE/C        n/a            1.000         640.000     639.000    SLICE_X51Y119   udp_gateway_shadow_mirror_i/dma_gateway_hybrid_0/inst/u_device_dna_reader/dna_bit_count_reg[1]/C
Min Period        n/a     FDCE/C        n/a            1.000         640.000     639.000    SLICE_X51Y119   udp_gateway_shadow_mirror_i/dma_gateway_hybrid_0/inst/u_device_dna_reader/dna_bit_count_reg[2]/C
Min Period        n/a     FDCE/C        n/a            1.000         640.000     639.000    SLICE_X51Y119   udp_gateway_shadow_mirror_i/dma_gateway_hybrid_0/inst/u_device_dna_reader/dna_bit_count_reg[3]/C
Min Period        n/a     FDCE/C        n/a            1.000         640.000     639.000    SLICE_X51Y119   udp_gateway_shadow_mirror_i/dma_gateway_hybrid_0/inst/u_device_dna_reader/dna_bit_count_reg[4]/C
Min Period        n/a     FDCE/C        n/a            1.000         640.000     639.000    SLICE_X51Y119   udp_gateway_shadow_mirror_i/dma_gateway_hybrid_0/inst/u_device_dna_reader/dna_bit_count_reg[5]/C
Min Period        n/a     FDCE/C        n/a            1.000         640.000     639.000    SLICE_X51Y119   udp_gateway_shadow_mirror_i/dma_gateway_hybrid_0/inst/u_device_dna_reader/dna_bit_count_reg[6]/C
Min Period        n/a     FDPE/C        n/a            1.000         640.000     639.000    SLICE_X57Y111   udp_gateway_shadow_mirror_i/dma_gateway_hybrid_0/inst/u_device_dna_reader/dna_busy_raw_reg/C
Low Pulse Width   Slow    FDCE/C        n/a            0.500         320.000     319.500    SLICE_X51Y119   udp_gateway_shadow_mirror_i/dma_gateway_hybrid_0/inst/u_device_dna_reader/dna_bit_count_reg[0]/C
Low Pulse Width   Fast    FDCE/C        n/a            0.500         320.000     319.500    SLICE_X51Y119   udp_gateway_shadow_mirror_i/dma_gateway_hybrid_0/inst/u_device_dna_reader/dna_bit_count_reg[0]/C
Low Pulse Width   Slow    FDCE/C        n/a            0.500         320.000     319.500    SLICE_X51Y119   udp_gateway_shadow_mirror_i/dma_gateway_hybrid_0/inst/u_device_dna_reader/dna_bit_count_reg[1]/C
Low Pulse Width   Fast    FDCE/C        n/a            0.500         320.000     319.500    SLICE_X51Y119   udp_gateway_shadow_mirror_i/dma_gateway_hybrid_0/inst/u_device_dna_reader/dna_bit_count_reg[1]/C
Low Pulse Width   Slow    FDCE/C        n/a            0.500         320.000     319.500    SLICE_X51Y119   udp_gateway_shadow_mirror_i/dma_gateway_hybrid_0/inst/u_device_dna_reader/dna_bit_count_reg[2]/C
Low Pulse Width   Fast    FDCE/C        n/a            0.500         320.000     319.500    SLICE_X51Y119   udp_gateway_shadow_mirror_i/dma_gateway_hybrid_0/inst/u_device_dna_reader/dna_bit_count_reg[2]/C
Low Pulse Width   Slow    FDCE/C        n/a            0.500         320.000     319.500    SLICE_X51Y119   udp_gateway_shadow_mirror_i/dma_gateway_hybrid_0/inst/u_device_dna_reader/dna_bit_count_reg[3]/C
Low Pulse Width   Fast    FDCE/C        n/a            0.500         320.000     319.500    SLICE_X51Y119   udp_gateway_shadow_mirror_i/dma_gateway_hybrid_0/inst/u_device_dna_reader/dna_bit_count_reg[3]/C
Low Pulse Width   Slow    FDCE/C        n/a            0.500         320.000     319.500    SLICE_X51Y119   udp_gateway_shadow_mirror_i/dma_gateway_hybrid_0/inst/u_device_dna_reader/dna_bit_count_reg[4]/C
Low Pulse Width   Fast    FDCE/C        n/a            0.500         320.000     319.500    SLICE_X51Y119   udp_gateway_shadow_mirror_i/dma_gateway_hybrid_0/inst/u_device_dna_reader/dna_bit_count_reg[4]/C
High Pulse Width  Slow    FDCE/C        n/a            0.500         320.000     319.500    SLICE_X51Y119   udp_gateway_shadow_mirror_i/dma_gateway_hybrid_0/inst/u_device_dna_reader/dna_bit_count_reg[0]/C
High Pulse Width  Fast    FDCE/C        n/a            0.500         320.000     319.500    SLICE_X51Y119   udp_gateway_shadow_mirror_i/dma_gateway_hybrid_0/inst/u_device_dna_reader/dna_bit_count_reg[0]/C
High Pulse Width  Slow    FDCE/C        n/a            0.500         320.000     319.500    SLICE_X51Y119   udp_gateway_shadow_mirror_i/dma_gateway_hybrid_0/inst/u_device_dna_reader/dna_bit_count_reg[1]/C
High Pulse Width  Fast    FDCE/C        n/a            0.500         320.000     319.500    SLICE_X51Y119   udp_gateway_shadow_mirror_i/dma_gateway_hybrid_0/inst/u_device_dna_reader/dna_bit_count_reg[1]/C
High Pulse Width  Slow    FDCE/C        n/a            0.500         320.000     319.500    SLICE_X51Y119   udp_gateway_shadow_mirror_i/dma_gateway_hybrid_0/inst/u_device_dna_reader/dna_bit_count_reg[2]/C
High Pulse Width  Fast    FDCE/C        n/a            0.500         320.000     319.500    SLICE_X51Y119   udp_gateway_shadow_mirror_i/dma_gateway_hybrid_0/inst/u_device_dna_reader/dna_bit_count_reg[2]/C
High Pulse Width  Slow    FDCE/C        n/a            0.500         320.000     319.500    SLICE_X51Y119   udp_gateway_shadow_mirror_i/dma_gateway_hybrid_0/inst/u_device_dna_reader/dna_bit_count_reg[3]/C
High Pulse Width  Fast    FDCE/C        n/a            0.500         320.000     319.500    SLICE_X51Y119   udp_gateway_shadow_mirror_i/dma_gateway_hybrid_0/inst/u_device_dna_reader/dna_bit_count_reg[3]/C
High Pulse Width  Slow    FDCE/C        n/a            0.500         320.000     319.500    SLICE_X51Y119   udp_gateway_shadow_mirror_i/dma_gateway_hybrid_0/inst/u_device_dna_reader/dna_bit_count_reg[4]/C
High Pulse Width  Fast    FDCE/C        n/a            0.500         320.000     319.500    SLICE_X51Y119   udp_gateway_shadow_mirror_i/dma_gateway_hybrid_0/inst/u_device_dna_reader/dna_bit_count_reg[4]/C



---------------------------------------------------------------------------------------------------
From Clock:  shadow_dna_clk
  To Clock:  clk_fpga_0

Setup :            0  Failing Endpoints,  Worst Slack       11.914ns,  Total Violation        0.000ns
Hold  :            0  Failing Endpoints,  Worst Slack        0.985ns,  Total Violation        0.000ns
---------------------------------------------------------------------------------------------------


Max Delay Paths
--------------------------------------------------------------------------------------
Slack (MET) :             11.914ns  (required time - arrival time)
  Source:                 udp_gateway_shadow_mirror_i/dma_gateway_hybrid_0/inst/u_device_dna_reader/dna_busy_raw_reg/C
                            (rising edge-triggered cell FDPE clocked by shadow_dna_clk  {rise@0.000ns fall@320.000ns period=640.000ns})
  Destination:            udp_gateway_shadow_mirror_i/dma_gateway_hybrid_0/inst/u_device_dna_reader/dna_done_sync_ff1_reg/D
                            (rising edge-triggered cell FDCE clocked by clk_fpga_0  {rise@0.000ns fall@10.000ns period=20.000ns})
  Path Group:             clk_fpga_0
  Path Type:              Setup (Max at Slow Process Corner)
  Requirement:            20.000ns  (clk_fpga_0 rise@20.000ns - shadow_dna_clk rise@0.000ns)
  Data Path Delay:        3.894ns  (logic 0.580ns (14.893%)  route 3.314ns (85.107%))
  Logic Levels:           1  (LUT1=1)
  Clock Path Skew:        -3.795ns (DCD - SCD + CPR)
    Destination Clock Delay (DCD):    2.851ns = ( 22.851 - 20.000 ) 
    Source Clock Delay      (SCD):    6.761ns
    Clock Pessimism Removal (CPR):    0.115ns
  Clock Uncertainty:      0.302ns  ((TSJ^2 + TIJ^2)^1/2 + DJ) / 2 + PE
    Total System Jitter     (TSJ):    0.071ns
    Total Input Jitter      (TIJ):    0.600ns
    Discrete Jitter          (DJ):    0.000ns
    Phase Error              (PE):    0.000ns

    Location             Delay type                Incr(ns)  Path(ns)    Netlist Resource(s)
  -------------------------------------------------------------------    -------------------
                         (clock shadow_dna_clk rise edge)
                                                      0.000     0.000 r  
    PS7_X0Y0             PS7                          0.000     0.000 r  udp_gateway_shadow_mirror_i/processing_system7_0/inst/PS7_i/FCLKCLK[0]
                         net (fo=1, routed)           1.193     1.193    udp_gateway_shadow_mirror_i/processing_system7_0/inst/FCLK_CLK_unbuffered[0]
    BUFGCTRL_X0Y17       BUFG (Prop_bufg_I_O)         0.101     1.294 r  udp_gateway_shadow_mirror_i/processing_system7_0/inst/buffer_fclk_clk_0.FCLK_CLK_0_BUFG/O
                         net (fo=42827, routed)       1.628     2.922    udp_gateway_shadow_mirror_i/dma_gateway_hybrid_0/inst/u_device_dna_reader/clk
    SLICE_X51Y68         FDCE (Prop_fdce_C_Q)         0.456     3.378 r  udp_gateway_shadow_mirror_i/dma_gateway_hybrid_0/inst/u_device_dna_reader/dna_clk_reg/Q
                         net (fo=1, routed)           1.381     4.759    udp_gateway_shadow_mirror_i/dma_gateway_hybrid_0/inst/u_device_dna_reader/dna_clk
    BUFGCTRL_X0Y16       BUFG (Prop_bufg_I_O)         0.101     4.860 r  udp_gateway_shadow_mirror_i/dma_gateway_hybrid_0/inst/u_device_dna_reader/dna_clk_BUFG_inst/O
                         net (fo=69, routed)          1.901     6.761    udp_gateway_shadow_mirror_i/dma_gateway_hybrid_0/inst/u_device_dna_reader/dna_clk_BUFG
    SLICE_X57Y111        FDPE                                         r  udp_gateway_shadow_mirror_i/dma_gateway_hybrid_0/inst/u_device_dna_reader/dna_busy_raw_reg/C
  -------------------------------------------------------------------    -------------------
    SLICE_X57Y111        FDPE (Prop_fdpe_C_Q)         0.456     7.217 f  udp_gateway_shadow_mirror_i/dma_gateway_hybrid_0/inst/u_device_dna_reader/dna_busy_raw_reg/Q
                         net (fo=10, routed)          2.613     9.830    udp_gateway_shadow_mirror_i/dma_gateway_hybrid_0/inst/u_device_dna_reader/dna_busy_raw
    SLICE_X105Y77        LUT1 (Prop_lut1_I0_O)        0.124     9.954 r  udp_gateway_shadow_mirror_i/dma_gateway_hybrid_0/inst/u_device_dna_reader/dna_done_sync_ff1_i_1/O
                         net (fo=1, routed)           0.701    10.655    udp_gateway_shadow_mirror_i/dma_gateway_hybrid_0/inst/u_device_dna_reader/dna_done_sync_ff1_i_1_n_0
    SLICE_X110Y77        FDCE                                         r  udp_gateway_shadow_mirror_i/dma_gateway_hybrid_0/inst/u_device_dna_reader/dna_done_sync_ff1_reg/D
  -------------------------------------------------------------------    -------------------

                         (clock clk_fpga_0 rise edge)
                                                     20.000    20.000 r  
    PS7_X0Y0             PS7                          0.000    20.000 r  udp_gateway_shadow_mirror_i/processing_system7_0/inst/PS7_i/FCLKCLK[0]
                         net (fo=1, routed)           1.088    21.088    udp_gateway_shadow_mirror_i/processing_system7_0/inst/FCLK_CLK_unbuffered[0]
    BUFGCTRL_X0Y17       BUFG (Prop_bufg_I_O)         0.091    21.179 r  udp_gateway_shadow_mirror_i/processing_system7_0/inst/buffer_fclk_clk_0.FCLK_CLK_0_BUFG/O
                         net (fo=42827, routed)       1.672    22.851    udp_gateway_shadow_mirror_i/dma_gateway_hybrid_0/inst/u_device_dna_reader/clk
    SLICE_X110Y77        FDCE                                         r  udp_gateway_shadow_mirror_i/dma_gateway_hybrid_0/inst/u_device_dna_reader/dna_done_sync_ff1_reg/C
                         clock pessimism              0.115    22.966    
                         clock uncertainty           -0.302    22.664    
    SLICE_X110Y77        FDCE (Setup_fdce_C_D)       -0.095    22.569    udp_gateway_shadow_mirror_i/dma_gateway_hybrid_0/inst/u_device_dna_reader/dna_done_sync_ff1_reg
  -------------------------------------------------------------------
                         required time                         22.569    
                         arrival time                         -10.655    
  -------------------------------------------------------------------
                         slack                                 11.914    

Slack (MET) :             12.360ns  (required time - arrival time)
  Source:                 udp_gateway_shadow_mirror_i/dma_gateway_hybrid_0/inst/u_device_dna_reader/dna_busy_raw_reg/C
                            (rising edge-triggered cell FDPE clocked by shadow_dna_clk  {rise@0.000ns fall@320.000ns period=640.000ns})
  Destination:            udp_gateway_shadow_mirror_i/dma_gateway_hybrid_0/inst/u_device_dna_reader/dna_clk_reg/D
                            (rising edge-triggered cell FDCE clocked by clk_fpga_0  {rise@0.000ns fall@10.000ns period=20.000ns})
  Path Group:             clk_fpga_0
  Path Type:              Setup (Max at Slow Process Corner)
  Requirement:            20.000ns  (clk_fpga_0 rise@20.000ns - shadow_dna_clk rise@0.000ns)
  Data Path Delay:        3.358ns  (logic 0.580ns (17.272%)  route 2.778ns (82.728%))
  Logic Levels:           1  (LUT6=1)
  Clock Path Skew:        -4.011ns (DCD - SCD + CPR)
    Destination Clock Delay (DCD):    2.635ns = ( 22.635 - 20.000 ) 
    Source Clock Delay      (SCD):    6.761ns
    Clock Pessimism Removal (CPR):    0.115ns
  Clock Uncertainty:      0.302ns  ((TSJ^2 + TIJ^2)^1/2 + DJ) / 2 + PE
    Total System Jitter     (TSJ):    0.071ns
    Total Input Jitter      (TIJ):    0.600ns
    Discrete Jitter          (DJ):    0.000ns
    Phase Error              (PE):    0.000ns

    Location             Delay type                Incr(ns)  Path(ns)    Netlist Resource(s)
  -------------------------------------------------------------------    -------------------
                         (clock shadow_dna_clk rise edge)
                                                      0.000     0.000 r  
    PS7_X0Y0             PS7                          0.000     0.000 r  udp_gateway_shadow_mirror_i/processing_system7_0/inst/PS7_i/FCLKCLK[0]
                         net (fo=1, routed)           1.193     1.193    udp_gateway_shadow_mirror_i/processing_system7_0/inst/FCLK_CLK_unbuffered[0]
    BUFGCTRL_X0Y17       BUFG (Prop_bufg_I_O)         0.101     1.294 r  udp_gateway_shadow_mirror_i/processing_system7_0/inst/buffer_fclk_clk_0.FCLK_CLK_0_BUFG/O
                         net (fo=42827, routed)       1.628     2.922    udp_gateway_shadow_mirror_i/dma_gateway_hybrid_0/inst/u_device_dna_reader/clk
    SLICE_X51Y68         FDCE (Prop_fdce_C_Q)         0.456     3.378 r  udp_gateway_shadow_mirror_i/dma_gateway_hybrid_0/inst/u_device_dna_reader/dna_clk_reg/Q
                         net (fo=1, routed)           1.381     4.759    udp_gateway_shadow_mirror_i/dma_gateway_hybrid_0/inst/u_device_dna_reader/dna_clk
    BUFGCTRL_X0Y16       BUFG (Prop_bufg_I_O)         0.101     4.860 r  udp_gateway_shadow_mirror_i/dma_gateway_hybrid_0/inst/u_device_dna_reader/dna_clk_BUFG_inst/O
                         net (fo=69, routed)          1.901     6.761    udp_gateway_shadow_mirror_i/dma_gateway_hybrid_0/inst/u_device_dna_reader/dna_clk_BUFG
    SLICE_X57Y111        FDPE                                         r  udp_gateway_shadow_mirror_i/dma_gateway_hybrid_0/inst/u_device_dna_reader/dna_busy_raw_reg/C
  -------------------------------------------------------------------    -------------------
    SLICE_X57Y111        FDPE (Prop_fdpe_C_Q)         0.456     7.217 r  udp_gateway_shadow_mirror_i/dma_gateway_hybrid_0/inst/u_device_dna_reader/dna_busy_raw_reg/Q
                         net (fo=10, routed)          2.778     9.995    udp_gateway_shadow_mirror_i/dma_gateway_hybrid_0/inst/u_device_dna_reader/dna_busy_raw
    SLICE_X51Y68         LUT6 (Prop_lut6_I4_O)        0.124    10.119 r  udp_gateway_shadow_mirror_i/dma_gateway_hybrid_0/inst/u_device_dna_reader/dna_clk_i_1/O
                         net (fo=1, routed)           0.000    10.119    udp_gateway_shadow_mirror_i/dma_gateway_hybrid_0/inst/u_device_dna_reader/dna_clk_i_1_n_0
    SLICE_X51Y68         FDCE                                         r  udp_gateway_shadow_mirror_i/dma_gateway_hybrid_0/inst/u_device_dna_reader/dna_clk_reg/D
  -------------------------------------------------------------------    -------------------

                         (clock clk_fpga_0 rise edge)
                                                     20.000    20.000 r  
    PS7_X0Y0             PS7                          0.000    20.000 r  udp_gateway_shadow_mirror_i/processing_system7_0/inst/PS7_i/FCLKCLK[0]
                         net (fo=1, routed)           1.088    21.088    udp_gateway_shadow_mirror_i/processing_system7_0/inst/FCLK_CLK_unbuffered[0]
    BUFGCTRL_X0Y17       BUFG (Prop_bufg_I_O)         0.091    21.179 r  udp_gateway_shadow_mirror_i/processing_system7_0/inst/buffer_fclk_clk_0.FCLK_CLK_0_BUFG/O
                         net (fo=42827, routed)       1.456    22.635    udp_gateway_shadow_mirror_i/dma_gateway_hybrid_0/inst/u_device_dna_reader/clk
    SLICE_X51Y68         FDCE                                         r  udp_gateway_shadow_mirror_i/dma_gateway_hybrid_0/inst/u_device_dna_reader/dna_clk_reg/C
                         clock pessimism              0.115    22.750    
                         clock uncertainty           -0.302    22.448    
    SLICE_X51Y68         FDCE (Setup_fdce_C_D)        0.031    22.479    udp_gateway_shadow_mirror_i/dma_gateway_hybrid_0/inst/u_device_dna_reader/dna_clk_reg
  -------------------------------------------------------------------
                         required time                         22.479    
                         arrival time                         -10.119    
  -------------------------------------------------------------------
                         slack                                 12.360    

Slack (MET) :             12.441ns  (required time - arrival time)
  Source:                 udp_gateway_shadow_mirror_i/dma_gateway_hybrid_0/inst/u_device_dna_reader/dna_busy_raw_reg/C
                            (rising edge-triggered cell FDPE clocked by shadow_dna_clk  {rise@0.000ns fall@320.000ns period=640.000ns})
  Destination:            udp_gateway_shadow_mirror_i/dma_gateway_hybrid_0/inst/u_device_dna_reader/dna_clk_div_ctr_reg[2]/D
                            (rising edge-triggered cell FDCE clocked by clk_fpga_0  {rise@0.000ns fall@10.000ns period=20.000ns})
  Path Group:             clk_fpga_0
  Path Type:              Setup (Max at Slow Process Corner)
  Requirement:            20.000ns  (clk_fpga_0 rise@20.000ns - shadow_dna_clk rise@0.000ns)
  Data Path Delay:        3.277ns  (logic 0.580ns (17.697%)  route 2.697ns (82.303%))
  Logic Levels:           1  (LUT4=1)
  Clock Path Skew:        -4.011ns (DCD - SCD + CPR)
    Destination Clock Delay (DCD):    2.635ns = ( 22.635 - 20.000 ) 
    Source Clock Delay      (SCD):    6.761ns
    Clock Pessimism Removal (CPR):    0.115ns
  Clock Uncertainty:      0.302ns  ((TSJ^2 + TIJ^2)^1/2 + DJ) / 2 + PE
    Total System Jitter     (TSJ):    0.071ns
    Total Input Jitter      (TIJ):    0.600ns
    Discrete Jitter          (DJ):    0.000ns
    Phase Error              (PE):    0.000ns

    Location             Delay type                Incr(ns)  Path(ns)    Netlist Resource(s)
  -------------------------------------------------------------------    -------------------
                         (clock shadow_dna_clk rise edge)
                                                      0.000     0.000 r  
    PS7_X0Y0             PS7                          0.000     0.000 r  udp_gateway_shadow_mirror_i/processing_system7_0/inst/PS7_i/FCLKCLK[0]
                         net (fo=1, routed)           1.193     1.193    udp_gateway_shadow_mirror_i/processing_system7_0/inst/FCLK_CLK_unbuffered[0]
    BUFGCTRL_X0Y17       BUFG (Prop_bufg_I_O)         0.101     1.294 r  udp_gateway_shadow_mirror_i/processing_system7_0/inst/buffer_fclk_clk_0.FCLK_CLK_0_BUFG/O
                         net (fo=42827, routed)       1.628     2.922    udp_gateway_shadow_mirror_i/dma_gateway_hybrid_0/inst/u_device_dna_reader/clk
    SLICE_X51Y68         FDCE (Prop_fdce_C_Q)         0.456     3.378 r  udp_gateway_shadow_mirror_i/dma_gateway_hybrid_0/inst/u_device_dna_reader/dna_clk_reg/Q
                         net (fo=1, routed)           1.381     4.759    udp_gateway_shadow_mirror_i/dma_gateway_hybrid_0/inst/u_device_dna_reader/dna_clk
    BUFGCTRL_X0Y16       BUFG (Prop_bufg_I_O)         0.101     4.860 r  udp_gateway_shadow_mirror_i/dma_gateway_hybrid_0/inst/u_device_dna_reader/dna_clk_BUFG_inst/O
                         net (fo=69, routed)          1.901     6.761    udp_gateway_shadow_mirror_i/dma_gateway_hybrid_0/inst/u_device_dna_reader/dna_clk_BUFG
    SLICE_X57Y111        FDPE                                         r  udp_gateway_shadow_mirror_i/dma_gateway_hybrid_0/inst/u_device_dna_reader/dna_busy_raw_reg/C
  -------------------------------------------------------------------    -------------------
    SLICE_X57Y111        FDPE (Prop_fdpe_C_Q)         0.456     7.217 r  udp_gateway_shadow_mirror_i/dma_gateway_hybrid_0/inst/u_device_dna_reader/dna_busy_raw_reg/Q
                         net (fo=10, routed)          2.697     9.914    udp_gateway_shadow_mirror_i/dma_gateway_hybrid_0/inst/u_device_dna_reader/dna_busy_raw
    SLICE_X51Y68         LUT4 (Prop_lut4_I0_O)        0.124    10.038 r  udp_gateway_shadow_mirror_i/dma_gateway_hybrid_0/inst/u_device_dna_reader/dna_clk_div_ctr[2]_i_1/O
                         net (fo=1, routed)           0.000    10.038    udp_gateway_shadow_mirror_i/dma_gateway_hybrid_0/inst/u_device_dna_reader/dna_clk_div_ctr[2]_i_1_n_0
    SLICE_X51Y68         FDCE                                         r  udp_gateway_shadow_mirror_i/dma_gateway_hybrid_0/inst/u_device_dna_reader/dna_clk_div_ctr_reg[2]/D
  -------------------------------------------------------------------    -------------------

                         (clock clk_fpga_0 rise edge)
                                                     20.000    20.000 r  
    PS7_X0Y0             PS7                          0.000    20.000 r  udp_gateway_shadow_mirror_i/processing_system7_0/inst/PS7_i/FCLKCLK[0]
                         net (fo=1, routed)           1.088    21.088    udp_gateway_shadow_mirror_i/processing_system7_0/inst/FCLK_CLK_unbuffered[0]
    BUFGCTRL_X0Y17       BUFG (Prop_bufg_I_O)         0.091    21.179 r  udp_gateway_shadow_mirror_i/processing_system7_0/inst/buffer_fclk_clk_0.FCLK_CLK_0_BUFG/O
                         net (fo=42827, routed)       1.456    22.635    udp_gateway_shadow_mirror_i/dma_gateway_hybrid_0/inst/u_device_dna_reader/clk
    SLICE_X51Y68         FDCE                                         r  udp_gateway_shadow_mirror_i/dma_gateway_hybrid_0/inst/u_device_dna_reader/dna_clk_div_ctr_reg[2]/C
                         clock pessimism              0.115    22.750    
                         clock uncertainty           -0.302    22.448    
    SLICE_X51Y68         FDCE (Setup_fdce_C_D)        0.031    22.479    udp_gateway_shadow_mirror_i/dma_gateway_hybrid_0/inst/u_device_dna_reader/dna_clk_div_ctr_reg[2]
  -------------------------------------------------------------------
                         required time                         22.479    
                         arrival time                         -10.038    
  -------------------------------------------------------------------
                         slack                                 12.441    

Slack (MET) :             12.444ns  (required time - arrival time)
  Source:                 udp_gateway_shadow_mirror_i/dma_gateway_hybrid_0/inst/u_device_dna_reader/dna_busy_raw_reg/C
                            (rising edge-triggered cell FDPE clocked by shadow_dna_clk  {rise@0.000ns fall@320.000ns period=640.000ns})
  Destination:            udp_gateway_shadow_mirror_i/dma_gateway_hybrid_0/inst/u_device_dna_reader/dna_clk_div_ctr_reg[0]/D
                            (rising edge-triggered cell FDCE clocked by clk_fpga_0  {rise@0.000ns fall@10.000ns period=20.000ns})
  Path Group:             clk_fpga_0
  Path Type:              Setup (Max at Slow Process Corner)
  Requirement:            20.000ns  (clk_fpga_0 rise@20.000ns - shadow_dna_clk rise@0.000ns)
  Data Path Delay:        3.272ns  (logic 0.580ns (17.724%)  route 2.692ns (82.276%))
  Logic Levels:           1  (LUT2=1)
  Clock Path Skew:        -4.011ns (DCD - SCD + CPR)
    Destination Clock Delay (DCD):    2.635ns = ( 22.635 - 20.000 ) 
    Source Clock Delay      (SCD):    6.761ns
    Clock Pessimism Removal (CPR):    0.115ns
  Clock Uncertainty:      0.302ns  ((TSJ^2 + TIJ^2)^1/2 + DJ) / 2 + PE
    Total System Jitter     (TSJ):    0.071ns
    Total Input Jitter      (TIJ):    0.600ns
    Discrete Jitter          (DJ):    0.000ns
    Phase Error              (PE):    0.000ns

    Location             Delay type                Incr(ns)  Path(ns)    Netlist Resource(s)
  -------------------------------------------------------------------    -------------------
                         (clock shadow_dna_clk rise edge)
                                                      0.000     0.000 r  
    PS7_X0Y0             PS7                          0.000     0.000 r  udp_gateway_shadow_mirror_i/processing_system7_0/inst/PS7_i/FCLKCLK[0]
                         net (fo=1, routed)           1.193     1.193    udp_gateway_shadow_mirror_i/processing_system7_0/inst/FCLK_CLK_unbuffered[0]
    BUFGCTRL_X0Y17       BUFG (Prop_bufg_I_O)         0.101     1.294 r  udp_gateway_shadow_mirror_i/processing_system7_0/inst/buffer_fclk_clk_0.FCLK_CLK_0_BUFG/O
                         net (fo=42827, routed)       1.628     2.922    udp_gateway_shadow_mirror_i/dma_gateway_hybrid_0/inst/u_device_dna_reader/clk
    SLICE_X51Y68         FDCE (Prop_fdce_C_Q)         0.456     3.378 r  udp_gateway_shadow_mirror_i/dma_gateway_hybrid_0/inst/u_device_dna_reader/dna_clk_reg/Q
                         net (fo=1, routed)           1.381     4.759    udp_gateway_shadow_mirror_i/dma_gateway_hybrid_0/inst/u_device_dna_reader/dna_clk
    BUFGCTRL_X0Y16       BUFG (Prop_bufg_I_O)         0.101     4.860 r  udp_gateway_shadow_mirror_i/dma_gateway_hybrid_0/inst/u_device_dna_reader/dna_clk_BUFG_inst/O
                         net (fo=69, routed)          1.901     6.761    udp_gateway_shadow_mirror_i/dma_gateway_hybrid_0/inst/u_device_dna_reader/dna_clk_BUFG
    SLICE_X57Y111        FDPE                                         r  udp_gateway_shadow_mirror_i/dma_gateway_hybrid_0/inst/u_device_dna_reader/dna_busy_raw_reg/C
  -------------------------------------------------------------------    -------------------
    SLICE_X57Y111        FDPE (Prop_fdpe_C_Q)         0.456     7.217 r  udp_gateway_shadow_mirror_i/dma_gateway_hybrid_0/inst/u_device_dna_reader/dna_busy_raw_reg/Q
                         net (fo=10, routed)          2.692     9.909    udp_gateway_shadow_mirror_i/dma_gateway_hybrid_0/inst/u_device_dna_reader/dna_busy_raw
    SLICE_X51Y68         LUT2 (Prop_lut2_I0_O)        0.124    10.033 r  udp_gateway_shadow_mirror_i/dma_gateway_hybrid_0/inst/u_device_dna_reader/dna_clk_div_ctr[0]_i_1/O
                         net (fo=1, routed)           0.000    10.033    udp_gateway_shadow_mirror_i/dma_gateway_hybrid_0/inst/u_device_dna_reader/dna_clk_div_ctr[0]_i_1_n_0
    SLICE_X51Y68         FDCE                                         r  udp_gateway_shadow_mirror_i/dma_gateway_hybrid_0/inst/u_device_dna_reader/dna_clk_div_ctr_reg[0]/D
  -------------------------------------------------------------------    -------------------

                         (clock clk_fpga_0 rise edge)
                                                     20.000    20.000 r  
    PS7_X0Y0             PS7                          0.000    20.000 r  udp_gateway_shadow_mirror_i/processing_system7_0/inst/PS7_i/FCLKCLK[0]
                         net (fo=1, routed)           1.088    21.088    udp_gateway_shadow_mirror_i/processing_system7_0/inst/FCLK_CLK_unbuffered[0]
    BUFGCTRL_X0Y17       BUFG (Prop_bufg_I_O)         0.091    21.179 r  udp_gateway_shadow_mirror_i/processing_system7_0/inst/buffer_fclk_clk_0.FCLK_CLK_0_BUFG/O
                         net (fo=42827, routed)       1.456    22.635    udp_gateway_shadow_mirror_i/dma_gateway_hybrid_0/inst/u_device_dna_reader/clk
    SLICE_X51Y68         FDCE                                         r  udp_gateway_shadow_mirror_i/dma_gateway_hybrid_0/inst/u_device_dna_reader/dna_clk_div_ctr_reg[0]/C
                         clock pessimism              0.115    22.750    
                         clock uncertainty           -0.302    22.448    
    SLICE_X51Y68         FDCE (Setup_fdce_C_D)        0.029    22.477    udp_gateway_shadow_mirror_i/dma_gateway_hybrid_0/inst/u_device_dna_reader/dna_clk_div_ctr_reg[0]
  -------------------------------------------------------------------
                         required time                         22.477    
                         arrival time                         -10.033    
  -------------------------------------------------------------------
                         slack                                 12.444    

Slack (MET) :             12.457ns  (required time - arrival time)
  Source:                 udp_gateway_shadow_mirror_i/dma_gateway_hybrid_0/inst/u_device_dna_reader/dna_busy_raw_reg/C
                            (rising edge-triggered cell FDPE clocked by shadow_dna_clk  {rise@0.000ns fall@320.000ns period=640.000ns})
  Destination:            udp_gateway_shadow_mirror_i/dma_gateway_hybrid_0/inst/u_device_dna_reader/dna_clk_div_ctr_reg[3]/D
                            (rising edge-triggered cell FDCE clocked by clk_fpga_0  {rise@0.000ns fall@10.000ns period=20.000ns})
  Path Group:             clk_fpga_0
  Path Type:              Setup (Max at Slow Process Corner)
  Requirement:            20.000ns  (clk_fpga_0 rise@20.000ns - shadow_dna_clk rise@0.000ns)
  Data Path Delay:        3.305ns  (logic 0.608ns (18.394%)  route 2.697ns (81.606%))
  Logic Levels:           1  (LUT5=1)
  Clock Path Skew:        -4.011ns (DCD - SCD + CPR)
    Destination Clock Delay (DCD):    2.635ns = ( 22.635 - 20.000 ) 
    Source Clock Delay      (SCD):    6.761ns
    Clock Pessimism Removal (CPR):    0.115ns
  Clock Uncertainty:      0.302ns  ((TSJ^2 + TIJ^2)^1/2 + DJ) / 2 + PE
    Total System Jitter     (TSJ):    0.071ns
    Total Input Jitter      (TIJ):    0.600ns
    Discrete Jitter          (DJ):    0.000ns
    Phase Error              (PE):    0.000ns

    Location             Delay type                Incr(ns)  Path(ns)    Netlist Resource(s)
  -------------------------------------------------------------------    -------------------
                         (clock shadow_dna_clk rise edge)
                                                      0.000     0.000 r  
    PS7_X0Y0             PS7                          0.000     0.000 r  udp_gateway_shadow_mirror_i/processing_system7_0/inst/PS7_i/FCLKCLK[0]
                         net (fo=1, routed)           1.193     1.193    udp_gateway_shadow_mirror_i/processing_system7_0/inst/FCLK_CLK_unbuffered[0]
    BUFGCTRL_X0Y17       BUFG (Prop_bufg_I_O)         0.101     1.294 r  udp_gateway_shadow_mirror_i/processing_system7_0/inst/buffer_fclk_clk_0.FCLK_CLK_0_BUFG/O
                         net (fo=42827, routed)       1.628     2.922    udp_gateway_shadow_mirror_i/dma_gateway_hybrid_0/inst/u_device_dna_reader/clk
    SLICE_X51Y68         FDCE (Prop_fdce_C_Q)         0.456     3.378 r  udp_gateway_shadow_mirror_i/dma_gateway_hybrid_0/inst/u_device_dna_reader/dna_clk_reg/Q
                         net (fo=1, routed)           1.381     4.759    udp_gateway_shadow_mirror_i/dma_gateway_hybrid_0/inst/u_device_dna_reader/dna_clk
    BUFGCTRL_X0Y16       BUFG (Prop_bufg_I_O)         0.101     4.860 r  udp_gateway_shadow_mirror_i/dma_gateway_hybrid_0/inst/u_device_dna_reader/dna_clk_BUFG_inst/O
                         net (fo=69, routed)          1.901     6.761    udp_gateway_shadow_mirror_i/dma_gateway_hybrid_0/inst/u_device_dna_reader/dna_clk_BUFG
    SLICE_X57Y111        FDPE                                         r  udp_gateway_shadow_mirror_i/dma_gateway_hybrid_0/inst/u_device_dna_reader/dna_busy_raw_reg/C
  -------------------------------------------------------------------    -------------------
    SLICE_X57Y111        FDPE (Prop_fdpe_C_Q)         0.456     7.217 r  udp_gateway_shadow_mirror_i/dma_gateway_hybrid_0/inst/u_device_dna_reader/dna_busy_raw_reg/Q
                         net (fo=10, routed)          2.697     9.914    udp_gateway_shadow_mirror_i/dma_gateway_hybrid_0/inst/u_device_dna_reader/dna_busy_raw
    SLICE_X51Y68         LUT5 (Prop_lut5_I0_O)        0.152    10.066 r  udp_gateway_shadow_mirror_i/dma_gateway_hybrid_0/inst/u_device_dna_reader/dna_clk_div_ctr[3]_i_1/O
                         net (fo=1, routed)           0.000    10.066    udp_gateway_shadow_mirror_i/dma_gateway_hybrid_0/inst/u_device_dna_reader/dna_clk_div_ctr[3]_i_1_n_0
    SLICE_X51Y68         FDCE                                         r  udp_gateway_shadow_mirror_i/dma_gateway_hybrid_0/inst/u_device_dna_reader/dna_clk_div_ctr_reg[3]/D
  -------------------------------------------------------------------    -------------------

                         (clock clk_fpga_0 rise edge)
                                                     20.000    20.000 r  
    PS7_X0Y0             PS7                          0.000    20.000 r  udp_gateway_shadow_mirror_i/processing_system7_0/inst/PS7_i/FCLKCLK[0]
                         net (fo=1, routed)           1.088    21.088    udp_gateway_shadow_mirror_i/processing_system7_0/inst/FCLK_CLK_unbuffered[0]
    BUFGCTRL_X0Y17       BUFG (Prop_bufg_I_O)         0.091    21.179 r  udp_gateway_shadow_mirror_i/processing_system7_0/inst/buffer_fclk_clk_0.FCLK_CLK_0_BUFG/O
                         net (fo=42827, routed)       1.456    22.635    udp_gateway_shadow_mirror_i/dma_gateway_hybrid_0/inst/u_device_dna_reader/clk
    SLICE_X51Y68         FDCE                                         r  udp_gateway_shadow_mirror_i/dma_gateway_hybrid_0/inst/u_device_dna_reader/dna_clk_div_ctr_reg[3]/C
                         clock pessimism              0.115    22.750    
                         clock uncertainty           -0.302    22.448    
    SLICE_X51Y68         FDCE (Setup_fdce_C_D)        0.075    22.523    udp_gateway_shadow_mirror_i/dma_gateway_hybrid_0/inst/u_device_dna_reader/dna_clk_div_ctr_reg[3]
  -------------------------------------------------------------------
                         required time                         22.523    
                         arrival time                         -10.066    
  -------------------------------------------------------------------
                         slack                                 12.457    

Slack (MET) :             12.464ns  (required time - arrival time)
  Source:                 udp_gateway_shadow_mirror_i/dma_gateway_hybrid_0/inst/u_device_dna_reader/dna_busy_raw_reg/C
                            (rising edge-triggered cell FDPE clocked by shadow_dna_clk  {rise@0.000ns fall@320.000ns period=640.000ns})
  Destination:            udp_gateway_shadow_mirror_i/dma_gateway_hybrid_0/inst/u_device_dna_reader/dna_clk_div_ctr_reg[1]/D
                            (rising edge-triggered cell FDCE clocked by clk_fpga_0  {rise@0.000ns fall@10.000ns period=20.000ns})
  Path Group:             clk_fpga_0
  Path Type:              Setup (Max at Slow Process Corner)
  Requirement:            20.000ns  (clk_fpga_0 rise@20.000ns - shadow_dna_clk rise@0.000ns)
  Data Path Delay:        3.298ns  (logic 0.606ns (18.373%)  route 2.692ns (81.627%))
  Logic Levels:           1  (LUT3=1)
  Clock Path Skew:        -4.011ns (DCD - SCD + CPR)
    Destination Clock Delay (DCD):    2.635ns = ( 22.635 - 20.000 ) 
    Source Clock Delay      (SCD):    6.761ns
    Clock Pessimism Removal (CPR):    0.115ns
  Clock Uncertainty:      0.302ns  ((TSJ^2 + TIJ^2)^1/2 + DJ) / 2 + PE
    Total System Jitter     (TSJ):    0.071ns
    Total Input Jitter      (TIJ):    0.600ns
    Discrete Jitter          (DJ):    0.000ns
    Phase Error              (PE):    0.000ns

    Location             Delay type                Incr(ns)  Path(ns)    Netlist Resource(s)
  -------------------------------------------------------------------    -------------------
                         (clock shadow_dna_clk rise edge)
                                                      0.000     0.000 r  
    PS7_X0Y0             PS7                          0.000     0.000 r  udp_gateway_shadow_mirror_i/processing_system7_0/inst/PS7_i/FCLKCLK[0]
                         net (fo=1, routed)           1.193     1.193    udp_gateway_shadow_mirror_i/processing_system7_0/inst/FCLK_CLK_unbuffered[0]
    BUFGCTRL_X0Y17       BUFG (Prop_bufg_I_O)         0.101     1.294 r  udp_gateway_shadow_mirror_i/processing_system7_0/inst/buffer_fclk_clk_0.FCLK_CLK_0_BUFG/O
                         net (fo=42827, routed)       1.628     2.922    udp_gateway_shadow_mirror_i/dma_gateway_hybrid_0/inst/u_device_dna_reader/clk
    SLICE_X51Y68         FDCE (Prop_fdce_C_Q)         0.456     3.378 r  udp_gateway_shadow_mirror_i/dma_gateway_hybrid_0/inst/u_device_dna_reader/dna_clk_reg/Q
                         net (fo=1, routed)           1.381     4.759    udp_gateway_shadow_mirror_i/dma_gateway_hybrid_0/inst/u_device_dna_reader/dna_clk
    BUFGCTRL_X0Y16       BUFG (Prop_bufg_I_O)         0.101     4.860 r  udp_gateway_shadow_mirror_i/dma_gateway_hybrid_0/inst/u_device_dna_reader/dna_clk_BUFG_inst/O
                         net (fo=69, routed)          1.901     6.761    udp_gateway_shadow_mirror_i/dma_gateway_hybrid_0/inst/u_device_dna_reader/dna_clk_BUFG
    SLICE_X57Y111        FDPE                                         r  udp_gateway_shadow_mirror_i/dma_gateway_hybrid_0/inst/u_device_dna_reader/dna_busy_raw_reg/C
  -------------------------------------------------------------------    -------------------
    SLICE_X57Y111        FDPE (Prop_fdpe_C_Q)         0.456     7.217 r  udp_gateway_shadow_mirror_i/dma_gateway_hybrid_0/inst/u_device_dna_reader/dna_busy_raw_reg/Q
                         net (fo=10, routed)          2.692     9.909    udp_gateway_shadow_mirror_i/dma_gateway_hybrid_0/inst/u_device_dna_reader/dna_busy_raw
    SLICE_X51Y68         LUT3 (Prop_lut3_I0_O)        0.150    10.059 r  udp_gateway_shadow_mirror_i/dma_gateway_hybrid_0/inst/u_device_dna_reader/dna_clk_div_ctr[1]_i_1/O
                         net (fo=1, routed)           0.000    10.059    udp_gateway_shadow_mirror_i/dma_gateway_hybrid_0/inst/u_device_dna_reader/dna_clk_div_ctr[1]_i_1_n_0
    SLICE_X51Y68         FDCE                                         r  udp_gateway_shadow_mirror_i/dma_gateway_hybrid_0/inst/u_device_dna_reader/dna_clk_div_ctr_reg[1]/D
  -------------------------------------------------------------------    -------------------

                         (clock clk_fpga_0 rise edge)
                                                     20.000    20.000 r  
    PS7_X0Y0             PS7                          0.000    20.000 r  udp_gateway_shadow_mirror_i/processing_system7_0/inst/PS7_i/FCLKCLK[0]
                         net (fo=1, routed)           1.088    21.088    udp_gateway_shadow_mirror_i/processing_system7_0/inst/FCLK_CLK_unbuffered[0]
    BUFGCTRL_X0Y17       BUFG (Prop_bufg_I_O)         0.091    21.179 r  udp_gateway_shadow_mirror_i/processing_system7_0/inst/buffer_fclk_clk_0.FCLK_CLK_0_BUFG/O
                         net (fo=42827, routed)       1.456    22.635    udp_gateway_shadow_mirror_i/dma_gateway_hybrid_0/inst/u_device_dna_reader/clk
    SLICE_X51Y68         FDCE                                         r  udp_gateway_shadow_mirror_i/dma_gateway_hybrid_0/inst/u_device_dna_reader/dna_clk_div_ctr_reg[1]/C
                         clock pessimism              0.115    22.750    
                         clock uncertainty           -0.302    22.448    
    SLICE_X51Y68         FDCE (Setup_fdce_C_D)        0.075    22.523    udp_gateway_shadow_mirror_i/dma_gateway_hybrid_0/inst/u_device_dna_reader/dna_clk_div_ctr_reg[1]
  -------------------------------------------------------------------
                         required time                         22.523    
                         arrival time                         -10.059    
  -------------------------------------------------------------------
                         slack                                 12.464    

Slack (MET) :             13.996ns  (required time - arrival time)
  Source:                 udp_gateway_shadow_mirror_i/dma_gateway_hybrid_0/inst/u_device_dna_reader/dna_shift_value_reg[54]/C
                            (rising edge-triggered cell FDCE clocked by shadow_dna_clk  {rise@0.000ns fall@320.000ns period=640.000ns})
  Destination:            udp_gateway_shadow_mirror_i/dma_gateway_hybrid_0/inst/u_device_dna_reader/o_dna_value_reg[54]/D
                            (rising edge-triggered cell FDCE clocked by clk_fpga_0  {rise@0.000ns fall@10.000ns period=20.000ns})
  Path Group:             clk_fpga_0
  Path Type:              Setup (Max at Slow Process Corner)
  Requirement:            20.000ns  (clk_fpga_0 rise@20.000ns - shadow_dna_clk rise@0.000ns)
  Data Path Delay:        1.746ns  (logic 0.419ns (23.991%)  route 1.327ns (76.009%))
  Logic Levels:           0  
  Clock Path Skew:        -3.741ns (DCD - SCD + CPR)
    Destination Clock Delay (DCD):    2.857ns = ( 22.857 - 20.000 ) 
    Source Clock Delay      (SCD):    6.713ns
    Clock Pessimism Removal (CPR):    0.115ns
  Clock Uncertainty:      0.302ns  ((TSJ^2 + TIJ^2)^1/2 + DJ) / 2 + PE
    Total System Jitter     (TSJ):    0.071ns
    Total Input Jitter      (TIJ):    0.600ns
    Discrete Jitter          (DJ):    0.000ns
    Phase Error              (PE):    0.000ns

    Location             Delay type                Incr(ns)  Path(ns)    Netlist Resource(s)
  -------------------------------------------------------------------    -------------------
                         (clock shadow_dna_clk rise edge)
                                                      0.000     0.000 r  
    PS7_X0Y0             PS7                          0.000     0.000 r  udp_gateway_shadow_mirror_i/processing_system7_0/inst/PS7_i/FCLKCLK[0]
                         net (fo=1, routed)           1.193     1.193    udp_gateway_shadow_mirror_i/processing_system7_0/inst/FCLK_CLK_unbuffered[0]
    BUFGCTRL_X0Y17       BUFG (Prop_bufg_I_O)         0.101     1.294 r  udp_gateway_shadow_mirror_i/processing_system7_0/inst/buffer_fclk_clk_0.FCLK_CLK_0_BUFG/O
                         net (fo=42827, routed)       1.628     2.922    udp_gateway_shadow_mirror_i/dma_gateway_hybrid_0/inst/u_device_dna_reader/clk
    SLICE_X51Y68         FDCE (Prop_fdce_C_Q)         0.456     3.378 r  udp_gateway_shadow_mirror_i/dma_gateway_hybrid_0/inst/u_device_dna_reader/dna_clk_reg/Q
                         net (fo=1, routed)           1.381     4.759    udp_gateway_shadow_mirror_i/dma_gateway_hybrid_0/inst/u_device_dna_reader/dna_clk
    BUFGCTRL_X0Y16       BUFG (Prop_bufg_I_O)         0.101     4.860 r  udp_gateway_shadow_mirror_i/dma_gateway_hybrid_0/inst/u_device_dna_reader/dna_clk_BUFG_inst/O
                         net (fo=69, routed)          1.853     6.713    udp_gateway_shadow_mirror_i/dma_gateway_hybrid_0/inst/u_device_dna_reader/dna_clk_BUFG
    SLICE_X113Y80        FDCE                                         r  udp_gateway_shadow_mirror_i/dma_gateway_hybrid_0/inst/u_device_dna_reader/dna_shift_value_reg[54]/C
  -------------------------------------------------------------------    -------------------
    SLICE_X113Y80        FDCE (Prop_fdce_C_Q)         0.419     7.132 r  udp_gateway_shadow_mirror_i/dma_gateway_hybrid_0/inst/u_device_dna_reader/dna_shift_value_reg[54]/Q
                         net (fo=2, routed)           1.327     8.459    udp_gateway_shadow_mirror_i/dma_gateway_hybrid_0/inst/u_device_dna_reader/dna_shift_value[54]
    SLICE_X113Y82        FDCE                                         r  udp_gateway_shadow_mirror_i/dma_gateway_hybrid_0/inst/u_device_dna_reader/o_dna_value_reg[54]/D
  -------------------------------------------------------------------    -------------------

                         (clock clk_fpga_0 rise edge)
                                                     20.000    20.000 r  
    PS7_X0Y0             PS7                          0.000    20.000 r  udp_gateway_shadow_mirror_i/processing_system7_0/inst/PS7_i/FCLKCLK[0]
                         net (fo=1, routed)           1.088    21.088    udp_gateway_shadow_mirror_i/processing_system7_0/inst/FCLK_CLK_unbuffered[0]
    BUFGCTRL_X0Y17       BUFG (Prop_bufg_I_O)         0.091    21.179 r  udp_gateway_shadow_mirror_i/processing_system7_0/inst/buffer_fclk_clk_0.FCLK_CLK_0_BUFG/O
                         net (fo=42827, routed)       1.678    22.857    udp_gateway_shadow_mirror_i/dma_gateway_hybrid_0/inst/u_device_dna_reader/clk
    SLICE_X113Y82        FDCE                                         r  udp_gateway_shadow_mirror_i/dma_gateway_hybrid_0/inst/u_device_dna_reader/o_dna_value_reg[54]/C
                         clock pessimism              0.115    22.972    
                         clock uncertainty           -0.302    22.670    
    SLICE_X113Y82        FDCE (Setup_fdce_C_D)       -0.215    22.455    udp_gateway_shadow_mirror_i/dma_gateway_hybrid_0/inst/u_device_dna_reader/o_dna_value_reg[54]
  -------------------------------------------------------------------
                         required time                         22.455    
                         arrival time                          -8.459    
  -------------------------------------------------------------------
                         slack                                 13.996    

Slack (MET) :             13.997ns  (required time - arrival time)
  Source:                 udp_gateway_shadow_mirror_i/dma_gateway_hybrid_0/inst/u_device_dna_reader/dna_shift_value_reg[0]/C
                            (rising edge-triggered cell FDCE clocked by shadow_dna_clk  {rise@0.000ns fall@320.000ns period=640.000ns})
  Destination:            udp_gateway_shadow_mirror_i/dma_gateway_hybrid_0/inst/u_device_dna_reader/o_dna_value_reg[0]/D
                            (rising edge-triggered cell FDCE clocked by clk_fpga_0  {rise@0.000ns fall@10.000ns period=20.000ns})
  Path Group:             clk_fpga_0
  Path Type:              Setup (Max at Slow Process Corner)
  Requirement:            20.000ns  (clk_fpga_0 rise@20.000ns - shadow_dna_clk rise@0.000ns)
  Data Path Delay:        2.020ns  (logic 0.456ns (22.573%)  route 1.564ns (77.427%))
  Logic Levels:           0  
  Clock Path Skew:        -3.600ns (DCD - SCD + CPR)
    Destination Clock Delay (DCD):    2.848ns = ( 22.848 - 20.000 ) 
    Source Clock Delay      (SCD):    6.563ns
    Clock Pessimism Removal (CPR):    0.115ns
  Clock Uncertainty:      0.302ns  ((TSJ^2 + TIJ^2)^1/2 + DJ) / 2 + PE
    Total System Jitter     (TSJ):    0.071ns
    Total Input Jitter      (TIJ):    0.600ns
    Discrete Jitter          (DJ):    0.000ns
    Phase Error              (PE):    0.000ns

    Location             Delay type                Incr(ns)  Path(ns)    Netlist Resource(s)
  -------------------------------------------------------------------    -------------------
                         (clock shadow_dna_clk rise edge)
                                                      0.000     0.000 r  
    PS7_X0Y0             PS7                          0.000     0.000 r  udp_gateway_shadow_mirror_i/processing_system7_0/inst/PS7_i/FCLKCLK[0]
                         net (fo=1, routed)           1.193     1.193    udp_gateway_shadow_mirror_i/processing_system7_0/inst/FCLK_CLK_unbuffered[0]
    BUFGCTRL_X0Y17       BUFG (Prop_bufg_I_O)         0.101     1.294 r  udp_gateway_shadow_mirror_i/processing_system7_0/inst/buffer_fclk_clk_0.FCLK_CLK_0_BUFG/O
                         net (fo=42827, routed)       1.628     2.922    udp_gateway_shadow_mirror_i/dma_gateway_hybrid_0/inst/u_device_dna_reader/clk
    SLICE_X51Y68         FDCE (Prop_fdce_C_Q)         0.456     3.378 r  udp_gateway_shadow_mirror_i/dma_gateway_hybrid_0/inst/u_device_dna_reader/dna_clk_reg/Q
                         net (fo=1, routed)           1.381     4.759    udp_gateway_shadow_mirror_i/dma_gateway_hybrid_0/inst/u_device_dna_reader/dna_clk
    BUFGCTRL_X0Y16       BUFG (Prop_bufg_I_O)         0.101     4.860 r  udp_gateway_shadow_mirror_i/dma_gateway_hybrid_0/inst/u_device_dna_reader/dna_clk_BUFG_inst/O
                         net (fo=69, routed)          1.703     6.563    udp_gateway_shadow_mirror_i/dma_gateway_hybrid_0/inst/u_device_dna_reader/dna_clk_BUFG
    SLICE_X85Y76         FDCE                                         r  udp_gateway_shadow_mirror_i/dma_gateway_hybrid_0/inst/u_device_dna_reader/dna_shift_value_reg[0]/C
  -------------------------------------------------------------------    -------------------
    SLICE_X85Y76         FDCE (Prop_fdce_C_Q)         0.456     7.019 r  udp_gateway_shadow_mirror_i/dma_gateway_hybrid_0/inst/u_device_dna_reader/dna_shift_value_reg[0]/Q
                         net (fo=2, routed)           1.564     8.583    udp_gateway_shadow_mirror_i/dma_gateway_hybrid_0/inst/u_device_dna_reader/dna_shift_value[0]
    SLICE_X111Y74        FDCE                                         r  udp_gateway_shadow_mirror_i/dma_gateway_hybrid_0/inst/u_device_dna_reader/o_dna_value_reg[0]/D
  -------------------------------------------------------------------    -------------------

                         (clock clk_fpga_0 rise edge)
                                                     20.000    20.000 r  
    PS7_X0Y0             PS7                          0.000    20.000 r  udp_gateway_shadow_mirror_i/processing_system7_0/inst/PS7_i/FCLKCLK[0]
                         net (fo=1, routed)           1.088    21.088    udp_gateway_shadow_mirror_i/processing_system7_0/inst/FCLK_CLK_unbuffered[0]
    BUFGCTRL_X0Y17       BUFG (Prop_bufg_I_O)         0.091    21.179 r  udp_gateway_shadow_mirror_i/processing_system7_0/inst/buffer_fclk_clk_0.FCLK_CLK_0_BUFG/O
                         net (fo=42827, routed)       1.669    22.848    udp_gateway_shadow_mirror_i/dma_gateway_hybrid_0/inst/u_device_dna_reader/clk
    SLICE_X111Y74        FDCE                                         r  udp_gateway_shadow_mirror_i/dma_gateway_hybrid_0/inst/u_device_dna_reader/o_dna_value_reg[0]/C
                         clock pessimism              0.115    22.963    
                         clock uncertainty           -0.302    22.661    
    SLICE_X111Y74        FDCE (Setup_fdce_C_D)       -0.081    22.580    udp_gateway_shadow_mirror_i/dma_gateway_hybrid_0/inst/u_device_dna_reader/o_dna_value_reg[0]
  -------------------------------------------------------------------
                         required time                         22.580    
                         arrival time                          -8.583    
  -------------------------------------------------------------------
                         slack                                 13.997    

Slack (MET) :             14.293ns  (required time - arrival time)
  Source:                 udp_gateway_shadow_mirror_i/dma_gateway_hybrid_0/inst/u_device_dna_reader/dna_shift_value_reg[14]/C
                            (rising edge-triggered cell FDCE clocked by shadow_dna_clk  {rise@0.000ns fall@320.000ns period=640.000ns})
  Destination:            udp_gateway_shadow_mirror_i/dma_gateway_hybrid_0/inst/u_device_dna_reader/o_dna_value_reg[14]/D
                            (rising edge-triggered cell FDCE clocked by clk_fpga_0  {rise@0.000ns fall@10.000ns period=20.000ns})
  Path Group:             clk_fpga_0
  Path Type:              Setup (Max at Slow Process Corner)
  Requirement:            20.000ns  (clk_fpga_0 rise@20.000ns - shadow_dna_clk rise@0.000ns)
  Data Path Delay:        1.595ns  (logic 0.456ns (28.584%)  route 1.139ns (71.416%))
  Logic Levels:           0  
  Clock Path Skew:        -3.743ns (DCD - SCD + CPR)
    Destination Clock Delay (DCD):    2.850ns = ( 22.850 - 20.000 ) 
    Source Clock Delay      (SCD):    6.708ns
    Clock Pessimism Removal (CPR):    0.115ns
  Clock Uncertainty:      0.302ns  ((TSJ^2 + TIJ^2)^1/2 + DJ) / 2 + PE
    Total System Jitter     (TSJ):    0.071ns
    Total Input Jitter      (TIJ):    0.600ns
    Discrete Jitter          (DJ):    0.000ns
    Phase Error              (PE):    0.000ns

    Location             Delay type                Incr(ns)  Path(ns)    Netlist Resource(s)
  -------------------------------------------------------------------    -------------------
                         (clock shadow_dna_clk rise edge)
                                                      0.000     0.000 r  
    PS7_X0Y0             PS7                          0.000     0.000 r  udp_gateway_shadow_mirror_i/processing_system7_0/inst/PS7_i/FCLKCLK[0]
                         net (fo=1, routed)           1.193     1.193    udp_gateway_shadow_mirror_i/processing_system7_0/inst/FCLK_CLK_unbuffered[0]
    BUFGCTRL_X0Y17       BUFG (Prop_bufg_I_O)         0.101     1.294 r  udp_gateway_shadow_mirror_i/processing_system7_0/inst/buffer_fclk_clk_0.FCLK_CLK_0_BUFG/O
                         net (fo=42827, routed)       1.628     2.922    udp_gateway_shadow_mirror_i/dma_gateway_hybrid_0/inst/u_device_dna_reader/clk
    SLICE_X51Y68         FDCE (Prop_fdce_C_Q)         0.456     3.378 r  udp_gateway_shadow_mirror_i/dma_gateway_hybrid_0/inst/u_device_dna_reader/dna_clk_reg/Q
                         net (fo=1, routed)           1.381     4.759    udp_gateway_shadow_mirror_i/dma_gateway_hybrid_0/inst/u_device_dna_reader/dna_clk
    BUFGCTRL_X0Y16       BUFG (Prop_bufg_I_O)         0.101     4.860 r  udp_gateway_shadow_mirror_i/dma_gateway_hybrid_0/inst/u_device_dna_reader/dna_clk_BUFG_inst/O
                         net (fo=69, routed)          1.848     6.708    udp_gateway_shadow_mirror_i/dma_gateway_hybrid_0/inst/u_device_dna_reader/dna_clk_BUFG
    SLICE_X113Y72        FDCE                                         r  udp_gateway_shadow_mirror_i/dma_gateway_hybrid_0/inst/u_device_dna_reader/dna_shift_value_reg[14]/C
  -------------------------------------------------------------------    -------------------
    SLICE_X113Y72        FDCE (Prop_fdce_C_Q)         0.456     7.164 r  udp_gateway_shadow_mirror_i/dma_gateway_hybrid_0/inst/u_device_dna_reader/dna_shift_value_reg[14]/Q
                         net (fo=2, routed)           1.139     8.303    udp_gateway_shadow_mirror_i/dma_gateway_hybrid_0/inst/u_device_dna_reader/dna_shift_value[14]
    SLICE_X113Y76        FDCE                                         r  udp_gateway_shadow_mirror_i/dma_gateway_hybrid_0/inst/u_device_dna_reader/o_dna_value_reg[14]/D
  -------------------------------------------------------------------    -------------------

                         (clock clk_fpga_0 rise edge)
                                                     20.000    20.000 r  
    PS7_X0Y0             PS7                          0.000    20.000 r  udp_gateway_shadow_mirror_i/processing_system7_0/inst/PS7_i/FCLKCLK[0]
                         net (fo=1, routed)           1.088    21.088    udp_gateway_shadow_mirror_i/processing_system7_0/inst/FCLK_CLK_unbuffered[0]
    BUFGCTRL_X0Y17       BUFG (Prop_bufg_I_O)         0.091    21.179 r  udp_gateway_shadow_mirror_i/processing_system7_0/inst/buffer_fclk_clk_0.FCLK_CLK_0_BUFG/O
                         net (fo=42827, routed)       1.671    22.850    udp_gateway_shadow_mirror_i/dma_gateway_hybrid_0/inst/u_device_dna_reader/clk
    SLICE_X113Y76        FDCE                                         r  udp_gateway_shadow_mirror_i/dma_gateway_hybrid_0/inst/u_device_dna_reader/o_dna_value_reg[14]/C
                         clock pessimism              0.115    22.965    
                         clock uncertainty           -0.302    22.663    
    SLICE_X113Y76        FDCE (Setup_fdce_C_D)       -0.067    22.596    udp_gateway_shadow_mirror_i/dma_gateway_hybrid_0/inst/u_device_dna_reader/o_dna_value_reg[14]
  -------------------------------------------------------------------
                         required time                         22.596    
                         arrival time                          -8.303    
  -------------------------------------------------------------------
                         slack                                 14.293    

Slack (MET) :             14.319ns  (required time - arrival time)
  Source:                 udp_gateway_shadow_mirror_i/dma_gateway_hybrid_0/inst/u_device_dna_reader/dna_shift_value_reg[9]/C
                            (rising edge-triggered cell FDCE clocked by shadow_dna_clk  {rise@0.000ns fall@320.000ns period=640.000ns})
  Destination:            udp_gateway_shadow_mirror_i/dma_gateway_hybrid_0/inst/u_device_dna_reader/o_dna_value_reg[9]/D
                            (rising edge-triggered cell FDCE clocked by clk_fpga_0  {rise@0.000ns fall@10.000ns period=20.000ns})
  Path Group:             clk_fpga_0
  Path Type:              Setup (Max at Slow Process Corner)
  Requirement:            20.000ns  (clk_fpga_0 rise@20.000ns - shadow_dna_clk rise@0.000ns)
  Data Path Delay:        1.418ns  (logic 0.478ns (33.704%)  route 0.940ns (66.296%))
  Logic Levels:           0  
  Clock Path Skew:        -3.746ns (DCD - SCD + CPR)
    Destination Clock Delay (DCD):    2.850ns = ( 22.850 - 20.000 ) 
    Source Clock Delay      (SCD):    6.711ns
    Clock Pessimism Removal (CPR):    0.115ns
  Clock Uncertainty:      0.302ns  ((TSJ^2 + TIJ^2)^1/2 + DJ) / 2 + PE
    Total System Jitter     (TSJ):    0.071ns
    Total Input Jitter      (TIJ):    0.600ns
    Discrete Jitter          (DJ):    0.000ns
    Phase Error              (PE):    0.000ns

    Location             Delay type                Incr(ns)  Path(ns)    Netlist Resource(s)
  -------------------------------------------------------------------    -------------------
                         (clock shadow_dna_clk rise edge)
                                                      0.000     0.000 r  
    PS7_X0Y0             PS7                          0.000     0.000 r  udp_gateway_shadow_mirror_i/processing_system7_0/inst/PS7_i/FCLKCLK[0]
                         net (fo=1, routed)           1.193     1.193    udp_gateway_shadow_mirror_i/processing_system7_0/inst/FCLK_CLK_unbuffered[0]
    BUFGCTRL_X0Y17       BUFG (Prop_bufg_I_O)         0.101     1.294 r  udp_gateway_shadow_mirror_i/processing_system7_0/inst/buffer_fclk_clk_0.FCLK_CLK_0_BUFG/O
                         net (fo=42827, routed)       1.628     2.922    udp_gateway_shadow_mirror_i/dma_gateway_hybrid_0/inst/u_device_dna_reader/clk
    SLICE_X51Y68         FDCE (Prop_fdce_C_Q)         0.456     3.378 r  udp_gateway_shadow_mirror_i/dma_gateway_hybrid_0/inst/u_device_dna_reader/dna_clk_reg/Q
                         net (fo=1, routed)           1.381     4.759    udp_gateway_shadow_mirror_i/dma_gateway_hybrid_0/inst/u_device_dna_reader/dna_clk
    BUFGCTRL_X0Y16       BUFG (Prop_bufg_I_O)         0.101     4.860 r  udp_gateway_shadow_mirror_i/dma_gateway_hybrid_0/inst/u_device_dna_reader/dna_clk_BUFG_inst/O
                         net (fo=69, routed)          1.851     6.711    udp_gateway_shadow_mirror_i/dma_gateway_hybrid_0/inst/u_device_dna_reader/dna_clk_BUFG
    SLICE_X112Y71        FDCE                                         r  udp_gateway_shadow_mirror_i/dma_gateway_hybrid_0/inst/u_device_dna_reader/dna_shift_value_reg[9]/C
  -------------------------------------------------------------------    -------------------
    SLICE_X112Y71        FDCE (Prop_fdce_C_Q)         0.478     7.189 r  udp_gateway_shadow_mirror_i/dma_gateway_hybrid_0/inst/u_device_dna_reader/dna_shift_value_reg[9]/Q
                         net (fo=2, routed)           0.940     8.129    udp_gateway_shadow_mirror_i/dma_gateway_hybrid_0/inst/u_device_dna_reader/dna_shift_value[9]
    SLICE_X113Y73        FDCE                                         r  udp_gateway_shadow_mirror_i/dma_gateway_hybrid_0/inst/u_device_dna_reader/o_dna_value_reg[9]/D
  -------------------------------------------------------------------    -------------------

                         (clock clk_fpga_0 rise edge)
                                                     20.000    20.000 r  
    PS7_X0Y0             PS7                          0.000    20.000 r  udp_gateway_shadow_mirror_i/processing_system7_0/inst/PS7_i/FCLKCLK[0]
                         net (fo=1, routed)           1.088    21.088    udp_gateway_shadow_mirror_i/processing_system7_0/inst/FCLK_CLK_unbuffered[0]
    BUFGCTRL_X0Y17       BUFG (Prop_bufg_I_O)         0.091    21.179 r  udp_gateway_shadow_mirror_i/processing_system7_0/inst/buffer_fclk_clk_0.FCLK_CLK_0_BUFG/O
                         net (fo=42827, routed)       1.671    22.850    udp_gateway_shadow_mirror_i/dma_gateway_hybrid_0/inst/u_device_dna_reader/clk
    SLICE_X113Y73        FDCE                                         r  udp_gateway_shadow_mirror_i/dma_gateway_hybrid_0/inst/u_device_dna_reader/o_dna_value_reg[9]/C
                         clock pessimism              0.115    22.965    
                         clock uncertainty           -0.302    22.663    
    SLICE_X113Y73        FDCE (Setup_fdce_C_D)       -0.215    22.448    udp_gateway_shadow_mirror_i/dma_gateway_hybrid_0/inst/u_device_dna_reader/o_dna_value_reg[9]
  -------------------------------------------------------------------
                         required time                         22.448    
                         arrival time                          -8.129    
  -------------------------------------------------------------------
                         slack                                 14.319    





Min Delay Paths
--------------------------------------------------------------------------------------
Slack (MET) :             0.985ns  (arrival time - required time)
  Source:                 udp_gateway_shadow_mirror_i/dma_gateway_hybrid_0/inst/u_device_dna_reader/dna_clk_reg/Q
                            (clock source 'shadow_dna_clk'  {rise@0.000ns fall@320.000ns period=640.000ns})
  Destination:            udp_gateway_shadow_mirror_i/dma_gateway_hybrid_0/inst/u_device_dna_reader/dna_clk_reg/D
                            (rising edge-triggered cell FDCE clocked by clk_fpga_0  {rise@0.000ns fall@10.000ns period=20.000ns})
  Path Group:             clk_fpga_0
  Path Type:              Hold (Min at Fast Process Corner)
  Requirement:            0.000ns  (clk_fpga_0 rise@320.000ns - shadow_dna_clk fall@320.000ns)
  Data Path Delay:        1.202ns  (logic 0.071ns (5.907%)  route 1.131ns (94.093%))
  Logic Levels:           2  (BUFG=1 LUT6=1)
  Clock Path Skew:        0.125ns (DCD - SCD - CPR)
    Destination Clock Delay (DCD):    1.177ns = ( 321.177 - 320.000 ) 
    Source Clock Delay      (SCD):    1.022ns = ( 321.022 - 320.000 ) 
    Clock Pessimism Removal (CPR):    0.030ns

    Location             Delay type                Incr(ns)  Path(ns)    Netlist Resource(s)
  -------------------------------------------------------------------    -------------------
                         (clock shadow_dna_clk fall edge)
                                                    320.000   320.000 f  
    PS7_X0Y0             PS7                          0.000   320.000 r  udp_gateway_shadow_mirror_i/processing_system7_0/inst/PS7_i/FCLKCLK[0]
                         net (fo=1, routed)           0.310   320.310    udp_gateway_shadow_mirror_i/processing_system7_0/inst/FCLK_CLK_unbuffered[0]
    BUFGCTRL_X0Y17       BUFG (Prop_bufg_I_O)         0.026   320.336 r  udp_gateway_shadow_mirror_i/processing_system7_0/inst/buffer_fclk_clk_0.FCLK_CLK_0_BUFG/O
                         net (fo=42827, routed)       0.545   320.881    udp_gateway_shadow_mirror_i/dma_gateway_hybrid_0/inst/u_device_dna_reader/clk
  -------------------------------------------------------------------    -------------------
    SLICE_X51Y68         FDCE (Prop_fdce_C_Q)         0.141   321.022 f  udp_gateway_shadow_mirror_i/dma_gateway_hybrid_0/inst/u_device_dna_reader/dna_clk_reg/Q
                         net (fo=1, routed)           0.535   321.556    udp_gateway_shadow_mirror_i/dma_gateway_hybrid_0/inst/u_device_dna_reader/dna_clk
    BUFGCTRL_X0Y16       BUFG (Prop_bufg_I_O)         0.026   321.582 f  udp_gateway_shadow_mirror_i/dma_gateway_hybrid_0/inst/u_device_dna_reader/dna_clk_BUFG_inst/O
                         net (fo=69, routed)          0.596   322.179    udp_gateway_shadow_mirror_i/dma_gateway_hybrid_0/inst/u_device_dna_reader/dna_clk_BUFG
    SLICE_X51Y68         LUT6 (Prop_lut6_I5_O)        0.045   322.224 r  udp_gateway_shadow_mirror_i/dma_gateway_hybrid_0/inst/u_device_dna_reader/dna_clk_i_1/O
                         net (fo=1, routed)           0.000   322.224    udp_gateway_shadow_mirror_i/dma_gateway_hybrid_0/inst/u_device_dna_reader/dna_clk_i_1_n_0
    SLICE_X51Y68         FDCE                                         r  udp_gateway_shadow_mirror_i/dma_gateway_hybrid_0/inst/u_device_dna_reader/dna_clk_reg/D
  -------------------------------------------------------------------    -------------------

                         (clock clk_fpga_0 rise edge)
                                                    320.000   320.000 r  
    PS7_X0Y0             PS7                          0.000   320.000 r  udp_gateway_shadow_mirror_i/processing_system7_0/inst/PS7_i/FCLKCLK[0]
                         net (fo=1, routed)           0.337   320.337    udp_gateway_shadow_mirror_i/processing_system7_0/inst/FCLK_CLK_unbuffered[0]
    BUFGCTRL_X0Y17       BUFG (Prop_bufg_I_O)         0.029   320.366 r  udp_gateway_shadow_mirror_i/processing_system7_0/inst/buffer_fclk_clk_0.FCLK_CLK_0_BUFG/O
                         net (fo=42827, routed)       0.811   321.177    udp_gateway_shadow_mirror_i/dma_gateway_hybrid_0/inst/u_device_dna_reader/clk
    SLICE_X51Y68         FDCE                                         r  udp_gateway_shadow_mirror_i/dma_gateway_hybrid_0/inst/u_device_dna_reader/dna_clk_reg/C
                         clock pessimism             -0.030   321.147    
    SLICE_X51Y68         FDCE (Hold_fdce_C_D)         0.092   321.239    udp_gateway_shadow_mirror_i/dma_gateway_hybrid_0/inst/u_device_dna_reader/dna_clk_reg
  -------------------------------------------------------------------
                         required time                       -321.239    
                         arrival time                         322.224    
  -------------------------------------------------------------------
                         slack                                  0.985    

Slack (MET) :             1.155ns  (arrival time - required time)
  Source:                 udp_gateway_shadow_mirror_i/dma_gateway_hybrid_0/inst/u_device_dna_reader/dna_shift_value_reg[6]/C
                            (rising edge-triggered cell FDCE clocked by shadow_dna_clk  {rise@0.000ns fall@320.000ns period=640.000ns})
  Destination:            udp_gateway_shadow_mirror_i/dma_gateway_hybrid_0/inst/u_device_dna_reader/o_dna_value_reg[6]/D
                            (rising edge-triggered cell FDCE clocked by clk_fpga_0  {rise@0.000ns fall@10.000ns period=20.000ns})
  Path Group:             clk_fpga_0
  Path Type:              Hold (Min at Fast Process Corner)
  Requirement:            0.000ns  (clk_fpga_0 rise@0.000ns - shadow_dna_clk rise@0.000ns)
  Data Path Delay:        0.256ns  (logic 0.141ns (55.177%)  route 0.115ns (44.823%))
  Logic Levels:           0  
  Clock Path Skew:        -0.976ns (DCD - SCD - CPR)
    Destination Clock Delay (DCD):    1.263ns
    Source Clock Delay      (SCD):    2.209ns
    Clock Pessimism Removal (CPR):    0.030ns

    Location             Delay type                Incr(ns)  Path(ns)    Netlist Resource(s)
  -------------------------------------------------------------------    -------------------
                         (clock shadow_dna_clk rise edge)
                                                      0.000     0.000 r  
    PS7_X0Y0             PS7                          0.000     0.000 r  udp_gateway_shadow_mirror_i/processing_system7_0/inst/PS7_i/FCLKCLK[0]
                         net (fo=1, routed)           0.310     0.310    udp_gateway_shadow_mirror_i/processing_system7_0/inst/FCLK_CLK_unbuffered[0]
    BUFGCTRL_X0Y17       BUFG (Prop_bufg_I_O)         0.026     0.336 r  udp_gateway_shadow_mirror_i/processing_system7_0/inst/buffer_fclk_clk_0.FCLK_CLK_0_BUFG/O
                         net (fo=42827, routed)       0.545     0.881    udp_gateway_shadow_mirror_i/dma_gateway_hybrid_0/inst/u_device_dna_reader/clk
    SLICE_X51Y68         FDCE (Prop_fdce_C_Q)         0.141     1.022 r  udp_gateway_shadow_mirror_i/dma_gateway_hybrid_0/inst/u_device_dna_reader/dna_clk_reg/Q
                         net (fo=1, routed)           0.535     1.556    udp_gateway_shadow_mirror_i/dma_gateway_hybrid_0/inst/u_device_dna_reader/dna_clk
    BUFGCTRL_X0Y16       BUFG (Prop_bufg_I_O)         0.026     1.582 r  udp_gateway_shadow_mirror_i/dma_gateway_hybrid_0/inst/u_device_dna_reader/dna_clk_BUFG_inst/O
                         net (fo=69, routed)          0.627     2.209    udp_gateway_shadow_mirror_i/dma_gateway_hybrid_0/inst/u_device_dna_reader/dna_clk_BUFG
    SLICE_X113Y70        FDCE                                         r  udp_gateway_shadow_mirror_i/dma_gateway_hybrid_0/inst/u_device_dna_reader/dna_shift_value_reg[6]/C
  -------------------------------------------------------------------    -------------------
    SLICE_X113Y70        FDCE (Prop_fdce_C_Q)         0.141     2.350 r  udp_gateway_shadow_mirror_i/dma_gateway_hybrid_0/inst/u_device_dna_reader/dna_shift_value_reg[6]/Q
                         net (fo=2, routed)           0.115     2.464    udp_gateway_shadow_mirror_i/dma_gateway_hybrid_0/inst/u_device_dna_reader/dna_shift_value[6]
    SLICE_X111Y70        FDCE                                         r  udp_gateway_shadow_mirror_i/dma_gateway_hybrid_0/inst/u_device_dna_reader/o_dna_value_reg[6]/D
  -------------------------------------------------------------------    -------------------

                         (clock clk_fpga_0 rise edge)
                                                      0.000     0.000 r  
    PS7_X0Y0             PS7                          0.000     0.000 r  udp_gateway_shadow_mirror_i/processing_system7_0/inst/PS7_i/FCLKCLK[0]
                         net (fo=1, routed)           0.337     0.337    udp_gateway_shadow_mirror_i/processing_system7_0/inst/FCLK_CLK_unbuffered[0]
    BUFGCTRL_X0Y17       BUFG (Prop_bufg_I_O)         0.029     0.366 r  udp_gateway_shadow_mirror_i/processing_system7_0/inst/buffer_fclk_clk_0.FCLK_CLK_0_BUFG/O
                         net (fo=42827, routed)       0.897     1.263    udp_gateway_shadow_mirror_i/dma_gateway_hybrid_0/inst/u_device_dna_reader/clk
    SLICE_X111Y70        FDCE                                         r  udp_gateway_shadow_mirror_i/dma_gateway_hybrid_0/inst/u_device_dna_reader/o_dna_value_reg[6]/C
                         clock pessimism             -0.030     1.233    
    SLICE_X111Y70        FDCE (Hold_fdce_C_D)         0.076     1.309    udp_gateway_shadow_mirror_i/dma_gateway_hybrid_0/inst/u_device_dna_reader/o_dna_value_reg[6]
  -------------------------------------------------------------------
                         required time                         -1.309    
                         arrival time                           2.464    
  -------------------------------------------------------------------
                         slack                                  1.155    

Slack (MET) :             1.156ns  (arrival time - required time)
  Source:                 udp_gateway_shadow_mirror_i/dma_gateway_hybrid_0/inst/u_device_dna_reader/dna_shift_value_reg[28]/C
                            (rising edge-triggered cell FDCE clocked by shadow_dna_clk  {rise@0.000ns fall@320.000ns period=640.000ns})
  Destination:            udp_gateway_shadow_mirror_i/dma_gateway_hybrid_0/inst/u_device_dna_reader/o_dna_value_reg[28]/D
                            (rising edge-triggered cell FDCE clocked by clk_fpga_0  {rise@0.000ns fall@10.000ns period=20.000ns})
  Path Group:             clk_fpga_0
  Path Type:              Hold (Min at Fast Process Corner)
  Requirement:            0.000ns  (clk_fpga_0 rise@0.000ns - shadow_dna_clk rise@0.000ns)
  Data Path Delay:        0.250ns  (logic 0.141ns (56.329%)  route 0.109ns (43.671%))
  Logic Levels:           0  
  Clock Path Skew:        -0.977ns (DCD - SCD - CPR)
    Destination Clock Delay (DCD):    1.263ns
    Source Clock Delay      (SCD):    2.210ns
    Clock Pessimism Removal (CPR):    0.030ns

    Location             Delay type                Incr(ns)  Path(ns)    Netlist Resource(s)
  -------------------------------------------------------------------    -------------------
                         (clock shadow_dna_clk rise edge)
                                                      0.000     0.000 r  
    PS7_X0Y0             PS7                          0.000     0.000 r  udp_gateway_shadow_mirror_i/processing_system7_0/inst/PS7_i/FCLKCLK[0]
                         net (fo=1, routed)           0.310     0.310    udp_gateway_shadow_mirror_i/processing_system7_0/inst/FCLK_CLK_unbuffered[0]
    BUFGCTRL_X0Y17       BUFG (Prop_bufg_I_O)         0.026     0.336 r  udp_gateway_shadow_mirror_i/processing_system7_0/inst/buffer_fclk_clk_0.FCLK_CLK_0_BUFG/O
                         net (fo=42827, routed)       0.545     0.881    udp_gateway_shadow_mirror_i/dma_gateway_hybrid_0/inst/u_device_dna_reader/clk
    SLICE_X51Y68         FDCE (Prop_fdce_C_Q)         0.141     1.022 r  udp_gateway_shadow_mirror_i/dma_gateway_hybrid_0/inst/u_device_dna_reader/dna_clk_reg/Q
                         net (fo=1, routed)           0.535     1.556    udp_gateway_shadow_mirror_i/dma_gateway_hybrid_0/inst/u_device_dna_reader/dna_clk
    BUFGCTRL_X0Y16       BUFG (Prop_bufg_I_O)         0.026     1.582 r  udp_gateway_shadow_mirror_i/dma_gateway_hybrid_0/inst/u_device_dna_reader/dna_clk_BUFG_inst/O
                         net (fo=69, routed)          0.628     2.210    udp_gateway_shadow_mirror_i/dma_gateway_hybrid_0/inst/u_device_dna_reader/dna_clk_BUFG
    SLICE_X113Y80        FDCE                                         r  udp_gateway_shadow_mirror_i/dma_gateway_hybrid_0/inst/u_device_dna_reader/dna_shift_value_reg[28]/C
  -------------------------------------------------------------------    -------------------
    SLICE_X113Y80        FDCE (Prop_fdce_C_Q)         0.141     2.351 r  udp_gateway_shadow_mirror_i/dma_gateway_hybrid_0/inst/u_device_dna_reader/dna_shift_value_reg[28]/Q
                         net (fo=2, routed)           0.109     2.460    udp_gateway_shadow_mirror_i/dma_gateway_hybrid_0/inst/u_device_dna_reader/dna_shift_value[28]
    SLICE_X110Y79        FDCE                                         r  udp_gateway_shadow_mirror_i/dma_gateway_hybrid_0/inst/u_device_dna_reader/o_dna_value_reg[28]/D
  -------------------------------------------------------------------    -------------------

                         (clock clk_fpga_0 rise edge)
                                                      0.000     0.000 r  
    PS7_X0Y0             PS7                          0.000     0.000 r  udp_gateway_shadow_mirror_i/processing_system7_0/inst/PS7_i/FCLKCLK[0]
                         net (fo=1, routed)           0.337     0.337    udp_gateway_shadow_mirror_i/processing_system7_0/inst/FCLK_CLK_unbuffered[0]
    BUFGCTRL_X0Y17       BUFG (Prop_bufg_I_O)         0.029     0.366 r  udp_gateway_shadow_mirror_i/processing_system7_0/inst/buffer_fclk_clk_0.FCLK_CLK_0_BUFG/O
                         net (fo=42827, routed)       0.897     1.263    udp_gateway_shadow_mirror_i/dma_gateway_hybrid_0/inst/u_device_dna_reader/clk
    SLICE_X110Y79        FDCE                                         r  udp_gateway_shadow_mirror_i/dma_gateway_hybrid_0/inst/u_device_dna_reader/o_dna_value_reg[28]/C
                         clock pessimism             -0.030     1.233    
    SLICE_X110Y79        FDCE (Hold_fdce_C_D)         0.071     1.304    udp_gateway_shadow_mirror_i/dma_gateway_hybrid_0/inst/u_device_dna_reader/o_dna_value_reg[28]
  -------------------------------------------------------------------
                         required time                         -1.304    
                         arrival time                           2.460    
  -------------------------------------------------------------------
                         slack                                  1.156    

Slack (MET) :             1.164ns  (arrival time - required time)
  Source:                 udp_gateway_shadow_mirror_i/dma_gateway_hybrid_0/inst/u_device_dna_reader/dna_shift_value_reg[8]/C
                            (rising edge-triggered cell FDCE clocked by shadow_dna_clk  {rise@0.000ns fall@320.000ns period=640.000ns})
  Destination:            udp_gateway_shadow_mirror_i/dma_gateway_hybrid_0/inst/u_device_dna_reader/o_dna_value_reg[8]/D
                            (rising edge-triggered cell FDCE clocked by clk_fpga_0  {rise@0.000ns fall@10.000ns period=20.000ns})
  Path Group:             clk_fpga_0
  Path Type:              Hold (Min at Fast Process Corner)
  Requirement:            0.000ns  (clk_fpga_0 rise@0.000ns - shadow_dna_clk rise@0.000ns)
  Data Path Delay:        0.265ns  (logic 0.141ns (53.167%)  route 0.124ns (46.833%))
  Logic Levels:           0  
  Clock Path Skew:        -0.977ns (DCD - SCD - CPR)
    Destination Clock Delay (DCD):    1.262ns
    Source Clock Delay      (SCD):    2.209ns
    Clock Pessimism Removal (CPR):    0.030ns

    Location             Delay type                Incr(ns)  Path(ns)    Netlist Resource(s)
  -------------------------------------------------------------------    -------------------
                         (clock shadow_dna_clk rise edge)
                                                      0.000     0.000 r  
    PS7_X0Y0             PS7                          0.000     0.000 r  udp_gateway_shadow_mirror_i/processing_system7_0/inst/PS7_i/FCLKCLK[0]
                         net (fo=1, routed)           0.310     0.310    udp_gateway_shadow_mirror_i/processing_system7_0/inst/FCLK_CLK_unbuffered[0]
    BUFGCTRL_X0Y17       BUFG (Prop_bufg_I_O)         0.026     0.336 r  udp_gateway_shadow_mirror_i/processing_system7_0/inst/buffer_fclk_clk_0.FCLK_CLK_0_BUFG/O
                         net (fo=42827, routed)       0.545     0.881    udp_gateway_shadow_mirror_i/dma_gateway_hybrid_0/inst/u_device_dna_reader/clk
    SLICE_X51Y68         FDCE (Prop_fdce_C_Q)         0.141     1.022 r  udp_gateway_shadow_mirror_i/dma_gateway_hybrid_0/inst/u_device_dna_reader/dna_clk_reg/Q
                         net (fo=1, routed)           0.535     1.556    udp_gateway_shadow_mirror_i/dma_gateway_hybrid_0/inst/u_device_dna_reader/dna_clk
    BUFGCTRL_X0Y16       BUFG (Prop_bufg_I_O)         0.026     1.582 r  udp_gateway_shadow_mirror_i/dma_gateway_hybrid_0/inst/u_device_dna_reader/dna_clk_BUFG_inst/O
                         net (fo=69, routed)          0.627     2.209    udp_gateway_shadow_mirror_i/dma_gateway_hybrid_0/inst/u_device_dna_reader/dna_clk_BUFG
    SLICE_X113Y70        FDCE                                         r  udp_gateway_shadow_mirror_i/dma_gateway_hybrid_0/inst/u_device_dna_reader/dna_shift_value_reg[8]/C
  -------------------------------------------------------------------    -------------------
    SLICE_X113Y70        FDCE (Prop_fdce_C_Q)         0.141     2.350 r  udp_gateway_shadow_mirror_i/dma_gateway_hybrid_0/inst/u_device_dna_reader/dna_shift_value_reg[8]/Q
                         net (fo=2, routed)           0.124     2.474    udp_gateway_shadow_mirror_i/dma_gateway_hybrid_0/inst/u_device_dna_reader/dna_shift_value[8]
    SLICE_X113Y71        FDCE                                         r  udp_gateway_shadow_mirror_i/dma_gateway_hybrid_0/inst/u_device_dna_reader/o_dna_value_reg[8]/D
  -------------------------------------------------------------------    -------------------

                         (clock clk_fpga_0 rise edge)
                                                      0.000     0.000 r  
    PS7_X0Y0             PS7                          0.000     0.000 r  udp_gateway_shadow_mirror_i/processing_system7_0/inst/PS7_i/FCLKCLK[0]
                         net (fo=1, routed)           0.337     0.337    udp_gateway_shadow_mirror_i/processing_system7_0/inst/FCLK_CLK_unbuffered[0]
    BUFGCTRL_X0Y17       BUFG (Prop_bufg_I_O)         0.029     0.366 r  udp_gateway_shadow_mirror_i/processing_system7_0/inst/buffer_fclk_clk_0.FCLK_CLK_0_BUFG/O
                         net (fo=42827, routed)       0.896     1.262    udp_gateway_shadow_mirror_i/dma_gateway_hybrid_0/inst/u_device_dna_reader/clk
    SLICE_X113Y71        FDCE                                         r  udp_gateway_shadow_mirror_i/dma_gateway_hybrid_0/inst/u_device_dna_reader/o_dna_value_reg[8]/C
                         clock pessimism             -0.030     1.232    
    SLICE_X113Y71        FDCE (Hold_fdce_C_D)         0.078     1.310    udp_gateway_shadow_mirror_i/dma_gateway_hybrid_0/inst/u_device_dna_reader/o_dna_value_reg[8]
  -------------------------------------------------------------------
                         required time                         -1.310    
                         arrival time                           2.474    
  -------------------------------------------------------------------
                         slack                                  1.164    

Slack (MET) :             1.165ns  (arrival time - required time)
  Source:                 udp_gateway_shadow_mirror_i/dma_gateway_hybrid_0/inst/u_device_dna_reader/dna_shift_value_reg[29]/C
                            (rising edge-triggered cell FDCE clocked by shadow_dna_clk  {rise@0.000ns fall@320.000ns period=640.000ns})
  Destination:            udp_gateway_shadow_mirror_i/dma_gateway_hybrid_0/inst/u_device_dna_reader/o_dna_value_reg[29]/D
                            (rising edge-triggered cell FDCE clocked by clk_fpga_0  {rise@0.000ns fall@10.000ns period=20.000ns})
  Path Group:             clk_fpga_0
  Path Type:              Hold (Min at Fast Process Corner)
  Requirement:            0.000ns  (clk_fpga_0 rise@0.000ns - shadow_dna_clk rise@0.000ns)
  Data Path Delay:        0.267ns  (logic 0.141ns (52.747%)  route 0.126ns (47.253%))
  Logic Levels:           0  
  Clock Path Skew:        -0.974ns (DCD - SCD - CPR)
    Destination Clock Delay (DCD):    1.266ns
    Source Clock Delay      (SCD):    2.210ns
    Clock Pessimism Removal (CPR):    0.030ns

    Location             Delay type                Incr(ns)  Path(ns)    Netlist Resource(s)
  -------------------------------------------------------------------    -------------------
                         (clock shadow_dna_clk rise edge)
                                                      0.000     0.000 r  
    PS7_X0Y0             PS7                          0.000     0.000 r  udp_gateway_shadow_mirror_i/processing_system7_0/inst/PS7_i/FCLKCLK[0]
                         net (fo=1, routed)           0.310     0.310    udp_gateway_shadow_mirror_i/processing_system7_0/inst/FCLK_CLK_unbuffered[0]
    BUFGCTRL_X0Y17       BUFG (Prop_bufg_I_O)         0.026     0.336 r  udp_gateway_shadow_mirror_i/processing_system7_0/inst/buffer_fclk_clk_0.FCLK_CLK_0_BUFG/O
                         net (fo=42827, routed)       0.545     0.881    udp_gateway_shadow_mirror_i/dma_gateway_hybrid_0/inst/u_device_dna_reader/clk
    SLICE_X51Y68         FDCE (Prop_fdce_C_Q)         0.141     1.022 r  udp_gateway_shadow_mirror_i/dma_gateway_hybrid_0/inst/u_device_dna_reader/dna_clk_reg/Q
                         net (fo=1, routed)           0.535     1.556    udp_gateway_shadow_mirror_i/dma_gateway_hybrid_0/inst/u_device_dna_reader/dna_clk
    BUFGCTRL_X0Y16       BUFG (Prop_bufg_I_O)         0.026     1.582 r  udp_gateway_shadow_mirror_i/dma_gateway_hybrid_0/inst/u_device_dna_reader/dna_clk_BUFG_inst/O
                         net (fo=69, routed)          0.628     2.210    udp_gateway_shadow_mirror_i/dma_gateway_hybrid_0/inst/u_device_dna_reader/dna_clk_BUFG
    SLICE_X113Y80        FDCE                                         r  udp_gateway_shadow_mirror_i/dma_gateway_hybrid_0/inst/u_device_dna_reader/dna_shift_value_reg[29]/C
  -------------------------------------------------------------------    -------------------
    SLICE_X113Y80        FDCE (Prop_fdce_C_Q)         0.141     2.351 r  udp_gateway_shadow_mirror_i/dma_gateway_hybrid_0/inst/u_device_dna_reader/dna_shift_value_reg[29]/Q
                         net (fo=2, routed)           0.126     2.477    udp_gateway_shadow_mirror_i/dma_gateway_hybrid_0/inst/u_device_dna_reader/dna_shift_value[29]
    SLICE_X113Y82        FDCE                                         r  udp_gateway_shadow_mirror_i/dma_gateway_hybrid_0/inst/u_device_dna_reader/o_dna_value_reg[29]/D
  -------------------------------------------------------------------    -------------------

                         (clock clk_fpga_0 rise edge)
                                                      0.000     0.000 r  
    PS7_X0Y0             PS7                          0.000     0.000 r  udp_gateway_shadow_mirror_i/processing_system7_0/inst/PS7_i/FCLKCLK[0]
                         net (fo=1, routed)           0.337     0.337    udp_gateway_shadow_mirror_i/processing_system7_0/inst/FCLK_CLK_unbuffered[0]
    BUFGCTRL_X0Y17       BUFG (Prop_bufg_I_O)         0.029     0.366 r  udp_gateway_shadow_mirror_i/processing_system7_0/inst/buffer_fclk_clk_0.FCLK_CLK_0_BUFG/O
                         net (fo=42827, routed)       0.900     1.266    udp_gateway_shadow_mirror_i/dma_gateway_hybrid_0/inst/u_device_dna_reader/clk
    SLICE_X113Y82        FDCE                                         r  udp_gateway_shadow_mirror_i/dma_gateway_hybrid_0/inst/u_device_dna_reader/o_dna_value_reg[29]/C
                         clock pessimism             -0.030     1.236    
    SLICE_X113Y82        FDCE (Hold_fdce_C_D)         0.076     1.312    udp_gateway_shadow_mirror_i/dma_gateway_hybrid_0/inst/u_device_dna_reader/o_dna_value_reg[29]
  -------------------------------------------------------------------
                         required time                         -1.312    
                         arrival time                           2.477    
  -------------------------------------------------------------------
                         slack                                  1.165    

Slack (MET) :             1.166ns  (arrival time - required time)
  Source:                 udp_gateway_shadow_mirror_i/dma_gateway_hybrid_0/inst/u_device_dna_reader/dna_shift_value_reg[7]/C
                            (rising edge-triggered cell FDCE clocked by shadow_dna_clk  {rise@0.000ns fall@320.000ns period=640.000ns})
  Destination:            udp_gateway_shadow_mirror_i/dma_gateway_hybrid_0/inst/u_device_dna_reader/o_dna_value_reg[7]/D
                            (rising edge-triggered cell FDCE clocked by clk_fpga_0  {rise@0.000ns fall@10.000ns period=20.000ns})
  Path Group:             clk_fpga_0
  Path Type:              Hold (Min at Fast Process Corner)
  Requirement:            0.000ns  (clk_fpga_0 rise@0.000ns - shadow_dna_clk rise@0.000ns)
  Data Path Delay:        0.265ns  (logic 0.141ns (53.180%)  route 0.124ns (46.820%))
  Logic Levels:           0  
  Clock Path Skew:        -0.977ns (DCD - SCD - CPR)
    Destination Clock Delay (DCD):    1.262ns
    Source Clock Delay      (SCD):    2.209ns
    Clock Pessimism Removal (CPR):    0.030ns

    Location             Delay type                Incr(ns)  Path(ns)    Netlist Resource(s)
  -------------------------------------------------------------------    -------------------
                         (clock shadow_dna_clk rise edge)
                                                      0.000     0.000 r  
    PS7_X0Y0             PS7                          0.000     0.000 r  udp_gateway_shadow_mirror_i/processing_system7_0/inst/PS7_i/FCLKCLK[0]
                         net (fo=1, routed)           0.310     0.310    udp_gateway_shadow_mirror_i/processing_system7_0/inst/FCLK_CLK_unbuffered[0]
    BUFGCTRL_X0Y17       BUFG (Prop_bufg_I_O)         0.026     0.336 r  udp_gateway_shadow_mirror_i/processing_system7_0/inst/buffer_fclk_clk_0.FCLK_CLK_0_BUFG/O
                         net (fo=42827, routed)       0.545     0.881    udp_gateway_shadow_mirror_i/dma_gateway_hybrid_0/inst/u_device_dna_reader/clk
    SLICE_X51Y68         FDCE (Prop_fdce_C_Q)         0.141     1.022 r  udp_gateway_shadow_mirror_i/dma_gateway_hybrid_0/inst/u_device_dna_reader/dna_clk_reg/Q
                         net (fo=1, routed)           0.535     1.556    udp_gateway_shadow_mirror_i/dma_gateway_hybrid_0/inst/u_device_dna_reader/dna_clk
    BUFGCTRL_X0Y16       BUFG (Prop_bufg_I_O)         0.026     1.582 r  udp_gateway_shadow_mirror_i/dma_gateway_hybrid_0/inst/u_device_dna_reader/dna_clk_BUFG_inst/O
                         net (fo=69, routed)          0.627     2.209    udp_gateway_shadow_mirror_i/dma_gateway_hybrid_0/inst/u_device_dna_reader/dna_clk_BUFG
    SLICE_X113Y70        FDCE                                         r  udp_gateway_shadow_mirror_i/dma_gateway_hybrid_0/inst/u_device_dna_reader/dna_shift_value_reg[7]/C
  -------------------------------------------------------------------    -------------------
    SLICE_X113Y70        FDCE (Prop_fdce_C_Q)         0.141     2.350 r  udp_gateway_shadow_mirror_i/dma_gateway_hybrid_0/inst/u_device_dna_reader/dna_shift_value_reg[7]/Q
                         net (fo=2, routed)           0.124     2.474    udp_gateway_shadow_mirror_i/dma_gateway_hybrid_0/inst/u_device_dna_reader/dna_shift_value[7]
    SLICE_X113Y71        FDCE                                         r  udp_gateway_shadow_mirror_i/dma_gateway_hybrid_0/inst/u_device_dna_reader/o_dna_value_reg[7]/D
  -------------------------------------------------------------------    -------------------

                         (clock clk_fpga_0 rise edge)
                                                      0.000     0.000 r  
    PS7_X0Y0             PS7                          0.000     0.000 r  udp_gateway_shadow_mirror_i/processing_system7_0/inst/PS7_i/FCLKCLK[0]
                         net (fo=1, routed)           0.337     0.337    udp_gateway_shadow_mirror_i/processing_system7_0/inst/FCLK_CLK_unbuffered[0]
    BUFGCTRL_X0Y17       BUFG (Prop_bufg_I_O)         0.029     0.366 r  udp_gateway_shadow_mirror_i/processing_system7_0/inst/buffer_fclk_clk_0.FCLK_CLK_0_BUFG/O
                         net (fo=42827, routed)       0.896     1.262    udp_gateway_shadow_mirror_i/dma_gateway_hybrid_0/inst/u_device_dna_reader/clk
    SLICE_X113Y71        FDCE                                         r  udp_gateway_shadow_mirror_i/dma_gateway_hybrid_0/inst/u_device_dna_reader/o_dna_value_reg[7]/C
                         clock pessimism             -0.030     1.232    
    SLICE_X113Y71        FDCE (Hold_fdce_C_D)         0.076     1.308    udp_gateway_shadow_mirror_i/dma_gateway_hybrid_0/inst/u_device_dna_reader/o_dna_value_reg[7]
  -------------------------------------------------------------------
                         required time                         -1.308    
                         arrival time                           2.474    
  -------------------------------------------------------------------
                         slack                                  1.166    

Slack (MET) :             1.185ns  (arrival time - required time)
  Source:                 udp_gateway_shadow_mirror_i/dma_gateway_hybrid_0/inst/u_device_dna_reader/dna_shift_value_reg[17]/C
                            (rising edge-triggered cell FDCE clocked by shadow_dna_clk  {rise@0.000ns fall@320.000ns period=640.000ns})
  Destination:            udp_gateway_shadow_mirror_i/dma_gateway_hybrid_0/inst/u_device_dna_reader/o_dna_value_reg[17]/D
                            (rising edge-triggered cell FDCE clocked by clk_fpga_0  {rise@0.000ns fall@10.000ns period=20.000ns})
  Path Group:             clk_fpga_0
  Path Type:              Hold (Min at Fast Process Corner)
  Requirement:            0.000ns  (clk_fpga_0 rise@0.000ns - shadow_dna_clk rise@0.000ns)
  Data Path Delay:        0.256ns  (logic 0.141ns (55.132%)  route 0.115ns (44.868%))
  Logic Levels:           0  
  Clock Path Skew:        -0.976ns (DCD - SCD - CPR)
    Destination Clock Delay (DCD):    1.263ns
    Source Clock Delay      (SCD):    2.209ns
    Clock Pessimism Removal (CPR):    0.030ns

    Location             Delay type                Incr(ns)  Path(ns)    Netlist Resource(s)
  -------------------------------------------------------------------    -------------------
                         (clock shadow_dna_clk rise edge)
                                                      0.000     0.000 r  
    PS7_X0Y0             PS7                          0.000     0.000 r  udp_gateway_shadow_mirror_i/processing_system7_0/inst/PS7_i/FCLKCLK[0]
                         net (fo=1, routed)           0.310     0.310    udp_gateway_shadow_mirror_i/processing_system7_0/inst/FCLK_CLK_unbuffered[0]
    BUFGCTRL_X0Y17       BUFG (Prop_bufg_I_O)         0.026     0.336 r  udp_gateway_shadow_mirror_i/processing_system7_0/inst/buffer_fclk_clk_0.FCLK_CLK_0_BUFG/O
                         net (fo=42827, routed)       0.545     0.881    udp_gateway_shadow_mirror_i/dma_gateway_hybrid_0/inst/u_device_dna_reader/clk
    SLICE_X51Y68         FDCE (Prop_fdce_C_Q)         0.141     1.022 r  udp_gateway_shadow_mirror_i/dma_gateway_hybrid_0/inst/u_device_dna_reader/dna_clk_reg/Q
                         net (fo=1, routed)           0.535     1.556    udp_gateway_shadow_mirror_i/dma_gateway_hybrid_0/inst/u_device_dna_reader/dna_clk
    BUFGCTRL_X0Y16       BUFG (Prop_bufg_I_O)         0.026     1.582 r  udp_gateway_shadow_mirror_i/dma_gateway_hybrid_0/inst/u_device_dna_reader/dna_clk_BUFG_inst/O
                         net (fo=69, routed)          0.627     2.209    udp_gateway_shadow_mirror_i/dma_gateway_hybrid_0/inst/u_device_dna_reader/dna_clk_BUFG
    SLICE_X113Y79        FDCE                                         r  udp_gateway_shadow_mirror_i/dma_gateway_hybrid_0/inst/u_device_dna_reader/dna_shift_value_reg[17]/C
  -------------------------------------------------------------------    -------------------
    SLICE_X113Y79        FDCE (Prop_fdce_C_Q)         0.141     2.350 r  udp_gateway_shadow_mirror_i/dma_gateway_hybrid_0/inst/u_device_dna_reader/dna_shift_value_reg[17]/Q
                         net (fo=2, routed)           0.115     2.465    udp_gateway_shadow_mirror_i/dma_gateway_hybrid_0/inst/u_device_dna_reader/dna_shift_value[17]
    SLICE_X110Y79        FDCE                                         r  udp_gateway_shadow_mirror_i/dma_gateway_hybrid_0/inst/u_device_dna_reader/o_dna_value_reg[17]/D
  -------------------------------------------------------------------    -------------------

                         (clock clk_fpga_0 rise edge)
                                                      0.000     0.000 r  
    PS7_X0Y0             PS7                          0.000     0.000 r  udp_gateway_shadow_mirror_i/processing_system7_0/inst/PS7_i/FCLKCLK[0]
                         net (fo=1, routed)           0.337     0.337    udp_gateway_shadow_mirror_i/processing_system7_0/inst/FCLK_CLK_unbuffered[0]
    BUFGCTRL_X0Y17       BUFG (Prop_bufg_I_O)         0.029     0.366 r  udp_gateway_shadow_mirror_i/processing_system7_0/inst/buffer_fclk_clk_0.FCLK_CLK_0_BUFG/O
                         net (fo=42827, routed)       0.897     1.263    udp_gateway_shadow_mirror_i/dma_gateway_hybrid_0/inst/u_device_dna_reader/clk
    SLICE_X110Y79        FDCE                                         r  udp_gateway_shadow_mirror_i/dma_gateway_hybrid_0/inst/u_device_dna_reader/o_dna_value_reg[17]/C
                         clock pessimism             -0.030     1.233    
    SLICE_X110Y79        FDCE (Hold_fdce_C_D)         0.047     1.280    udp_gateway_shadow_mirror_i/dma_gateway_hybrid_0/inst/u_device_dna_reader/o_dna_value_reg[17]
  -------------------------------------------------------------------
                         required time                         -1.280    
                         arrival time                           2.465    
  -------------------------------------------------------------------
                         slack                                  1.185    

Slack (MET) :             1.185ns  (arrival time - required time)
  Source:                 udp_gateway_shadow_mirror_i/dma_gateway_hybrid_0/inst/u_device_dna_reader/dna_shift_value_reg[35]/C
                            (rising edge-triggered cell FDCE clocked by shadow_dna_clk  {rise@0.000ns fall@320.000ns period=640.000ns})
  Destination:            udp_gateway_shadow_mirror_i/dma_gateway_hybrid_0/inst/u_device_dna_reader/o_dna_value_reg[35]/D
                            (rising edge-triggered cell FDCE clocked by clk_fpga_0  {rise@0.000ns fall@10.000ns period=20.000ns})
  Path Group:             clk_fpga_0
  Path Type:              Hold (Min at Fast Process Corner)
  Requirement:            0.000ns  (clk_fpga_0 rise@0.000ns - shadow_dna_clk rise@0.000ns)
  Data Path Delay:        0.255ns  (logic 0.141ns (55.307%)  route 0.114ns (44.693%))
  Logic Levels:           0  
  Clock Path Skew:        -0.977ns (DCD - SCD - CPR)
    Destination Clock Delay (DCD):    1.263ns
    Source Clock Delay      (SCD):    2.210ns
    Clock Pessimism Removal (CPR):    0.030ns

    Location             Delay type                Incr(ns)  Path(ns)    Netlist Resource(s)
  -------------------------------------------------------------------    -------------------
                         (clock shadow_dna_clk rise edge)
                                                      0.000     0.000 r  
    PS7_X0Y0             PS7                          0.000     0.000 r  udp_gateway_shadow_mirror_i/processing_system7_0/inst/PS7_i/FCLKCLK[0]
                         net (fo=1, routed)           0.310     0.310    udp_gateway_shadow_mirror_i/processing_system7_0/inst/FCLK_CLK_unbuffered[0]
    BUFGCTRL_X0Y17       BUFG (Prop_bufg_I_O)         0.026     0.336 r  udp_gateway_shadow_mirror_i/processing_system7_0/inst/buffer_fclk_clk_0.FCLK_CLK_0_BUFG/O
                         net (fo=42827, routed)       0.545     0.881    udp_gateway_shadow_mirror_i/dma_gateway_hybrid_0/inst/u_device_dna_reader/clk
    SLICE_X51Y68         FDCE (Prop_fdce_C_Q)         0.141     1.022 r  udp_gateway_shadow_mirror_i/dma_gateway_hybrid_0/inst/u_device_dna_reader/dna_clk_reg/Q
                         net (fo=1, routed)           0.535     1.556    udp_gateway_shadow_mirror_i/dma_gateway_hybrid_0/inst/u_device_dna_reader/dna_clk
    BUFGCTRL_X0Y16       BUFG (Prop_bufg_I_O)         0.026     1.582 r  udp_gateway_shadow_mirror_i/dma_gateway_hybrid_0/inst/u_device_dna_reader/dna_clk_BUFG_inst/O
                         net (fo=69, routed)          0.628     2.210    udp_gateway_shadow_mirror_i/dma_gateway_hybrid_0/inst/u_device_dna_reader/dna_clk_BUFG
    SLICE_X111Y69        FDCE                                         r  udp_gateway_shadow_mirror_i/dma_gateway_hybrid_0/inst/u_device_dna_reader/dna_shift_value_reg[35]/C
  -------------------------------------------------------------------    -------------------
    SLICE_X111Y69        FDCE (Prop_fdce_C_Q)         0.141     2.351 r  udp_gateway_shadow_mirror_i/dma_gateway_hybrid_0/inst/u_device_dna_reader/dna_shift_value_reg[35]/Q
                         net (fo=2, routed)           0.114     2.465    udp_gateway_shadow_mirror_i/dma_gateway_hybrid_0/inst/u_device_dna_reader/dna_shift_value[35]
    SLICE_X111Y70        FDCE                                         r  udp_gateway_shadow_mirror_i/dma_gateway_hybrid_0/inst/u_device_dna_reader/o_dna_value_reg[35]/D
  -------------------------------------------------------------------    -------------------

                         (clock clk_fpga_0 rise edge)
                                                      0.000     0.000 r  
    PS7_X0Y0             PS7                          0.000     0.000 r  udp_gateway_shadow_mirror_i/processing_system7_0/inst/PS7_i/FCLKCLK[0]
                         net (fo=1, routed)           0.337     0.337    udp_gateway_shadow_mirror_i/processing_system7_0/inst/FCLK_CLK_unbuffered[0]
    BUFGCTRL_X0Y17       BUFG (Prop_bufg_I_O)         0.029     0.366 r  udp_gateway_shadow_mirror_i/processing_system7_0/inst/buffer_fclk_clk_0.FCLK_CLK_0_BUFG/O
                         net (fo=42827, routed)       0.897     1.263    udp_gateway_shadow_mirror_i/dma_gateway_hybrid_0/inst/u_device_dna_reader/clk
    SLICE_X111Y70        FDCE                                         r  udp_gateway_shadow_mirror_i/dma_gateway_hybrid_0/inst/u_device_dna_reader/o_dna_value_reg[35]/C
                         clock pessimism             -0.030     1.233    
    SLICE_X111Y70        FDCE (Hold_fdce_C_D)         0.047     1.280    udp_gateway_shadow_mirror_i/dma_gateway_hybrid_0/inst/u_device_dna_reader/o_dna_value_reg[35]
  -------------------------------------------------------------------
                         required time                         -1.280    
                         arrival time                           2.465    
  -------------------------------------------------------------------
                         slack                                  1.185    

Slack (MET) :             1.185ns  (arrival time - required time)
  Source:                 udp_gateway_shadow_mirror_i/dma_gateway_hybrid_0/inst/u_device_dna_reader/dna_shift_value_reg[24]/C
                            (rising edge-triggered cell FDCE clocked by shadow_dna_clk  {rise@0.000ns fall@320.000ns period=640.000ns})
  Destination:            udp_gateway_shadow_mirror_i/dma_gateway_hybrid_0/inst/u_device_dna_reader/o_dna_value_reg[24]/D
                            (rising edge-triggered cell FDCE clocked by clk_fpga_0  {rise@0.000ns fall@10.000ns period=20.000ns})
  Path Group:             clk_fpga_0
  Path Type:              Hold (Min at Fast Process Corner)
  Requirement:            0.000ns  (clk_fpga_0 rise@0.000ns - shadow_dna_clk rise@0.000ns)
  Data Path Delay:        0.257ns  (logic 0.141ns (54.853%)  route 0.116ns (45.147%))
  Logic Levels:           0  
  Clock Path Skew:        -0.975ns (DCD - SCD - CPR)
    Destination Clock Delay (DCD):    1.266ns
    Source Clock Delay      (SCD):    2.211ns
    Clock Pessimism Removal (CPR):    0.030ns

    Location             Delay type                Incr(ns)  Path(ns)    Netlist Resource(s)
  -------------------------------------------------------------------    -------------------
                         (clock shadow_dna_clk rise edge)
                                                      0.000     0.000 r  
    PS7_X0Y0             PS7                          0.000     0.000 r  udp_gateway_shadow_mirror_i/processing_system7_0/inst/PS7_i/FCLKCLK[0]
                         net (fo=1, routed)           0.310     0.310    udp_gateway_shadow_mirror_i/processing_system7_0/inst/FCLK_CLK_unbuffered[0]
    BUFGCTRL_X0Y17       BUFG (Prop_bufg_I_O)         0.026     0.336 r  udp_gateway_shadow_mirror_i/processing_system7_0/inst/buffer_fclk_clk_0.FCLK_CLK_0_BUFG/O
                         net (fo=42827, routed)       0.545     0.881    udp_gateway_shadow_mirror_i/dma_gateway_hybrid_0/inst/u_device_dna_reader/clk
    SLICE_X51Y68         FDCE (Prop_fdce_C_Q)         0.141     1.022 r  udp_gateway_shadow_mirror_i/dma_gateway_hybrid_0/inst/u_device_dna_reader/dna_clk_reg/Q
                         net (fo=1, routed)           0.535     1.556    udp_gateway_shadow_mirror_i/dma_gateway_hybrid_0/inst/u_device_dna_reader/dna_clk
    BUFGCTRL_X0Y16       BUFG (Prop_bufg_I_O)         0.026     1.582 r  udp_gateway_shadow_mirror_i/dma_gateway_hybrid_0/inst/u_device_dna_reader/dna_clk_BUFG_inst/O
                         net (fo=69, routed)          0.629     2.211    udp_gateway_shadow_mirror_i/dma_gateway_hybrid_0/inst/u_device_dna_reader/dna_clk_BUFG
    SLICE_X113Y81        FDCE                                         r  udp_gateway_shadow_mirror_i/dma_gateway_hybrid_0/inst/u_device_dna_reader/dna_shift_value_reg[24]/C
  -------------------------------------------------------------------    -------------------
    SLICE_X113Y81        FDCE (Prop_fdce_C_Q)         0.141     2.352 r  udp_gateway_shadow_mirror_i/dma_gateway_hybrid_0/inst/u_device_dna_reader/dna_shift_value_reg[24]/Q
                         net (fo=2, routed)           0.116     2.468    udp_gateway_shadow_mirror_i/dma_gateway_hybrid_0/inst/u_device_dna_reader/dna_shift_value[24]
    SLICE_X113Y82        FDCE                                         r  udp_gateway_shadow_mirror_i/dma_gateway_hybrid_0/inst/u_device_dna_reader/o_dna_value_reg[24]/D
  -------------------------------------------------------------------    -------------------

                         (clock clk_fpga_0 rise edge)
                                                      0.000     0.000 r  
    PS7_X0Y0             PS7                          0.000     0.000 r  udp_gateway_shadow_mirror_i/processing_system7_0/inst/PS7_i/FCLKCLK[0]
                         net (fo=1, routed)           0.337     0.337    udp_gateway_shadow_mirror_i/processing_system7_0/inst/FCLK_CLK_unbuffered[0]
    BUFGCTRL_X0Y17       BUFG (Prop_bufg_I_O)         0.029     0.366 r  udp_gateway_shadow_mirror_i/processing_system7_0/inst/buffer_fclk_clk_0.FCLK_CLK_0_BUFG/O
                         net (fo=42827, routed)       0.900     1.266    udp_gateway_shadow_mirror_i/dma_gateway_hybrid_0/inst/u_device_dna_reader/clk
    SLICE_X113Y82        FDCE                                         r  udp_gateway_shadow_mirror_i/dma_gateway_hybrid_0/inst/u_device_dna_reader/o_dna_value_reg[24]/C
                         clock pessimism             -0.030     1.236    
    SLICE_X113Y82        FDCE (Hold_fdce_C_D)         0.047     1.283    udp_gateway_shadow_mirror_i/dma_gateway_hybrid_0/inst/u_device_dna_reader/o_dna_value_reg[24]
  -------------------------------------------------------------------
                         required time                         -1.283    
                         arrival time                           2.468    
  -------------------------------------------------------------------
                         slack                                  1.185    

Slack (MET) :             1.186ns  (arrival time - required time)
  Source:                 udp_gateway_shadow_mirror_i/dma_gateway_hybrid_0/inst/u_device_dna_reader/dna_shift_value_reg[23]/C
                            (rising edge-triggered cell FDCE clocked by shadow_dna_clk  {rise@0.000ns fall@320.000ns period=640.000ns})
  Destination:            udp_gateway_shadow_mirror_i/dma_gateway_hybrid_0/inst/u_device_dna_reader/o_dna_value_reg[23]/D
                            (rising edge-triggered cell FDCE clocked by clk_fpga_0  {rise@0.000ns fall@10.000ns period=20.000ns})
  Path Group:             clk_fpga_0
  Path Type:              Hold (Min at Fast Process Corner)
  Requirement:            0.000ns  (clk_fpga_0 rise@0.000ns - shadow_dna_clk rise@0.000ns)
  Data Path Delay:        0.258ns  (logic 0.141ns (54.573%)  route 0.117ns (45.427%))
  Logic Levels:           0  
  Clock Path Skew:        -0.975ns (DCD - SCD - CPR)
    Destination Clock Delay (DCD):    1.266ns
    Source Clock Delay      (SCD):    2.211ns
    Clock Pessimism Removal (CPR):    0.030ns

    Location             Delay type                Incr(ns)  Path(ns)    Netlist Resource(s)
  -------------------------------------------------------------------    -------------------
                         (clock shadow_dna_clk rise edge)
                                                      0.000     0.000 r  
    PS7_X0Y0             PS7                          0.000     0.000 r  udp_gateway_shadow_mirror_i/processing_system7_0/inst/PS7_i/FCLKCLK[0]
                         net (fo=1, routed)           0.310     0.310    udp_gateway_shadow_mirror_i/processing_system7_0/inst/FCLK_CLK_unbuffered[0]
    BUFGCTRL_X0Y17       BUFG (Prop_bufg_I_O)         0.026     0.336 r  udp_gateway_shadow_mirror_i/processing_system7_0/inst/buffer_fclk_clk_0.FCLK_CLK_0_BUFG/O
                         net (fo=42827, routed)       0.545     0.881    udp_gateway_shadow_mirror_i/dma_gateway_hybrid_0/inst/u_device_dna_reader/clk
    SLICE_X51Y68         FDCE (Prop_fdce_C_Q)         0.141     1.022 r  udp_gateway_shadow_mirror_i/dma_gateway_hybrid_0/inst/u_device_dna_reader/dna_clk_reg/Q
                         net (fo=1, routed)           0.535     1.556    udp_gateway_shadow_mirror_i/dma_gateway_hybrid_0/inst/u_device_dna_reader/dna_clk
    BUFGCTRL_X0Y16       BUFG (Prop_bufg_I_O)         0.026     1.582 r  udp_gateway_shadow_mirror_i/dma_gateway_hybrid_0/inst/u_device_dna_reader/dna_clk_BUFG_inst/O
                         net (fo=69, routed)          0.629     2.211    udp_gateway_shadow_mirror_i/dma_gateway_hybrid_0/inst/u_device_dna_reader/dna_clk_BUFG
    SLICE_X113Y81        FDCE                                         r  udp_gateway_shadow_mirror_i/dma_gateway_hybrid_0/inst/u_device_dna_reader/dna_shift_value_reg[23]/C
  -------------------------------------------------------------------    -------------------
    SLICE_X113Y81        FDCE (Prop_fdce_C_Q)         0.141     2.352 r  udp_gateway_shadow_mirror_i/dma_gateway_hybrid_0/inst/u_device_dna_reader/dna_shift_value_reg[23]/Q
                         net (fo=2, routed)           0.117     2.469    udp_gateway_shadow_mirror_i/dma_gateway_hybrid_0/inst/u_device_dna_reader/dna_shift_value[23]
    SLICE_X113Y82        FDCE                                         r  udp_gateway_shadow_mirror_i/dma_gateway_hybrid_0/inst/u_device_dna_reader/o_dna_value_reg[23]/D
  -------------------------------------------------------------------    -------------------

                         (clock clk_fpga_0 rise edge)
                                                      0.000     0.000 r  
    PS7_X0Y0             PS7                          0.000     0.000 r  udp_gateway_shadow_mirror_i/processing_system7_0/inst/PS7_i/FCLKCLK[0]
                         net (fo=1, routed)           0.337     0.337    udp_gateway_shadow_mirror_i/processing_system7_0/inst/FCLK_CLK_unbuffered[0]
    BUFGCTRL_X0Y17       BUFG (Prop_bufg_I_O)         0.029     0.366 r  udp_gateway_shadow_mirror_i/processing_system7_0/inst/buffer_fclk_clk_0.FCLK_CLK_0_BUFG/O
                         net (fo=42827, routed)       0.900     1.266    udp_gateway_shadow_mirror_i/dma_gateway_hybrid_0/inst/u_device_dna_reader/clk
    SLICE_X113Y82        FDCE                                         r  udp_gateway_shadow_mirror_i/dma_gateway_hybrid_0/inst/u_device_dna_reader/o_dna_value_reg[23]/C
                         clock pessimism             -0.030     1.236    
    SLICE_X113Y82        FDCE (Hold_fdce_C_D)         0.047     1.283    udp_gateway_shadow_mirror_i/dma_gateway_hybrid_0/inst/u_device_dna_reader/o_dna_value_reg[23]
  -------------------------------------------------------------------
                         required time                         -1.283    
                         arrival time                           2.469    
  -------------------------------------------------------------------
                         slack                                  1.186    





---------------------------------------------------------------------------------------------------
Path Group:  **async_default**
From Clock:  clk_fpga_0
  To Clock:  clk_fpga_0

Setup :            0  Failing Endpoints,  Worst Slack        2.118ns,  Total Violation        0.000ns
Hold  :            0  Failing Endpoints,  Worst Slack        0.674ns,  Total Violation        0.000ns
---------------------------------------------------------------------------------------------------


Max Delay Paths
--------------------------------------------------------------------------------------
Slack (MET) :             2.118ns  (required time - arrival time)
  Source:                 udp_gateway_shadow_mirror_i/rst_ps7_0_100M/U0/ACTIVE_LOW_PR_OUT_DFF[0].FDRE_PER_N/C
                            (rising edge-triggered cell FDRE clocked by clk_fpga_0  {rise@0.000ns fall@10.000ns period=20.000ns})
  Destination:            udp_gateway_shadow_mirror_i/dma_gateway_hybrid_0/inst/i_hybrid_dma/u_crypto_bridge/rob_data_reg[18][7]/CLR
                            (recovery check against rising-edge clock clk_fpga_0  {rise@0.000ns fall@10.000ns period=20.000ns})
  Path Group:             **async_default**
  Path Type:              Recovery (Max at Slow Process Corner)
  Requirement:            20.000ns  (clk_fpga_0 rise@20.000ns - clk_fpga_0 rise@0.000ns)
  Data Path Delay:        16.832ns  (logic 0.642ns (3.814%)  route 16.190ns (96.186%))
  Logic Levels:           1  (LUT1=1)
  Clock Path Skew:        -0.343ns (DCD - SCD + CPR)
    Destination Clock Delay (DCD):    2.805ns = ( 22.806 - 20.000 ) 
    Source Clock Delay      (SCD):    3.263ns
    Clock Pessimism Removal (CPR):    0.115ns
  Clock Uncertainty:      0.302ns  ((TSJ^2 + TIJ^2)^1/2 + DJ) / 2 + PE
    Total System Jitter     (TSJ):    0.071ns
    Total Input Jitter      (TIJ):    0.600ns
    Discrete Jitter          (DJ):    0.000ns
    Phase Error              (PE):    0.000ns

    Location             Delay type                Incr(ns)  Path(ns)    PBlock               Netlist Resource(s)
  -------------------------------------------------------------------    ----------------------------------------
                         (clock clk_fpga_0 rise edge)
                                                      0.000     0.000 r                       
    PS7_X0Y0             PS7                          0.000     0.000 r                       udp_gateway_shadow_mirror_i/processing_system7_0/inst/PS7_i/FCLKCLK[0]
                         net (fo=1, routed)           1.193     1.193                         udp_gateway_shadow_mirror_i/processing_system7_0/inst/FCLK_CLK_unbuffered[0]
    BUFGCTRL_X0Y17       BUFG (Prop_bufg_I_O)         0.101     1.294 r                       udp_gateway_shadow_mirror_i/processing_system7_0/inst/buffer_fclk_clk_0.FCLK_CLK_0_BUFG/O
                         net (fo=42827, routed)       1.969     3.263                         udp_gateway_shadow_mirror_i/rst_ps7_0_100M/U0/slowest_sync_clk
    SLICE_X98Y133        FDRE                                         r                       udp_gateway_shadow_mirror_i/rst_ps7_0_100M/U0/ACTIVE_LOW_PR_OUT_DFF[0].FDRE_PER_N/C
  -------------------------------------------------------------------    ----------------------------------------
    SLICE_X98Y133        FDRE (Prop_fdre_C_Q)         0.518     3.781 r                       udp_gateway_shadow_mirror_i/rst_ps7_0_100M/U0/ACTIVE_LOW_PR_OUT_DFF[0].FDRE_PER_N/Q
                         net (fo=92, routed)          6.107     9.888                         udp_gateway_shadow_mirror_i/dma_gateway_hybrid_0/inst/i_hybrid_dma/u_crypto_bridge/gen_crypto_cores[0].u_aes/keymem/rst_n
    SLICE_X44Y82         LUT1 (Prop_lut1_I0_O)        0.124    10.012 f  shadow_core_region   udp_gateway_shadow_mirror_i/dma_gateway_hybrid_0/inst/i_hybrid_dma/u_crypto_bridge/gen_crypto_cores[0].u_aes/keymem/debug_last_plaintext_q[127]_i_2/O
                         net (fo=9554, routed)       10.083    20.095                         udp_gateway_shadow_mirror_i/dma_gateway_hybrid_0/inst/i_hybrid_dma/u_crypto_bridge/gen_crypto_cores[0].u_aes_n_221
    SLICE_X99Y1          FDCE                                         f  shadow_core_region   udp_gateway_shadow_mirror_i/dma_gateway_hybrid_0/inst/i_hybrid_dma/u_crypto_bridge/rob_data_reg[18][7]/CLR
  -------------------------------------------------------------------    ----------------------------------------

                         (clock clk_fpga_0 rise edge)
                                                     20.000    20.000 r                       
    PS7_X0Y0             PS7                          0.000    20.000 r                       udp_gateway_shadow_mirror_i/processing_system7_0/inst/PS7_i/FCLKCLK[0]
                         net (fo=1, routed)           1.088    21.088                         udp_gateway_shadow_mirror_i/processing_system7_0/inst/FCLK_CLK_unbuffered[0]
    BUFGCTRL_X0Y17       BUFG (Prop_bufg_I_O)         0.091    21.179 r                       udp_gateway_shadow_mirror_i/processing_system7_0/inst/buffer_fclk_clk_0.FCLK_CLK_0_BUFG/O
                         net (fo=42827, routed)       1.626    22.806                         udp_gateway_shadow_mirror_i/dma_gateway_hybrid_0/inst/i_hybrid_dma/u_crypto_bridge/clk
    SLICE_X99Y1          FDCE                                         r  shadow_core_region   udp_gateway_shadow_mirror_i/dma_gateway_hybrid_0/inst/i_hybrid_dma/u_crypto_bridge/rob_data_reg[18][7]/C
                         clock pessimism              0.115    22.920                           
                         clock uncertainty           -0.302    22.618                           
    SLICE_X99Y1          FDCE (Recov_fdce_C_CLR)     -0.405    22.213    shadow_core_region     udp_gateway_shadow_mirror_i/dma_gateway_hybrid_0/inst/i_hybrid_dma/u_crypto_bridge/rob_data_reg[18][7]
  -------------------------------------------------------------------
                         required time                         22.213                           
                         arrival time                         -20.095                           
  -------------------------------------------------------------------
                         slack                                  2.118                           

Slack (MET) :             2.204ns  (required time - arrival time)
  Source:                 udp_gateway_shadow_mirror_i/rst_ps7_0_100M/U0/ACTIVE_LOW_PR_OUT_DFF[0].FDRE_PER_N/C
                            (rising edge-triggered cell FDRE clocked by clk_fpga_0  {rise@0.000ns fall@10.000ns period=20.000ns})
  Destination:            udp_gateway_shadow_mirror_i/dma_gateway_hybrid_0/inst/i_hybrid_dma/u_crypto_bridge/rob_data_reg[16][7]/CLR
                            (recovery check against rising-edge clock clk_fpga_0  {rise@0.000ns fall@10.000ns period=20.000ns})
  Path Group:             **async_default**
  Path Type:              Recovery (Max at Slow Process Corner)
  Requirement:            20.000ns  (clk_fpga_0 rise@20.000ns - clk_fpga_0 rise@0.000ns)
  Data Path Delay:        16.832ns  (logic 0.642ns (3.814%)  route 16.190ns (96.186%))
  Logic Levels:           1  (LUT1=1)
  Clock Path Skew:        -0.343ns (DCD - SCD + CPR)
    Destination Clock Delay (DCD):    2.805ns = ( 22.806 - 20.000 ) 
    Source Clock Delay      (SCD):    3.263ns
    Clock Pessimism Removal (CPR):    0.115ns
  Clock Uncertainty:      0.302ns  ((TSJ^2 + TIJ^2)^1/2 + DJ) / 2 + PE
    Total System Jitter     (TSJ):    0.071ns
    Total Input Jitter      (TIJ):    0.600ns
    Discrete Jitter          (DJ):    0.000ns
    Phase Error              (PE):    0.000ns

    Location             Delay type                Incr(ns)  Path(ns)    PBlock               Netlist Resource(s)
  -------------------------------------------------------------------    ----------------------------------------
                         (clock clk_fpga_0 rise edge)
                                                      0.000     0.000 r                       
    PS7_X0Y0             PS7                          0.000     0.000 r                       udp_gateway_shadow_mirror_i/processing_system7_0/inst/PS7_i/FCLKCLK[0]
                         net (fo=1, routed)           1.193     1.193                         udp_gateway_shadow_mirror_i/processing_system7_0/inst/FCLK_CLK_unbuffered[0]
    BUFGCTRL_X0Y17       BUFG (Prop_bufg_I_O)         0.101     1.294 r                       udp_gateway_shadow_mirror_i/processing_system7_0/inst/buffer_fclk_clk_0.FCLK_CLK_0_BUFG/O
                         net (fo=42827, routed)       1.969     3.263                         udp_gateway_shadow_mirror_i/rst_ps7_0_100M/U0/slowest_sync_clk
    SLICE_X98Y133        FDRE                                         r                       udp_gateway_shadow_mirror_i/rst_ps7_0_100M/U0/ACTIVE_LOW_PR_OUT_DFF[0].FDRE_PER_N/C
  -------------------------------------------------------------------    ----------------------------------------
    SLICE_X98Y133        FDRE (Prop_fdre_C_Q)         0.518     3.781 r                       udp_gateway_shadow_mirror_i/rst_ps7_0_100M/U0/ACTIVE_LOW_PR_OUT_DFF[0].FDRE_PER_N/Q
                         net (fo=92, routed)          6.107     9.888                         udp_gateway_shadow_mirror_i/dma_gateway_hybrid_0/inst/i_hybrid_dma/u_crypto_bridge/gen_crypto_cores[0].u_aes/keymem/rst_n
    SLICE_X44Y82         LUT1 (Prop_lut1_I0_O)        0.124    10.012 f  shadow_core_region   udp_gateway_shadow_mirror_i/dma_gateway_hybrid_0/inst/i_hybrid_dma/u_crypto_bridge/gen_crypto_cores[0].u_aes/keymem/debug_last_plaintext_q[127]_i_2/O
                         net (fo=9554, routed)       10.083    20.095                         udp_gateway_shadow_mirror_i/dma_gateway_hybrid_0/inst/i_hybrid_dma/u_crypto_bridge/gen_crypto_cores[0].u_aes_n_221
    SLICE_X98Y1          FDCE                                         f  shadow_core_region   udp_gateway_shadow_mirror_i/dma_gateway_hybrid_0/inst/i_hybrid_dma/u_crypto_bridge/rob_data_reg[16][7]/CLR
  -------------------------------------------------------------------    ----------------------------------------

                         (clock clk_fpga_0 rise edge)
                                                     20.000    20.000 r                       
    PS7_X0Y0             PS7                          0.000    20.000 r                       udp_gateway_shadow_mirror_i/processing_system7_0/inst/PS7_i/FCLKCLK[0]
                         net (fo=1, routed)           1.088    21.088                         udp_gateway_shadow_mirror_i/processing_system7_0/inst/FCLK_CLK_unbuffered[0]
    BUFGCTRL_X0Y17       BUFG (Prop_bufg_I_O)         0.091    21.179 r                       udp_gateway_shadow_mirror_i/processing_system7_0/inst/buffer_fclk_clk_0.FCLK_CLK_0_BUFG/O
                         net (fo=42827, routed)       1.626    22.806                         udp_gateway_shadow_mirror_i/dma_gateway_hybrid_0/inst/i_hybrid_dma/u_crypto_bridge/clk
    SLICE_X98Y1          FDCE                                         r  shadow_core_region   udp_gateway_shadow_mirror_i/dma_gateway_hybrid_0/inst/i_hybrid_dma/u_crypto_bridge/rob_data_reg[16][7]/C
                         clock pessimism              0.115    22.920                           
                         clock uncertainty           -0.302    22.618                           
    SLICE_X98Y1          FDCE (Recov_fdce_C_CLR)     -0.319    22.299    shadow_core_region     udp_gateway_shadow_mirror_i/dma_gateway_hybrid_0/inst/i_hybrid_dma/u_crypto_bridge/rob_data_reg[16][7]
  -------------------------------------------------------------------
                         required time                         22.299                           
                         arrival time                         -20.095                           
  -------------------------------------------------------------------
                         slack                                  2.204                           

Slack (MET) :             2.262ns  (required time - arrival time)
  Source:                 udp_gateway_shadow_mirror_i/rst_ps7_0_100M/U0/ACTIVE_LOW_PR_OUT_DFF[0].FDRE_PER_N/C
                            (rising edge-triggered cell FDRE clocked by clk_fpga_0  {rise@0.000ns fall@10.000ns period=20.000ns})
  Destination:            udp_gateway_shadow_mirror_i/dma_gateway_hybrid_0/inst/i_hybrid_dma/u_crypto_bridge/rob_data_reg[20][65]/CLR
                            (recovery check against rising-edge clock clk_fpga_0  {rise@0.000ns fall@10.000ns period=20.000ns})
  Path Group:             **async_default**
  Path Type:              Recovery (Max at Slow Process Corner)
  Requirement:            20.000ns  (clk_fpga_0 rise@20.000ns - clk_fpga_0 rise@0.000ns)
  Data Path Delay:        16.771ns  (logic 0.642ns (3.828%)  route 16.129ns (96.172%))
  Logic Levels:           1  (LUT1=1)
  Clock Path Skew:        -0.346ns (DCD - SCD + CPR)
    Destination Clock Delay (DCD):    2.802ns = ( 22.802 - 20.000 ) 
    Source Clock Delay      (SCD):    3.263ns
    Clock Pessimism Removal (CPR):    0.115ns
  Clock Uncertainty:      0.302ns  ((TSJ^2 + TIJ^2)^1/2 + DJ) / 2 + PE
    Total System Jitter     (TSJ):    0.071ns
    Total Input Jitter      (TIJ):    0.600ns
    Discrete Jitter          (DJ):    0.000ns
    Phase Error              (PE):    0.000ns

    Location             Delay type                Incr(ns)  Path(ns)    PBlock               Netlist Resource(s)
  -------------------------------------------------------------------    ----------------------------------------
                         (clock clk_fpga_0 rise edge)
                                                      0.000     0.000 r                       
    PS7_X0Y0             PS7                          0.000     0.000 r                       udp_gateway_shadow_mirror_i/processing_system7_0/inst/PS7_i/FCLKCLK[0]
                         net (fo=1, routed)           1.193     1.193                         udp_gateway_shadow_mirror_i/processing_system7_0/inst/FCLK_CLK_unbuffered[0]
    BUFGCTRL_X0Y17       BUFG (Prop_bufg_I_O)         0.101     1.294 r                       udp_gateway_shadow_mirror_i/processing_system7_0/inst/buffer_fclk_clk_0.FCLK_CLK_0_BUFG/O
                         net (fo=42827, routed)       1.969     3.263                         udp_gateway_shadow_mirror_i/rst_ps7_0_100M/U0/slowest_sync_clk
    SLICE_X98Y133        FDRE                                         r                       udp_gateway_shadow_mirror_i/rst_ps7_0_100M/U0/ACTIVE_LOW_PR_OUT_DFF[0].FDRE_PER_N/C
  -------------------------------------------------------------------    ----------------------------------------
    SLICE_X98Y133        FDRE (Prop_fdre_C_Q)         0.518     3.781 r                       udp_gateway_shadow_mirror_i/rst_ps7_0_100M/U0/ACTIVE_LOW_PR_OUT_DFF[0].FDRE_PER_N/Q
                         net (fo=92, routed)          6.107     9.888                         udp_gateway_shadow_mirror_i/dma_gateway_hybrid_0/inst/i_hybrid_dma/u_crypto_bridge/gen_crypto_cores[0].u_aes/keymem/rst_n
    SLICE_X44Y82         LUT1 (Prop_lut1_I0_O)        0.124    10.012 f  shadow_core_region   udp_gateway_shadow_mirror_i/dma_gateway_hybrid_0/inst/i_hybrid_dma/u_crypto_bridge/gen_crypto_cores[0].u_aes/keymem/debug_last_plaintext_q[127]_i_2/O
                         net (fo=9554, routed)       10.022    20.034                         udp_gateway_shadow_mirror_i/dma_gateway_hybrid_0/inst/i_hybrid_dma/u_crypto_bridge/gen_crypto_cores[0].u_aes_n_221
    SLICE_X92Y2          FDCE                                         f  shadow_core_region   udp_gateway_shadow_mirror_i/dma_gateway_hybrid_0/inst/i_hybrid_dma/u_crypto_bridge/rob_data_reg[20][65]/CLR
  -------------------------------------------------------------------    ----------------------------------------

                         (clock clk_fpga_0 rise edge)
                                                     20.000    20.000 r                       
    PS7_X0Y0             PS7                          0.000    20.000 r                       udp_gateway_shadow_mirror_i/processing_system7_0/inst/PS7_i/FCLKCLK[0]
                         net (fo=1, routed)           1.088    21.088                         udp_gateway_shadow_mirror_i/processing_system7_0/inst/FCLK_CLK_unbuffered[0]
    BUFGCTRL_X0Y17       BUFG (Prop_bufg_I_O)         0.091    21.179 r                       udp_gateway_shadow_mirror_i/processing_system7_0/inst/buffer_fclk_clk_0.FCLK_CLK_0_BUFG/O
                         net (fo=42827, routed)       1.623    22.802                         udp_gateway_shadow_mirror_i/dma_gateway_hybrid_0/inst/i_hybrid_dma/u_crypto_bridge/clk
    SLICE_X92Y2          FDCE                                         r  shadow_core_region   udp_gateway_shadow_mirror_i/dma_gateway_hybrid_0/inst/i_hybrid_dma/u_crypto_bridge/rob_data_reg[20][65]/C
                         clock pessimism              0.115    22.917                           
                         clock uncertainty           -0.302    22.615                           
    SLICE_X92Y2          FDCE (Recov_fdce_C_CLR)     -0.319    22.296    shadow_core_region     udp_gateway_shadow_mirror_i/dma_gateway_hybrid_0/inst/i_hybrid_dma/u_crypto_bridge/rob_data_reg[20][65]
  -------------------------------------------------------------------
                         required time                         22.296                           
                         arrival time                         -20.034                           
  -------------------------------------------------------------------
                         slack                                  2.262                           

Slack (MET) :             2.336ns  (required time - arrival time)
  Source:                 udp_gateway_shadow_mirror_i/rst_ps7_0_100M/U0/ACTIVE_LOW_PR_OUT_DFF[0].FDRE_PER_N/C
                            (rising edge-triggered cell FDRE clocked by clk_fpga_0  {rise@0.000ns fall@10.000ns period=20.000ns})
  Destination:            udp_gateway_shadow_mirror_i/dma_gateway_hybrid_0/inst/i_hybrid_dma/u_crypto_bridge/rob_data_reg[22][65]/CLR
                            (recovery check against rising-edge clock clk_fpga_0  {rise@0.000ns fall@10.000ns period=20.000ns})
  Path Group:             **async_default**
  Path Type:              Recovery (Max at Slow Process Corner)
  Requirement:            20.000ns  (clk_fpga_0 rise@20.000ns - clk_fpga_0 rise@0.000ns)
  Data Path Delay:        16.612ns  (logic 0.642ns (3.865%)  route 15.970ns (96.135%))
  Logic Levels:           1  (LUT1=1)
  Clock Path Skew:        -0.346ns (DCD - SCD + CPR)
    Destination Clock Delay (DCD):    2.802ns = ( 22.802 - 20.000 ) 
    Source Clock Delay      (SCD):    3.263ns
    Clock Pessimism Removal (CPR):    0.115ns
  Clock Uncertainty:      0.302ns  ((TSJ^2 + TIJ^2)^1/2 + DJ) / 2 + PE
    Total System Jitter     (TSJ):    0.071ns
    Total Input Jitter      (TIJ):    0.600ns
    Discrete Jitter          (DJ):    0.000ns
    Phase Error              (PE):    0.000ns

    Location             Delay type                Incr(ns)  Path(ns)    PBlock               Netlist Resource(s)
  -------------------------------------------------------------------    ----------------------------------------
                         (clock clk_fpga_0 rise edge)
                                                      0.000     0.000 r                       
    PS7_X0Y0             PS7                          0.000     0.000 r                       udp_gateway_shadow_mirror_i/processing_system7_0/inst/PS7_i/FCLKCLK[0]
                         net (fo=1, routed)           1.193     1.193                         udp_gateway_shadow_mirror_i/processing_system7_0/inst/FCLK_CLK_unbuffered[0]
    BUFGCTRL_X0Y17       BUFG (Prop_bufg_I_O)         0.101     1.294 r                       udp_gateway_shadow_mirror_i/processing_system7_0/inst/buffer_fclk_clk_0.FCLK_CLK_0_BUFG/O
                         net (fo=42827, routed)       1.969     3.263                         udp_gateway_shadow_mirror_i/rst_ps7_0_100M/U0/slowest_sync_clk
    SLICE_X98Y133        FDRE                                         r                       udp_gateway_shadow_mirror_i/rst_ps7_0_100M/U0/ACTIVE_LOW_PR_OUT_DFF[0].FDRE_PER_N/C
  -------------------------------------------------------------------    ----------------------------------------
    SLICE_X98Y133        FDRE (Prop_fdre_C_Q)         0.518     3.781 r                       udp_gateway_shadow_mirror_i/rst_ps7_0_100M/U0/ACTIVE_LOW_PR_OUT_DFF[0].FDRE_PER_N/Q
                         net (fo=92, routed)          6.107     9.888                         udp_gateway_shadow_mirror_i/dma_gateway_hybrid_0/inst/i_hybrid_dma/u_crypto_bridge/gen_crypto_cores[0].u_aes/keymem/rst_n
    SLICE_X44Y82         LUT1 (Prop_lut1_I0_O)        0.124    10.012 f  shadow_core_region   udp_gateway_shadow_mirror_i/dma_gateway_hybrid_0/inst/i_hybrid_dma/u_crypto_bridge/gen_crypto_cores[0].u_aes/keymem/debug_last_plaintext_q[127]_i_2/O
                         net (fo=9554, routed)        9.863    19.875                         udp_gateway_shadow_mirror_i/dma_gateway_hybrid_0/inst/i_hybrid_dma/u_crypto_bridge/gen_crypto_cores[0].u_aes_n_221
    SLICE_X93Y1          FDCE                                         f  shadow_core_region   udp_gateway_shadow_mirror_i/dma_gateway_hybrid_0/inst/i_hybrid_dma/u_crypto_bridge/rob_data_reg[22][65]/CLR
  -------------------------------------------------------------------    ----------------------------------------

                         (clock clk_fpga_0 rise edge)
                                                     20.000    20.000 r                       
    PS7_X0Y0             PS7                          0.000    20.000 r                       udp_gateway_shadow_mirror_i/processing_system7_0/inst/PS7_i/FCLKCLK[0]
                         net (fo=1, routed)           1.088    21.088                         udp_gateway_shadow_mirror_i/processing_system7_0/inst/FCLK_CLK_unbuffered[0]
    BUFGCTRL_X0Y17       BUFG (Prop_bufg_I_O)         0.091    21.179 r                       udp_gateway_shadow_mirror_i/processing_system7_0/inst/buffer_fclk_clk_0.FCLK_CLK_0_BUFG/O
                         net (fo=42827, routed)       1.623    22.802                         udp_gateway_shadow_mirror_i/dma_gateway_hybrid_0/inst/i_hybrid_dma/u_crypto_bridge/clk
    SLICE_X93Y1          FDCE                                         r  shadow_core_region   udp_gateway_shadow_mirror_i/dma_gateway_hybrid_0/inst/i_hybrid_dma/u_crypto_bridge/rob_data_reg[22][65]/C
                         clock pessimism              0.115    22.917                           
                         clock uncertainty           -0.302    22.615                           
    SLICE_X93Y1          FDCE (Recov_fdce_C_CLR)     -0.405    22.210    shadow_core_region     udp_gateway_shadow_mirror_i/dma_gateway_hybrid_0/inst/i_hybrid_dma/u_crypto_bridge/rob_data_reg[22][65]
  -------------------------------------------------------------------
                         required time                         22.210                           
                         arrival time                         -19.875                           
  -------------------------------------------------------------------
                         slack                                  2.336                           

Slack (MET) :             2.377ns  (required time - arrival time)
  Source:                 udp_gateway_shadow_mirror_i/rst_ps7_0_100M/U0/ACTIVE_LOW_PR_OUT_DFF[0].FDRE_PER_N/C
                            (rising edge-triggered cell FDRE clocked by clk_fpga_0  {rise@0.000ns fall@10.000ns period=20.000ns})
  Destination:            udp_gateway_shadow_mirror_i/dma_gateway_hybrid_0/inst/i_hybrid_dma/u_crypto_bridge/rob_data_reg[4][109]/CLR
                            (recovery check against rising-edge clock clk_fpga_0  {rise@0.000ns fall@10.000ns period=20.000ns})
  Path Group:             **async_default**
  Path Type:              Recovery (Max at Slow Process Corner)
  Requirement:            20.000ns  (clk_fpga_0 rise@20.000ns - clk_fpga_0 rise@0.000ns)
  Data Path Delay:        16.529ns  (logic 0.642ns (3.884%)  route 15.887ns (96.116%))
  Logic Levels:           1  (LUT1=1)
  Clock Path Skew:        -0.387ns (DCD - SCD + CPR)
    Destination Clock Delay (DCD):    2.761ns = ( 22.761 - 20.000 ) 
    Source Clock Delay      (SCD):    3.263ns
    Clock Pessimism Removal (CPR):    0.115ns
  Clock Uncertainty:      0.302ns  ((TSJ^2 + TIJ^2)^1/2 + DJ) / 2 + PE
    Total System Jitter     (TSJ):    0.071ns
    Total Input Jitter      (TIJ):    0.600ns
    Discrete Jitter          (DJ):    0.000ns
    Phase Error              (PE):    0.000ns

    Location             Delay type                Incr(ns)  Path(ns)    PBlock               Netlist Resource(s)
  -------------------------------------------------------------------    ----------------------------------------
                         (clock clk_fpga_0 rise edge)
                                                      0.000     0.000 r                       
    PS7_X0Y0             PS7                          0.000     0.000 r                       udp_gateway_shadow_mirror_i/processing_system7_0/inst/PS7_i/FCLKCLK[0]
                         net (fo=1, routed)           1.193     1.193                         udp_gateway_shadow_mirror_i/processing_system7_0/inst/FCLK_CLK_unbuffered[0]
    BUFGCTRL_X0Y17       BUFG (Prop_bufg_I_O)         0.101     1.294 r                       udp_gateway_shadow_mirror_i/processing_system7_0/inst/buffer_fclk_clk_0.FCLK_CLK_0_BUFG/O
                         net (fo=42827, routed)       1.969     3.263                         udp_gateway_shadow_mirror_i/rst_ps7_0_100M/U0/slowest_sync_clk
    SLICE_X98Y133        FDRE                                         r                       udp_gateway_shadow_mirror_i/rst_ps7_0_100M/U0/ACTIVE_LOW_PR_OUT_DFF[0].FDRE_PER_N/C
  -------------------------------------------------------------------    ----------------------------------------
    SLICE_X98Y133        FDRE (Prop_fdre_C_Q)         0.518     3.781 r                       udp_gateway_shadow_mirror_i/rst_ps7_0_100M/U0/ACTIVE_LOW_PR_OUT_DFF[0].FDRE_PER_N/Q
                         net (fo=92, routed)          6.107     9.888                         udp_gateway_shadow_mirror_i/dma_gateway_hybrid_0/inst/i_hybrid_dma/u_crypto_bridge/gen_crypto_cores[0].u_aes/keymem/rst_n
    SLICE_X44Y82         LUT1 (Prop_lut1_I0_O)        0.124    10.012 f  shadow_core_region   udp_gateway_shadow_mirror_i/dma_gateway_hybrid_0/inst/i_hybrid_dma/u_crypto_bridge/gen_crypto_cores[0].u_aes/keymem/debug_last_plaintext_q[127]_i_2/O
                         net (fo=9554, routed)        9.780    19.792                         udp_gateway_shadow_mirror_i/dma_gateway_hybrid_0/inst/i_hybrid_dma/u_crypto_bridge/gen_crypto_cores[0].u_aes_n_221
    SLICE_X11Y0          FDCE                                         f  shadow_core_region   udp_gateway_shadow_mirror_i/dma_gateway_hybrid_0/inst/i_hybrid_dma/u_crypto_bridge/rob_data_reg[4][109]/CLR
  -------------------------------------------------------------------    ----------------------------------------

                         (clock clk_fpga_0 rise edge)
                                                     20.000    20.000 r                       
    PS7_X0Y0             PS7                          0.000    20.000 r                       udp_gateway_shadow_mirror_i/processing_system7_0/inst/PS7_i/FCLKCLK[0]
                         net (fo=1, routed)           1.088    21.088                         udp_gateway_shadow_mirror_i/processing_system7_0/inst/FCLK_CLK_unbuffered[0]
    BUFGCTRL_X0Y17       BUFG (Prop_bufg_I_O)         0.091    21.179 r                       udp_gateway_shadow_mirror_i/processing_system7_0/inst/buffer_fclk_clk_0.FCLK_CLK_0_BUFG/O
                         net (fo=42827, routed)       1.582    22.761                         udp_gateway_shadow_mirror_i/dma_gateway_hybrid_0/inst/i_hybrid_dma/u_crypto_bridge/clk
    SLICE_X11Y0          FDCE                                         r  shadow_core_region   udp_gateway_shadow_mirror_i/dma_gateway_hybrid_0/inst/i_hybrid_dma/u_crypto_bridge/rob_data_reg[4][109]/C
                         clock pessimism              0.115    22.876                           
                         clock uncertainty           -0.302    22.574                           
    SLICE_X11Y0          FDCE (Recov_fdce_C_CLR)     -0.405    22.169    shadow_core_region     udp_gateway_shadow_mirror_i/dma_gateway_hybrid_0/inst/i_hybrid_dma/u_crypto_bridge/rob_data_reg[4][109]
  -------------------------------------------------------------------
                         required time                         22.169                           
                         arrival time                         -19.792                           
  -------------------------------------------------------------------
                         slack                                  2.377                           

Slack (MET) :             2.377ns  (required time - arrival time)
  Source:                 udp_gateway_shadow_mirror_i/rst_ps7_0_100M/U0/ACTIVE_LOW_PR_OUT_DFF[0].FDRE_PER_N/C
                            (rising edge-triggered cell FDRE clocked by clk_fpga_0  {rise@0.000ns fall@10.000ns period=20.000ns})
  Destination:            udp_gateway_shadow_mirror_i/dma_gateway_hybrid_0/inst/i_hybrid_dma/u_crypto_bridge/rob_data_reg[12][41]/CLR
                            (recovery check against rising-edge clock clk_fpga_0  {rise@0.000ns fall@10.000ns period=20.000ns})
  Path Group:             **async_default**
  Path Type:              Recovery (Max at Slow Process Corner)
  Requirement:            20.000ns  (clk_fpga_0 rise@20.000ns - clk_fpga_0 rise@0.000ns)
  Data Path Delay:        16.511ns  (logic 0.642ns (3.888%)  route 15.869ns (96.112%))
  Logic Levels:           1  (LUT1=1)
  Clock Path Skew:        -0.405ns (DCD - SCD + CPR)
    Destination Clock Delay (DCD):    2.743ns = ( 22.743 - 20.000 ) 
    Source Clock Delay      (SCD):    3.263ns
    Clock Pessimism Removal (CPR):    0.115ns
  Clock Uncertainty:      0.302ns  ((TSJ^2 + TIJ^2)^1/2 + DJ) / 2 + PE
    Total System Jitter     (TSJ):    0.071ns
    Total Input Jitter      (TIJ):    0.600ns
    Discrete Jitter          (DJ):    0.000ns
    Phase Error              (PE):    0.000ns

    Location             Delay type                Incr(ns)  Path(ns)    PBlock               Netlist Resource(s)
  -------------------------------------------------------------------    ----------------------------------------
                         (clock clk_fpga_0 rise edge)
                                                      0.000     0.000 r                       
    PS7_X0Y0             PS7                          0.000     0.000 r                       udp_gateway_shadow_mirror_i/processing_system7_0/inst/PS7_i/FCLKCLK[0]
                         net (fo=1, routed)           1.193     1.193                         udp_gateway_shadow_mirror_i/processing_system7_0/inst/FCLK_CLK_unbuffered[0]
    BUFGCTRL_X0Y17       BUFG (Prop_bufg_I_O)         0.101     1.294 r                       udp_gateway_shadow_mirror_i/processing_system7_0/inst/buffer_fclk_clk_0.FCLK_CLK_0_BUFG/O
                         net (fo=42827, routed)       1.969     3.263                         udp_gateway_shadow_mirror_i/rst_ps7_0_100M/U0/slowest_sync_clk
    SLICE_X98Y133        FDRE                                         r                       udp_gateway_shadow_mirror_i/rst_ps7_0_100M/U0/ACTIVE_LOW_PR_OUT_DFF[0].FDRE_PER_N/C
  -------------------------------------------------------------------    ----------------------------------------
    SLICE_X98Y133        FDRE (Prop_fdre_C_Q)         0.518     3.781 r                       udp_gateway_shadow_mirror_i/rst_ps7_0_100M/U0/ACTIVE_LOW_PR_OUT_DFF[0].FDRE_PER_N/Q
                         net (fo=92, routed)          6.107     9.888                         udp_gateway_shadow_mirror_i/dma_gateway_hybrid_0/inst/i_hybrid_dma/u_crypto_bridge/gen_crypto_cores[0].u_aes/keymem/rst_n
    SLICE_X44Y82         LUT1 (Prop_lut1_I0_O)        0.124    10.012 f  shadow_core_region   udp_gateway_shadow_mirror_i/dma_gateway_hybrid_0/inst/i_hybrid_dma/u_crypto_bridge/gen_crypto_cores[0].u_aes/keymem/debug_last_plaintext_q[127]_i_2/O
                         net (fo=9554, routed)        9.762    19.774                         udp_gateway_shadow_mirror_i/dma_gateway_hybrid_0/inst/i_hybrid_dma/u_crypto_bridge/gen_crypto_cores[0].u_aes_n_221
    SLICE_X88Y1          FDCE                                         f  shadow_core_region   udp_gateway_shadow_mirror_i/dma_gateway_hybrid_0/inst/i_hybrid_dma/u_crypto_bridge/rob_data_reg[12][41]/CLR
  -------------------------------------------------------------------    ----------------------------------------

                         (clock clk_fpga_0 rise edge)
                                                     20.000    20.000 r                       
    PS7_X0Y0             PS7                          0.000    20.000 r                       udp_gateway_shadow_mirror_i/processing_system7_0/inst/PS7_i/FCLKCLK[0]
                         net (fo=1, routed)           1.088    21.088                         udp_gateway_shadow_mirror_i/processing_system7_0/inst/FCLK_CLK_unbuffered[0]
    BUFGCTRL_X0Y17       BUFG (Prop_bufg_I_O)         0.091    21.179 r                       udp_gateway_shadow_mirror_i/processing_system7_0/inst/buffer_fclk_clk_0.FCLK_CLK_0_BUFG/O
                         net (fo=42827, routed)       1.564    22.743                         udp_gateway_shadow_mirror_i/dma_gateway_hybrid_0/inst/i_hybrid_dma/u_crypto_bridge/clk
    SLICE_X88Y1          FDCE                                         r  shadow_core_region   udp_gateway_shadow_mirror_i/dma_gateway_hybrid_0/inst/i_hybrid_dma/u_crypto_bridge/rob_data_reg[12][41]/C
                         clock pessimism              0.115    22.858                           
                         clock uncertainty           -0.302    22.556                           
    SLICE_X88Y1          FDCE (Recov_fdce_C_CLR)     -0.405    22.151    shadow_core_region     udp_gateway_shadow_mirror_i/dma_gateway_hybrid_0/inst/i_hybrid_dma/u_crypto_bridge/rob_data_reg[12][41]
  -------------------------------------------------------------------
                         required time                         22.151                           
                         arrival time                         -19.774                           
  -------------------------------------------------------------------
                         slack                                  2.377                           

Slack (MET) :             2.382ns  (required time - arrival time)
  Source:                 udp_gateway_shadow_mirror_i/rst_ps7_0_100M/U0/ACTIVE_LOW_PR_OUT_DFF[0].FDRE_PER_N/C
                            (rising edge-triggered cell FDRE clocked by clk_fpga_0  {rise@0.000ns fall@10.000ns period=20.000ns})
  Destination:            udp_gateway_shadow_mirror_i/dma_gateway_hybrid_0/inst/i_hybrid_dma/u_crypto_bridge/rob_data_reg[18][34]/CLR
                            (recovery check against rising-edge clock clk_fpga_0  {rise@0.000ns fall@10.000ns period=20.000ns})
  Path Group:             **async_default**
  Path Type:              Recovery (Max at Slow Process Corner)
  Requirement:            20.000ns  (clk_fpga_0 rise@20.000ns - clk_fpga_0 rise@0.000ns)
  Data Path Delay:        16.507ns  (logic 0.642ns (3.889%)  route 15.865ns (96.111%))
  Logic Levels:           1  (LUT1=1)
  Clock Path Skew:        -0.405ns (DCD - SCD + CPR)
    Destination Clock Delay (DCD):    2.743ns = ( 22.743 - 20.000 ) 
    Source Clock Delay      (SCD):    3.263ns
    Clock Pessimism Removal (CPR):    0.115ns
  Clock Uncertainty:      0.302ns  ((TSJ^2 + TIJ^2)^1/2 + DJ) / 2 + PE
    Total System Jitter     (TSJ):    0.071ns
    Total Input Jitter      (TIJ):    0.600ns
    Discrete Jitter          (DJ):    0.000ns
    Phase Error              (PE):    0.000ns

    Location             Delay type                Incr(ns)  Path(ns)    PBlock               Netlist Resource(s)
  -------------------------------------------------------------------    ----------------------------------------
                         (clock clk_fpga_0 rise edge)
                                                      0.000     0.000 r                       
    PS7_X0Y0             PS7                          0.000     0.000 r                       udp_gateway_shadow_mirror_i/processing_system7_0/inst/PS7_i/FCLKCLK[0]
                         net (fo=1, routed)           1.193     1.193                         udp_gateway_shadow_mirror_i/processing_system7_0/inst/FCLK_CLK_unbuffered[0]
    BUFGCTRL_X0Y17       BUFG (Prop_bufg_I_O)         0.101     1.294 r                       udp_gateway_shadow_mirror_i/processing_system7_0/inst/buffer_fclk_clk_0.FCLK_CLK_0_BUFG/O
                         net (fo=42827, routed)       1.969     3.263                         udp_gateway_shadow_mirror_i/rst_ps7_0_100M/U0/slowest_sync_clk
    SLICE_X98Y133        FDRE                                         r                       udp_gateway_shadow_mirror_i/rst_ps7_0_100M/U0/ACTIVE_LOW_PR_OUT_DFF[0].FDRE_PER_N/C
  -------------------------------------------------------------------    ----------------------------------------
    SLICE_X98Y133        FDRE (Prop_fdre_C_Q)         0.518     3.781 r                       udp_gateway_shadow_mirror_i/rst_ps7_0_100M/U0/ACTIVE_LOW_PR_OUT_DFF[0].FDRE_PER_N/Q
                         net (fo=92, routed)          6.107     9.888                         udp_gateway_shadow_mirror_i/dma_gateway_hybrid_0/inst/i_hybrid_dma/u_crypto_bridge/gen_crypto_cores[0].u_aes/keymem/rst_n
    SLICE_X44Y82         LUT1 (Prop_lut1_I0_O)        0.124    10.012 f  shadow_core_region   udp_gateway_shadow_mirror_i/dma_gateway_hybrid_0/inst/i_hybrid_dma/u_crypto_bridge/gen_crypto_cores[0].u_aes/keymem/debug_last_plaintext_q[127]_i_2/O
                         net (fo=9554, routed)        9.757    19.770                         udp_gateway_shadow_mirror_i/dma_gateway_hybrid_0/inst/i_hybrid_dma/u_crypto_bridge/gen_crypto_cores[0].u_aes_n_221
    SLICE_X89Y1          FDCE                                         f  shadow_core_region   udp_gateway_shadow_mirror_i/dma_gateway_hybrid_0/inst/i_hybrid_dma/u_crypto_bridge/rob_data_reg[18][34]/CLR
  -------------------------------------------------------------------    ----------------------------------------

                         (clock clk_fpga_0 rise edge)
                                                     20.000    20.000 r                       
    PS7_X0Y0             PS7                          0.000    20.000 r                       udp_gateway_shadow_mirror_i/processing_system7_0/inst/PS7_i/FCLKCLK[0]
                         net (fo=1, routed)           1.088    21.088                         udp_gateway_shadow_mirror_i/processing_system7_0/inst/FCLK_CLK_unbuffered[0]
    BUFGCTRL_X0Y17       BUFG (Prop_bufg_I_O)         0.091    21.179 r                       udp_gateway_shadow_mirror_i/processing_system7_0/inst/buffer_fclk_clk_0.FCLK_CLK_0_BUFG/O
                         net (fo=42827, routed)       1.564    22.743                         udp_gateway_shadow_mirror_i/dma_gateway_hybrid_0/inst/i_hybrid_dma/u_crypto_bridge/clk
    SLICE_X89Y1          FDCE                                         r  shadow_core_region   udp_gateway_shadow_mirror_i/dma_gateway_hybrid_0/inst/i_hybrid_dma/u_crypto_bridge/rob_data_reg[18][34]/C
                         clock pessimism              0.115    22.858                           
                         clock uncertainty           -0.302    22.556                           
    SLICE_X89Y1          FDCE (Recov_fdce_C_CLR)     -0.405    22.151    shadow_core_region     udp_gateway_shadow_mirror_i/dma_gateway_hybrid_0/inst/i_hybrid_dma/u_crypto_bridge/rob_data_reg[18][34]
  -------------------------------------------------------------------
                         required time                         22.151                           
                         arrival time                         -19.770                           
  -------------------------------------------------------------------
                         slack                                  2.382                           

Slack (MET) :             2.422ns  (required time - arrival time)
  Source:                 udp_gateway_shadow_mirror_i/rst_ps7_0_100M/U0/ACTIVE_LOW_PR_OUT_DFF[0].FDRE_PER_N/C
                            (rising edge-triggered cell FDRE clocked by clk_fpga_0  {rise@0.000ns fall@10.000ns period=20.000ns})
  Destination:            udp_gateway_shadow_mirror_i/dma_gateway_hybrid_0/inst/i_hybrid_dma/u_crypto_bridge/rob_data_reg[16][65]/CLR
                            (recovery check against rising-edge clock clk_fpga_0  {rise@0.000ns fall@10.000ns period=20.000ns})
  Path Group:             **async_default**
  Path Type:              Recovery (Max at Slow Process Corner)
  Requirement:            20.000ns  (clk_fpga_0 rise@20.000ns - clk_fpga_0 rise@0.000ns)
  Data Path Delay:        16.612ns  (logic 0.642ns (3.865%)  route 15.970ns (96.135%))
  Logic Levels:           1  (LUT1=1)
  Clock Path Skew:        -0.346ns (DCD - SCD + CPR)
    Destination Clock Delay (DCD):    2.802ns = ( 22.802 - 20.000 ) 
    Source Clock Delay      (SCD):    3.263ns
    Clock Pessimism Removal (CPR):    0.115ns
  Clock Uncertainty:      0.302ns  ((TSJ^2 + TIJ^2)^1/2 + DJ) / 2 + PE
    Total System Jitter     (TSJ):    0.071ns
    Total Input Jitter      (TIJ):    0.600ns
    Discrete Jitter          (DJ):    0.000ns
    Phase Error              (PE):    0.000ns

    Location             Delay type                Incr(ns)  Path(ns)    PBlock               Netlist Resource(s)
  -------------------------------------------------------------------    ----------------------------------------
                         (clock clk_fpga_0 rise edge)
                                                      0.000     0.000 r                       
    PS7_X0Y0             PS7                          0.000     0.000 r                       udp_gateway_shadow_mirror_i/processing_system7_0/inst/PS7_i/FCLKCLK[0]
                         net (fo=1, routed)           1.193     1.193                         udp_gateway_shadow_mirror_i/processing_system7_0/inst/FCLK_CLK_unbuffered[0]
    BUFGCTRL_X0Y17       BUFG (Prop_bufg_I_O)         0.101     1.294 r                       udp_gateway_shadow_mirror_i/processing_system7_0/inst/buffer_fclk_clk_0.FCLK_CLK_0_BUFG/O
                         net (fo=42827, routed)       1.969     3.263                         udp_gateway_shadow_mirror_i/rst_ps7_0_100M/U0/slowest_sync_clk
    SLICE_X98Y133        FDRE                                         r                       udp_gateway_shadow_mirror_i/rst_ps7_0_100M/U0/ACTIVE_LOW_PR_OUT_DFF[0].FDRE_PER_N/C
  -------------------------------------------------------------------    ----------------------------------------
    SLICE_X98Y133        FDRE (Prop_fdre_C_Q)         0.518     3.781 r                       udp_gateway_shadow_mirror_i/rst_ps7_0_100M/U0/ACTIVE_LOW_PR_OUT_DFF[0].FDRE_PER_N/Q
                         net (fo=92, routed)          6.107     9.888                         udp_gateway_shadow_mirror_i/dma_gateway_hybrid_0/inst/i_hybrid_dma/u_crypto_bridge/gen_crypto_cores[0].u_aes/keymem/rst_n
    SLICE_X44Y82         LUT1 (Prop_lut1_I0_O)        0.124    10.012 f  shadow_core_region   udp_gateway_shadow_mirror_i/dma_gateway_hybrid_0/inst/i_hybrid_dma/u_crypto_bridge/gen_crypto_cores[0].u_aes/keymem/debug_last_plaintext_q[127]_i_2/O
                         net (fo=9554, routed)        9.863    19.875                         udp_gateway_shadow_mirror_i/dma_gateway_hybrid_0/inst/i_hybrid_dma/u_crypto_bridge/gen_crypto_cores[0].u_aes_n_221
    SLICE_X92Y1          FDCE                                         f  shadow_core_region   udp_gateway_shadow_mirror_i/dma_gateway_hybrid_0/inst/i_hybrid_dma/u_crypto_bridge/rob_data_reg[16][65]/CLR
  -------------------------------------------------------------------    ----------------------------------------

                         (clock clk_fpga_0 rise edge)
                                                     20.000    20.000 r                       
    PS7_X0Y0             PS7                          0.000    20.000 r                       udp_gateway_shadow_mirror_i/processing_system7_0/inst/PS7_i/FCLKCLK[0]
                         net (fo=1, routed)           1.088    21.088                         udp_gateway_shadow_mirror_i/processing_system7_0/inst/FCLK_CLK_unbuffered[0]
    BUFGCTRL_X0Y17       BUFG (Prop_bufg_I_O)         0.091    21.179 r                       udp_gateway_shadow_mirror_i/processing_system7_0/inst/buffer_fclk_clk_0.FCLK_CLK_0_BUFG/O
                         net (fo=42827, routed)       1.623    22.802                         udp_gateway_shadow_mirror_i/dma_gateway_hybrid_0/inst/i_hybrid_dma/u_crypto_bridge/clk
    SLICE_X92Y1          FDCE                                         r  shadow_core_region   udp_gateway_shadow_mirror_i/dma_gateway_hybrid_0/inst/i_hybrid_dma/u_crypto_bridge/rob_data_reg[16][65]/C
                         clock pessimism              0.115    22.917                           
                         clock uncertainty           -0.302    22.615                           
    SLICE_X92Y1          FDCE (Recov_fdce_C_CLR)     -0.319    22.296    shadow_core_region     udp_gateway_shadow_mirror_i/dma_gateway_hybrid_0/inst/i_hybrid_dma/u_crypto_bridge/rob_data_reg[16][65]
  -------------------------------------------------------------------
                         required time                         22.296                           
                         arrival time                         -19.875                           
  -------------------------------------------------------------------
                         slack                                  2.422                           

Slack (MET) :             2.423ns  (required time - arrival time)
  Source:                 udp_gateway_shadow_mirror_i/rst_ps7_0_100M/U0/ACTIVE_LOW_PR_OUT_DFF[0].FDRE_PER_N/C
                            (rising edge-triggered cell FDRE clocked by clk_fpga_0  {rise@0.000ns fall@10.000ns period=20.000ns})
  Destination:            udp_gateway_shadow_mirror_i/dma_gateway_hybrid_0/inst/i_hybrid_dma/u_crypto_bridge/rob_data_reg[8][58]/CLR
                            (recovery check against rising-edge clock clk_fpga_0  {rise@0.000ns fall@10.000ns period=20.000ns})
  Path Group:             **async_default**
  Path Type:              Recovery (Max at Slow Process Corner)
  Requirement:            20.000ns  (clk_fpga_0 rise@20.000ns - clk_fpga_0 rise@0.000ns)
  Data Path Delay:        16.522ns  (logic 0.642ns (3.886%)  route 15.880ns (96.114%))
  Logic Levels:           1  (LUT1=1)
  Clock Path Skew:        -0.348ns (DCD - SCD + CPR)
    Destination Clock Delay (DCD):    2.800ns = ( 22.800 - 20.000 ) 
    Source Clock Delay      (SCD):    3.263ns
    Clock Pessimism Removal (CPR):    0.115ns
  Clock Uncertainty:      0.302ns  ((TSJ^2 + TIJ^2)^1/2 + DJ) / 2 + PE
    Total System Jitter     (TSJ):    0.071ns
    Total Input Jitter      (TIJ):    0.600ns
    Discrete Jitter          (DJ):    0.000ns
    Phase Error              (PE):    0.000ns

    Location             Delay type                Incr(ns)  Path(ns)    PBlock               Netlist Resource(s)
  -------------------------------------------------------------------    ----------------------------------------
                         (clock clk_fpga_0 rise edge)
                                                      0.000     0.000 r                       
    PS7_X0Y0             PS7                          0.000     0.000 r                       udp_gateway_shadow_mirror_i/processing_system7_0/inst/PS7_i/FCLKCLK[0]
                         net (fo=1, routed)           1.193     1.193                         udp_gateway_shadow_mirror_i/processing_system7_0/inst/FCLK_CLK_unbuffered[0]
    BUFGCTRL_X0Y17       BUFG (Prop_bufg_I_O)         0.101     1.294 r                       udp_gateway_shadow_mirror_i/processing_system7_0/inst/buffer_fclk_clk_0.FCLK_CLK_0_BUFG/O
                         net (fo=42827, routed)       1.969     3.263                         udp_gateway_shadow_mirror_i/rst_ps7_0_100M/U0/slowest_sync_clk
    SLICE_X98Y133        FDRE                                         r                       udp_gateway_shadow_mirror_i/rst_ps7_0_100M/U0/ACTIVE_LOW_PR_OUT_DFF[0].FDRE_PER_N/C
  -------------------------------------------------------------------    ----------------------------------------
    SLICE_X98Y133        FDRE (Prop_fdre_C_Q)         0.518     3.781 r                       udp_gateway_shadow_mirror_i/rst_ps7_0_100M/U0/ACTIVE_LOW_PR_OUT_DFF[0].FDRE_PER_N/Q
                         net (fo=92, routed)          6.107     9.888                         udp_gateway_shadow_mirror_i/dma_gateway_hybrid_0/inst/i_hybrid_dma/u_crypto_bridge/gen_crypto_cores[0].u_aes/keymem/rst_n
    SLICE_X44Y82         LUT1 (Prop_lut1_I0_O)        0.124    10.012 f  shadow_core_region   udp_gateway_shadow_mirror_i/dma_gateway_hybrid_0/inst/i_hybrid_dma/u_crypto_bridge/gen_crypto_cores[0].u_aes/keymem/debug_last_plaintext_q[127]_i_2/O
                         net (fo=9554, routed)        9.773    19.785                         udp_gateway_shadow_mirror_i/dma_gateway_hybrid_0/inst/i_hybrid_dma/u_crypto_bridge/gen_crypto_cores[0].u_aes_n_221
    SLICE_X93Y7          FDCE                                         f  shadow_core_region   udp_gateway_shadow_mirror_i/dma_gateway_hybrid_0/inst/i_hybrid_dma/u_crypto_bridge/rob_data_reg[8][58]/CLR
  -------------------------------------------------------------------    ----------------------------------------

                         (clock clk_fpga_0 rise edge)
                                                     20.000    20.000 r                       
    PS7_X0Y0             PS7                          0.000    20.000 r                       udp_gateway_shadow_mirror_i/processing_system7_0/inst/PS7_i/FCLKCLK[0]
                         net (fo=1, routed)           1.088    21.088                         udp_gateway_shadow_mirror_i/processing_system7_0/inst/FCLK_CLK_unbuffered[0]
    BUFGCTRL_X0Y17       BUFG (Prop_bufg_I_O)         0.091    21.179 r                       udp_gateway_shadow_mirror_i/processing_system7_0/inst/buffer_fclk_clk_0.FCLK_CLK_0_BUFG/O
                         net (fo=42827, routed)       1.621    22.800                         udp_gateway_shadow_mirror_i/dma_gateway_hybrid_0/inst/i_hybrid_dma/u_crypto_bridge/clk
    SLICE_X93Y7          FDCE                                         r  shadow_core_region   udp_gateway_shadow_mirror_i/dma_gateway_hybrid_0/inst/i_hybrid_dma/u_crypto_bridge/rob_data_reg[8][58]/C
                         clock pessimism              0.115    22.915                           
                         clock uncertainty           -0.302    22.613                           
    SLICE_X93Y7          FDCE (Recov_fdce_C_CLR)     -0.405    22.208    shadow_core_region     udp_gateway_shadow_mirror_i/dma_gateway_hybrid_0/inst/i_hybrid_dma/u_crypto_bridge/rob_data_reg[8][58]
  -------------------------------------------------------------------
                         required time                         22.208                           
                         arrival time                         -19.785                           
  -------------------------------------------------------------------
                         slack                                  2.423                           

Slack (MET) :             2.489ns  (required time - arrival time)
  Source:                 udp_gateway_shadow_mirror_i/rst_ps7_0_100M/U0/ACTIVE_LOW_PR_OUT_DFF[0].FDRE_PER_N/C
                            (rising edge-triggered cell FDRE clocked by clk_fpga_0  {rise@0.000ns fall@10.000ns period=20.000ns})
  Destination:            udp_gateway_shadow_mirror_i/dma_gateway_hybrid_0/inst/i_hybrid_dma/u_crypto_bridge/rob_data_reg[5][19]/CLR
                            (recovery check against rising-edge clock clk_fpga_0  {rise@0.000ns fall@10.000ns period=20.000ns})
  Path Group:             **async_default**
  Path Type:              Recovery (Max at Slow Process Corner)
  Requirement:            20.000ns  (clk_fpga_0 rise@20.000ns - clk_fpga_0 rise@0.000ns)
  Data Path Delay:        16.458ns  (logic 0.642ns (3.901%)  route 15.816ns (96.099%))
  Logic Levels:           1  (LUT1=1)
  Clock Path Skew:        -0.346ns (DCD - SCD + CPR)
    Destination Clock Delay (DCD):    2.802ns = ( 22.802 - 20.000 ) 
    Source Clock Delay      (SCD):    3.263ns
    Clock Pessimism Removal (CPR):    0.115ns
  Clock Uncertainty:      0.302ns  ((TSJ^2 + TIJ^2)^1/2 + DJ) / 2 + PE
    Total System Jitter     (TSJ):    0.071ns
    Total Input Jitter      (TIJ):    0.600ns
    Discrete Jitter          (DJ):    0.000ns
    Phase Error              (PE):    0.000ns

    Location             Delay type                Incr(ns)  Path(ns)    PBlock               Netlist Resource(s)
  -------------------------------------------------------------------    ----------------------------------------
                         (clock clk_fpga_0 rise edge)
                                                      0.000     0.000 r                       
    PS7_X0Y0             PS7                          0.000     0.000 r                       udp_gateway_shadow_mirror_i/processing_system7_0/inst/PS7_i/FCLKCLK[0]
                         net (fo=1, routed)           1.193     1.193                         udp_gateway_shadow_mirror_i/processing_system7_0/inst/FCLK_CLK_unbuffered[0]
    BUFGCTRL_X0Y17       BUFG (Prop_bufg_I_O)         0.101     1.294 r                       udp_gateway_shadow_mirror_i/processing_system7_0/inst/buffer_fclk_clk_0.FCLK_CLK_0_BUFG/O
                         net (fo=42827, routed)       1.969     3.263                         udp_gateway_shadow_mirror_i/rst_ps7_0_100M/U0/slowest_sync_clk
    SLICE_X98Y133        FDRE                                         r                       udp_gateway_shadow_mirror_i/rst_ps7_0_100M/U0/ACTIVE_LOW_PR_OUT_DFF[0].FDRE_PER_N/C
  -------------------------------------------------------------------    ----------------------------------------
    SLICE_X98Y133        FDRE (Prop_fdre_C_Q)         0.518     3.781 r                       udp_gateway_shadow_mirror_i/rst_ps7_0_100M/U0/ACTIVE_LOW_PR_OUT_DFF[0].FDRE_PER_N/Q
                         net (fo=92, routed)          6.107     9.888                         udp_gateway_shadow_mirror_i/dma_gateway_hybrid_0/inst/i_hybrid_dma/u_crypto_bridge/gen_crypto_cores[0].u_aes/keymem/rst_n
    SLICE_X44Y82         LUT1 (Prop_lut1_I0_O)        0.124    10.012 f  shadow_core_region   udp_gateway_shadow_mirror_i/dma_gateway_hybrid_0/inst/i_hybrid_dma/u_crypto_bridge/gen_crypto_cores[0].u_aes/keymem/debug_last_plaintext_q[127]_i_2/O
                         net (fo=9554, routed)        9.709    19.721                         udp_gateway_shadow_mirror_i/dma_gateway_hybrid_0/inst/i_hybrid_dma/u_crypto_bridge/gen_crypto_cores[0].u_aes_n_221
    SLICE_X91Y2          FDCE                                         f  shadow_core_region   udp_gateway_shadow_mirror_i/dma_gateway_hybrid_0/inst/i_hybrid_dma/u_crypto_bridge/rob_data_reg[5][19]/CLR
  -------------------------------------------------------------------    ----------------------------------------

                         (clock clk_fpga_0 rise edge)
                                                     20.000    20.000 r                       
    PS7_X0Y0             PS7                          0.000    20.000 r                       udp_gateway_shadow_mirror_i/processing_system7_0/inst/PS7_i/FCLKCLK[0]
                         net (fo=1, routed)           1.088    21.088                         udp_gateway_shadow_mirror_i/processing_system7_0/inst/FCLK_CLK_unbuffered[0]
    BUFGCTRL_X0Y17       BUFG (Prop_bufg_I_O)         0.091    21.179 r                       udp_gateway_shadow_mirror_i/processing_system7_0/inst/buffer_fclk_clk_0.FCLK_CLK_0_BUFG/O
                         net (fo=42827, routed)       1.623    22.802                         udp_gateway_shadow_mirror_i/dma_gateway_hybrid_0/inst/i_hybrid_dma/u_crypto_bridge/clk
    SLICE_X91Y2          FDCE                                         r  shadow_core_region   udp_gateway_shadow_mirror_i/dma_gateway_hybrid_0/inst/i_hybrid_dma/u_crypto_bridge/rob_data_reg[5][19]/C
                         clock pessimism              0.115    22.917                           
                         clock uncertainty           -0.302    22.615                           
    SLICE_X91Y2          FDCE (Recov_fdce_C_CLR)     -0.405    22.210    shadow_core_region     udp_gateway_shadow_mirror_i/dma_gateway_hybrid_0/inst/i_hybrid_dma/u_crypto_bridge/rob_data_reg[5][19]
  -------------------------------------------------------------------
                         required time                         22.210                           
                         arrival time                         -19.721                           
  -------------------------------------------------------------------
                         slack                                  2.489                           





Min Delay Paths
--------------------------------------------------------------------------------------
Slack (MET) :             0.674ns  (arrival time - required time)
  Source:                 udp_gateway_shadow_mirror_i/axi_mem_intercon/m00_couplers/auto_pc/inst/gen_axi4_axi3.axi3_conv_inst/USE_READ.USE_SPLIT_R.read_addr_inst/USE_R_CHANNEL.cmd_queue/inst/fifo_gen_inst/inst_fifo_gen/gconvfifo.rf/grf.rf/rstblk/ngwrdrst.grst.g7serrst.gnsckt_wrst.gcc_rst.sckt_wr_rst_cc_reg[1]/C
                            (rising edge-triggered cell FDRE clocked by clk_fpga_0  {rise@0.000ns fall@10.000ns period=20.000ns})
  Destination:            udp_gateway_shadow_mirror_i/axi_mem_intercon/m00_couplers/auto_pc/inst/gen_axi4_axi3.axi3_conv_inst/USE_READ.USE_SPLIT_R.read_addr_inst/USE_R_CHANNEL.cmd_queue/inst/fifo_gen_inst/inst_fifo_gen/gconvfifo.rf/grf.rf/gntv_or_sync_fifo.gl0.rd/rpntr/gc0.count_d1_reg[0]/CLR
                            (removal check against rising-edge clock clk_fpga_0  {rise@0.000ns fall@10.000ns period=20.000ns})
  Path Group:             **async_default**
  Path Type:              Removal (Min at Fast Process Corner)
  Requirement:            0.000ns  (clk_fpga_0 rise@0.000ns - clk_fpga_0 rise@0.000ns)
  Data Path Delay:        0.598ns  (logic 0.226ns (37.801%)  route 0.372ns (62.199%))
  Logic Levels:           1  (LUT3=1)
  Clock Path Skew:        0.016ns (DCD - SCD - CPR)
    Destination Clock Delay (DCD):    1.259ns
    Source Clock Delay      (SCD):    0.960ns
    Clock Pessimism Removal (CPR):    0.283ns

    Location             Delay type                Incr(ns)  Path(ns)    Netlist Resource(s)
  -------------------------------------------------------------------    -------------------
                         (clock clk_fpga_0 rise edge)
                                                      0.000     0.000 r  
    PS7_X0Y0             PS7                          0.000     0.000 r  udp_gateway_shadow_mirror_i/processing_system7_0/inst/PS7_i/FCLKCLK[0]
                         net (fo=1, routed)           0.310     0.310    udp_gateway_shadow_mirror_i/processing_system7_0/inst/FCLK_CLK_unbuffered[0]
    BUFGCTRL_X0Y17       BUFG (Prop_bufg_I_O)         0.026     0.336 r  udp_gateway_shadow_mirror_i/processing_system7_0/inst/buffer_fclk_clk_0.FCLK_CLK_0_BUFG/O
                         net (fo=42827, routed)       0.624     0.960    udp_gateway_shadow_mirror_i/axi_mem_intercon/m00_couplers/auto_pc/inst/gen_axi4_axi3.axi3_conv_inst/USE_READ.USE_SPLIT_R.read_addr_inst/USE_R_CHANNEL.cmd_queue/inst/fifo_gen_inst/inst_fifo_gen/gconvfifo.rf/grf.rf/rstblk/clk
    SLICE_X7Y7           FDRE                                         r  udp_gateway_shadow_mirror_i/axi_mem_intercon/m00_couplers/auto_pc/inst/gen_axi4_axi3.axi3_conv_inst/USE_READ.USE_SPLIT_R.read_addr_inst/USE_R_CHANNEL.cmd_queue/inst/fifo_gen_inst/inst_fifo_gen/gconvfifo.rf/grf.rf/rstblk/ngwrdrst.grst.g7serrst.gnsckt_wrst.gcc_rst.sckt_wr_rst_cc_reg[1]/C
  -------------------------------------------------------------------    -------------------
    SLICE_X7Y7           FDRE (Prop_fdre_C_Q)         0.128     1.088 f  udp_gateway_shadow_mirror_i/axi_mem_intercon/m00_couplers/auto_pc/inst/gen_axi4_axi3.axi3_conv_inst/USE_READ.USE_SPLIT_R.read_addr_inst/USE_R_CHANNEL.cmd_queue/inst/fifo_gen_inst/inst_fifo_gen/gconvfifo.rf/grf.rf/rstblk/ngwrdrst.grst.g7serrst.gnsckt_wrst.gcc_rst.sckt_wr_rst_cc_reg[1]/Q
                         net (fo=1, routed)           0.086     1.173    udp_gateway_shadow_mirror_i/axi_mem_intercon/m00_couplers/auto_pc/inst/gen_axi4_axi3.axi3_conv_inst/USE_READ.USE_SPLIT_R.read_addr_inst/USE_R_CHANNEL.cmd_queue/inst/fifo_gen_inst/inst_fifo_gen/gconvfifo.rf/grf.rf/rstblk/ngwrdrst.grst.g7serrst.gnsckt_wrst.gcc_rst.sckt_wr_rst_cc[1]
    SLICE_X7Y7           LUT3 (Prop_lut3_I0_O)        0.098     1.271 f  udp_gateway_shadow_mirror_i/axi_mem_intercon/m00_couplers/auto_pc/inst/gen_axi4_axi3.axi3_conv_inst/USE_READ.USE_SPLIT_R.read_addr_inst/USE_R_CHANNEL.cmd_queue/inst/fifo_gen_inst/inst_fifo_gen/gconvfifo.rf/grf.rf/rstblk/gpregsm1.curr_fwft_state[1]_i_2/O
                         net (fo=33, routed)          0.286     1.557    udp_gateway_shadow_mirror_i/axi_mem_intercon/m00_couplers/auto_pc/inst/gen_axi4_axi3.axi3_conv_inst/USE_READ.USE_SPLIT_R.read_addr_inst/USE_R_CHANNEL.cmd_queue/inst/fifo_gen_inst/inst_fifo_gen/gconvfifo.rf/grf.rf/gntv_or_sync_fifo.gl0.rd/rpntr/gc0.count_d1_reg[4]_1
    SLICE_X7Y9           FDCE                                         f  udp_gateway_shadow_mirror_i/axi_mem_intercon/m00_couplers/auto_pc/inst/gen_axi4_axi3.axi3_conv_inst/USE_READ.USE_SPLIT_R.read_addr_inst/USE_R_CHANNEL.cmd_queue/inst/fifo_gen_inst/inst_fifo_gen/gconvfifo.rf/grf.rf/gntv_or_sync_fifo.gl0.rd/rpntr/gc0.count_d1_reg[0]/CLR
  -------------------------------------------------------------------    -------------------

                         (clock clk_fpga_0 rise edge)
                                                      0.000     0.000 r  
    PS7_X0Y0             PS7                          0.000     0.000 r  udp_gateway_shadow_mirror_i/processing_system7_0/inst/PS7_i/FCLKCLK[0]
                         net (fo=1, routed)           0.337     0.337    udp_gateway_shadow_mirror_i/processing_system7_0/inst/FCLK_CLK_unbuffered[0]
    BUFGCTRL_X0Y17       BUFG (Prop_bufg_I_O)         0.029     0.366 r  udp_gateway_shadow_mirror_i/processing_system7_0/inst/buffer_fclk_clk_0.FCLK_CLK_0_BUFG/O
                         net (fo=42827, routed)       0.893     1.259    udp_gateway_shadow_mirror_i/axi_mem_intercon/m00_couplers/auto_pc/inst/gen_axi4_axi3.axi3_conv_inst/USE_READ.USE_SPLIT_R.read_addr_inst/USE_R_CHANNEL.cmd_queue/inst/fifo_gen_inst/inst_fifo_gen/gconvfifo.rf/grf.rf/gntv_or_sync_fifo.gl0.rd/rpntr/clk
    SLICE_X7Y9           FDCE                                         r  udp_gateway_shadow_mirror_i/axi_mem_intercon/m00_couplers/auto_pc/inst/gen_axi4_axi3.axi3_conv_inst/USE_READ.USE_SPLIT_R.read_addr_inst/USE_R_CHANNEL.cmd_queue/inst/fifo_gen_inst/inst_fifo_gen/gconvfifo.rf/grf.rf/gntv_or_sync_fifo.gl0.rd/rpntr/gc0.count_d1_reg[0]/C
                         clock pessimism             -0.283     0.976    
    SLICE_X7Y9           FDCE (Remov_fdce_C_CLR)     -0.092     0.884    udp_gateway_shadow_mirror_i/axi_mem_intercon/m00_couplers/auto_pc/inst/gen_axi4_axi3.axi3_conv_inst/USE_READ.USE_SPLIT_R.read_addr_inst/USE_R_CHANNEL.cmd_queue/inst/fifo_gen_inst/inst_fifo_gen/gconvfifo.rf/grf.rf/gntv_or_sync_fifo.gl0.rd/rpntr/gc0.count_d1_reg[0]
  -------------------------------------------------------------------
                         required time                         -0.884    
                         arrival time                           1.557    
  -------------------------------------------------------------------
                         slack                                  0.674    

Slack (MET) :             0.677ns  (arrival time - required time)
  Source:                 udp_gateway_shadow_mirror_i/axi_mem_intercon/m00_couplers/auto_pc/inst/gen_axi4_axi3.axi3_conv_inst/USE_READ.USE_SPLIT_R.read_addr_inst/USE_R_CHANNEL.cmd_queue/inst/fifo_gen_inst/inst_fifo_gen/gconvfifo.rf/grf.rf/rstblk/ngwrdrst.grst.g7serrst.gnsckt_wrst.gcc_rst.sckt_wr_rst_cc_reg[1]/C
                            (rising edge-triggered cell FDRE clocked by clk_fpga_0  {rise@0.000ns fall@10.000ns period=20.000ns})
  Destination:            udp_gateway_shadow_mirror_i/axi_mem_intercon/m00_couplers/auto_pc/inst/gen_axi4_axi3.axi3_conv_inst/USE_READ.USE_SPLIT_R.read_addr_inst/USE_R_CHANNEL.cmd_queue/inst/fifo_gen_inst/inst_fifo_gen/gconvfifo.rf/grf.rf/gntv_or_sync_fifo.gl0.rd/rpntr/gc0.count_reg[0]/PRE
                            (removal check against rising-edge clock clk_fpga_0  {rise@0.000ns fall@10.000ns period=20.000ns})
  Path Group:             **async_default**
  Path Type:              Removal (Min at Fast Process Corner)
  Requirement:            0.000ns  (clk_fpga_0 rise@0.000ns - clk_fpga_0 rise@0.000ns)
  Data Path Delay:        0.598ns  (logic 0.226ns (37.801%)  route 0.372ns (62.199%))
  Logic Levels:           1  (LUT3=1)
  Clock Path Skew:        0.016ns (DCD - SCD - CPR)
    Destination Clock Delay (DCD):    1.259ns
    Source Clock Delay      (SCD):    0.960ns
    Clock Pessimism Removal (CPR):    0.283ns

    Location             Delay type                Incr(ns)  Path(ns)    Netlist Resource(s)
  -------------------------------------------------------------------    -------------------
                         (clock clk_fpga_0 rise edge)
                                                      0.000     0.000 r  
    PS7_X0Y0             PS7                          0.000     0.000 r  udp_gateway_shadow_mirror_i/processing_system7_0/inst/PS7_i/FCLKCLK[0]
                         net (fo=1, routed)           0.310     0.310    udp_gateway_shadow_mirror_i/processing_system7_0/inst/FCLK_CLK_unbuffered[0]
    BUFGCTRL_X0Y17       BUFG (Prop_bufg_I_O)         0.026     0.336 r  udp_gateway_shadow_mirror_i/processing_system7_0/inst/buffer_fclk_clk_0.FCLK_CLK_0_BUFG/O
                         net (fo=42827, routed)       0.624     0.960    udp_gateway_shadow_mirror_i/axi_mem_intercon/m00_couplers/auto_pc/inst/gen_axi4_axi3.axi3_conv_inst/USE_READ.USE_SPLIT_R.read_addr_inst/USE_R_CHANNEL.cmd_queue/inst/fifo_gen_inst/inst_fifo_gen/gconvfifo.rf/grf.rf/rstblk/clk
    SLICE_X7Y7           FDRE                                         r  udp_gateway_shadow_mirror_i/axi_mem_intercon/m00_couplers/auto_pc/inst/gen_axi4_axi3.axi3_conv_inst/USE_READ.USE_SPLIT_R.read_addr_inst/USE_R_CHANNEL.cmd_queue/inst/fifo_gen_inst/inst_fifo_gen/gconvfifo.rf/grf.rf/rstblk/ngwrdrst.grst.g7serrst.gnsckt_wrst.gcc_rst.sckt_wr_rst_cc_reg[1]/C
  -------------------------------------------------------------------    -------------------
    SLICE_X7Y7           FDRE (Prop_fdre_C_Q)         0.128     1.088 f  udp_gateway_shadow_mirror_i/axi_mem_intercon/m00_couplers/auto_pc/inst/gen_axi4_axi3.axi3_conv_inst/USE_READ.USE_SPLIT_R.read_addr_inst/USE_R_CHANNEL.cmd_queue/inst/fifo_gen_inst/inst_fifo_gen/gconvfifo.rf/grf.rf/rstblk/ngwrdrst.grst.g7serrst.gnsckt_wrst.gcc_rst.sckt_wr_rst_cc_reg[1]/Q
                         net (fo=1, routed)           0.086     1.173    udp_gateway_shadow_mirror_i/axi_mem_intercon/m00_couplers/auto_pc/inst/gen_axi4_axi3.axi3_conv_inst/USE_READ.USE_SPLIT_R.read_addr_inst/USE_R_CHANNEL.cmd_queue/inst/fifo_gen_inst/inst_fifo_gen/gconvfifo.rf/grf.rf/rstblk/ngwrdrst.grst.g7serrst.gnsckt_wrst.gcc_rst.sckt_wr_rst_cc[1]
    SLICE_X7Y7           LUT3 (Prop_lut3_I0_O)        0.098     1.271 f  udp_gateway_shadow_mirror_i/axi_mem_intercon/m00_couplers/auto_pc/inst/gen_axi4_axi3.axi3_conv_inst/USE_READ.USE_SPLIT_R.read_addr_inst/USE_R_CHANNEL.cmd_queue/inst/fifo_gen_inst/inst_fifo_gen/gconvfifo.rf/grf.rf/rstblk/gpregsm1.curr_fwft_state[1]_i_2/O
                         net (fo=33, routed)          0.286     1.557    udp_gateway_shadow_mirror_i/axi_mem_intercon/m00_couplers/auto_pc/inst/gen_axi4_axi3.axi3_conv_inst/USE_READ.USE_SPLIT_R.read_addr_inst/USE_R_CHANNEL.cmd_queue/inst/fifo_gen_inst/inst_fifo_gen/gconvfifo.rf/grf.rf/gntv_or_sync_fifo.gl0.rd/rpntr/gc0.count_d1_reg[4]_1
    SLICE_X7Y9           FDPE                                         f  udp_gateway_shadow_mirror_i/axi_mem_intercon/m00_couplers/auto_pc/inst/gen_axi4_axi3.axi3_conv_inst/USE_READ.USE_SPLIT_R.read_addr_inst/USE_R_CHANNEL.cmd_queue/inst/fifo_gen_inst/inst_fifo_gen/gconvfifo.rf/grf.rf/gntv_or_sync_fifo.gl0.rd/rpntr/gc0.count_reg[0]/PRE
  -------------------------------------------------------------------    -------------------

                         (clock clk_fpga_0 rise edge)
                                                      0.000     0.000 r  
    PS7_X0Y0             PS7                          0.000     0.000 r  udp_gateway_shadow_mirror_i/processing_system7_0/inst/PS7_i/FCLKCLK[0]
                         net (fo=1, routed)           0.337     0.337    udp_gateway_shadow_mirror_i/processing_system7_0/inst/FCLK_CLK_unbuffered[0]
    BUFGCTRL_X0Y17       BUFG (Prop_bufg_I_O)         0.029     0.366 r  udp_gateway_shadow_mirror_i/processing_system7_0/inst/buffer_fclk_clk_0.FCLK_CLK_0_BUFG/O
                         net (fo=42827, routed)       0.893     1.259    udp_gateway_shadow_mirror_i/axi_mem_intercon/m00_couplers/auto_pc/inst/gen_axi4_axi3.axi3_conv_inst/USE_READ.USE_SPLIT_R.read_addr_inst/USE_R_CHANNEL.cmd_queue/inst/fifo_gen_inst/inst_fifo_gen/gconvfifo.rf/grf.rf/gntv_or_sync_fifo.gl0.rd/rpntr/clk
    SLICE_X7Y9           FDPE                                         r  udp_gateway_shadow_mirror_i/axi_mem_intercon/m00_couplers/auto_pc/inst/gen_axi4_axi3.axi3_conv_inst/USE_READ.USE_SPLIT_R.read_addr_inst/USE_R_CHANNEL.cmd_queue/inst/fifo_gen_inst/inst_fifo_gen/gconvfifo.rf/grf.rf/gntv_or_sync_fifo.gl0.rd/rpntr/gc0.count_reg[0]/C
                         clock pessimism             -0.283     0.976    
    SLICE_X7Y9           FDPE (Remov_fdpe_C_PRE)     -0.095     0.881    udp_gateway_shadow_mirror_i/axi_mem_intercon/m00_couplers/auto_pc/inst/gen_axi4_axi3.axi3_conv_inst/USE_READ.USE_SPLIT_R.read_addr_inst/USE_R_CHANNEL.cmd_queue/inst/fifo_gen_inst/inst_fifo_gen/gconvfifo.rf/grf.rf/gntv_or_sync_fifo.gl0.rd/rpntr/gc0.count_reg[0]
  -------------------------------------------------------------------
                         required time                         -0.881    
                         arrival time                           1.557    
  -------------------------------------------------------------------
                         slack                                  0.677    

Slack (MET) :             0.767ns  (arrival time - required time)
  Source:                 udp_gateway_shadow_mirror_i/axi_mem_intercon/m00_couplers/auto_pc/inst/gen_axi4_axi3.axi3_conv_inst/USE_WRITE.write_addr_inst/USE_B_CHANNEL.cmd_b_queue/inst/fifo_gen_inst/inst_fifo_gen/gconvfifo.rf/grf.rf/rstblk/ngwrdrst.grst.g7serrst.gnsckt_wrst.gcc_rst.sckt_wr_rst_cc_reg[0]/C
                            (rising edge-triggered cell FDRE clocked by clk_fpga_0  {rise@0.000ns fall@10.000ns period=20.000ns})
  Destination:            udp_gateway_shadow_mirror_i/axi_mem_intercon/m00_couplers/auto_pc/inst/gen_axi4_axi3.axi3_conv_inst/USE_WRITE.write_addr_inst/USE_B_CHANNEL.cmd_b_queue/inst/fifo_gen_inst/inst_fifo_gen/gconvfifo.rf/grf.rf/gntv_or_sync_fifo.gl0.wr/wpntr/gcc0.gc0.count_d1_reg[0]/CLR
                            (removal check against rising-edge clock clk_fpga_0  {rise@0.000ns fall@10.000ns period=20.000ns})
  Path Group:             **async_default**
  Path Type:              Removal (Min at Fast Process Corner)
  Requirement:            0.000ns  (clk_fpga_0 rise@0.000ns - clk_fpga_0 rise@0.000ns)
  Data Path Delay:        0.710ns  (logic 0.186ns (26.195%)  route 0.524ns (73.805%))
  Logic Levels:           1  (LUT3=1)
  Clock Path Skew:        0.035ns (DCD - SCD - CPR)
    Destination Clock Delay (DCD):    1.195ns
    Source Clock Delay      (SCD):    0.897ns
    Clock Pessimism Removal (CPR):    0.263ns

    Location             Delay type                Incr(ns)  Path(ns)    Netlist Resource(s)
  -------------------------------------------------------------------    -------------------
                         (clock clk_fpga_0 rise edge)
                                                      0.000     0.000 r  
    PS7_X0Y0             PS7                          0.000     0.000 r  udp_gateway_shadow_mirror_i/processing_system7_0/inst/PS7_i/FCLKCLK[0]
                         net (fo=1, routed)           0.310     0.310    udp_gateway_shadow_mirror_i/processing_system7_0/inst/FCLK_CLK_unbuffered[0]
    BUFGCTRL_X0Y17       BUFG (Prop_bufg_I_O)         0.026     0.336 r  udp_gateway_shadow_mirror_i/processing_system7_0/inst/buffer_fclk_clk_0.FCLK_CLK_0_BUFG/O
                         net (fo=42827, routed)       0.561     0.897    udp_gateway_shadow_mirror_i/axi_mem_intercon/m00_couplers/auto_pc/inst/gen_axi4_axi3.axi3_conv_inst/USE_WRITE.write_addr_inst/USE_B_CHANNEL.cmd_b_queue/inst/fifo_gen_inst/inst_fifo_gen/gconvfifo.rf/grf.rf/rstblk/clk
    SLICE_X43Y7          FDRE                                         r  udp_gateway_shadow_mirror_i/axi_mem_intercon/m00_couplers/auto_pc/inst/gen_axi4_axi3.axi3_conv_inst/USE_WRITE.write_addr_inst/USE_B_CHANNEL.cmd_b_queue/inst/fifo_gen_inst/inst_fifo_gen/gconvfifo.rf/grf.rf/rstblk/ngwrdrst.grst.g7serrst.gnsckt_wrst.gcc_rst.sckt_wr_rst_cc_reg[0]/C
  -------------------------------------------------------------------    -------------------
    SLICE_X43Y7          FDRE (Prop_fdre_C_Q)         0.141     1.038 f  udp_gateway_shadow_mirror_i/axi_mem_intercon/m00_couplers/auto_pc/inst/gen_axi4_axi3.axi3_conv_inst/USE_WRITE.write_addr_inst/USE_B_CHANNEL.cmd_b_queue/inst/fifo_gen_inst/inst_fifo_gen/gconvfifo.rf/grf.rf/rstblk/ngwrdrst.grst.g7serrst.gnsckt_wrst.gcc_rst.sckt_wr_rst_cc_reg[0]/Q
                         net (fo=3, routed)           0.198     1.236    udp_gateway_shadow_mirror_i/axi_mem_intercon/m00_couplers/auto_pc/inst/gen_axi4_axi3.axi3_conv_inst/USE_WRITE.write_addr_inst/USE_B_CHANNEL.cmd_b_queue/inst/fifo_gen_inst/inst_fifo_gen/gconvfifo.rf/grf.rf/rstblk/ngwrdrst.grst.g7serrst.gnsckt_wrst.gcc_rst.sckt_wr_rst_cc[0]
    SLICE_X41Y7          LUT3 (Prop_lut3_I1_O)        0.045     1.281 f  udp_gateway_shadow_mirror_i/axi_mem_intercon/m00_couplers/auto_pc/inst/gen_axi4_axi3.axi3_conv_inst/USE_WRITE.write_addr_inst/USE_B_CHANNEL.cmd_b_queue/inst/fifo_gen_inst/inst_fifo_gen/gconvfifo.rf/grf.rf/rstblk/gpregsm1.curr_fwft_state[1]_i_2/O
                         net (fo=32, routed)          0.326     1.607    udp_gateway_shadow_mirror_i/axi_mem_intercon/m00_couplers/auto_pc/inst/gen_axi4_axi3.axi3_conv_inst/USE_WRITE.write_addr_inst/USE_B_CHANNEL.cmd_b_queue/inst/fifo_gen_inst/inst_fifo_gen/gconvfifo.rf/grf.rf/gntv_or_sync_fifo.gl0.wr/wpntr/AR[0]
    SLICE_X33Y8          FDCE                                         f  udp_gateway_shadow_mirror_i/axi_mem_intercon/m00_couplers/auto_pc/inst/gen_axi4_axi3.axi3_conv_inst/USE_WRITE.write_addr_inst/USE_B_CHANNEL.cmd_b_queue/inst/fifo_gen_inst/inst_fifo_gen/gconvfifo.rf/grf.rf/gntv_or_sync_fifo.gl0.wr/wpntr/gcc0.gc0.count_d1_reg[0]/CLR
  -------------------------------------------------------------------    -------------------

                         (clock clk_fpga_0 rise edge)
                                                      0.000     0.000 r  
    PS7_X0Y0             PS7                          0.000     0.000 r  udp_gateway_shadow_mirror_i/processing_system7_0/inst/PS7_i/FCLKCLK[0]
                         net (fo=1, routed)           0.337     0.337    udp_gateway_shadow_mirror_i/processing_system7_0/inst/FCLK_CLK_unbuffered[0]
    BUFGCTRL_X0Y17       BUFG (Prop_bufg_I_O)         0.029     0.366 r  udp_gateway_shadow_mirror_i/processing_system7_0/inst/buffer_fclk_clk_0.FCLK_CLK_0_BUFG/O
                         net (fo=42827, routed)       0.829     1.195    udp_gateway_shadow_mirror_i/axi_mem_intercon/m00_couplers/auto_pc/inst/gen_axi4_axi3.axi3_conv_inst/USE_WRITE.write_addr_inst/USE_B_CHANNEL.cmd_b_queue/inst/fifo_gen_inst/inst_fifo_gen/gconvfifo.rf/grf.rf/gntv_or_sync_fifo.gl0.wr/wpntr/clk
    SLICE_X33Y8          FDCE                                         r  udp_gateway_shadow_mirror_i/axi_mem_intercon/m00_couplers/auto_pc/inst/gen_axi4_axi3.axi3_conv_inst/USE_WRITE.write_addr_inst/USE_B_CHANNEL.cmd_b_queue/inst/fifo_gen_inst/inst_fifo_gen/gconvfifo.rf/grf.rf/gntv_or_sync_fifo.gl0.wr/wpntr/gcc0.gc0.count_d1_reg[0]/C
                         clock pessimism             -0.263     0.932    
    SLICE_X33Y8          FDCE (Remov_fdce_C_CLR)     -0.092     0.840    udp_gateway_shadow_mirror_i/axi_mem_intercon/m00_couplers/auto_pc/inst/gen_axi4_axi3.axi3_conv_inst/USE_WRITE.write_addr_inst/USE_B_CHANNEL.cmd_b_queue/inst/fifo_gen_inst/inst_fifo_gen/gconvfifo.rf/grf.rf/gntv_or_sync_fifo.gl0.wr/wpntr/gcc0.gc0.count_d1_reg[0]
  -------------------------------------------------------------------
                         required time                         -0.839    
                         arrival time                           1.607    
  -------------------------------------------------------------------
                         slack                                  0.767    

Slack (MET) :             0.767ns  (arrival time - required time)
  Source:                 udp_gateway_shadow_mirror_i/axi_mem_intercon/m00_couplers/auto_pc/inst/gen_axi4_axi3.axi3_conv_inst/USE_WRITE.write_addr_inst/USE_B_CHANNEL.cmd_b_queue/inst/fifo_gen_inst/inst_fifo_gen/gconvfifo.rf/grf.rf/rstblk/ngwrdrst.grst.g7serrst.gnsckt_wrst.gcc_rst.sckt_wr_rst_cc_reg[0]/C
                            (rising edge-triggered cell FDRE clocked by clk_fpga_0  {rise@0.000ns fall@10.000ns period=20.000ns})
  Destination:            udp_gateway_shadow_mirror_i/axi_mem_intercon/m00_couplers/auto_pc/inst/gen_axi4_axi3.axi3_conv_inst/USE_WRITE.write_addr_inst/USE_B_CHANNEL.cmd_b_queue/inst/fifo_gen_inst/inst_fifo_gen/gconvfifo.rf/grf.rf/gntv_or_sync_fifo.gl0.wr/wpntr/gcc0.gc0.count_d1_reg[1]/CLR
                            (removal check against rising-edge clock clk_fpga_0  {rise@0.000ns fall@10.000ns period=20.000ns})
  Path Group:             **async_default**
  Path Type:              Removal (Min at Fast Process Corner)
  Requirement:            0.000ns  (clk_fpga_0 rise@0.000ns - clk_fpga_0 rise@0.000ns)
  Data Path Delay:        0.710ns  (logic 0.186ns (26.195%)  route 0.524ns (73.805%))
  Logic Levels:           1  (LUT3=1)
  Clock Path Skew:        0.035ns (DCD - SCD - CPR)
    Destination Clock Delay (DCD):    1.195ns
    Source Clock Delay      (SCD):    0.897ns
    Clock Pessimism Removal (CPR):    0.263ns

    Location             Delay type                Incr(ns)  Path(ns)    Netlist Resource(s)
  -------------------------------------------------------------------    -------------------
                         (clock clk_fpga_0 rise edge)
                                                      0.000     0.000 r  
    PS7_X0Y0             PS7                          0.000     0.000 r  udp_gateway_shadow_mirror_i/processing_system7_0/inst/PS7_i/FCLKCLK[0]
                         net (fo=1, routed)           0.310     0.310    udp_gateway_shadow_mirror_i/processing_system7_0/inst/FCLK_CLK_unbuffered[0]
    BUFGCTRL_X0Y17       BUFG (Prop_bufg_I_O)         0.026     0.336 r  udp_gateway_shadow_mirror_i/processing_system7_0/inst/buffer_fclk_clk_0.FCLK_CLK_0_BUFG/O
                         net (fo=42827, routed)       0.561     0.897    udp_gateway_shadow_mirror_i/axi_mem_intercon/m00_couplers/auto_pc/inst/gen_axi4_axi3.axi3_conv_inst/USE_WRITE.write_addr_inst/USE_B_CHANNEL.cmd_b_queue/inst/fifo_gen_inst/inst_fifo_gen/gconvfifo.rf/grf.rf/rstblk/clk
    SLICE_X43Y7          FDRE                                         r  udp_gateway_shadow_mirror_i/axi_mem_intercon/m00_couplers/auto_pc/inst/gen_axi4_axi3.axi3_conv_inst/USE_WRITE.write_addr_inst/USE_B_CHANNEL.cmd_b_queue/inst/fifo_gen_inst/inst_fifo_gen/gconvfifo.rf/grf.rf/rstblk/ngwrdrst.grst.g7serrst.gnsckt_wrst.gcc_rst.sckt_wr_rst_cc_reg[0]/C
  -------------------------------------------------------------------    -------------------
    SLICE_X43Y7          FDRE (Prop_fdre_C_Q)         0.141     1.038 f  udp_gateway_shadow_mirror_i/axi_mem_intercon/m00_couplers/auto_pc/inst/gen_axi4_axi3.axi3_conv_inst/USE_WRITE.write_addr_inst/USE_B_CHANNEL.cmd_b_queue/inst/fifo_gen_inst/inst_fifo_gen/gconvfifo.rf/grf.rf/rstblk/ngwrdrst.grst.g7serrst.gnsckt_wrst.gcc_rst.sckt_wr_rst_cc_reg[0]/Q
                         net (fo=3, routed)           0.198     1.236    udp_gateway_shadow_mirror_i/axi_mem_intercon/m00_couplers/auto_pc/inst/gen_axi4_axi3.axi3_conv_inst/USE_WRITE.write_addr_inst/USE_B_CHANNEL.cmd_b_queue/inst/fifo_gen_inst/inst_fifo_gen/gconvfifo.rf/grf.rf/rstblk/ngwrdrst.grst.g7serrst.gnsckt_wrst.gcc_rst.sckt_wr_rst_cc[0]
    SLICE_X41Y7          LUT3 (Prop_lut3_I1_O)        0.045     1.281 f  udp_gateway_shadow_mirror_i/axi_mem_intercon/m00_couplers/auto_pc/inst/gen_axi4_axi3.axi3_conv_inst/USE_WRITE.write_addr_inst/USE_B_CHANNEL.cmd_b_queue/inst/fifo_gen_inst/inst_fifo_gen/gconvfifo.rf/grf.rf/rstblk/gpregsm1.curr_fwft_state[1]_i_2/O
                         net (fo=32, routed)          0.326     1.607    udp_gateway_shadow_mirror_i/axi_mem_intercon/m00_couplers/auto_pc/inst/gen_axi4_axi3.axi3_conv_inst/USE_WRITE.write_addr_inst/USE_B_CHANNEL.cmd_b_queue/inst/fifo_gen_inst/inst_fifo_gen/gconvfifo.rf/grf.rf/gntv_or_sync_fifo.gl0.wr/wpntr/AR[0]
    SLICE_X33Y8          FDCE                                         f  udp_gateway_shadow_mirror_i/axi_mem_intercon/m00_couplers/auto_pc/inst/gen_axi4_axi3.axi3_conv_inst/USE_WRITE.write_addr_inst/USE_B_CHANNEL.cmd_b_queue/inst/fifo_gen_inst/inst_fifo_gen/gconvfifo.rf/grf.rf/gntv_or_sync_fifo.gl0.wr/wpntr/gcc0.gc0.count_d1_reg[1]/CLR
  -------------------------------------------------------------------    -------------------

                         (clock clk_fpga_0 rise edge)
                                                      0.000     0.000 r  
    PS7_X0Y0             PS7                          0.000     0.000 r  udp_gateway_shadow_mirror_i/processing_system7_0/inst/PS7_i/FCLKCLK[0]
                         net (fo=1, routed)           0.337     0.337    udp_gateway_shadow_mirror_i/processing_system7_0/inst/FCLK_CLK_unbuffered[0]
    BUFGCTRL_X0Y17       BUFG (Prop_bufg_I_O)         0.029     0.366 r  udp_gateway_shadow_mirror_i/processing_system7_0/inst/buffer_fclk_clk_0.FCLK_CLK_0_BUFG/O
                         net (fo=42827, routed)       0.829     1.195    udp_gateway_shadow_mirror_i/axi_mem_intercon/m00_couplers/auto_pc/inst/gen_axi4_axi3.axi3_conv_inst/USE_WRITE.write_addr_inst/USE_B_CHANNEL.cmd_b_queue/inst/fifo_gen_inst/inst_fifo_gen/gconvfifo.rf/grf.rf/gntv_or_sync_fifo.gl0.wr/wpntr/clk
    SLICE_X33Y8          FDCE                                         r  udp_gateway_shadow_mirror_i/axi_mem_intercon/m00_couplers/auto_pc/inst/gen_axi4_axi3.axi3_conv_inst/USE_WRITE.write_addr_inst/USE_B_CHANNEL.cmd_b_queue/inst/fifo_gen_inst/inst_fifo_gen/gconvfifo.rf/grf.rf/gntv_or_sync_fifo.gl0.wr/wpntr/gcc0.gc0.count_d1_reg[1]/C
                         clock pessimism             -0.263     0.932    
    SLICE_X33Y8          FDCE (Remov_fdce_C_CLR)     -0.092     0.840    udp_gateway_shadow_mirror_i/axi_mem_intercon/m00_couplers/auto_pc/inst/gen_axi4_axi3.axi3_conv_inst/USE_WRITE.write_addr_inst/USE_B_CHANNEL.cmd_b_queue/inst/fifo_gen_inst/inst_fifo_gen/gconvfifo.rf/grf.rf/gntv_or_sync_fifo.gl0.wr/wpntr/gcc0.gc0.count_d1_reg[1]
  -------------------------------------------------------------------
                         required time                         -0.839    
                         arrival time                           1.607    
  -------------------------------------------------------------------
                         slack                                  0.767    

Slack (MET) :             0.767ns  (arrival time - required time)
  Source:                 udp_gateway_shadow_mirror_i/axi_mem_intercon/m00_couplers/auto_pc/inst/gen_axi4_axi3.axi3_conv_inst/USE_WRITE.write_addr_inst/USE_B_CHANNEL.cmd_b_queue/inst/fifo_gen_inst/inst_fifo_gen/gconvfifo.rf/grf.rf/rstblk/ngwrdrst.grst.g7serrst.gnsckt_wrst.gcc_rst.sckt_wr_rst_cc_reg[0]/C
                            (rising edge-triggered cell FDRE clocked by clk_fpga_0  {rise@0.000ns fall@10.000ns period=20.000ns})
  Destination:            udp_gateway_shadow_mirror_i/axi_mem_intercon/m00_couplers/auto_pc/inst/gen_axi4_axi3.axi3_conv_inst/USE_WRITE.write_addr_inst/USE_B_CHANNEL.cmd_b_queue/inst/fifo_gen_inst/inst_fifo_gen/gconvfifo.rf/grf.rf/gntv_or_sync_fifo.gl0.wr/wpntr/gcc0.gc0.count_d1_reg[2]/CLR
                            (removal check against rising-edge clock clk_fpga_0  {rise@0.000ns fall@10.000ns period=20.000ns})
  Path Group:             **async_default**
  Path Type:              Removal (Min at Fast Process Corner)
  Requirement:            0.000ns  (clk_fpga_0 rise@0.000ns - clk_fpga_0 rise@0.000ns)
  Data Path Delay:        0.710ns  (logic 0.186ns (26.195%)  route 0.524ns (73.805%))
  Logic Levels:           1  (LUT3=1)
  Clock Path Skew:        0.035ns (DCD - SCD - CPR)
    Destination Clock Delay (DCD):    1.195ns
    Source Clock Delay      (SCD):    0.897ns
    Clock Pessimism Removal (CPR):    0.263ns

    Location             Delay type                Incr(ns)  Path(ns)    Netlist Resource(s)
  -------------------------------------------------------------------    -------------------
                         (clock clk_fpga_0 rise edge)
                                                      0.000     0.000 r  
    PS7_X0Y0             PS7                          0.000     0.000 r  udp_gateway_shadow_mirror_i/processing_system7_0/inst/PS7_i/FCLKCLK[0]
                         net (fo=1, routed)           0.310     0.310    udp_gateway_shadow_mirror_i/processing_system7_0/inst/FCLK_CLK_unbuffered[0]
    BUFGCTRL_X0Y17       BUFG (Prop_bufg_I_O)         0.026     0.336 r  udp_gateway_shadow_mirror_i/processing_system7_0/inst/buffer_fclk_clk_0.FCLK_CLK_0_BUFG/O
                         net (fo=42827, routed)       0.561     0.897    udp_gateway_shadow_mirror_i/axi_mem_intercon/m00_couplers/auto_pc/inst/gen_axi4_axi3.axi3_conv_inst/USE_WRITE.write_addr_inst/USE_B_CHANNEL.cmd_b_queue/inst/fifo_gen_inst/inst_fifo_gen/gconvfifo.rf/grf.rf/rstblk/clk
    SLICE_X43Y7          FDRE                                         r  udp_gateway_shadow_mirror_i/axi_mem_intercon/m00_couplers/auto_pc/inst/gen_axi4_axi3.axi3_conv_inst/USE_WRITE.write_addr_inst/USE_B_CHANNEL.cmd_b_queue/inst/fifo_gen_inst/inst_fifo_gen/gconvfifo.rf/grf.rf/rstblk/ngwrdrst.grst.g7serrst.gnsckt_wrst.gcc_rst.sckt_wr_rst_cc_reg[0]/C
  -------------------------------------------------------------------    -------------------
    SLICE_X43Y7          FDRE (Prop_fdre_C_Q)         0.141     1.038 f  udp_gateway_shadow_mirror_i/axi_mem_intercon/m00_couplers/auto_pc/inst/gen_axi4_axi3.axi3_conv_inst/USE_WRITE.write_addr_inst/USE_B_CHANNEL.cmd_b_queue/inst/fifo_gen_inst/inst_fifo_gen/gconvfifo.rf/grf.rf/rstblk/ngwrdrst.grst.g7serrst.gnsckt_wrst.gcc_rst.sckt_wr_rst_cc_reg[0]/Q
                         net (fo=3, routed)           0.198     1.236    udp_gateway_shadow_mirror_i/axi_mem_intercon/m00_couplers/auto_pc/inst/gen_axi4_axi3.axi3_conv_inst/USE_WRITE.write_addr_inst/USE_B_CHANNEL.cmd_b_queue/inst/fifo_gen_inst/inst_fifo_gen/gconvfifo.rf/grf.rf/rstblk/ngwrdrst.grst.g7serrst.gnsckt_wrst.gcc_rst.sckt_wr_rst_cc[0]
    SLICE_X41Y7          LUT3 (Prop_lut3_I1_O)        0.045     1.281 f  udp_gateway_shadow_mirror_i/axi_mem_intercon/m00_couplers/auto_pc/inst/gen_axi4_axi3.axi3_conv_inst/USE_WRITE.write_addr_inst/USE_B_CHANNEL.cmd_b_queue/inst/fifo_gen_inst/inst_fifo_gen/gconvfifo.rf/grf.rf/rstblk/gpregsm1.curr_fwft_state[1]_i_2/O
                         net (fo=32, routed)          0.326     1.607    udp_gateway_shadow_mirror_i/axi_mem_intercon/m00_couplers/auto_pc/inst/gen_axi4_axi3.axi3_conv_inst/USE_WRITE.write_addr_inst/USE_B_CHANNEL.cmd_b_queue/inst/fifo_gen_inst/inst_fifo_gen/gconvfifo.rf/grf.rf/gntv_or_sync_fifo.gl0.wr/wpntr/AR[0]
    SLICE_X33Y8          FDCE                                         f  udp_gateway_shadow_mirror_i/axi_mem_intercon/m00_couplers/auto_pc/inst/gen_axi4_axi3.axi3_conv_inst/USE_WRITE.write_addr_inst/USE_B_CHANNEL.cmd_b_queue/inst/fifo_gen_inst/inst_fifo_gen/gconvfifo.rf/grf.rf/gntv_or_sync_fifo.gl0.wr/wpntr/gcc0.gc0.count_d1_reg[2]/CLR
  -------------------------------------------------------------------    -------------------

                         (clock clk_fpga_0 rise edge)
                                                      0.000     0.000 r  
    PS7_X0Y0             PS7                          0.000     0.000 r  udp_gateway_shadow_mirror_i/processing_system7_0/inst/PS7_i/FCLKCLK[0]
                         net (fo=1, routed)           0.337     0.337    udp_gateway_shadow_mirror_i/processing_system7_0/inst/FCLK_CLK_unbuffered[0]
    BUFGCTRL_X0Y17       BUFG (Prop_bufg_I_O)         0.029     0.366 r  udp_gateway_shadow_mirror_i/processing_system7_0/inst/buffer_fclk_clk_0.FCLK_CLK_0_BUFG/O
                         net (fo=42827, routed)       0.829     1.195    udp_gateway_shadow_mirror_i/axi_mem_intercon/m00_couplers/auto_pc/inst/gen_axi4_axi3.axi3_conv_inst/USE_WRITE.write_addr_inst/USE_B_CHANNEL.cmd_b_queue/inst/fifo_gen_inst/inst_fifo_gen/gconvfifo.rf/grf.rf/gntv_or_sync_fifo.gl0.wr/wpntr/clk
    SLICE_X33Y8          FDCE                                         r  udp_gateway_shadow_mirror_i/axi_mem_intercon/m00_couplers/auto_pc/inst/gen_axi4_axi3.axi3_conv_inst/USE_WRITE.write_addr_inst/USE_B_CHANNEL.cmd_b_queue/inst/fifo_gen_inst/inst_fifo_gen/gconvfifo.rf/grf.rf/gntv_or_sync_fifo.gl0.wr/wpntr/gcc0.gc0.count_d1_reg[2]/C
                         clock pessimism             -0.263     0.932    
    SLICE_X33Y8          FDCE (Remov_fdce_C_CLR)     -0.092     0.840    udp_gateway_shadow_mirror_i/axi_mem_intercon/m00_couplers/auto_pc/inst/gen_axi4_axi3.axi3_conv_inst/USE_WRITE.write_addr_inst/USE_B_CHANNEL.cmd_b_queue/inst/fifo_gen_inst/inst_fifo_gen/gconvfifo.rf/grf.rf/gntv_or_sync_fifo.gl0.wr/wpntr/gcc0.gc0.count_d1_reg[2]
  -------------------------------------------------------------------
                         required time                         -0.839    
                         arrival time                           1.607    
  -------------------------------------------------------------------
                         slack                                  0.767    

Slack (MET) :             0.767ns  (arrival time - required time)
  Source:                 udp_gateway_shadow_mirror_i/axi_mem_intercon/m00_couplers/auto_pc/inst/gen_axi4_axi3.axi3_conv_inst/USE_WRITE.write_addr_inst/USE_B_CHANNEL.cmd_b_queue/inst/fifo_gen_inst/inst_fifo_gen/gconvfifo.rf/grf.rf/rstblk/ngwrdrst.grst.g7serrst.gnsckt_wrst.gcc_rst.sckt_wr_rst_cc_reg[0]/C
                            (rising edge-triggered cell FDRE clocked by clk_fpga_0  {rise@0.000ns fall@10.000ns period=20.000ns})
  Destination:            udp_gateway_shadow_mirror_i/axi_mem_intercon/m00_couplers/auto_pc/inst/gen_axi4_axi3.axi3_conv_inst/USE_WRITE.write_addr_inst/USE_B_CHANNEL.cmd_b_queue/inst/fifo_gen_inst/inst_fifo_gen/gconvfifo.rf/grf.rf/gntv_or_sync_fifo.gl0.wr/wpntr/gcc0.gc0.count_d1_reg[3]/CLR
                            (removal check against rising-edge clock clk_fpga_0  {rise@0.000ns fall@10.000ns period=20.000ns})
  Path Group:             **async_default**
  Path Type:              Removal (Min at Fast Process Corner)
  Requirement:            0.000ns  (clk_fpga_0 rise@0.000ns - clk_fpga_0 rise@0.000ns)
  Data Path Delay:        0.710ns  (logic 0.186ns (26.195%)  route 0.524ns (73.805%))
  Logic Levels:           1  (LUT3=1)
  Clock Path Skew:        0.035ns (DCD - SCD - CPR)
    Destination Clock Delay (DCD):    1.195ns
    Source Clock Delay      (SCD):    0.897ns
    Clock Pessimism Removal (CPR):    0.263ns

    Location             Delay type                Incr(ns)  Path(ns)    Netlist Resource(s)
  -------------------------------------------------------------------    -------------------
                         (clock clk_fpga_0 rise edge)
                                                      0.000     0.000 r  
    PS7_X0Y0             PS7                          0.000     0.000 r  udp_gateway_shadow_mirror_i/processing_system7_0/inst/PS7_i/FCLKCLK[0]
                         net (fo=1, routed)           0.310     0.310    udp_gateway_shadow_mirror_i/processing_system7_0/inst/FCLK_CLK_unbuffered[0]
    BUFGCTRL_X0Y17       BUFG (Prop_bufg_I_O)         0.026     0.336 r  udp_gateway_shadow_mirror_i/processing_system7_0/inst/buffer_fclk_clk_0.FCLK_CLK_0_BUFG/O
                         net (fo=42827, routed)       0.561     0.897    udp_gateway_shadow_mirror_i/axi_mem_intercon/m00_couplers/auto_pc/inst/gen_axi4_axi3.axi3_conv_inst/USE_WRITE.write_addr_inst/USE_B_CHANNEL.cmd_b_queue/inst/fifo_gen_inst/inst_fifo_gen/gconvfifo.rf/grf.rf/rstblk/clk
    SLICE_X43Y7          FDRE                                         r  udp_gateway_shadow_mirror_i/axi_mem_intercon/m00_couplers/auto_pc/inst/gen_axi4_axi3.axi3_conv_inst/USE_WRITE.write_addr_inst/USE_B_CHANNEL.cmd_b_queue/inst/fifo_gen_inst/inst_fifo_gen/gconvfifo.rf/grf.rf/rstblk/ngwrdrst.grst.g7serrst.gnsckt_wrst.gcc_rst.sckt_wr_rst_cc_reg[0]/C
  -------------------------------------------------------------------    -------------------
    SLICE_X43Y7          FDRE (Prop_fdre_C_Q)         0.141     1.038 f  udp_gateway_shadow_mirror_i/axi_mem_intercon/m00_couplers/auto_pc/inst/gen_axi4_axi3.axi3_conv_inst/USE_WRITE.write_addr_inst/USE_B_CHANNEL.cmd_b_queue/inst/fifo_gen_inst/inst_fifo_gen/gconvfifo.rf/grf.rf/rstblk/ngwrdrst.grst.g7serrst.gnsckt_wrst.gcc_rst.sckt_wr_rst_cc_reg[0]/Q
                         net (fo=3, routed)           0.198     1.236    udp_gateway_shadow_mirror_i/axi_mem_intercon/m00_couplers/auto_pc/inst/gen_axi4_axi3.axi3_conv_inst/USE_WRITE.write_addr_inst/USE_B_CHANNEL.cmd_b_queue/inst/fifo_gen_inst/inst_fifo_gen/gconvfifo.rf/grf.rf/rstblk/ngwrdrst.grst.g7serrst.gnsckt_wrst.gcc_rst.sckt_wr_rst_cc[0]
    SLICE_X41Y7          LUT3 (Prop_lut3_I1_O)        0.045     1.281 f  udp_gateway_shadow_mirror_i/axi_mem_intercon/m00_couplers/auto_pc/inst/gen_axi4_axi3.axi3_conv_inst/USE_WRITE.write_addr_inst/USE_B_CHANNEL.cmd_b_queue/inst/fifo_gen_inst/inst_fifo_gen/gconvfifo.rf/grf.rf/rstblk/gpregsm1.curr_fwft_state[1]_i_2/O
                         net (fo=32, routed)          0.326     1.607    udp_gateway_shadow_mirror_i/axi_mem_intercon/m00_couplers/auto_pc/inst/gen_axi4_axi3.axi3_conv_inst/USE_WRITE.write_addr_inst/USE_B_CHANNEL.cmd_b_queue/inst/fifo_gen_inst/inst_fifo_gen/gconvfifo.rf/grf.rf/gntv_or_sync_fifo.gl0.wr/wpntr/AR[0]
    SLICE_X33Y8          FDCE                                         f  udp_gateway_shadow_mirror_i/axi_mem_intercon/m00_couplers/auto_pc/inst/gen_axi4_axi3.axi3_conv_inst/USE_WRITE.write_addr_inst/USE_B_CHANNEL.cmd_b_queue/inst/fifo_gen_inst/inst_fifo_gen/gconvfifo.rf/grf.rf/gntv_or_sync_fifo.gl0.wr/wpntr/gcc0.gc0.count_d1_reg[3]/CLR
  -------------------------------------------------------------------    -------------------

                         (clock clk_fpga_0 rise edge)
                                                      0.000     0.000 r  
    PS7_X0Y0             PS7                          0.000     0.000 r  udp_gateway_shadow_mirror_i/processing_system7_0/inst/PS7_i/FCLKCLK[0]
                         net (fo=1, routed)           0.337     0.337    udp_gateway_shadow_mirror_i/processing_system7_0/inst/FCLK_CLK_unbuffered[0]
    BUFGCTRL_X0Y17       BUFG (Prop_bufg_I_O)         0.029     0.366 r  udp_gateway_shadow_mirror_i/processing_system7_0/inst/buffer_fclk_clk_0.FCLK_CLK_0_BUFG/O
                         net (fo=42827, routed)       0.829     1.195    udp_gateway_shadow_mirror_i/axi_mem_intercon/m00_couplers/auto_pc/inst/gen_axi4_axi3.axi3_conv_inst/USE_WRITE.write_addr_inst/USE_B_CHANNEL.cmd_b_queue/inst/fifo_gen_inst/inst_fifo_gen/gconvfifo.rf/grf.rf/gntv_or_sync_fifo.gl0.wr/wpntr/clk
    SLICE_X33Y8          FDCE                                         r  udp_gateway_shadow_mirror_i/axi_mem_intercon/m00_couplers/auto_pc/inst/gen_axi4_axi3.axi3_conv_inst/USE_WRITE.write_addr_inst/USE_B_CHANNEL.cmd_b_queue/inst/fifo_gen_inst/inst_fifo_gen/gconvfifo.rf/grf.rf/gntv_or_sync_fifo.gl0.wr/wpntr/gcc0.gc0.count_d1_reg[3]/C
                         clock pessimism             -0.263     0.932    
    SLICE_X33Y8          FDCE (Remov_fdce_C_CLR)     -0.092     0.840    udp_gateway_shadow_mirror_i/axi_mem_intercon/m00_couplers/auto_pc/inst/gen_axi4_axi3.axi3_conv_inst/USE_WRITE.write_addr_inst/USE_B_CHANNEL.cmd_b_queue/inst/fifo_gen_inst/inst_fifo_gen/gconvfifo.rf/grf.rf/gntv_or_sync_fifo.gl0.wr/wpntr/gcc0.gc0.count_d1_reg[3]
  -------------------------------------------------------------------
                         required time                         -0.839    
                         arrival time                           1.607    
  -------------------------------------------------------------------
                         slack                                  0.767    

Slack (MET) :             0.767ns  (arrival time - required time)
  Source:                 udp_gateway_shadow_mirror_i/axi_mem_intercon/m00_couplers/auto_pc/inst/gen_axi4_axi3.axi3_conv_inst/USE_WRITE.write_addr_inst/USE_B_CHANNEL.cmd_b_queue/inst/fifo_gen_inst/inst_fifo_gen/gconvfifo.rf/grf.rf/rstblk/ngwrdrst.grst.g7serrst.gnsckt_wrst.gcc_rst.sckt_wr_rst_cc_reg[0]/C
                            (rising edge-triggered cell FDRE clocked by clk_fpga_0  {rise@0.000ns fall@10.000ns period=20.000ns})
  Destination:            udp_gateway_shadow_mirror_i/axi_mem_intercon/m00_couplers/auto_pc/inst/gen_axi4_axi3.axi3_conv_inst/USE_WRITE.write_addr_inst/USE_B_CHANNEL.cmd_b_queue/inst/fifo_gen_inst/inst_fifo_gen/gconvfifo.rf/grf.rf/gntv_or_sync_fifo.gl0.wr/wpntr/gcc0.gc0.count_d1_reg[4]/CLR
                            (removal check against rising-edge clock clk_fpga_0  {rise@0.000ns fall@10.000ns period=20.000ns})
  Path Group:             **async_default**
  Path Type:              Removal (Min at Fast Process Corner)
  Requirement:            0.000ns  (clk_fpga_0 rise@0.000ns - clk_fpga_0 rise@0.000ns)
  Data Path Delay:        0.710ns  (logic 0.186ns (26.195%)  route 0.524ns (73.805%))
  Logic Levels:           1  (LUT3=1)
  Clock Path Skew:        0.035ns (DCD - SCD - CPR)
    Destination Clock Delay (DCD):    1.195ns
    Source Clock Delay      (SCD):    0.897ns
    Clock Pessimism Removal (CPR):    0.263ns

    Location             Delay type                Incr(ns)  Path(ns)    Netlist Resource(s)
  -------------------------------------------------------------------    -------------------
                         (clock clk_fpga_0 rise edge)
                                                      0.000     0.000 r  
    PS7_X0Y0             PS7                          0.000     0.000 r  udp_gateway_shadow_mirror_i/processing_system7_0/inst/PS7_i/FCLKCLK[0]
                         net (fo=1, routed)           0.310     0.310    udp_gateway_shadow_mirror_i/processing_system7_0/inst/FCLK_CLK_unbuffered[0]
    BUFGCTRL_X0Y17       BUFG (Prop_bufg_I_O)         0.026     0.336 r  udp_gateway_shadow_mirror_i/processing_system7_0/inst/buffer_fclk_clk_0.FCLK_CLK_0_BUFG/O
                         net (fo=42827, routed)       0.561     0.897    udp_gateway_shadow_mirror_i/axi_mem_intercon/m00_couplers/auto_pc/inst/gen_axi4_axi3.axi3_conv_inst/USE_WRITE.write_addr_inst/USE_B_CHANNEL.cmd_b_queue/inst/fifo_gen_inst/inst_fifo_gen/gconvfifo.rf/grf.rf/rstblk/clk
    SLICE_X43Y7          FDRE                                         r  udp_gateway_shadow_mirror_i/axi_mem_intercon/m00_couplers/auto_pc/inst/gen_axi4_axi3.axi3_conv_inst/USE_WRITE.write_addr_inst/USE_B_CHANNEL.cmd_b_queue/inst/fifo_gen_inst/inst_fifo_gen/gconvfifo.rf/grf.rf/rstblk/ngwrdrst.grst.g7serrst.gnsckt_wrst.gcc_rst.sckt_wr_rst_cc_reg[0]/C
  -------------------------------------------------------------------    -------------------
    SLICE_X43Y7          FDRE (Prop_fdre_C_Q)         0.141     1.038 f  udp_gateway_shadow_mirror_i/axi_mem_intercon/m00_couplers/auto_pc/inst/gen_axi4_axi3.axi3_conv_inst/USE_WRITE.write_addr_inst/USE_B_CHANNEL.cmd_b_queue/inst/fifo_gen_inst/inst_fifo_gen/gconvfifo.rf/grf.rf/rstblk/ngwrdrst.grst.g7serrst.gnsckt_wrst.gcc_rst.sckt_wr_rst_cc_reg[0]/Q
                         net (fo=3, routed)           0.198     1.236    udp_gateway_shadow_mirror_i/axi_mem_intercon/m00_couplers/auto_pc/inst/gen_axi4_axi3.axi3_conv_inst/USE_WRITE.write_addr_inst/USE_B_CHANNEL.cmd_b_queue/inst/fifo_gen_inst/inst_fifo_gen/gconvfifo.rf/grf.rf/rstblk/ngwrdrst.grst.g7serrst.gnsckt_wrst.gcc_rst.sckt_wr_rst_cc[0]
    SLICE_X41Y7          LUT3 (Prop_lut3_I1_O)        0.045     1.281 f  udp_gateway_shadow_mirror_i/axi_mem_intercon/m00_couplers/auto_pc/inst/gen_axi4_axi3.axi3_conv_inst/USE_WRITE.write_addr_inst/USE_B_CHANNEL.cmd_b_queue/inst/fifo_gen_inst/inst_fifo_gen/gconvfifo.rf/grf.rf/rstblk/gpregsm1.curr_fwft_state[1]_i_2/O
                         net (fo=32, routed)          0.326     1.607    udp_gateway_shadow_mirror_i/axi_mem_intercon/m00_couplers/auto_pc/inst/gen_axi4_axi3.axi3_conv_inst/USE_WRITE.write_addr_inst/USE_B_CHANNEL.cmd_b_queue/inst/fifo_gen_inst/inst_fifo_gen/gconvfifo.rf/grf.rf/gntv_or_sync_fifo.gl0.wr/wpntr/AR[0]
    SLICE_X33Y8          FDCE                                         f  udp_gateway_shadow_mirror_i/axi_mem_intercon/m00_couplers/auto_pc/inst/gen_axi4_axi3.axi3_conv_inst/USE_WRITE.write_addr_inst/USE_B_CHANNEL.cmd_b_queue/inst/fifo_gen_inst/inst_fifo_gen/gconvfifo.rf/grf.rf/gntv_or_sync_fifo.gl0.wr/wpntr/gcc0.gc0.count_d1_reg[4]/CLR
  -------------------------------------------------------------------    -------------------

                         (clock clk_fpga_0 rise edge)
                                                      0.000     0.000 r  
    PS7_X0Y0             PS7                          0.000     0.000 r  udp_gateway_shadow_mirror_i/processing_system7_0/inst/PS7_i/FCLKCLK[0]
                         net (fo=1, routed)           0.337     0.337    udp_gateway_shadow_mirror_i/processing_system7_0/inst/FCLK_CLK_unbuffered[0]
    BUFGCTRL_X0Y17       BUFG (Prop_bufg_I_O)         0.029     0.366 r  udp_gateway_shadow_mirror_i/processing_system7_0/inst/buffer_fclk_clk_0.FCLK_CLK_0_BUFG/O
                         net (fo=42827, routed)       0.829     1.195    udp_gateway_shadow_mirror_i/axi_mem_intercon/m00_couplers/auto_pc/inst/gen_axi4_axi3.axi3_conv_inst/USE_WRITE.write_addr_inst/USE_B_CHANNEL.cmd_b_queue/inst/fifo_gen_inst/inst_fifo_gen/gconvfifo.rf/grf.rf/gntv_or_sync_fifo.gl0.wr/wpntr/clk
    SLICE_X33Y8          FDCE                                         r  udp_gateway_shadow_mirror_i/axi_mem_intercon/m00_couplers/auto_pc/inst/gen_axi4_axi3.axi3_conv_inst/USE_WRITE.write_addr_inst/USE_B_CHANNEL.cmd_b_queue/inst/fifo_gen_inst/inst_fifo_gen/gconvfifo.rf/grf.rf/gntv_or_sync_fifo.gl0.wr/wpntr/gcc0.gc0.count_d1_reg[4]/C
                         clock pessimism             -0.263     0.932    
    SLICE_X33Y8          FDCE (Remov_fdce_C_CLR)     -0.092     0.840    udp_gateway_shadow_mirror_i/axi_mem_intercon/m00_couplers/auto_pc/inst/gen_axi4_axi3.axi3_conv_inst/USE_WRITE.write_addr_inst/USE_B_CHANNEL.cmd_b_queue/inst/fifo_gen_inst/inst_fifo_gen/gconvfifo.rf/grf.rf/gntv_or_sync_fifo.gl0.wr/wpntr/gcc0.gc0.count_d1_reg[4]
  -------------------------------------------------------------------
                         required time                         -0.839    
                         arrival time                           1.607    
  -------------------------------------------------------------------
                         slack                                  0.767    

Slack (MET) :             0.767ns  (arrival time - required time)
  Source:                 udp_gateway_shadow_mirror_i/axi_mem_intercon/m00_couplers/auto_pc/inst/gen_axi4_axi3.axi3_conv_inst/USE_WRITE.write_addr_inst/USE_B_CHANNEL.cmd_b_queue/inst/fifo_gen_inst/inst_fifo_gen/gconvfifo.rf/grf.rf/rstblk/ngwrdrst.grst.g7serrst.gnsckt_wrst.gcc_rst.sckt_wr_rst_cc_reg[0]/C
                            (rising edge-triggered cell FDRE clocked by clk_fpga_0  {rise@0.000ns fall@10.000ns period=20.000ns})
  Destination:            udp_gateway_shadow_mirror_i/axi_mem_intercon/m00_couplers/auto_pc/inst/gen_axi4_axi3.axi3_conv_inst/USE_WRITE.write_addr_inst/USE_B_CHANNEL.cmd_b_queue/inst/fifo_gen_inst/inst_fifo_gen/gconvfifo.rf/grf.rf/gntv_or_sync_fifo.gl0.wr/wpntr/gcc0.gc0.count_reg[1]/CLR
                            (removal check against rising-edge clock clk_fpga_0  {rise@0.000ns fall@10.000ns period=20.000ns})
  Path Group:             **async_default**
  Path Type:              Removal (Min at Fast Process Corner)
  Requirement:            0.000ns  (clk_fpga_0 rise@0.000ns - clk_fpga_0 rise@0.000ns)
  Data Path Delay:        0.710ns  (logic 0.186ns (26.195%)  route 0.524ns (73.805%))
  Logic Levels:           1  (LUT3=1)
  Clock Path Skew:        0.035ns (DCD - SCD - CPR)
    Destination Clock Delay (DCD):    1.195ns
    Source Clock Delay      (SCD):    0.897ns
    Clock Pessimism Removal (CPR):    0.263ns

    Location             Delay type                Incr(ns)  Path(ns)    Netlist Resource(s)
  -------------------------------------------------------------------    -------------------
                         (clock clk_fpga_0 rise edge)
                                                      0.000     0.000 r  
    PS7_X0Y0             PS7                          0.000     0.000 r  udp_gateway_shadow_mirror_i/processing_system7_0/inst/PS7_i/FCLKCLK[0]
                         net (fo=1, routed)           0.310     0.310    udp_gateway_shadow_mirror_i/processing_system7_0/inst/FCLK_CLK_unbuffered[0]
    BUFGCTRL_X0Y17       BUFG (Prop_bufg_I_O)         0.026     0.336 r  udp_gateway_shadow_mirror_i/processing_system7_0/inst/buffer_fclk_clk_0.FCLK_CLK_0_BUFG/O
                         net (fo=42827, routed)       0.561     0.897    udp_gateway_shadow_mirror_i/axi_mem_intercon/m00_couplers/auto_pc/inst/gen_axi4_axi3.axi3_conv_inst/USE_WRITE.write_addr_inst/USE_B_CHANNEL.cmd_b_queue/inst/fifo_gen_inst/inst_fifo_gen/gconvfifo.rf/grf.rf/rstblk/clk
    SLICE_X43Y7          FDRE                                         r  udp_gateway_shadow_mirror_i/axi_mem_intercon/m00_couplers/auto_pc/inst/gen_axi4_axi3.axi3_conv_inst/USE_WRITE.write_addr_inst/USE_B_CHANNEL.cmd_b_queue/inst/fifo_gen_inst/inst_fifo_gen/gconvfifo.rf/grf.rf/rstblk/ngwrdrst.grst.g7serrst.gnsckt_wrst.gcc_rst.sckt_wr_rst_cc_reg[0]/C
  -------------------------------------------------------------------    -------------------
    SLICE_X43Y7          FDRE (Prop_fdre_C_Q)         0.141     1.038 f  udp_gateway_shadow_mirror_i/axi_mem_intercon/m00_couplers/auto_pc/inst/gen_axi4_axi3.axi3_conv_inst/USE_WRITE.write_addr_inst/USE_B_CHANNEL.cmd_b_queue/inst/fifo_gen_inst/inst_fifo_gen/gconvfifo.rf/grf.rf/rstblk/ngwrdrst.grst.g7serrst.gnsckt_wrst.gcc_rst.sckt_wr_rst_cc_reg[0]/Q
                         net (fo=3, routed)           0.198     1.236    udp_gateway_shadow_mirror_i/axi_mem_intercon/m00_couplers/auto_pc/inst/gen_axi4_axi3.axi3_conv_inst/USE_WRITE.write_addr_inst/USE_B_CHANNEL.cmd_b_queue/inst/fifo_gen_inst/inst_fifo_gen/gconvfifo.rf/grf.rf/rstblk/ngwrdrst.grst.g7serrst.gnsckt_wrst.gcc_rst.sckt_wr_rst_cc[0]
    SLICE_X41Y7          LUT3 (Prop_lut3_I1_O)        0.045     1.281 f  udp_gateway_shadow_mirror_i/axi_mem_intercon/m00_couplers/auto_pc/inst/gen_axi4_axi3.axi3_conv_inst/USE_WRITE.write_addr_inst/USE_B_CHANNEL.cmd_b_queue/inst/fifo_gen_inst/inst_fifo_gen/gconvfifo.rf/grf.rf/rstblk/gpregsm1.curr_fwft_state[1]_i_2/O
                         net (fo=32, routed)          0.326     1.607    udp_gateway_shadow_mirror_i/axi_mem_intercon/m00_couplers/auto_pc/inst/gen_axi4_axi3.axi3_conv_inst/USE_WRITE.write_addr_inst/USE_B_CHANNEL.cmd_b_queue/inst/fifo_gen_inst/inst_fifo_gen/gconvfifo.rf/grf.rf/gntv_or_sync_fifo.gl0.wr/wpntr/AR[0]
    SLICE_X33Y8          FDCE                                         f  udp_gateway_shadow_mirror_i/axi_mem_intercon/m00_couplers/auto_pc/inst/gen_axi4_axi3.axi3_conv_inst/USE_WRITE.write_addr_inst/USE_B_CHANNEL.cmd_b_queue/inst/fifo_gen_inst/inst_fifo_gen/gconvfifo.rf/grf.rf/gntv_or_sync_fifo.gl0.wr/wpntr/gcc0.gc0.count_reg[1]/CLR
  -------------------------------------------------------------------    -------------------

                         (clock clk_fpga_0 rise edge)
                                                      0.000     0.000 r  
    PS7_X0Y0             PS7                          0.000     0.000 r  udp_gateway_shadow_mirror_i/processing_system7_0/inst/PS7_i/FCLKCLK[0]
                         net (fo=1, routed)           0.337     0.337    udp_gateway_shadow_mirror_i/processing_system7_0/inst/FCLK_CLK_unbuffered[0]
    BUFGCTRL_X0Y17       BUFG (Prop_bufg_I_O)         0.029     0.366 r  udp_gateway_shadow_mirror_i/processing_system7_0/inst/buffer_fclk_clk_0.FCLK_CLK_0_BUFG/O
                         net (fo=42827, routed)       0.829     1.195    udp_gateway_shadow_mirror_i/axi_mem_intercon/m00_couplers/auto_pc/inst/gen_axi4_axi3.axi3_conv_inst/USE_WRITE.write_addr_inst/USE_B_CHANNEL.cmd_b_queue/inst/fifo_gen_inst/inst_fifo_gen/gconvfifo.rf/grf.rf/gntv_or_sync_fifo.gl0.wr/wpntr/clk
    SLICE_X33Y8          FDCE                                         r  udp_gateway_shadow_mirror_i/axi_mem_intercon/m00_couplers/auto_pc/inst/gen_axi4_axi3.axi3_conv_inst/USE_WRITE.write_addr_inst/USE_B_CHANNEL.cmd_b_queue/inst/fifo_gen_inst/inst_fifo_gen/gconvfifo.rf/grf.rf/gntv_or_sync_fifo.gl0.wr/wpntr/gcc0.gc0.count_reg[1]/C
                         clock pessimism             -0.263     0.932    
    SLICE_X33Y8          FDCE (Remov_fdce_C_CLR)     -0.092     0.840    udp_gateway_shadow_mirror_i/axi_mem_intercon/m00_couplers/auto_pc/inst/gen_axi4_axi3.axi3_conv_inst/USE_WRITE.write_addr_inst/USE_B_CHANNEL.cmd_b_queue/inst/fifo_gen_inst/inst_fifo_gen/gconvfifo.rf/grf.rf/gntv_or_sync_fifo.gl0.wr/wpntr/gcc0.gc0.count_reg[1]
  -------------------------------------------------------------------
                         required time                         -0.839    
                         arrival time                           1.607    
  -------------------------------------------------------------------
                         slack                                  0.767    

Slack (MET) :             0.767ns  (arrival time - required time)
  Source:                 udp_gateway_shadow_mirror_i/axi_mem_intercon/m00_couplers/auto_pc/inst/gen_axi4_axi3.axi3_conv_inst/USE_WRITE.write_addr_inst/USE_B_CHANNEL.cmd_b_queue/inst/fifo_gen_inst/inst_fifo_gen/gconvfifo.rf/grf.rf/rstblk/ngwrdrst.grst.g7serrst.gnsckt_wrst.gcc_rst.sckt_wr_rst_cc_reg[0]/C
                            (rising edge-triggered cell FDRE clocked by clk_fpga_0  {rise@0.000ns fall@10.000ns period=20.000ns})
  Destination:            udp_gateway_shadow_mirror_i/axi_mem_intercon/m00_couplers/auto_pc/inst/gen_axi4_axi3.axi3_conv_inst/USE_WRITE.write_addr_inst/USE_B_CHANNEL.cmd_b_queue/inst/fifo_gen_inst/inst_fifo_gen/gconvfifo.rf/grf.rf/gntv_or_sync_fifo.gl0.wr/wpntr/gcc0.gc0.count_reg[2]/CLR
                            (removal check against rising-edge clock clk_fpga_0  {rise@0.000ns fall@10.000ns period=20.000ns})
  Path Group:             **async_default**
  Path Type:              Removal (Min at Fast Process Corner)
  Requirement:            0.000ns  (clk_fpga_0 rise@0.000ns - clk_fpga_0 rise@0.000ns)
  Data Path Delay:        0.710ns  (logic 0.186ns (26.195%)  route 0.524ns (73.805%))
  Logic Levels:           1  (LUT3=1)
  Clock Path Skew:        0.035ns (DCD - SCD - CPR)
    Destination Clock Delay (DCD):    1.195ns
    Source Clock Delay      (SCD):    0.897ns
    Clock Pessimism Removal (CPR):    0.263ns

    Location             Delay type                Incr(ns)  Path(ns)    Netlist Resource(s)
  -------------------------------------------------------------------    -------------------
                         (clock clk_fpga_0 rise edge)
                                                      0.000     0.000 r  
    PS7_X0Y0             PS7                          0.000     0.000 r  udp_gateway_shadow_mirror_i/processing_system7_0/inst/PS7_i/FCLKCLK[0]
                         net (fo=1, routed)           0.310     0.310    udp_gateway_shadow_mirror_i/processing_system7_0/inst/FCLK_CLK_unbuffered[0]
    BUFGCTRL_X0Y17       BUFG (Prop_bufg_I_O)         0.026     0.336 r  udp_gateway_shadow_mirror_i/processing_system7_0/inst/buffer_fclk_clk_0.FCLK_CLK_0_BUFG/O
                         net (fo=42827, routed)       0.561     0.897    udp_gateway_shadow_mirror_i/axi_mem_intercon/m00_couplers/auto_pc/inst/gen_axi4_axi3.axi3_conv_inst/USE_WRITE.write_addr_inst/USE_B_CHANNEL.cmd_b_queue/inst/fifo_gen_inst/inst_fifo_gen/gconvfifo.rf/grf.rf/rstblk/clk
    SLICE_X43Y7          FDRE                                         r  udp_gateway_shadow_mirror_i/axi_mem_intercon/m00_couplers/auto_pc/inst/gen_axi4_axi3.axi3_conv_inst/USE_WRITE.write_addr_inst/USE_B_CHANNEL.cmd_b_queue/inst/fifo_gen_inst/inst_fifo_gen/gconvfifo.rf/grf.rf/rstblk/ngwrdrst.grst.g7serrst.gnsckt_wrst.gcc_rst.sckt_wr_rst_cc_reg[0]/C
  -------------------------------------------------------------------    -------------------
    SLICE_X43Y7          FDRE (Prop_fdre_C_Q)         0.141     1.038 f  udp_gateway_shadow_mirror_i/axi_mem_intercon/m00_couplers/auto_pc/inst/gen_axi4_axi3.axi3_conv_inst/USE_WRITE.write_addr_inst/USE_B_CHANNEL.cmd_b_queue/inst/fifo_gen_inst/inst_fifo_gen/gconvfifo.rf/grf.rf/rstblk/ngwrdrst.grst.g7serrst.gnsckt_wrst.gcc_rst.sckt_wr_rst_cc_reg[0]/Q
                         net (fo=3, routed)           0.198     1.236    udp_gateway_shadow_mirror_i/axi_mem_intercon/m00_couplers/auto_pc/inst/gen_axi4_axi3.axi3_conv_inst/USE_WRITE.write_addr_inst/USE_B_CHANNEL.cmd_b_queue/inst/fifo_gen_inst/inst_fifo_gen/gconvfifo.rf/grf.rf/rstblk/ngwrdrst.grst.g7serrst.gnsckt_wrst.gcc_rst.sckt_wr_rst_cc[0]
    SLICE_X41Y7          LUT3 (Prop_lut3_I1_O)        0.045     1.281 f  udp_gateway_shadow_mirror_i/axi_mem_intercon/m00_couplers/auto_pc/inst/gen_axi4_axi3.axi3_conv_inst/USE_WRITE.write_addr_inst/USE_B_CHANNEL.cmd_b_queue/inst/fifo_gen_inst/inst_fifo_gen/gconvfifo.rf/grf.rf/rstblk/gpregsm1.curr_fwft_state[1]_i_2/O
                         net (fo=32, routed)          0.326     1.607    udp_gateway_shadow_mirror_i/axi_mem_intercon/m00_couplers/auto_pc/inst/gen_axi4_axi3.axi3_conv_inst/USE_WRITE.write_addr_inst/USE_B_CHANNEL.cmd_b_queue/inst/fifo_gen_inst/inst_fifo_gen/gconvfifo.rf/grf.rf/gntv_or_sync_fifo.gl0.wr/wpntr/AR[0]
    SLICE_X33Y8          FDCE                                         f  udp_gateway_shadow_mirror_i/axi_mem_intercon/m00_couplers/auto_pc/inst/gen_axi4_axi3.axi3_conv_inst/USE_WRITE.write_addr_inst/USE_B_CHANNEL.cmd_b_queue/inst/fifo_gen_inst/inst_fifo_gen/gconvfifo.rf/grf.rf/gntv_or_sync_fifo.gl0.wr/wpntr/gcc0.gc0.count_reg[2]/CLR
  -------------------------------------------------------------------    -------------------

                         (clock clk_fpga_0 rise edge)
                                                      0.000     0.000 r  
    PS7_X0Y0             PS7                          0.000     0.000 r  udp_gateway_shadow_mirror_i/processing_system7_0/inst/PS7_i/FCLKCLK[0]
                         net (fo=1, routed)           0.337     0.337    udp_gateway_shadow_mirror_i/processing_system7_0/inst/FCLK_CLK_unbuffered[0]
    BUFGCTRL_X0Y17       BUFG (Prop_bufg_I_O)         0.029     0.366 r  udp_gateway_shadow_mirror_i/processing_system7_0/inst/buffer_fclk_clk_0.FCLK_CLK_0_BUFG/O
                         net (fo=42827, routed)       0.829     1.195    udp_gateway_shadow_mirror_i/axi_mem_intercon/m00_couplers/auto_pc/inst/gen_axi4_axi3.axi3_conv_inst/USE_WRITE.write_addr_inst/USE_B_CHANNEL.cmd_b_queue/inst/fifo_gen_inst/inst_fifo_gen/gconvfifo.rf/grf.rf/gntv_or_sync_fifo.gl0.wr/wpntr/clk
    SLICE_X33Y8          FDCE                                         r  udp_gateway_shadow_mirror_i/axi_mem_intercon/m00_couplers/auto_pc/inst/gen_axi4_axi3.axi3_conv_inst/USE_WRITE.write_addr_inst/USE_B_CHANNEL.cmd_b_queue/inst/fifo_gen_inst/inst_fifo_gen/gconvfifo.rf/grf.rf/gntv_or_sync_fifo.gl0.wr/wpntr/gcc0.gc0.count_reg[2]/C
                         clock pessimism             -0.263     0.932    
    SLICE_X33Y8          FDCE (Remov_fdce_C_CLR)     -0.092     0.840    udp_gateway_shadow_mirror_i/axi_mem_intercon/m00_couplers/auto_pc/inst/gen_axi4_axi3.axi3_conv_inst/USE_WRITE.write_addr_inst/USE_B_CHANNEL.cmd_b_queue/inst/fifo_gen_inst/inst_fifo_gen/gconvfifo.rf/grf.rf/gntv_or_sync_fifo.gl0.wr/wpntr/gcc0.gc0.count_reg[2]
  -------------------------------------------------------------------
                         required time                         -0.839    
                         arrival time                           1.607    
  -------------------------------------------------------------------
                         slack                                  0.767    

Slack (MET) :             0.770ns  (arrival time - required time)
  Source:                 udp_gateway_shadow_mirror_i/axi_mem_intercon/m00_couplers/auto_pc/inst/gen_axi4_axi3.axi3_conv_inst/USE_WRITE.write_addr_inst/USE_B_CHANNEL.cmd_b_queue/inst/fifo_gen_inst/inst_fifo_gen/gconvfifo.rf/grf.rf/rstblk/ngwrdrst.grst.g7serrst.gnsckt_wrst.gcc_rst.sckt_wr_rst_cc_reg[0]/C
                            (rising edge-triggered cell FDRE clocked by clk_fpga_0  {rise@0.000ns fall@10.000ns period=20.000ns})
  Destination:            udp_gateway_shadow_mirror_i/axi_mem_intercon/m00_couplers/auto_pc/inst/gen_axi4_axi3.axi3_conv_inst/USE_WRITE.write_addr_inst/USE_B_CHANNEL.cmd_b_queue/inst/fifo_gen_inst/inst_fifo_gen/gconvfifo.rf/grf.rf/gntv_or_sync_fifo.gl0.wr/wpntr/gcc0.gc0.count_reg[0]/PRE
                            (removal check against rising-edge clock clk_fpga_0  {rise@0.000ns fall@10.000ns period=20.000ns})
  Path Group:             **async_default**
  Path Type:              Removal (Min at Fast Process Corner)
  Requirement:            0.000ns  (clk_fpga_0 rise@0.000ns - clk_fpga_0 rise@0.000ns)
  Data Path Delay:        0.710ns  (logic 0.186ns (26.195%)  route 0.524ns (73.805%))
  Logic Levels:           1  (LUT3=1)
  Clock Path Skew:        0.035ns (DCD - SCD - CPR)
    Destination Clock Delay (DCD):    1.195ns
    Source Clock Delay      (SCD):    0.897ns
    Clock Pessimism Removal (CPR):    0.263ns

    Location             Delay type                Incr(ns)  Path(ns)    Netlist Resource(s)
  -------------------------------------------------------------------    -------------------
                         (clock clk_fpga_0 rise edge)
                                                      0.000     0.000 r  
    PS7_X0Y0             PS7                          0.000     0.000 r  udp_gateway_shadow_mirror_i/processing_system7_0/inst/PS7_i/FCLKCLK[0]
                         net (fo=1, routed)           0.310     0.310    udp_gateway_shadow_mirror_i/processing_system7_0/inst/FCLK_CLK_unbuffered[0]
    BUFGCTRL_X0Y17       BUFG (Prop_bufg_I_O)         0.026     0.336 r  udp_gateway_shadow_mirror_i/processing_system7_0/inst/buffer_fclk_clk_0.FCLK_CLK_0_BUFG/O
                         net (fo=42827, routed)       0.561     0.897    udp_gateway_shadow_mirror_i/axi_mem_intercon/m00_couplers/auto_pc/inst/gen_axi4_axi3.axi3_conv_inst/USE_WRITE.write_addr_inst/USE_B_CHANNEL.cmd_b_queue/inst/fifo_gen_inst/inst_fifo_gen/gconvfifo.rf/grf.rf/rstblk/clk
    SLICE_X43Y7          FDRE                                         r  udp_gateway_shadow_mirror_i/axi_mem_intercon/m00_couplers/auto_pc/inst/gen_axi4_axi3.axi3_conv_inst/USE_WRITE.write_addr_inst/USE_B_CHANNEL.cmd_b_queue/inst/fifo_gen_inst/inst_fifo_gen/gconvfifo.rf/grf.rf/rstblk/ngwrdrst.grst.g7serrst.gnsckt_wrst.gcc_rst.sckt_wr_rst_cc_reg[0]/C
  -------------------------------------------------------------------    -------------------
    SLICE_X43Y7          FDRE (Prop_fdre_C_Q)         0.141     1.038 f  udp_gateway_shadow_mirror_i/axi_mem_intercon/m00_couplers/auto_pc/inst/gen_axi4_axi3.axi3_conv_inst/USE_WRITE.write_addr_inst/USE_B_CHANNEL.cmd_b_queue/inst/fifo_gen_inst/inst_fifo_gen/gconvfifo.rf/grf.rf/rstblk/ngwrdrst.grst.g7serrst.gnsckt_wrst.gcc_rst.sckt_wr_rst_cc_reg[0]/Q
                         net (fo=3, routed)           0.198     1.236    udp_gateway_shadow_mirror_i/axi_mem_intercon/m00_couplers/auto_pc/inst/gen_axi4_axi3.axi3_conv_inst/USE_WRITE.write_addr_inst/USE_B_CHANNEL.cmd_b_queue/inst/fifo_gen_inst/inst_fifo_gen/gconvfifo.rf/grf.rf/rstblk/ngwrdrst.grst.g7serrst.gnsckt_wrst.gcc_rst.sckt_wr_rst_cc[0]
    SLICE_X41Y7          LUT3 (Prop_lut3_I1_O)        0.045     1.281 f  udp_gateway_shadow_mirror_i/axi_mem_intercon/m00_couplers/auto_pc/inst/gen_axi4_axi3.axi3_conv_inst/USE_WRITE.write_addr_inst/USE_B_CHANNEL.cmd_b_queue/inst/fifo_gen_inst/inst_fifo_gen/gconvfifo.rf/grf.rf/rstblk/gpregsm1.curr_fwft_state[1]_i_2/O
                         net (fo=32, routed)          0.326     1.607    udp_gateway_shadow_mirror_i/axi_mem_intercon/m00_couplers/auto_pc/inst/gen_axi4_axi3.axi3_conv_inst/USE_WRITE.write_addr_inst/USE_B_CHANNEL.cmd_b_queue/inst/fifo_gen_inst/inst_fifo_gen/gconvfifo.rf/grf.rf/gntv_or_sync_fifo.gl0.wr/wpntr/AR[0]
    SLICE_X33Y8          FDPE                                         f  udp_gateway_shadow_mirror_i/axi_mem_intercon/m00_couplers/auto_pc/inst/gen_axi4_axi3.axi3_conv_inst/USE_WRITE.write_addr_inst/USE_B_CHANNEL.cmd_b_queue/inst/fifo_gen_inst/inst_fifo_gen/gconvfifo.rf/grf.rf/gntv_or_sync_fifo.gl0.wr/wpntr/gcc0.gc0.count_reg[0]/PRE
  -------------------------------------------------------------------    -------------------

                         (clock clk_fpga_0 rise edge)
                                                      0.000     0.000 r  
    PS7_X0Y0             PS7                          0.000     0.000 r  udp_gateway_shadow_mirror_i/processing_system7_0/inst/PS7_i/FCLKCLK[0]
                         net (fo=1, routed)           0.337     0.337    udp_gateway_shadow_mirror_i/processing_system7_0/inst/FCLK_CLK_unbuffered[0]
    BUFGCTRL_X0Y17       BUFG (Prop_bufg_I_O)         0.029     0.366 r  udp_gateway_shadow_mirror_i/processing_system7_0/inst/buffer_fclk_clk_0.FCLK_CLK_0_BUFG/O
                         net (fo=42827, routed)       0.829     1.195    udp_gateway_shadow_mirror_i/axi_mem_intercon/m00_couplers/auto_pc/inst/gen_axi4_axi3.axi3_conv_inst/USE_WRITE.write_addr_inst/USE_B_CHANNEL.cmd_b_queue/inst/fifo_gen_inst/inst_fifo_gen/gconvfifo.rf/grf.rf/gntv_or_sync_fifo.gl0.wr/wpntr/clk
    SLICE_X33Y8          FDPE                                         r  udp_gateway_shadow_mirror_i/axi_mem_intercon/m00_couplers/auto_pc/inst/gen_axi4_axi3.axi3_conv_inst/USE_WRITE.write_addr_inst/USE_B_CHANNEL.cmd_b_queue/inst/fifo_gen_inst/inst_fifo_gen/gconvfifo.rf/grf.rf/gntv_or_sync_fifo.gl0.wr/wpntr/gcc0.gc0.count_reg[0]/C
                         clock pessimism             -0.263     0.932    
    SLICE_X33Y8          FDPE (Remov_fdpe_C_PRE)     -0.095     0.837    udp_gateway_shadow_mirror_i/axi_mem_intercon/m00_couplers/auto_pc/inst/gen_axi4_axi3.axi3_conv_inst/USE_WRITE.write_addr_inst/USE_B_CHANNEL.cmd_b_queue/inst/fifo_gen_inst/inst_fifo_gen/gconvfifo.rf/grf.rf/gntv_or_sync_fifo.gl0.wr/wpntr/gcc0.gc0.count_reg[0]
  -------------------------------------------------------------------
                         required time                         -0.836    
                         arrival time                           1.607    
  -------------------------------------------------------------------
                         slack                                  0.770    





---------------------------------------------------------------------------------------------------
Path Group:  **async_default**
From Clock:  clk_fpga_0
  To Clock:  shadow_dna_clk

Setup :            0  Failing Endpoints,  Worst Slack       10.712ns,  Total Violation        0.000ns
Hold  :            0  Failing Endpoints,  Worst Slack        1.591ns,  Total Violation        0.000ns
---------------------------------------------------------------------------------------------------


Max Delay Paths
--------------------------------------------------------------------------------------
Slack (MET) :             10.712ns  (required time - arrival time)
  Source:                 udp_gateway_shadow_mirror_i/rst_ps7_0_100M/U0/ACTIVE_LOW_PR_OUT_DFF[0].FDRE_PER_N/C
                            (rising edge-triggered cell FDRE clocked by clk_fpga_0  {rise@0.000ns fall@10.000ns period=20.000ns})
  Destination:            udp_gateway_shadow_mirror_i/dma_gateway_hybrid_0/inst/u_device_dna_reader/dna_shift_value_reg[41]/CLR
                            (recovery check against rising-edge clock shadow_dna_clk  {rise@0.000ns fall@320.000ns period=640.000ns})
  Path Group:             **async_default**
  Path Type:              Recovery (Max at Slow Process Corner)
  Requirement:            20.000ns  (shadow_dna_clk rise@640.000ns - clk_fpga_0 rise@620.000ns)
  Data Path Delay:        11.428ns  (logic 0.642ns (5.618%)  route 10.786ns (94.382%))
  Logic Levels:           1  (LUT1=1)
  Clock Path Skew:        2.803ns (DCD - SCD + CPR)
    Destination Clock Delay (DCD):    5.951ns = ( 645.951 - 640.000 ) 
    Source Clock Delay      (SCD):    3.263ns = ( 623.263 - 620.000 ) 
    Clock Pessimism Removal (CPR):    0.115ns
  Clock Uncertainty:      0.302ns  ((TSJ^2 + TIJ^2)^1/2 + DJ) / 2 + PE
    Total System Jitter     (TSJ):    0.071ns
    Total Input Jitter      (TIJ):    0.600ns
    Discrete Jitter          (DJ):    0.000ns
    Phase Error              (PE):    0.000ns

    Location             Delay type                Incr(ns)  Path(ns)    Netlist Resource(s)
  -------------------------------------------------------------------    -------------------
                         (clock clk_fpga_0 rise edge)
                                                    620.000   620.000 r  
    PS7_X0Y0             PS7                          0.000   620.000 r  udp_gateway_shadow_mirror_i/processing_system7_0/inst/PS7_i/FCLKCLK[0]
                         net (fo=1, routed)           1.193   621.193    udp_gateway_shadow_mirror_i/processing_system7_0/inst/FCLK_CLK_unbuffered[0]
    BUFGCTRL_X0Y17       BUFG (Prop_bufg_I_O)         0.101   621.294 r  udp_gateway_shadow_mirror_i/processing_system7_0/inst/buffer_fclk_clk_0.FCLK_CLK_0_BUFG/O
                         net (fo=42827, routed)       1.969   623.263    udp_gateway_shadow_mirror_i/rst_ps7_0_100M/U0/slowest_sync_clk
    SLICE_X98Y133        FDRE                                         r  udp_gateway_shadow_mirror_i/rst_ps7_0_100M/U0/ACTIVE_LOW_PR_OUT_DFF[0].FDRE_PER_N/C
  -------------------------------------------------------------------    -------------------
    SLICE_X98Y133        FDRE (Prop_fdre_C_Q)         0.518   623.781 r  udp_gateway_shadow_mirror_i/rst_ps7_0_100M/U0/ACTIVE_LOW_PR_OUT_DFF[0].FDRE_PER_N/Q
                         net (fo=92, routed)          4.755   628.536    udp_gateway_shadow_mirror_i/dma_gateway_hybrid_0/inst/u_shadow_acl_filter/u_acl/rst_n
    SLICE_X50Y121        LUT1 (Prop_lut1_I0_O)        0.124   628.660 f  udp_gateway_shadow_mirror_i/dma_gateway_hybrid_0/inst/u_shadow_acl_filter/u_acl/s_axil_awready_i_1/O
                         net (fo=1907, routed)        6.031   634.691    udp_gateway_shadow_mirror_i/dma_gateway_hybrid_0/inst/u_device_dna_reader/p_0_in
    SLICE_X112Y71        FDCE                                         f  udp_gateway_shadow_mirror_i/dma_gateway_hybrid_0/inst/u_device_dna_reader/dna_shift_value_reg[41]/CLR
  -------------------------------------------------------------------    -------------------

                         (clock shadow_dna_clk rise edge)
                                                    640.000   640.000 r  
    PS7_X0Y0             PS7                          0.000   640.000 r  udp_gateway_shadow_mirror_i/processing_system7_0/inst/PS7_i/FCLKCLK[0]
                         net (fo=1, routed)           1.088   641.088    udp_gateway_shadow_mirror_i/processing_system7_0/inst/FCLK_CLK_unbuffered[0]
    BUFGCTRL_X0Y17       BUFG (Prop_bufg_I_O)         0.091   641.179 r  udp_gateway_shadow_mirror_i/processing_system7_0/inst/buffer_fclk_clk_0.FCLK_CLK_0_BUFG/O
                         net (fo=42827, routed)       1.456   642.635    udp_gateway_shadow_mirror_i/dma_gateway_hybrid_0/inst/u_device_dna_reader/clk
    SLICE_X51Y68         FDCE (Prop_fdce_C_Q)         0.367   643.002 r  udp_gateway_shadow_mirror_i/dma_gateway_hybrid_0/inst/u_device_dna_reader/dna_clk_reg/Q
                         net (fo=1, routed)           1.185   644.186    udp_gateway_shadow_mirror_i/dma_gateway_hybrid_0/inst/u_device_dna_reader/dna_clk
    BUFGCTRL_X0Y16       BUFG (Prop_bufg_I_O)         0.091   644.277 r  udp_gateway_shadow_mirror_i/dma_gateway_hybrid_0/inst/u_device_dna_reader/dna_clk_BUFG_inst/O
                         net (fo=69, routed)          1.674   645.951    udp_gateway_shadow_mirror_i/dma_gateway_hybrid_0/inst/u_device_dna_reader/dna_clk_BUFG
    SLICE_X112Y71        FDCE                                         r  udp_gateway_shadow_mirror_i/dma_gateway_hybrid_0/inst/u_device_dna_reader/dna_shift_value_reg[41]/C
                         clock pessimism              0.115   646.066    
                         clock uncertainty           -0.302   645.764    
    SLICE_X112Y71        FDCE (Recov_fdce_C_CLR)     -0.361   645.403    udp_gateway_shadow_mirror_i/dma_gateway_hybrid_0/inst/u_device_dna_reader/dna_shift_value_reg[41]
  -------------------------------------------------------------------
                         required time                        645.403    
                         arrival time                        -634.691    
  -------------------------------------------------------------------
                         slack                                 10.712    

Slack (MET) :             10.712ns  (required time - arrival time)
  Source:                 udp_gateway_shadow_mirror_i/rst_ps7_0_100M/U0/ACTIVE_LOW_PR_OUT_DFF[0].FDRE_PER_N/C
                            (rising edge-triggered cell FDRE clocked by clk_fpga_0  {rise@0.000ns fall@10.000ns period=20.000ns})
  Destination:            udp_gateway_shadow_mirror_i/dma_gateway_hybrid_0/inst/u_device_dna_reader/dna_shift_value_reg[42]/CLR
                            (recovery check against rising-edge clock shadow_dna_clk  {rise@0.000ns fall@320.000ns period=640.000ns})
  Path Group:             **async_default**
  Path Type:              Recovery (Max at Slow Process Corner)
  Requirement:            20.000ns  (shadow_dna_clk rise@640.000ns - clk_fpga_0 rise@620.000ns)
  Data Path Delay:        11.428ns  (logic 0.642ns (5.618%)  route 10.786ns (94.382%))
  Logic Levels:           1  (LUT1=1)
  Clock Path Skew:        2.803ns (DCD - SCD + CPR)
    Destination Clock Delay (DCD):    5.951ns = ( 645.951 - 640.000 ) 
    Source Clock Delay      (SCD):    3.263ns = ( 623.263 - 620.000 ) 
    Clock Pessimism Removal (CPR):    0.115ns
  Clock Uncertainty:      0.302ns  ((TSJ^2 + TIJ^2)^1/2 + DJ) / 2 + PE
    Total System Jitter     (TSJ):    0.071ns
    Total Input Jitter      (TIJ):    0.600ns
    Discrete Jitter          (DJ):    0.000ns
    Phase Error              (PE):    0.000ns

    Location             Delay type                Incr(ns)  Path(ns)    Netlist Resource(s)
  -------------------------------------------------------------------    -------------------
                         (clock clk_fpga_0 rise edge)
                                                    620.000   620.000 r  
    PS7_X0Y0             PS7                          0.000   620.000 r  udp_gateway_shadow_mirror_i/processing_system7_0/inst/PS7_i/FCLKCLK[0]
                         net (fo=1, routed)           1.193   621.193    udp_gateway_shadow_mirror_i/processing_system7_0/inst/FCLK_CLK_unbuffered[0]
    BUFGCTRL_X0Y17       BUFG (Prop_bufg_I_O)         0.101   621.294 r  udp_gateway_shadow_mirror_i/processing_system7_0/inst/buffer_fclk_clk_0.FCLK_CLK_0_BUFG/O
                         net (fo=42827, routed)       1.969   623.263    udp_gateway_shadow_mirror_i/rst_ps7_0_100M/U0/slowest_sync_clk
    SLICE_X98Y133        FDRE                                         r  udp_gateway_shadow_mirror_i/rst_ps7_0_100M/U0/ACTIVE_LOW_PR_OUT_DFF[0].FDRE_PER_N/C
  -------------------------------------------------------------------    -------------------
    SLICE_X98Y133        FDRE (Prop_fdre_C_Q)         0.518   623.781 r  udp_gateway_shadow_mirror_i/rst_ps7_0_100M/U0/ACTIVE_LOW_PR_OUT_DFF[0].FDRE_PER_N/Q
                         net (fo=92, routed)          4.755   628.536    udp_gateway_shadow_mirror_i/dma_gateway_hybrid_0/inst/u_shadow_acl_filter/u_acl/rst_n
    SLICE_X50Y121        LUT1 (Prop_lut1_I0_O)        0.124   628.660 f  udp_gateway_shadow_mirror_i/dma_gateway_hybrid_0/inst/u_shadow_acl_filter/u_acl/s_axil_awready_i_1/O
                         net (fo=1907, routed)        6.031   634.691    udp_gateway_shadow_mirror_i/dma_gateway_hybrid_0/inst/u_device_dna_reader/p_0_in
    SLICE_X112Y71        FDCE                                         f  udp_gateway_shadow_mirror_i/dma_gateway_hybrid_0/inst/u_device_dna_reader/dna_shift_value_reg[42]/CLR
  -------------------------------------------------------------------    -------------------

                         (clock shadow_dna_clk rise edge)
                                                    640.000   640.000 r  
    PS7_X0Y0             PS7                          0.000   640.000 r  udp_gateway_shadow_mirror_i/processing_system7_0/inst/PS7_i/FCLKCLK[0]
                         net (fo=1, routed)           1.088   641.088    udp_gateway_shadow_mirror_i/processing_system7_0/inst/FCLK_CLK_unbuffered[0]
    BUFGCTRL_X0Y17       BUFG (Prop_bufg_I_O)         0.091   641.179 r  udp_gateway_shadow_mirror_i/processing_system7_0/inst/buffer_fclk_clk_0.FCLK_CLK_0_BUFG/O
                         net (fo=42827, routed)       1.456   642.635    udp_gateway_shadow_mirror_i/dma_gateway_hybrid_0/inst/u_device_dna_reader/clk
    SLICE_X51Y68         FDCE (Prop_fdce_C_Q)         0.367   643.002 r  udp_gateway_shadow_mirror_i/dma_gateway_hybrid_0/inst/u_device_dna_reader/dna_clk_reg/Q
                         net (fo=1, routed)           1.185   644.186    udp_gateway_shadow_mirror_i/dma_gateway_hybrid_0/inst/u_device_dna_reader/dna_clk
    BUFGCTRL_X0Y16       BUFG (Prop_bufg_I_O)         0.091   644.277 r  udp_gateway_shadow_mirror_i/dma_gateway_hybrid_0/inst/u_device_dna_reader/dna_clk_BUFG_inst/O
                         net (fo=69, routed)          1.674   645.951    udp_gateway_shadow_mirror_i/dma_gateway_hybrid_0/inst/u_device_dna_reader/dna_clk_BUFG
    SLICE_X112Y71        FDCE                                         r  udp_gateway_shadow_mirror_i/dma_gateway_hybrid_0/inst/u_device_dna_reader/dna_shift_value_reg[42]/C
                         clock pessimism              0.115   646.066    
                         clock uncertainty           -0.302   645.764    
    SLICE_X112Y71        FDCE (Recov_fdce_C_CLR)     -0.361   645.403    udp_gateway_shadow_mirror_i/dma_gateway_hybrid_0/inst/u_device_dna_reader/dna_shift_value_reg[42]
  -------------------------------------------------------------------
                         required time                        645.403    
                         arrival time                        -634.691    
  -------------------------------------------------------------------
                         slack                                 10.712    

Slack (MET) :             10.712ns  (required time - arrival time)
  Source:                 udp_gateway_shadow_mirror_i/rst_ps7_0_100M/U0/ACTIVE_LOW_PR_OUT_DFF[0].FDRE_PER_N/C
                            (rising edge-triggered cell FDRE clocked by clk_fpga_0  {rise@0.000ns fall@10.000ns period=20.000ns})
  Destination:            udp_gateway_shadow_mirror_i/dma_gateway_hybrid_0/inst/u_device_dna_reader/dna_shift_value_reg[9]/CLR
                            (recovery check against rising-edge clock shadow_dna_clk  {rise@0.000ns fall@320.000ns period=640.000ns})
  Path Group:             **async_default**
  Path Type:              Recovery (Max at Slow Process Corner)
  Requirement:            20.000ns  (shadow_dna_clk rise@640.000ns - clk_fpga_0 rise@620.000ns)
  Data Path Delay:        11.428ns  (logic 0.642ns (5.618%)  route 10.786ns (94.382%))
  Logic Levels:           1  (LUT1=1)
  Clock Path Skew:        2.803ns (DCD - SCD + CPR)
    Destination Clock Delay (DCD):    5.951ns = ( 645.951 - 640.000 ) 
    Source Clock Delay      (SCD):    3.263ns = ( 623.263 - 620.000 ) 
    Clock Pessimism Removal (CPR):    0.115ns
  Clock Uncertainty:      0.302ns  ((TSJ^2 + TIJ^2)^1/2 + DJ) / 2 + PE
    Total System Jitter     (TSJ):    0.071ns
    Total Input Jitter      (TIJ):    0.600ns
    Discrete Jitter          (DJ):    0.000ns
    Phase Error              (PE):    0.000ns

    Location             Delay type                Incr(ns)  Path(ns)    Netlist Resource(s)
  -------------------------------------------------------------------    -------------------
                         (clock clk_fpga_0 rise edge)
                                                    620.000   620.000 r  
    PS7_X0Y0             PS7                          0.000   620.000 r  udp_gateway_shadow_mirror_i/processing_system7_0/inst/PS7_i/FCLKCLK[0]
                         net (fo=1, routed)           1.193   621.193    udp_gateway_shadow_mirror_i/processing_system7_0/inst/FCLK_CLK_unbuffered[0]
    BUFGCTRL_X0Y17       BUFG (Prop_bufg_I_O)         0.101   621.294 r  udp_gateway_shadow_mirror_i/processing_system7_0/inst/buffer_fclk_clk_0.FCLK_CLK_0_BUFG/O
                         net (fo=42827, routed)       1.969   623.263    udp_gateway_shadow_mirror_i/rst_ps7_0_100M/U0/slowest_sync_clk
    SLICE_X98Y133        FDRE                                         r  udp_gateway_shadow_mirror_i/rst_ps7_0_100M/U0/ACTIVE_LOW_PR_OUT_DFF[0].FDRE_PER_N/C
  -------------------------------------------------------------------    -------------------
    SLICE_X98Y133        FDRE (Prop_fdre_C_Q)         0.518   623.781 r  udp_gateway_shadow_mirror_i/rst_ps7_0_100M/U0/ACTIVE_LOW_PR_OUT_DFF[0].FDRE_PER_N/Q
                         net (fo=92, routed)          4.755   628.536    udp_gateway_shadow_mirror_i/dma_gateway_hybrid_0/inst/u_shadow_acl_filter/u_acl/rst_n
    SLICE_X50Y121        LUT1 (Prop_lut1_I0_O)        0.124   628.660 f  udp_gateway_shadow_mirror_i/dma_gateway_hybrid_0/inst/u_shadow_acl_filter/u_acl/s_axil_awready_i_1/O
                         net (fo=1907, routed)        6.031   634.691    udp_gateway_shadow_mirror_i/dma_gateway_hybrid_0/inst/u_device_dna_reader/p_0_in
    SLICE_X112Y71        FDCE                                         f  udp_gateway_shadow_mirror_i/dma_gateway_hybrid_0/inst/u_device_dna_reader/dna_shift_value_reg[9]/CLR
  -------------------------------------------------------------------    -------------------

                         (clock shadow_dna_clk rise edge)
                                                    640.000   640.000 r  
    PS7_X0Y0             PS7                          0.000   640.000 r  udp_gateway_shadow_mirror_i/processing_system7_0/inst/PS7_i/FCLKCLK[0]
                         net (fo=1, routed)           1.088   641.088    udp_gateway_shadow_mirror_i/processing_system7_0/inst/FCLK_CLK_unbuffered[0]
    BUFGCTRL_X0Y17       BUFG (Prop_bufg_I_O)         0.091   641.179 r  udp_gateway_shadow_mirror_i/processing_system7_0/inst/buffer_fclk_clk_0.FCLK_CLK_0_BUFG/O
                         net (fo=42827, routed)       1.456   642.635    udp_gateway_shadow_mirror_i/dma_gateway_hybrid_0/inst/u_device_dna_reader/clk
    SLICE_X51Y68         FDCE (Prop_fdce_C_Q)         0.367   643.002 r  udp_gateway_shadow_mirror_i/dma_gateway_hybrid_0/inst/u_device_dna_reader/dna_clk_reg/Q
                         net (fo=1, routed)           1.185   644.186    udp_gateway_shadow_mirror_i/dma_gateway_hybrid_0/inst/u_device_dna_reader/dna_clk
    BUFGCTRL_X0Y16       BUFG (Prop_bufg_I_O)         0.091   644.277 r  udp_gateway_shadow_mirror_i/dma_gateway_hybrid_0/inst/u_device_dna_reader/dna_clk_BUFG_inst/O
                         net (fo=69, routed)          1.674   645.951    udp_gateway_shadow_mirror_i/dma_gateway_hybrid_0/inst/u_device_dna_reader/dna_clk_BUFG
    SLICE_X112Y71        FDCE                                         r  udp_gateway_shadow_mirror_i/dma_gateway_hybrid_0/inst/u_device_dna_reader/dna_shift_value_reg[9]/C
                         clock pessimism              0.115   646.066    
                         clock uncertainty           -0.302   645.764    
    SLICE_X112Y71        FDCE (Recov_fdce_C_CLR)     -0.361   645.403    udp_gateway_shadow_mirror_i/dma_gateway_hybrid_0/inst/u_device_dna_reader/dna_shift_value_reg[9]
  -------------------------------------------------------------------
                         required time                        645.403    
                         arrival time                        -634.691    
  -------------------------------------------------------------------
                         slack                                 10.712    

Slack (MET) :             10.754ns  (required time - arrival time)
  Source:                 udp_gateway_shadow_mirror_i/rst_ps7_0_100M/U0/ACTIVE_LOW_PR_OUT_DFF[0].FDRE_PER_N/C
                            (rising edge-triggered cell FDRE clocked by clk_fpga_0  {rise@0.000ns fall@10.000ns period=20.000ns})
  Destination:            udp_gateway_shadow_mirror_i/dma_gateway_hybrid_0/inst/u_device_dna_reader/dna_shift_value_reg[10]/CLR
                            (recovery check against rising-edge clock shadow_dna_clk  {rise@0.000ns fall@320.000ns period=640.000ns})
  Path Group:             **async_default**
  Path Type:              Recovery (Max at Slow Process Corner)
  Requirement:            20.000ns  (shadow_dna_clk rise@640.000ns - clk_fpga_0 rise@620.000ns)
  Data Path Delay:        11.428ns  (logic 0.642ns (5.618%)  route 10.786ns (94.382%))
  Logic Levels:           1  (LUT1=1)
  Clock Path Skew:        2.803ns (DCD - SCD + CPR)
    Destination Clock Delay (DCD):    5.951ns = ( 645.951 - 640.000 ) 
    Source Clock Delay      (SCD):    3.263ns = ( 623.263 - 620.000 ) 
    Clock Pessimism Removal (CPR):    0.115ns
  Clock Uncertainty:      0.302ns  ((TSJ^2 + TIJ^2)^1/2 + DJ) / 2 + PE
    Total System Jitter     (TSJ):    0.071ns
    Total Input Jitter      (TIJ):    0.600ns
    Discrete Jitter          (DJ):    0.000ns
    Phase Error              (PE):    0.000ns

    Location             Delay type                Incr(ns)  Path(ns)    Netlist Resource(s)
  -------------------------------------------------------------------    -------------------
                         (clock clk_fpga_0 rise edge)
                                                    620.000   620.000 r  
    PS7_X0Y0             PS7                          0.000   620.000 r  udp_gateway_shadow_mirror_i/processing_system7_0/inst/PS7_i/FCLKCLK[0]
                         net (fo=1, routed)           1.193   621.193    udp_gateway_shadow_mirror_i/processing_system7_0/inst/FCLK_CLK_unbuffered[0]
    BUFGCTRL_X0Y17       BUFG (Prop_bufg_I_O)         0.101   621.294 r  udp_gateway_shadow_mirror_i/processing_system7_0/inst/buffer_fclk_clk_0.FCLK_CLK_0_BUFG/O
                         net (fo=42827, routed)       1.969   623.263    udp_gateway_shadow_mirror_i/rst_ps7_0_100M/U0/slowest_sync_clk
    SLICE_X98Y133        FDRE                                         r  udp_gateway_shadow_mirror_i/rst_ps7_0_100M/U0/ACTIVE_LOW_PR_OUT_DFF[0].FDRE_PER_N/C
  -------------------------------------------------------------------    -------------------
    SLICE_X98Y133        FDRE (Prop_fdre_C_Q)         0.518   623.781 r  udp_gateway_shadow_mirror_i/rst_ps7_0_100M/U0/ACTIVE_LOW_PR_OUT_DFF[0].FDRE_PER_N/Q
                         net (fo=92, routed)          4.755   628.536    udp_gateway_shadow_mirror_i/dma_gateway_hybrid_0/inst/u_shadow_acl_filter/u_acl/rst_n
    SLICE_X50Y121        LUT1 (Prop_lut1_I0_O)        0.124   628.660 f  udp_gateway_shadow_mirror_i/dma_gateway_hybrid_0/inst/u_shadow_acl_filter/u_acl/s_axil_awready_i_1/O
                         net (fo=1907, routed)        6.031   634.691    udp_gateway_shadow_mirror_i/dma_gateway_hybrid_0/inst/u_device_dna_reader/p_0_in
    SLICE_X112Y71        FDCE                                         f  udp_gateway_shadow_mirror_i/dma_gateway_hybrid_0/inst/u_device_dna_reader/dna_shift_value_reg[10]/CLR
  -------------------------------------------------------------------    -------------------

                         (clock shadow_dna_clk rise edge)
                                                    640.000   640.000 r  
    PS7_X0Y0             PS7                          0.000   640.000 r  udp_gateway_shadow_mirror_i/processing_system7_0/inst/PS7_i/FCLKCLK[0]
                         net (fo=1, routed)           1.088   641.088    udp_gateway_shadow_mirror_i/processing_system7_0/inst/FCLK_CLK_unbuffered[0]
    BUFGCTRL_X0Y17       BUFG (Prop_bufg_I_O)         0.091   641.179 r  udp_gateway_shadow_mirror_i/processing_system7_0/inst/buffer_fclk_clk_0.FCLK_CLK_0_BUFG/O
                         net (fo=42827, routed)       1.456   642.635    udp_gateway_shadow_mirror_i/dma_gateway_hybrid_0/inst/u_device_dna_reader/clk
    SLICE_X51Y68         FDCE (Prop_fdce_C_Q)         0.367   643.002 r  udp_gateway_shadow_mirror_i/dma_gateway_hybrid_0/inst/u_device_dna_reader/dna_clk_reg/Q
                         net (fo=1, routed)           1.185   644.186    udp_gateway_shadow_mirror_i/dma_gateway_hybrid_0/inst/u_device_dna_reader/dna_clk
    BUFGCTRL_X0Y16       BUFG (Prop_bufg_I_O)         0.091   644.277 r  udp_gateway_shadow_mirror_i/dma_gateway_hybrid_0/inst/u_device_dna_reader/dna_clk_BUFG_inst/O
                         net (fo=69, routed)          1.674   645.951    udp_gateway_shadow_mirror_i/dma_gateway_hybrid_0/inst/u_device_dna_reader/dna_clk_BUFG
    SLICE_X112Y71        FDCE                                         r  udp_gateway_shadow_mirror_i/dma_gateway_hybrid_0/inst/u_device_dna_reader/dna_shift_value_reg[10]/C
                         clock pessimism              0.115   646.066    
                         clock uncertainty           -0.302   645.764    
    SLICE_X112Y71        FDCE (Recov_fdce_C_CLR)     -0.319   645.445    udp_gateway_shadow_mirror_i/dma_gateway_hybrid_0/inst/u_device_dna_reader/dna_shift_value_reg[10]
  -------------------------------------------------------------------
                         required time                        645.445    
                         arrival time                        -634.691    
  -------------------------------------------------------------------
                         slack                                 10.754    

Slack (MET) :             10.754ns  (required time - arrival time)
  Source:                 udp_gateway_shadow_mirror_i/rst_ps7_0_100M/U0/ACTIVE_LOW_PR_OUT_DFF[0].FDRE_PER_N/C
                            (rising edge-triggered cell FDRE clocked by clk_fpga_0  {rise@0.000ns fall@10.000ns period=20.000ns})
  Destination:            udp_gateway_shadow_mirror_i/dma_gateway_hybrid_0/inst/u_device_dna_reader/dna_shift_value_reg[38]/CLR
                            (recovery check against rising-edge clock shadow_dna_clk  {rise@0.000ns fall@320.000ns period=640.000ns})
  Path Group:             **async_default**
  Path Type:              Recovery (Max at Slow Process Corner)
  Requirement:            20.000ns  (shadow_dna_clk rise@640.000ns - clk_fpga_0 rise@620.000ns)
  Data Path Delay:        11.428ns  (logic 0.642ns (5.618%)  route 10.786ns (94.382%))
  Logic Levels:           1  (LUT1=1)
  Clock Path Skew:        2.803ns (DCD - SCD + CPR)
    Destination Clock Delay (DCD):    5.951ns = ( 645.951 - 640.000 ) 
    Source Clock Delay      (SCD):    3.263ns = ( 623.263 - 620.000 ) 
    Clock Pessimism Removal (CPR):    0.115ns
  Clock Uncertainty:      0.302ns  ((TSJ^2 + TIJ^2)^1/2 + DJ) / 2 + PE
    Total System Jitter     (TSJ):    0.071ns
    Total Input Jitter      (TIJ):    0.600ns
    Discrete Jitter          (DJ):    0.000ns
    Phase Error              (PE):    0.000ns

    Location             Delay type                Incr(ns)  Path(ns)    Netlist Resource(s)
  -------------------------------------------------------------------    -------------------
                         (clock clk_fpga_0 rise edge)
                                                    620.000   620.000 r  
    PS7_X0Y0             PS7                          0.000   620.000 r  udp_gateway_shadow_mirror_i/processing_system7_0/inst/PS7_i/FCLKCLK[0]
                         net (fo=1, routed)           1.193   621.193    udp_gateway_shadow_mirror_i/processing_system7_0/inst/FCLK_CLK_unbuffered[0]
    BUFGCTRL_X0Y17       BUFG (Prop_bufg_I_O)         0.101   621.294 r  udp_gateway_shadow_mirror_i/processing_system7_0/inst/buffer_fclk_clk_0.FCLK_CLK_0_BUFG/O
                         net (fo=42827, routed)       1.969   623.263    udp_gateway_shadow_mirror_i/rst_ps7_0_100M/U0/slowest_sync_clk
    SLICE_X98Y133        FDRE                                         r  udp_gateway_shadow_mirror_i/rst_ps7_0_100M/U0/ACTIVE_LOW_PR_OUT_DFF[0].FDRE_PER_N/C
  -------------------------------------------------------------------    -------------------
    SLICE_X98Y133        FDRE (Prop_fdre_C_Q)         0.518   623.781 r  udp_gateway_shadow_mirror_i/rst_ps7_0_100M/U0/ACTIVE_LOW_PR_OUT_DFF[0].FDRE_PER_N/Q
                         net (fo=92, routed)          4.755   628.536    udp_gateway_shadow_mirror_i/dma_gateway_hybrid_0/inst/u_shadow_acl_filter/u_acl/rst_n
    SLICE_X50Y121        LUT1 (Prop_lut1_I0_O)        0.124   628.660 f  udp_gateway_shadow_mirror_i/dma_gateway_hybrid_0/inst/u_shadow_acl_filter/u_acl/s_axil_awready_i_1/O
                         net (fo=1907, routed)        6.031   634.691    udp_gateway_shadow_mirror_i/dma_gateway_hybrid_0/inst/u_device_dna_reader/p_0_in
    SLICE_X112Y71        FDCE                                         f  udp_gateway_shadow_mirror_i/dma_gateway_hybrid_0/inst/u_device_dna_reader/dna_shift_value_reg[38]/CLR
  -------------------------------------------------------------------    -------------------

                         (clock shadow_dna_clk rise edge)
                                                    640.000   640.000 r  
    PS7_X0Y0             PS7                          0.000   640.000 r  udp_gateway_shadow_mirror_i/processing_system7_0/inst/PS7_i/FCLKCLK[0]
                         net (fo=1, routed)           1.088   641.088    udp_gateway_shadow_mirror_i/processing_system7_0/inst/FCLK_CLK_unbuffered[0]
    BUFGCTRL_X0Y17       BUFG (Prop_bufg_I_O)         0.091   641.179 r  udp_gateway_shadow_mirror_i/processing_system7_0/inst/buffer_fclk_clk_0.FCLK_CLK_0_BUFG/O
                         net (fo=42827, routed)       1.456   642.635    udp_gateway_shadow_mirror_i/dma_gateway_hybrid_0/inst/u_device_dna_reader/clk
    SLICE_X51Y68         FDCE (Prop_fdce_C_Q)         0.367   643.002 r  udp_gateway_shadow_mirror_i/dma_gateway_hybrid_0/inst/u_device_dna_reader/dna_clk_reg/Q
                         net (fo=1, routed)           1.185   644.186    udp_gateway_shadow_mirror_i/dma_gateway_hybrid_0/inst/u_device_dna_reader/dna_clk
    BUFGCTRL_X0Y16       BUFG (Prop_bufg_I_O)         0.091   644.277 r  udp_gateway_shadow_mirror_i/dma_gateway_hybrid_0/inst/u_device_dna_reader/dna_clk_BUFG_inst/O
                         net (fo=69, routed)          1.674   645.951    udp_gateway_shadow_mirror_i/dma_gateway_hybrid_0/inst/u_device_dna_reader/dna_clk_BUFG
    SLICE_X112Y71        FDCE                                         r  udp_gateway_shadow_mirror_i/dma_gateway_hybrid_0/inst/u_device_dna_reader/dna_shift_value_reg[38]/C
                         clock pessimism              0.115   646.066    
                         clock uncertainty           -0.302   645.764    
    SLICE_X112Y71        FDCE (Recov_fdce_C_CLR)     -0.319   645.445    udp_gateway_shadow_mirror_i/dma_gateway_hybrid_0/inst/u_device_dna_reader/dna_shift_value_reg[38]
  -------------------------------------------------------------------
                         required time                        645.445    
                         arrival time                        -634.691    
  -------------------------------------------------------------------
                         slack                                 10.754    

Slack (MET) :             10.754ns  (required time - arrival time)
  Source:                 udp_gateway_shadow_mirror_i/rst_ps7_0_100M/U0/ACTIVE_LOW_PR_OUT_DFF[0].FDRE_PER_N/C
                            (rising edge-triggered cell FDRE clocked by clk_fpga_0  {rise@0.000ns fall@10.000ns period=20.000ns})
  Destination:            udp_gateway_shadow_mirror_i/dma_gateway_hybrid_0/inst/u_device_dna_reader/dna_shift_value_reg[39]/CLR
                            (recovery check against rising-edge clock shadow_dna_clk  {rise@0.000ns fall@320.000ns period=640.000ns})
  Path Group:             **async_default**
  Path Type:              Recovery (Max at Slow Process Corner)
  Requirement:            20.000ns  (shadow_dna_clk rise@640.000ns - clk_fpga_0 rise@620.000ns)
  Data Path Delay:        11.428ns  (logic 0.642ns (5.618%)  route 10.786ns (94.382%))
  Logic Levels:           1  (LUT1=1)
  Clock Path Skew:        2.803ns (DCD - SCD + CPR)
    Destination Clock Delay (DCD):    5.951ns = ( 645.951 - 640.000 ) 
    Source Clock Delay      (SCD):    3.263ns = ( 623.263 - 620.000 ) 
    Clock Pessimism Removal (CPR):    0.115ns
  Clock Uncertainty:      0.302ns  ((TSJ^2 + TIJ^2)^1/2 + DJ) / 2 + PE
    Total System Jitter     (TSJ):    0.071ns
    Total Input Jitter      (TIJ):    0.600ns
    Discrete Jitter          (DJ):    0.000ns
    Phase Error              (PE):    0.000ns

    Location             Delay type                Incr(ns)  Path(ns)    Netlist Resource(s)
  -------------------------------------------------------------------    -------------------
                         (clock clk_fpga_0 rise edge)
                                                    620.000   620.000 r  
    PS7_X0Y0             PS7                          0.000   620.000 r  udp_gateway_shadow_mirror_i/processing_system7_0/inst/PS7_i/FCLKCLK[0]
                         net (fo=1, routed)           1.193   621.193    udp_gateway_shadow_mirror_i/processing_system7_0/inst/FCLK_CLK_unbuffered[0]
    BUFGCTRL_X0Y17       BUFG (Prop_bufg_I_O)         0.101   621.294 r  udp_gateway_shadow_mirror_i/processing_system7_0/inst/buffer_fclk_clk_0.FCLK_CLK_0_BUFG/O
                         net (fo=42827, routed)       1.969   623.263    udp_gateway_shadow_mirror_i/rst_ps7_0_100M/U0/slowest_sync_clk
    SLICE_X98Y133        FDRE                                         r  udp_gateway_shadow_mirror_i/rst_ps7_0_100M/U0/ACTIVE_LOW_PR_OUT_DFF[0].FDRE_PER_N/C
  -------------------------------------------------------------------    -------------------
    SLICE_X98Y133        FDRE (Prop_fdre_C_Q)         0.518   623.781 r  udp_gateway_shadow_mirror_i/rst_ps7_0_100M/U0/ACTIVE_LOW_PR_OUT_DFF[0].FDRE_PER_N/Q
                         net (fo=92, routed)          4.755   628.536    udp_gateway_shadow_mirror_i/dma_gateway_hybrid_0/inst/u_shadow_acl_filter/u_acl/rst_n
    SLICE_X50Y121        LUT1 (Prop_lut1_I0_O)        0.124   628.660 f  udp_gateway_shadow_mirror_i/dma_gateway_hybrid_0/inst/u_shadow_acl_filter/u_acl/s_axil_awready_i_1/O
                         net (fo=1907, routed)        6.031   634.691    udp_gateway_shadow_mirror_i/dma_gateway_hybrid_0/inst/u_device_dna_reader/p_0_in
    SLICE_X112Y71        FDCE                                         f  udp_gateway_shadow_mirror_i/dma_gateway_hybrid_0/inst/u_device_dna_reader/dna_shift_value_reg[39]/CLR
  -------------------------------------------------------------------    -------------------

                         (clock shadow_dna_clk rise edge)
                                                    640.000   640.000 r  
    PS7_X0Y0             PS7                          0.000   640.000 r  udp_gateway_shadow_mirror_i/processing_system7_0/inst/PS7_i/FCLKCLK[0]
                         net (fo=1, routed)           1.088   641.088    udp_gateway_shadow_mirror_i/processing_system7_0/inst/FCLK_CLK_unbuffered[0]
    BUFGCTRL_X0Y17       BUFG (Prop_bufg_I_O)         0.091   641.179 r  udp_gateway_shadow_mirror_i/processing_system7_0/inst/buffer_fclk_clk_0.FCLK_CLK_0_BUFG/O
                         net (fo=42827, routed)       1.456   642.635    udp_gateway_shadow_mirror_i/dma_gateway_hybrid_0/inst/u_device_dna_reader/clk
    SLICE_X51Y68         FDCE (Prop_fdce_C_Q)         0.367   643.002 r  udp_gateway_shadow_mirror_i/dma_gateway_hybrid_0/inst/u_device_dna_reader/dna_clk_reg/Q
                         net (fo=1, routed)           1.185   644.186    udp_gateway_shadow_mirror_i/dma_gateway_hybrid_0/inst/u_device_dna_reader/dna_clk
    BUFGCTRL_X0Y16       BUFG (Prop_bufg_I_O)         0.091   644.277 r  udp_gateway_shadow_mirror_i/dma_gateway_hybrid_0/inst/u_device_dna_reader/dna_clk_BUFG_inst/O
                         net (fo=69, routed)          1.674   645.951    udp_gateway_shadow_mirror_i/dma_gateway_hybrid_0/inst/u_device_dna_reader/dna_clk_BUFG
    SLICE_X112Y71        FDCE                                         r  udp_gateway_shadow_mirror_i/dma_gateway_hybrid_0/inst/u_device_dna_reader/dna_shift_value_reg[39]/C
                         clock pessimism              0.115   646.066    
                         clock uncertainty           -0.302   645.764    
    SLICE_X112Y71        FDCE (Recov_fdce_C_CLR)     -0.319   645.445    udp_gateway_shadow_mirror_i/dma_gateway_hybrid_0/inst/u_device_dna_reader/dna_shift_value_reg[39]
  -------------------------------------------------------------------
                         required time                        645.445    
                         arrival time                        -634.691    
  -------------------------------------------------------------------
                         slack                                 10.754    

Slack (MET) :             10.754ns  (required time - arrival time)
  Source:                 udp_gateway_shadow_mirror_i/rst_ps7_0_100M/U0/ACTIVE_LOW_PR_OUT_DFF[0].FDRE_PER_N/C
                            (rising edge-triggered cell FDRE clocked by clk_fpga_0  {rise@0.000ns fall@10.000ns period=20.000ns})
  Destination:            udp_gateway_shadow_mirror_i/dma_gateway_hybrid_0/inst/u_device_dna_reader/dna_shift_value_reg[40]/CLR
                            (recovery check against rising-edge clock shadow_dna_clk  {rise@0.000ns fall@320.000ns period=640.000ns})
  Path Group:             **async_default**
  Path Type:              Recovery (Max at Slow Process Corner)
  Requirement:            20.000ns  (shadow_dna_clk rise@640.000ns - clk_fpga_0 rise@620.000ns)
  Data Path Delay:        11.428ns  (logic 0.642ns (5.618%)  route 10.786ns (94.382%))
  Logic Levels:           1  (LUT1=1)
  Clock Path Skew:        2.803ns (DCD - SCD + CPR)
    Destination Clock Delay (DCD):    5.951ns = ( 645.951 - 640.000 ) 
    Source Clock Delay      (SCD):    3.263ns = ( 623.263 - 620.000 ) 
    Clock Pessimism Removal (CPR):    0.115ns
  Clock Uncertainty:      0.302ns  ((TSJ^2 + TIJ^2)^1/2 + DJ) / 2 + PE
    Total System Jitter     (TSJ):    0.071ns
    Total Input Jitter      (TIJ):    0.600ns
    Discrete Jitter          (DJ):    0.000ns
    Phase Error              (PE):    0.000ns

    Location             Delay type                Incr(ns)  Path(ns)    Netlist Resource(s)
  -------------------------------------------------------------------    -------------------
                         (clock clk_fpga_0 rise edge)
                                                    620.000   620.000 r  
    PS7_X0Y0             PS7                          0.000   620.000 r  udp_gateway_shadow_mirror_i/processing_system7_0/inst/PS7_i/FCLKCLK[0]
                         net (fo=1, routed)           1.193   621.193    udp_gateway_shadow_mirror_i/processing_system7_0/inst/FCLK_CLK_unbuffered[0]
    BUFGCTRL_X0Y17       BUFG (Prop_bufg_I_O)         0.101   621.294 r  udp_gateway_shadow_mirror_i/processing_system7_0/inst/buffer_fclk_clk_0.FCLK_CLK_0_BUFG/O
                         net (fo=42827, routed)       1.969   623.263    udp_gateway_shadow_mirror_i/rst_ps7_0_100M/U0/slowest_sync_clk
    SLICE_X98Y133        FDRE                                         r  udp_gateway_shadow_mirror_i/rst_ps7_0_100M/U0/ACTIVE_LOW_PR_OUT_DFF[0].FDRE_PER_N/C
  -------------------------------------------------------------------    -------------------
    SLICE_X98Y133        FDRE (Prop_fdre_C_Q)         0.518   623.781 r  udp_gateway_shadow_mirror_i/rst_ps7_0_100M/U0/ACTIVE_LOW_PR_OUT_DFF[0].FDRE_PER_N/Q
                         net (fo=92, routed)          4.755   628.536    udp_gateway_shadow_mirror_i/dma_gateway_hybrid_0/inst/u_shadow_acl_filter/u_acl/rst_n
    SLICE_X50Y121        LUT1 (Prop_lut1_I0_O)        0.124   628.660 f  udp_gateway_shadow_mirror_i/dma_gateway_hybrid_0/inst/u_shadow_acl_filter/u_acl/s_axil_awready_i_1/O
                         net (fo=1907, routed)        6.031   634.691    udp_gateway_shadow_mirror_i/dma_gateway_hybrid_0/inst/u_device_dna_reader/p_0_in
    SLICE_X112Y71        FDCE                                         f  udp_gateway_shadow_mirror_i/dma_gateway_hybrid_0/inst/u_device_dna_reader/dna_shift_value_reg[40]/CLR
  -------------------------------------------------------------------    -------------------

                         (clock shadow_dna_clk rise edge)
                                                    640.000   640.000 r  
    PS7_X0Y0             PS7                          0.000   640.000 r  udp_gateway_shadow_mirror_i/processing_system7_0/inst/PS7_i/FCLKCLK[0]
                         net (fo=1, routed)           1.088   641.088    udp_gateway_shadow_mirror_i/processing_system7_0/inst/FCLK_CLK_unbuffered[0]
    BUFGCTRL_X0Y17       BUFG (Prop_bufg_I_O)         0.091   641.179 r  udp_gateway_shadow_mirror_i/processing_system7_0/inst/buffer_fclk_clk_0.FCLK_CLK_0_BUFG/O
                         net (fo=42827, routed)       1.456   642.635    udp_gateway_shadow_mirror_i/dma_gateway_hybrid_0/inst/u_device_dna_reader/clk
    SLICE_X51Y68         FDCE (Prop_fdce_C_Q)         0.367   643.002 r  udp_gateway_shadow_mirror_i/dma_gateway_hybrid_0/inst/u_device_dna_reader/dna_clk_reg/Q
                         net (fo=1, routed)           1.185   644.186    udp_gateway_shadow_mirror_i/dma_gateway_hybrid_0/inst/u_device_dna_reader/dna_clk
    BUFGCTRL_X0Y16       BUFG (Prop_bufg_I_O)         0.091   644.277 r  udp_gateway_shadow_mirror_i/dma_gateway_hybrid_0/inst/u_device_dna_reader/dna_clk_BUFG_inst/O
                         net (fo=69, routed)          1.674   645.951    udp_gateway_shadow_mirror_i/dma_gateway_hybrid_0/inst/u_device_dna_reader/dna_clk_BUFG
    SLICE_X112Y71        FDCE                                         r  udp_gateway_shadow_mirror_i/dma_gateway_hybrid_0/inst/u_device_dna_reader/dna_shift_value_reg[40]/C
                         clock pessimism              0.115   646.066    
                         clock uncertainty           -0.302   645.764    
    SLICE_X112Y71        FDCE (Recov_fdce_C_CLR)     -0.319   645.445    udp_gateway_shadow_mirror_i/dma_gateway_hybrid_0/inst/u_device_dna_reader/dna_shift_value_reg[40]
  -------------------------------------------------------------------
                         required time                        645.445    
                         arrival time                        -634.691    
  -------------------------------------------------------------------
                         slack                                 10.754    

Slack (MET) :             10.792ns  (required time - arrival time)
  Source:                 udp_gateway_shadow_mirror_i/rst_ps7_0_100M/U0/ACTIVE_LOW_PR_OUT_DFF[0].FDRE_PER_N/C
                            (rising edge-triggered cell FDRE clocked by clk_fpga_0  {rise@0.000ns fall@10.000ns period=20.000ns})
  Destination:            udp_gateway_shadow_mirror_i/dma_gateway_hybrid_0/inst/u_device_dna_reader/dna_shift_value_reg[1]/CLR
                            (recovery check against rising-edge clock shadow_dna_clk  {rise@0.000ns fall@320.000ns period=640.000ns})
  Path Group:             **async_default**
  Path Type:              Recovery (Max at Slow Process Corner)
  Requirement:            20.000ns  (shadow_dna_clk rise@640.000ns - clk_fpga_0 rise@620.000ns)
  Data Path Delay:        11.304ns  (logic 0.642ns (5.679%)  route 10.662ns (94.321%))
  Logic Levels:           1  (LUT1=1)
  Clock Path Skew:        2.804ns (DCD - SCD + CPR)
    Destination Clock Delay (DCD):    5.952ns = ( 645.952 - 640.000 ) 
    Source Clock Delay      (SCD):    3.263ns = ( 623.263 - 620.000 ) 
    Clock Pessimism Removal (CPR):    0.115ns
  Clock Uncertainty:      0.302ns  ((TSJ^2 + TIJ^2)^1/2 + DJ) / 2 + PE
    Total System Jitter     (TSJ):    0.071ns
    Total Input Jitter      (TIJ):    0.600ns
    Discrete Jitter          (DJ):    0.000ns
    Phase Error              (PE):    0.000ns

    Location             Delay type                Incr(ns)  Path(ns)    Netlist Resource(s)
  -------------------------------------------------------------------    -------------------
                         (clock clk_fpga_0 rise edge)
                                                    620.000   620.000 r  
    PS7_X0Y0             PS7                          0.000   620.000 r  udp_gateway_shadow_mirror_i/processing_system7_0/inst/PS7_i/FCLKCLK[0]
                         net (fo=1, routed)           1.193   621.193    udp_gateway_shadow_mirror_i/processing_system7_0/inst/FCLK_CLK_unbuffered[0]
    BUFGCTRL_X0Y17       BUFG (Prop_bufg_I_O)         0.101   621.294 r  udp_gateway_shadow_mirror_i/processing_system7_0/inst/buffer_fclk_clk_0.FCLK_CLK_0_BUFG/O
                         net (fo=42827, routed)       1.969   623.263    udp_gateway_shadow_mirror_i/rst_ps7_0_100M/U0/slowest_sync_clk
    SLICE_X98Y133        FDRE                                         r  udp_gateway_shadow_mirror_i/rst_ps7_0_100M/U0/ACTIVE_LOW_PR_OUT_DFF[0].FDRE_PER_N/C
  -------------------------------------------------------------------    -------------------
    SLICE_X98Y133        FDRE (Prop_fdre_C_Q)         0.518   623.781 r  udp_gateway_shadow_mirror_i/rst_ps7_0_100M/U0/ACTIVE_LOW_PR_OUT_DFF[0].FDRE_PER_N/Q
                         net (fo=92, routed)          4.755   628.536    udp_gateway_shadow_mirror_i/dma_gateway_hybrid_0/inst/u_shadow_acl_filter/u_acl/rst_n
    SLICE_X50Y121        LUT1 (Prop_lut1_I0_O)        0.124   628.660 f  udp_gateway_shadow_mirror_i/dma_gateway_hybrid_0/inst/u_shadow_acl_filter/u_acl/s_axil_awready_i_1/O
                         net (fo=1907, routed)        5.907   634.567    udp_gateway_shadow_mirror_i/dma_gateway_hybrid_0/inst/u_device_dna_reader/p_0_in
    SLICE_X111Y69        FDCE                                         f  udp_gateway_shadow_mirror_i/dma_gateway_hybrid_0/inst/u_device_dna_reader/dna_shift_value_reg[1]/CLR
  -------------------------------------------------------------------    -------------------

                         (clock shadow_dna_clk rise edge)
                                                    640.000   640.000 r  
    PS7_X0Y0             PS7                          0.000   640.000 r  udp_gateway_shadow_mirror_i/processing_system7_0/inst/PS7_i/FCLKCLK[0]
                         net (fo=1, routed)           1.088   641.088    udp_gateway_shadow_mirror_i/processing_system7_0/inst/FCLK_CLK_unbuffered[0]
    BUFGCTRL_X0Y17       BUFG (Prop_bufg_I_O)         0.091   641.179 r  udp_gateway_shadow_mirror_i/processing_system7_0/inst/buffer_fclk_clk_0.FCLK_CLK_0_BUFG/O
                         net (fo=42827, routed)       1.456   642.635    udp_gateway_shadow_mirror_i/dma_gateway_hybrid_0/inst/u_device_dna_reader/clk
    SLICE_X51Y68         FDCE (Prop_fdce_C_Q)         0.367   643.002 r  udp_gateway_shadow_mirror_i/dma_gateway_hybrid_0/inst/u_device_dna_reader/dna_clk_reg/Q
                         net (fo=1, routed)           1.185   644.186    udp_gateway_shadow_mirror_i/dma_gateway_hybrid_0/inst/u_device_dna_reader/dna_clk
    BUFGCTRL_X0Y16       BUFG (Prop_bufg_I_O)         0.091   644.277 r  udp_gateway_shadow_mirror_i/dma_gateway_hybrid_0/inst/u_device_dna_reader/dna_clk_BUFG_inst/O
                         net (fo=69, routed)          1.675   645.952    udp_gateway_shadow_mirror_i/dma_gateway_hybrid_0/inst/u_device_dna_reader/dna_clk_BUFG
    SLICE_X111Y69        FDCE                                         r  udp_gateway_shadow_mirror_i/dma_gateway_hybrid_0/inst/u_device_dna_reader/dna_shift_value_reg[1]/C
                         clock pessimism              0.115   646.067    
                         clock uncertainty           -0.302   645.765    
    SLICE_X111Y69        FDCE (Recov_fdce_C_CLR)     -0.405   645.360    udp_gateway_shadow_mirror_i/dma_gateway_hybrid_0/inst/u_device_dna_reader/dna_shift_value_reg[1]
  -------------------------------------------------------------------
                         required time                        645.360    
                         arrival time                        -634.567    
  -------------------------------------------------------------------
                         slack                                 10.792    

Slack (MET) :             10.792ns  (required time - arrival time)
  Source:                 udp_gateway_shadow_mirror_i/rst_ps7_0_100M/U0/ACTIVE_LOW_PR_OUT_DFF[0].FDRE_PER_N/C
                            (rising edge-triggered cell FDRE clocked by clk_fpga_0  {rise@0.000ns fall@10.000ns period=20.000ns})
  Destination:            udp_gateway_shadow_mirror_i/dma_gateway_hybrid_0/inst/u_device_dna_reader/dna_shift_value_reg[35]/CLR
                            (recovery check against rising-edge clock shadow_dna_clk  {rise@0.000ns fall@320.000ns period=640.000ns})
  Path Group:             **async_default**
  Path Type:              Recovery (Max at Slow Process Corner)
  Requirement:            20.000ns  (shadow_dna_clk rise@640.000ns - clk_fpga_0 rise@620.000ns)
  Data Path Delay:        11.304ns  (logic 0.642ns (5.679%)  route 10.662ns (94.321%))
  Logic Levels:           1  (LUT1=1)
  Clock Path Skew:        2.804ns (DCD - SCD + CPR)
    Destination Clock Delay (DCD):    5.952ns = ( 645.952 - 640.000 ) 
    Source Clock Delay      (SCD):    3.263ns = ( 623.263 - 620.000 ) 
    Clock Pessimism Removal (CPR):    0.115ns
  Clock Uncertainty:      0.302ns  ((TSJ^2 + TIJ^2)^1/2 + DJ) / 2 + PE
    Total System Jitter     (TSJ):    0.071ns
    Total Input Jitter      (TIJ):    0.600ns
    Discrete Jitter          (DJ):    0.000ns
    Phase Error              (PE):    0.000ns

    Location             Delay type                Incr(ns)  Path(ns)    Netlist Resource(s)
  -------------------------------------------------------------------    -------------------
                         (clock clk_fpga_0 rise edge)
                                                    620.000   620.000 r  
    PS7_X0Y0             PS7                          0.000   620.000 r  udp_gateway_shadow_mirror_i/processing_system7_0/inst/PS7_i/FCLKCLK[0]
                         net (fo=1, routed)           1.193   621.193    udp_gateway_shadow_mirror_i/processing_system7_0/inst/FCLK_CLK_unbuffered[0]
    BUFGCTRL_X0Y17       BUFG (Prop_bufg_I_O)         0.101   621.294 r  udp_gateway_shadow_mirror_i/processing_system7_0/inst/buffer_fclk_clk_0.FCLK_CLK_0_BUFG/O
                         net (fo=42827, routed)       1.969   623.263    udp_gateway_shadow_mirror_i/rst_ps7_0_100M/U0/slowest_sync_clk
    SLICE_X98Y133        FDRE                                         r  udp_gateway_shadow_mirror_i/rst_ps7_0_100M/U0/ACTIVE_LOW_PR_OUT_DFF[0].FDRE_PER_N/C
  -------------------------------------------------------------------    -------------------
    SLICE_X98Y133        FDRE (Prop_fdre_C_Q)         0.518   623.781 r  udp_gateway_shadow_mirror_i/rst_ps7_0_100M/U0/ACTIVE_LOW_PR_OUT_DFF[0].FDRE_PER_N/Q
                         net (fo=92, routed)          4.755   628.536    udp_gateway_shadow_mirror_i/dma_gateway_hybrid_0/inst/u_shadow_acl_filter/u_acl/rst_n
    SLICE_X50Y121        LUT1 (Prop_lut1_I0_O)        0.124   628.660 f  udp_gateway_shadow_mirror_i/dma_gateway_hybrid_0/inst/u_shadow_acl_filter/u_acl/s_axil_awready_i_1/O
                         net (fo=1907, routed)        5.907   634.567    udp_gateway_shadow_mirror_i/dma_gateway_hybrid_0/inst/u_device_dna_reader/p_0_in
    SLICE_X111Y69        FDCE                                         f  udp_gateway_shadow_mirror_i/dma_gateway_hybrid_0/inst/u_device_dna_reader/dna_shift_value_reg[35]/CLR
  -------------------------------------------------------------------    -------------------

                         (clock shadow_dna_clk rise edge)
                                                    640.000   640.000 r  
    PS7_X0Y0             PS7                          0.000   640.000 r  udp_gateway_shadow_mirror_i/processing_system7_0/inst/PS7_i/FCLKCLK[0]
                         net (fo=1, routed)           1.088   641.088    udp_gateway_shadow_mirror_i/processing_system7_0/inst/FCLK_CLK_unbuffered[0]
    BUFGCTRL_X0Y17       BUFG (Prop_bufg_I_O)         0.091   641.179 r  udp_gateway_shadow_mirror_i/processing_system7_0/inst/buffer_fclk_clk_0.FCLK_CLK_0_BUFG/O
                         net (fo=42827, routed)       1.456   642.635    udp_gateway_shadow_mirror_i/dma_gateway_hybrid_0/inst/u_device_dna_reader/clk
    SLICE_X51Y68         FDCE (Prop_fdce_C_Q)         0.367   643.002 r  udp_gateway_shadow_mirror_i/dma_gateway_hybrid_0/inst/u_device_dna_reader/dna_clk_reg/Q
                         net (fo=1, routed)           1.185   644.186    udp_gateway_shadow_mirror_i/dma_gateway_hybrid_0/inst/u_device_dna_reader/dna_clk
    BUFGCTRL_X0Y16       BUFG (Prop_bufg_I_O)         0.091   644.277 r  udp_gateway_shadow_mirror_i/dma_gateway_hybrid_0/inst/u_device_dna_reader/dna_clk_BUFG_inst/O
                         net (fo=69, routed)          1.675   645.952    udp_gateway_shadow_mirror_i/dma_gateway_hybrid_0/inst/u_device_dna_reader/dna_clk_BUFG
    SLICE_X111Y69        FDCE                                         r  udp_gateway_shadow_mirror_i/dma_gateway_hybrid_0/inst/u_device_dna_reader/dna_shift_value_reg[35]/C
                         clock pessimism              0.115   646.067    
                         clock uncertainty           -0.302   645.765    
    SLICE_X111Y69        FDCE (Recov_fdce_C_CLR)     -0.405   645.360    udp_gateway_shadow_mirror_i/dma_gateway_hybrid_0/inst/u_device_dna_reader/dna_shift_value_reg[35]
  -------------------------------------------------------------------
                         required time                        645.360    
                         arrival time                        -634.567    
  -------------------------------------------------------------------
                         slack                                 10.792    

Slack (MET) :             10.792ns  (required time - arrival time)
  Source:                 udp_gateway_shadow_mirror_i/rst_ps7_0_100M/U0/ACTIVE_LOW_PR_OUT_DFF[0].FDRE_PER_N/C
                            (rising edge-triggered cell FDRE clocked by clk_fpga_0  {rise@0.000ns fall@10.000ns period=20.000ns})
  Destination:            udp_gateway_shadow_mirror_i/dma_gateway_hybrid_0/inst/u_device_dna_reader/dna_shift_value_reg[36]/CLR
                            (recovery check against rising-edge clock shadow_dna_clk  {rise@0.000ns fall@320.000ns period=640.000ns})
  Path Group:             **async_default**
  Path Type:              Recovery (Max at Slow Process Corner)
  Requirement:            20.000ns  (shadow_dna_clk rise@640.000ns - clk_fpga_0 rise@620.000ns)
  Data Path Delay:        11.304ns  (logic 0.642ns (5.679%)  route 10.662ns (94.321%))
  Logic Levels:           1  (LUT1=1)
  Clock Path Skew:        2.804ns (DCD - SCD + CPR)
    Destination Clock Delay (DCD):    5.952ns = ( 645.952 - 640.000 ) 
    Source Clock Delay      (SCD):    3.263ns = ( 623.263 - 620.000 ) 
    Clock Pessimism Removal (CPR):    0.115ns
  Clock Uncertainty:      0.302ns  ((TSJ^2 + TIJ^2)^1/2 + DJ) / 2 + PE
    Total System Jitter     (TSJ):    0.071ns
    Total Input Jitter      (TIJ):    0.600ns
    Discrete Jitter          (DJ):    0.000ns
    Phase Error              (PE):    0.000ns

    Location             Delay type                Incr(ns)  Path(ns)    Netlist Resource(s)
  -------------------------------------------------------------------    -------------------
                         (clock clk_fpga_0 rise edge)
                                                    620.000   620.000 r  
    PS7_X0Y0             PS7                          0.000   620.000 r  udp_gateway_shadow_mirror_i/processing_system7_0/inst/PS7_i/FCLKCLK[0]
                         net (fo=1, routed)           1.193   621.193    udp_gateway_shadow_mirror_i/processing_system7_0/inst/FCLK_CLK_unbuffered[0]
    BUFGCTRL_X0Y17       BUFG (Prop_bufg_I_O)         0.101   621.294 r  udp_gateway_shadow_mirror_i/processing_system7_0/inst/buffer_fclk_clk_0.FCLK_CLK_0_BUFG/O
                         net (fo=42827, routed)       1.969   623.263    udp_gateway_shadow_mirror_i/rst_ps7_0_100M/U0/slowest_sync_clk
    SLICE_X98Y133        FDRE                                         r  udp_gateway_shadow_mirror_i/rst_ps7_0_100M/U0/ACTIVE_LOW_PR_OUT_DFF[0].FDRE_PER_N/C
  -------------------------------------------------------------------    -------------------
    SLICE_X98Y133        FDRE (Prop_fdre_C_Q)         0.518   623.781 r  udp_gateway_shadow_mirror_i/rst_ps7_0_100M/U0/ACTIVE_LOW_PR_OUT_DFF[0].FDRE_PER_N/Q
                         net (fo=92, routed)          4.755   628.536    udp_gateway_shadow_mirror_i/dma_gateway_hybrid_0/inst/u_shadow_acl_filter/u_acl/rst_n
    SLICE_X50Y121        LUT1 (Prop_lut1_I0_O)        0.124   628.660 f  udp_gateway_shadow_mirror_i/dma_gateway_hybrid_0/inst/u_shadow_acl_filter/u_acl/s_axil_awready_i_1/O
                         net (fo=1907, routed)        5.907   634.567    udp_gateway_shadow_mirror_i/dma_gateway_hybrid_0/inst/u_device_dna_reader/p_0_in
    SLICE_X111Y69        FDCE                                         f  udp_gateway_shadow_mirror_i/dma_gateway_hybrid_0/inst/u_device_dna_reader/dna_shift_value_reg[36]/CLR
  -------------------------------------------------------------------    -------------------

                         (clock shadow_dna_clk rise edge)
                                                    640.000   640.000 r  
    PS7_X0Y0             PS7                          0.000   640.000 r  udp_gateway_shadow_mirror_i/processing_system7_0/inst/PS7_i/FCLKCLK[0]
                         net (fo=1, routed)           1.088   641.088    udp_gateway_shadow_mirror_i/processing_system7_0/inst/FCLK_CLK_unbuffered[0]
    BUFGCTRL_X0Y17       BUFG (Prop_bufg_I_O)         0.091   641.179 r  udp_gateway_shadow_mirror_i/processing_system7_0/inst/buffer_fclk_clk_0.FCLK_CLK_0_BUFG/O
                         net (fo=42827, routed)       1.456   642.635    udp_gateway_shadow_mirror_i/dma_gateway_hybrid_0/inst/u_device_dna_reader/clk
    SLICE_X51Y68         FDCE (Prop_fdce_C_Q)         0.367   643.002 r  udp_gateway_shadow_mirror_i/dma_gateway_hybrid_0/inst/u_device_dna_reader/dna_clk_reg/Q
                         net (fo=1, routed)           1.185   644.186    udp_gateway_shadow_mirror_i/dma_gateway_hybrid_0/inst/u_device_dna_reader/dna_clk
    BUFGCTRL_X0Y16       BUFG (Prop_bufg_I_O)         0.091   644.277 r  udp_gateway_shadow_mirror_i/dma_gateway_hybrid_0/inst/u_device_dna_reader/dna_clk_BUFG_inst/O
                         net (fo=69, routed)          1.675   645.952    udp_gateway_shadow_mirror_i/dma_gateway_hybrid_0/inst/u_device_dna_reader/dna_clk_BUFG
    SLICE_X111Y69        FDCE                                         r  udp_gateway_shadow_mirror_i/dma_gateway_hybrid_0/inst/u_device_dna_reader/dna_shift_value_reg[36]/C
                         clock pessimism              0.115   646.067    
                         clock uncertainty           -0.302   645.765    
    SLICE_X111Y69        FDCE (Recov_fdce_C_CLR)     -0.405   645.360    udp_gateway_shadow_mirror_i/dma_gateway_hybrid_0/inst/u_device_dna_reader/dna_shift_value_reg[36]
  -------------------------------------------------------------------
                         required time                        645.360    
                         arrival time                        -634.567    
  -------------------------------------------------------------------
                         slack                                 10.792    





Min Delay Paths
--------------------------------------------------------------------------------------
Slack (MET) :             1.591ns  (arrival time - required time)
  Source:                 udp_gateway_shadow_mirror_i/rst_ps7_0_100M/U0/ACTIVE_LOW_PR_OUT_DFF[0].FDRE_PER_N/C
                            (rising edge-triggered cell FDRE clocked by clk_fpga_0  {rise@0.000ns fall@10.000ns period=20.000ns})
  Destination:            udp_gateway_shadow_mirror_i/dma_gateway_hybrid_0/inst/u_device_dna_reader/dna_bit_count_reg[0]/CLR
                            (removal check against rising-edge clock shadow_dna_clk  {rise@0.000ns fall@320.000ns period=640.000ns})
  Path Group:             **async_default**
  Path Type:              Removal (Min at Fast Process Corner)
  Requirement:            0.000ns  (shadow_dna_clk rise@0.000ns - clk_fpga_0 rise@0.000ns)
  Data Path Delay:        3.338ns  (logic 0.209ns (6.260%)  route 3.129ns (93.740%))
  Logic Levels:           1  (LUT1=1)
  Clock Path Skew:        1.839ns (DCD - SCD - CPR)
    Destination Clock Delay (DCD):    2.891ns
    Source Clock Delay      (SCD):    1.021ns
    Clock Pessimism Removal (CPR):    0.030ns

    Location             Delay type                Incr(ns)  Path(ns)    Netlist Resource(s)
  -------------------------------------------------------------------    -------------------
                         (clock clk_fpga_0 rise edge)
                                                      0.000     0.000 r  
    PS7_X0Y0             PS7                          0.000     0.000 r  udp_gateway_shadow_mirror_i/processing_system7_0/inst/PS7_i/FCLKCLK[0]
                         net (fo=1, routed)           0.310     0.310    udp_gateway_shadow_mirror_i/processing_system7_0/inst/FCLK_CLK_unbuffered[0]
    BUFGCTRL_X0Y17       BUFG (Prop_bufg_I_O)         0.026     0.336 r  udp_gateway_shadow_mirror_i/processing_system7_0/inst/buffer_fclk_clk_0.FCLK_CLK_0_BUFG/O
                         net (fo=42827, routed)       0.685     1.021    udp_gateway_shadow_mirror_i/rst_ps7_0_100M/U0/slowest_sync_clk
    SLICE_X98Y133        FDRE                                         r  udp_gateway_shadow_mirror_i/rst_ps7_0_100M/U0/ACTIVE_LOW_PR_OUT_DFF[0].FDRE_PER_N/C
  -------------------------------------------------------------------    -------------------
    SLICE_X98Y133        FDRE (Prop_fdre_C_Q)         0.164     1.185 r  udp_gateway_shadow_mirror_i/rst_ps7_0_100M/U0/ACTIVE_LOW_PR_OUT_DFF[0].FDRE_PER_N/Q
                         net (fo=92, routed)          2.106     3.291    udp_gateway_shadow_mirror_i/dma_gateway_hybrid_0/inst/u_shadow_acl_filter/u_acl/rst_n
    SLICE_X50Y121        LUT1 (Prop_lut1_I0_O)        0.045     3.336 f  udp_gateway_shadow_mirror_i/dma_gateway_hybrid_0/inst/u_shadow_acl_filter/u_acl/s_axil_awready_i_1/O
                         net (fo=1907, routed)        1.023     4.359    udp_gateway_shadow_mirror_i/dma_gateway_hybrid_0/inst/u_device_dna_reader/p_0_in
    SLICE_X51Y119        FDCE                                         f  udp_gateway_shadow_mirror_i/dma_gateway_hybrid_0/inst/u_device_dna_reader/dna_bit_count_reg[0]/CLR
  -------------------------------------------------------------------    -------------------

                         (clock shadow_dna_clk rise edge)
                                                      0.000     0.000 r  
    PS7_X0Y0             PS7                          0.000     0.000 r  udp_gateway_shadow_mirror_i/processing_system7_0/inst/PS7_i/FCLKCLK[0]
                         net (fo=1, routed)           0.337     0.337    udp_gateway_shadow_mirror_i/processing_system7_0/inst/FCLK_CLK_unbuffered[0]
    BUFGCTRL_X0Y17       BUFG (Prop_bufg_I_O)         0.029     0.366 r  udp_gateway_shadow_mirror_i/processing_system7_0/inst/buffer_fclk_clk_0.FCLK_CLK_0_BUFG/O
                         net (fo=42827, routed)       0.811     1.177    udp_gateway_shadow_mirror_i/dma_gateway_hybrid_0/inst/u_device_dna_reader/clk
    SLICE_X51Y68         FDCE (Prop_fdce_C_Q)         0.175     1.352 r  udp_gateway_shadow_mirror_i/dma_gateway_hybrid_0/inst/u_device_dna_reader/dna_clk_reg/Q
                         net (fo=1, routed)           0.614     1.966    udp_gateway_shadow_mirror_i/dma_gateway_hybrid_0/inst/u_device_dna_reader/dna_clk
    BUFGCTRL_X0Y16       BUFG (Prop_bufg_I_O)         0.029     1.995 r  udp_gateway_shadow_mirror_i/dma_gateway_hybrid_0/inst/u_device_dna_reader/dna_clk_BUFG_inst/O
                         net (fo=69, routed)          0.896     2.891    udp_gateway_shadow_mirror_i/dma_gateway_hybrid_0/inst/u_device_dna_reader/dna_clk_BUFG
    SLICE_X51Y119        FDCE                                         r  udp_gateway_shadow_mirror_i/dma_gateway_hybrid_0/inst/u_device_dna_reader/dna_bit_count_reg[0]/C
                         clock pessimism             -0.030     2.860    
    SLICE_X51Y119        FDCE (Remov_fdce_C_CLR)     -0.092     2.768    udp_gateway_shadow_mirror_i/dma_gateway_hybrid_0/inst/u_device_dna_reader/dna_bit_count_reg[0]
  -------------------------------------------------------------------
                         required time                         -2.768    
                         arrival time                           4.359    
  -------------------------------------------------------------------
                         slack                                  1.591    

Slack (MET) :             1.591ns  (arrival time - required time)
  Source:                 udp_gateway_shadow_mirror_i/rst_ps7_0_100M/U0/ACTIVE_LOW_PR_OUT_DFF[0].FDRE_PER_N/C
                            (rising edge-triggered cell FDRE clocked by clk_fpga_0  {rise@0.000ns fall@10.000ns period=20.000ns})
  Destination:            udp_gateway_shadow_mirror_i/dma_gateway_hybrid_0/inst/u_device_dna_reader/dna_bit_count_reg[1]/CLR
                            (removal check against rising-edge clock shadow_dna_clk  {rise@0.000ns fall@320.000ns period=640.000ns})
  Path Group:             **async_default**
  Path Type:              Removal (Min at Fast Process Corner)
  Requirement:            0.000ns  (shadow_dna_clk rise@0.000ns - clk_fpga_0 rise@0.000ns)
  Data Path Delay:        3.338ns  (logic 0.209ns (6.260%)  route 3.129ns (93.740%))
  Logic Levels:           1  (LUT1=1)
  Clock Path Skew:        1.839ns (DCD - SCD - CPR)
    Destination Clock Delay (DCD):    2.891ns
    Source Clock Delay      (SCD):    1.021ns
    Clock Pessimism Removal (CPR):    0.030ns

    Location             Delay type                Incr(ns)  Path(ns)    Netlist Resource(s)
  -------------------------------------------------------------------    -------------------
                         (clock clk_fpga_0 rise edge)
                                                      0.000     0.000 r  
    PS7_X0Y0             PS7                          0.000     0.000 r  udp_gateway_shadow_mirror_i/processing_system7_0/inst/PS7_i/FCLKCLK[0]
                         net (fo=1, routed)           0.310     0.310    udp_gateway_shadow_mirror_i/processing_system7_0/inst/FCLK_CLK_unbuffered[0]
    BUFGCTRL_X0Y17       BUFG (Prop_bufg_I_O)         0.026     0.336 r  udp_gateway_shadow_mirror_i/processing_system7_0/inst/buffer_fclk_clk_0.FCLK_CLK_0_BUFG/O
                         net (fo=42827, routed)       0.685     1.021    udp_gateway_shadow_mirror_i/rst_ps7_0_100M/U0/slowest_sync_clk
    SLICE_X98Y133        FDRE                                         r  udp_gateway_shadow_mirror_i/rst_ps7_0_100M/U0/ACTIVE_LOW_PR_OUT_DFF[0].FDRE_PER_N/C
  -------------------------------------------------------------------    -------------------
    SLICE_X98Y133        FDRE (Prop_fdre_C_Q)         0.164     1.185 r  udp_gateway_shadow_mirror_i/rst_ps7_0_100M/U0/ACTIVE_LOW_PR_OUT_DFF[0].FDRE_PER_N/Q
                         net (fo=92, routed)          2.106     3.291    udp_gateway_shadow_mirror_i/dma_gateway_hybrid_0/inst/u_shadow_acl_filter/u_acl/rst_n
    SLICE_X50Y121        LUT1 (Prop_lut1_I0_O)        0.045     3.336 f  udp_gateway_shadow_mirror_i/dma_gateway_hybrid_0/inst/u_shadow_acl_filter/u_acl/s_axil_awready_i_1/O
                         net (fo=1907, routed)        1.023     4.359    udp_gateway_shadow_mirror_i/dma_gateway_hybrid_0/inst/u_device_dna_reader/p_0_in
    SLICE_X51Y119        FDCE                                         f  udp_gateway_shadow_mirror_i/dma_gateway_hybrid_0/inst/u_device_dna_reader/dna_bit_count_reg[1]/CLR
  -------------------------------------------------------------------    -------------------

                         (clock shadow_dna_clk rise edge)
                                                      0.000     0.000 r  
    PS7_X0Y0             PS7                          0.000     0.000 r  udp_gateway_shadow_mirror_i/processing_system7_0/inst/PS7_i/FCLKCLK[0]
                         net (fo=1, routed)           0.337     0.337    udp_gateway_shadow_mirror_i/processing_system7_0/inst/FCLK_CLK_unbuffered[0]
    BUFGCTRL_X0Y17       BUFG (Prop_bufg_I_O)         0.029     0.366 r  udp_gateway_shadow_mirror_i/processing_system7_0/inst/buffer_fclk_clk_0.FCLK_CLK_0_BUFG/O
                         net (fo=42827, routed)       0.811     1.177    udp_gateway_shadow_mirror_i/dma_gateway_hybrid_0/inst/u_device_dna_reader/clk
    SLICE_X51Y68         FDCE (Prop_fdce_C_Q)         0.175     1.352 r  udp_gateway_shadow_mirror_i/dma_gateway_hybrid_0/inst/u_device_dna_reader/dna_clk_reg/Q
                         net (fo=1, routed)           0.614     1.966    udp_gateway_shadow_mirror_i/dma_gateway_hybrid_0/inst/u_device_dna_reader/dna_clk
    BUFGCTRL_X0Y16       BUFG (Prop_bufg_I_O)         0.029     1.995 r  udp_gateway_shadow_mirror_i/dma_gateway_hybrid_0/inst/u_device_dna_reader/dna_clk_BUFG_inst/O
                         net (fo=69, routed)          0.896     2.891    udp_gateway_shadow_mirror_i/dma_gateway_hybrid_0/inst/u_device_dna_reader/dna_clk_BUFG
    SLICE_X51Y119        FDCE                                         r  udp_gateway_shadow_mirror_i/dma_gateway_hybrid_0/inst/u_device_dna_reader/dna_bit_count_reg[1]/C
                         clock pessimism             -0.030     2.860    
    SLICE_X51Y119        FDCE (Remov_fdce_C_CLR)     -0.092     2.768    udp_gateway_shadow_mirror_i/dma_gateway_hybrid_0/inst/u_device_dna_reader/dna_bit_count_reg[1]
  -------------------------------------------------------------------
                         required time                         -2.768    
                         arrival time                           4.359    
  -------------------------------------------------------------------
                         slack                                  1.591    

Slack (MET) :             1.591ns  (arrival time - required time)
  Source:                 udp_gateway_shadow_mirror_i/rst_ps7_0_100M/U0/ACTIVE_LOW_PR_OUT_DFF[0].FDRE_PER_N/C
                            (rising edge-triggered cell FDRE clocked by clk_fpga_0  {rise@0.000ns fall@10.000ns period=20.000ns})
  Destination:            udp_gateway_shadow_mirror_i/dma_gateway_hybrid_0/inst/u_device_dna_reader/dna_bit_count_reg[2]/CLR
                            (removal check against rising-edge clock shadow_dna_clk  {rise@0.000ns fall@320.000ns period=640.000ns})
  Path Group:             **async_default**
  Path Type:              Removal (Min at Fast Process Corner)
  Requirement:            0.000ns  (shadow_dna_clk rise@0.000ns - clk_fpga_0 rise@0.000ns)
  Data Path Delay:        3.338ns  (logic 0.209ns (6.260%)  route 3.129ns (93.740%))
  Logic Levels:           1  (LUT1=1)
  Clock Path Skew:        1.839ns (DCD - SCD - CPR)
    Destination Clock Delay (DCD):    2.891ns
    Source Clock Delay      (SCD):    1.021ns
    Clock Pessimism Removal (CPR):    0.030ns

    Location             Delay type                Incr(ns)  Path(ns)    Netlist Resource(s)
  -------------------------------------------------------------------    -------------------
                         (clock clk_fpga_0 rise edge)
                                                      0.000     0.000 r  
    PS7_X0Y0             PS7                          0.000     0.000 r  udp_gateway_shadow_mirror_i/processing_system7_0/inst/PS7_i/FCLKCLK[0]
                         net (fo=1, routed)           0.310     0.310    udp_gateway_shadow_mirror_i/processing_system7_0/inst/FCLK_CLK_unbuffered[0]
    BUFGCTRL_X0Y17       BUFG (Prop_bufg_I_O)         0.026     0.336 r  udp_gateway_shadow_mirror_i/processing_system7_0/inst/buffer_fclk_clk_0.FCLK_CLK_0_BUFG/O
                         net (fo=42827, routed)       0.685     1.021    udp_gateway_shadow_mirror_i/rst_ps7_0_100M/U0/slowest_sync_clk
    SLICE_X98Y133        FDRE                                         r  udp_gateway_shadow_mirror_i/rst_ps7_0_100M/U0/ACTIVE_LOW_PR_OUT_DFF[0].FDRE_PER_N/C
  -------------------------------------------------------------------    -------------------
    SLICE_X98Y133        FDRE (Prop_fdre_C_Q)         0.164     1.185 r  udp_gateway_shadow_mirror_i/rst_ps7_0_100M/U0/ACTIVE_LOW_PR_OUT_DFF[0].FDRE_PER_N/Q
                         net (fo=92, routed)          2.106     3.291    udp_gateway_shadow_mirror_i/dma_gateway_hybrid_0/inst/u_shadow_acl_filter/u_acl/rst_n
    SLICE_X50Y121        LUT1 (Prop_lut1_I0_O)        0.045     3.336 f  udp_gateway_shadow_mirror_i/dma_gateway_hybrid_0/inst/u_shadow_acl_filter/u_acl/s_axil_awready_i_1/O
                         net (fo=1907, routed)        1.023     4.359    udp_gateway_shadow_mirror_i/dma_gateway_hybrid_0/inst/u_device_dna_reader/p_0_in
    SLICE_X51Y119        FDCE                                         f  udp_gateway_shadow_mirror_i/dma_gateway_hybrid_0/inst/u_device_dna_reader/dna_bit_count_reg[2]/CLR
  -------------------------------------------------------------------    -------------------

                         (clock shadow_dna_clk rise edge)
                                                      0.000     0.000 r  
    PS7_X0Y0             PS7                          0.000     0.000 r  udp_gateway_shadow_mirror_i/processing_system7_0/inst/PS7_i/FCLKCLK[0]
                         net (fo=1, routed)           0.337     0.337    udp_gateway_shadow_mirror_i/processing_system7_0/inst/FCLK_CLK_unbuffered[0]
    BUFGCTRL_X0Y17       BUFG (Prop_bufg_I_O)         0.029     0.366 r  udp_gateway_shadow_mirror_i/processing_system7_0/inst/buffer_fclk_clk_0.FCLK_CLK_0_BUFG/O
                         net (fo=42827, routed)       0.811     1.177    udp_gateway_shadow_mirror_i/dma_gateway_hybrid_0/inst/u_device_dna_reader/clk
    SLICE_X51Y68         FDCE (Prop_fdce_C_Q)         0.175     1.352 r  udp_gateway_shadow_mirror_i/dma_gateway_hybrid_0/inst/u_device_dna_reader/dna_clk_reg/Q
                         net (fo=1, routed)           0.614     1.966    udp_gateway_shadow_mirror_i/dma_gateway_hybrid_0/inst/u_device_dna_reader/dna_clk
    BUFGCTRL_X0Y16       BUFG (Prop_bufg_I_O)         0.029     1.995 r  udp_gateway_shadow_mirror_i/dma_gateway_hybrid_0/inst/u_device_dna_reader/dna_clk_BUFG_inst/O
                         net (fo=69, routed)          0.896     2.891    udp_gateway_shadow_mirror_i/dma_gateway_hybrid_0/inst/u_device_dna_reader/dna_clk_BUFG
    SLICE_X51Y119        FDCE                                         r  udp_gateway_shadow_mirror_i/dma_gateway_hybrid_0/inst/u_device_dna_reader/dna_bit_count_reg[2]/C
                         clock pessimism             -0.030     2.860    
    SLICE_X51Y119        FDCE (Remov_fdce_C_CLR)     -0.092     2.768    udp_gateway_shadow_mirror_i/dma_gateway_hybrid_0/inst/u_device_dna_reader/dna_bit_count_reg[2]
  -------------------------------------------------------------------
                         required time                         -2.768    
                         arrival time                           4.359    
  -------------------------------------------------------------------
                         slack                                  1.591    

Slack (MET) :             1.591ns  (arrival time - required time)
  Source:                 udp_gateway_shadow_mirror_i/rst_ps7_0_100M/U0/ACTIVE_LOW_PR_OUT_DFF[0].FDRE_PER_N/C
                            (rising edge-triggered cell FDRE clocked by clk_fpga_0  {rise@0.000ns fall@10.000ns period=20.000ns})
  Destination:            udp_gateway_shadow_mirror_i/dma_gateway_hybrid_0/inst/u_device_dna_reader/dna_bit_count_reg[3]/CLR
                            (removal check against rising-edge clock shadow_dna_clk  {rise@0.000ns fall@320.000ns period=640.000ns})
  Path Group:             **async_default**
  Path Type:              Removal (Min at Fast Process Corner)
  Requirement:            0.000ns  (shadow_dna_clk rise@0.000ns - clk_fpga_0 rise@0.000ns)
  Data Path Delay:        3.338ns  (logic 0.209ns (6.260%)  route 3.129ns (93.740%))
  Logic Levels:           1  (LUT1=1)
  Clock Path Skew:        1.839ns (DCD - SCD - CPR)
    Destination Clock Delay (DCD):    2.891ns
    Source Clock Delay      (SCD):    1.021ns
    Clock Pessimism Removal (CPR):    0.030ns

    Location             Delay type                Incr(ns)  Path(ns)    Netlist Resource(s)
  -------------------------------------------------------------------    -------------------
                         (clock clk_fpga_0 rise edge)
                                                      0.000     0.000 r  
    PS7_X0Y0             PS7                          0.000     0.000 r  udp_gateway_shadow_mirror_i/processing_system7_0/inst/PS7_i/FCLKCLK[0]
                         net (fo=1, routed)           0.310     0.310    udp_gateway_shadow_mirror_i/processing_system7_0/inst/FCLK_CLK_unbuffered[0]
    BUFGCTRL_X0Y17       BUFG (Prop_bufg_I_O)         0.026     0.336 r  udp_gateway_shadow_mirror_i/processing_system7_0/inst/buffer_fclk_clk_0.FCLK_CLK_0_BUFG/O
                         net (fo=42827, routed)       0.685     1.021    udp_gateway_shadow_mirror_i/rst_ps7_0_100M/U0/slowest_sync_clk
    SLICE_X98Y133        FDRE                                         r  udp_gateway_shadow_mirror_i/rst_ps7_0_100M/U0/ACTIVE_LOW_PR_OUT_DFF[0].FDRE_PER_N/C
  -------------------------------------------------------------------    -------------------
    SLICE_X98Y133        FDRE (Prop_fdre_C_Q)         0.164     1.185 r  udp_gateway_shadow_mirror_i/rst_ps7_0_100M/U0/ACTIVE_LOW_PR_OUT_DFF[0].FDRE_PER_N/Q
                         net (fo=92, routed)          2.106     3.291    udp_gateway_shadow_mirror_i/dma_gateway_hybrid_0/inst/u_shadow_acl_filter/u_acl/rst_n
    SLICE_X50Y121        LUT1 (Prop_lut1_I0_O)        0.045     3.336 f  udp_gateway_shadow_mirror_i/dma_gateway_hybrid_0/inst/u_shadow_acl_filter/u_acl/s_axil_awready_i_1/O
                         net (fo=1907, routed)        1.023     4.359    udp_gateway_shadow_mirror_i/dma_gateway_hybrid_0/inst/u_device_dna_reader/p_0_in
    SLICE_X51Y119        FDCE                                         f  udp_gateway_shadow_mirror_i/dma_gateway_hybrid_0/inst/u_device_dna_reader/dna_bit_count_reg[3]/CLR
  -------------------------------------------------------------------    -------------------

                         (clock shadow_dna_clk rise edge)
                                                      0.000     0.000 r  
    PS7_X0Y0             PS7                          0.000     0.000 r  udp_gateway_shadow_mirror_i/processing_system7_0/inst/PS7_i/FCLKCLK[0]
                         net (fo=1, routed)           0.337     0.337    udp_gateway_shadow_mirror_i/processing_system7_0/inst/FCLK_CLK_unbuffered[0]
    BUFGCTRL_X0Y17       BUFG (Prop_bufg_I_O)         0.029     0.366 r  udp_gateway_shadow_mirror_i/processing_system7_0/inst/buffer_fclk_clk_0.FCLK_CLK_0_BUFG/O
                         net (fo=42827, routed)       0.811     1.177    udp_gateway_shadow_mirror_i/dma_gateway_hybrid_0/inst/u_device_dna_reader/clk
    SLICE_X51Y68         FDCE (Prop_fdce_C_Q)         0.175     1.352 r  udp_gateway_shadow_mirror_i/dma_gateway_hybrid_0/inst/u_device_dna_reader/dna_clk_reg/Q
                         net (fo=1, routed)           0.614     1.966    udp_gateway_shadow_mirror_i/dma_gateway_hybrid_0/inst/u_device_dna_reader/dna_clk
    BUFGCTRL_X0Y16       BUFG (Prop_bufg_I_O)         0.029     1.995 r  udp_gateway_shadow_mirror_i/dma_gateway_hybrid_0/inst/u_device_dna_reader/dna_clk_BUFG_inst/O
                         net (fo=69, routed)          0.896     2.891    udp_gateway_shadow_mirror_i/dma_gateway_hybrid_0/inst/u_device_dna_reader/dna_clk_BUFG
    SLICE_X51Y119        FDCE                                         r  udp_gateway_shadow_mirror_i/dma_gateway_hybrid_0/inst/u_device_dna_reader/dna_bit_count_reg[3]/C
                         clock pessimism             -0.030     2.860    
    SLICE_X51Y119        FDCE (Remov_fdce_C_CLR)     -0.092     2.768    udp_gateway_shadow_mirror_i/dma_gateway_hybrid_0/inst/u_device_dna_reader/dna_bit_count_reg[3]
  -------------------------------------------------------------------
                         required time                         -2.768    
                         arrival time                           4.359    
  -------------------------------------------------------------------
                         slack                                  1.591    

Slack (MET) :             1.591ns  (arrival time - required time)
  Source:                 udp_gateway_shadow_mirror_i/rst_ps7_0_100M/U0/ACTIVE_LOW_PR_OUT_DFF[0].FDRE_PER_N/C
                            (rising edge-triggered cell FDRE clocked by clk_fpga_0  {rise@0.000ns fall@10.000ns period=20.000ns})
  Destination:            udp_gateway_shadow_mirror_i/dma_gateway_hybrid_0/inst/u_device_dna_reader/dna_bit_count_reg[4]/CLR
                            (removal check against rising-edge clock shadow_dna_clk  {rise@0.000ns fall@320.000ns period=640.000ns})
  Path Group:             **async_default**
  Path Type:              Removal (Min at Fast Process Corner)
  Requirement:            0.000ns  (shadow_dna_clk rise@0.000ns - clk_fpga_0 rise@0.000ns)
  Data Path Delay:        3.338ns  (logic 0.209ns (6.260%)  route 3.129ns (93.740%))
  Logic Levels:           1  (LUT1=1)
  Clock Path Skew:        1.839ns (DCD - SCD - CPR)
    Destination Clock Delay (DCD):    2.891ns
    Source Clock Delay      (SCD):    1.021ns
    Clock Pessimism Removal (CPR):    0.030ns

    Location             Delay type                Incr(ns)  Path(ns)    Netlist Resource(s)
  -------------------------------------------------------------------    -------------------
                         (clock clk_fpga_0 rise edge)
                                                      0.000     0.000 r  
    PS7_X0Y0             PS7                          0.000     0.000 r  udp_gateway_shadow_mirror_i/processing_system7_0/inst/PS7_i/FCLKCLK[0]
                         net (fo=1, routed)           0.310     0.310    udp_gateway_shadow_mirror_i/processing_system7_0/inst/FCLK_CLK_unbuffered[0]
    BUFGCTRL_X0Y17       BUFG (Prop_bufg_I_O)         0.026     0.336 r  udp_gateway_shadow_mirror_i/processing_system7_0/inst/buffer_fclk_clk_0.FCLK_CLK_0_BUFG/O
                         net (fo=42827, routed)       0.685     1.021    udp_gateway_shadow_mirror_i/rst_ps7_0_100M/U0/slowest_sync_clk
    SLICE_X98Y133        FDRE                                         r  udp_gateway_shadow_mirror_i/rst_ps7_0_100M/U0/ACTIVE_LOW_PR_OUT_DFF[0].FDRE_PER_N/C
  -------------------------------------------------------------------    -------------------
    SLICE_X98Y133        FDRE (Prop_fdre_C_Q)         0.164     1.185 r  udp_gateway_shadow_mirror_i/rst_ps7_0_100M/U0/ACTIVE_LOW_PR_OUT_DFF[0].FDRE_PER_N/Q
                         net (fo=92, routed)          2.106     3.291    udp_gateway_shadow_mirror_i/dma_gateway_hybrid_0/inst/u_shadow_acl_filter/u_acl/rst_n
    SLICE_X50Y121        LUT1 (Prop_lut1_I0_O)        0.045     3.336 f  udp_gateway_shadow_mirror_i/dma_gateway_hybrid_0/inst/u_shadow_acl_filter/u_acl/s_axil_awready_i_1/O
                         net (fo=1907, routed)        1.023     4.359    udp_gateway_shadow_mirror_i/dma_gateway_hybrid_0/inst/u_device_dna_reader/p_0_in
    SLICE_X51Y119        FDCE                                         f  udp_gateway_shadow_mirror_i/dma_gateway_hybrid_0/inst/u_device_dna_reader/dna_bit_count_reg[4]/CLR
  -------------------------------------------------------------------    -------------------

                         (clock shadow_dna_clk rise edge)
                                                      0.000     0.000 r  
    PS7_X0Y0             PS7                          0.000     0.000 r  udp_gateway_shadow_mirror_i/processing_system7_0/inst/PS7_i/FCLKCLK[0]
                         net (fo=1, routed)           0.337     0.337    udp_gateway_shadow_mirror_i/processing_system7_0/inst/FCLK_CLK_unbuffered[0]
    BUFGCTRL_X0Y17       BUFG (Prop_bufg_I_O)         0.029     0.366 r  udp_gateway_shadow_mirror_i/processing_system7_0/inst/buffer_fclk_clk_0.FCLK_CLK_0_BUFG/O
                         net (fo=42827, routed)       0.811     1.177    udp_gateway_shadow_mirror_i/dma_gateway_hybrid_0/inst/u_device_dna_reader/clk
    SLICE_X51Y68         FDCE (Prop_fdce_C_Q)         0.175     1.352 r  udp_gateway_shadow_mirror_i/dma_gateway_hybrid_0/inst/u_device_dna_reader/dna_clk_reg/Q
                         net (fo=1, routed)           0.614     1.966    udp_gateway_shadow_mirror_i/dma_gateway_hybrid_0/inst/u_device_dna_reader/dna_clk
    BUFGCTRL_X0Y16       BUFG (Prop_bufg_I_O)         0.029     1.995 r  udp_gateway_shadow_mirror_i/dma_gateway_hybrid_0/inst/u_device_dna_reader/dna_clk_BUFG_inst/O
                         net (fo=69, routed)          0.896     2.891    udp_gateway_shadow_mirror_i/dma_gateway_hybrid_0/inst/u_device_dna_reader/dna_clk_BUFG
    SLICE_X51Y119        FDCE                                         r  udp_gateway_shadow_mirror_i/dma_gateway_hybrid_0/inst/u_device_dna_reader/dna_bit_count_reg[4]/C
                         clock pessimism             -0.030     2.860    
    SLICE_X51Y119        FDCE (Remov_fdce_C_CLR)     -0.092     2.768    udp_gateway_shadow_mirror_i/dma_gateway_hybrid_0/inst/u_device_dna_reader/dna_bit_count_reg[4]
  -------------------------------------------------------------------
                         required time                         -2.768    
                         arrival time                           4.359    
  -------------------------------------------------------------------
                         slack                                  1.591    

Slack (MET) :             1.591ns  (arrival time - required time)
  Source:                 udp_gateway_shadow_mirror_i/rst_ps7_0_100M/U0/ACTIVE_LOW_PR_OUT_DFF[0].FDRE_PER_N/C
                            (rising edge-triggered cell FDRE clocked by clk_fpga_0  {rise@0.000ns fall@10.000ns period=20.000ns})
  Destination:            udp_gateway_shadow_mirror_i/dma_gateway_hybrid_0/inst/u_device_dna_reader/dna_bit_count_reg[5]/CLR
                            (removal check against rising-edge clock shadow_dna_clk  {rise@0.000ns fall@320.000ns period=640.000ns})
  Path Group:             **async_default**
  Path Type:              Removal (Min at Fast Process Corner)
  Requirement:            0.000ns  (shadow_dna_clk rise@0.000ns - clk_fpga_0 rise@0.000ns)
  Data Path Delay:        3.338ns  (logic 0.209ns (6.260%)  route 3.129ns (93.740%))
  Logic Levels:           1  (LUT1=1)
  Clock Path Skew:        1.839ns (DCD - SCD - CPR)
    Destination Clock Delay (DCD):    2.891ns
    Source Clock Delay      (SCD):    1.021ns
    Clock Pessimism Removal (CPR):    0.030ns

    Location             Delay type                Incr(ns)  Path(ns)    Netlist Resource(s)
  -------------------------------------------------------------------    -------------------
                         (clock clk_fpga_0 rise edge)
                                                      0.000     0.000 r  
    PS7_X0Y0             PS7                          0.000     0.000 r  udp_gateway_shadow_mirror_i/processing_system7_0/inst/PS7_i/FCLKCLK[0]
                         net (fo=1, routed)           0.310     0.310    udp_gateway_shadow_mirror_i/processing_system7_0/inst/FCLK_CLK_unbuffered[0]
    BUFGCTRL_X0Y17       BUFG (Prop_bufg_I_O)         0.026     0.336 r  udp_gateway_shadow_mirror_i/processing_system7_0/inst/buffer_fclk_clk_0.FCLK_CLK_0_BUFG/O
                         net (fo=42827, routed)       0.685     1.021    udp_gateway_shadow_mirror_i/rst_ps7_0_100M/U0/slowest_sync_clk
    SLICE_X98Y133        FDRE                                         r  udp_gateway_shadow_mirror_i/rst_ps7_0_100M/U0/ACTIVE_LOW_PR_OUT_DFF[0].FDRE_PER_N/C
  -------------------------------------------------------------------    -------------------
    SLICE_X98Y133        FDRE (Prop_fdre_C_Q)         0.164     1.185 r  udp_gateway_shadow_mirror_i/rst_ps7_0_100M/U0/ACTIVE_LOW_PR_OUT_DFF[0].FDRE_PER_N/Q
                         net (fo=92, routed)          2.106     3.291    udp_gateway_shadow_mirror_i/dma_gateway_hybrid_0/inst/u_shadow_acl_filter/u_acl/rst_n
    SLICE_X50Y121        LUT1 (Prop_lut1_I0_O)        0.045     3.336 f  udp_gateway_shadow_mirror_i/dma_gateway_hybrid_0/inst/u_shadow_acl_filter/u_acl/s_axil_awready_i_1/O
                         net (fo=1907, routed)        1.023     4.359    udp_gateway_shadow_mirror_i/dma_gateway_hybrid_0/inst/u_device_dna_reader/p_0_in
    SLICE_X51Y119        FDCE                                         f  udp_gateway_shadow_mirror_i/dma_gateway_hybrid_0/inst/u_device_dna_reader/dna_bit_count_reg[5]/CLR
  -------------------------------------------------------------------    -------------------

                         (clock shadow_dna_clk rise edge)
                                                      0.000     0.000 r  
    PS7_X0Y0             PS7                          0.000     0.000 r  udp_gateway_shadow_mirror_i/processing_system7_0/inst/PS7_i/FCLKCLK[0]
                         net (fo=1, routed)           0.337     0.337    udp_gateway_shadow_mirror_i/processing_system7_0/inst/FCLK_CLK_unbuffered[0]
    BUFGCTRL_X0Y17       BUFG (Prop_bufg_I_O)         0.029     0.366 r  udp_gateway_shadow_mirror_i/processing_system7_0/inst/buffer_fclk_clk_0.FCLK_CLK_0_BUFG/O
                         net (fo=42827, routed)       0.811     1.177    udp_gateway_shadow_mirror_i/dma_gateway_hybrid_0/inst/u_device_dna_reader/clk
    SLICE_X51Y68         FDCE (Prop_fdce_C_Q)         0.175     1.352 r  udp_gateway_shadow_mirror_i/dma_gateway_hybrid_0/inst/u_device_dna_reader/dna_clk_reg/Q
                         net (fo=1, routed)           0.614     1.966    udp_gateway_shadow_mirror_i/dma_gateway_hybrid_0/inst/u_device_dna_reader/dna_clk
    BUFGCTRL_X0Y16       BUFG (Prop_bufg_I_O)         0.029     1.995 r  udp_gateway_shadow_mirror_i/dma_gateway_hybrid_0/inst/u_device_dna_reader/dna_clk_BUFG_inst/O
                         net (fo=69, routed)          0.896     2.891    udp_gateway_shadow_mirror_i/dma_gateway_hybrid_0/inst/u_device_dna_reader/dna_clk_BUFG
    SLICE_X51Y119        FDCE                                         r  udp_gateway_shadow_mirror_i/dma_gateway_hybrid_0/inst/u_device_dna_reader/dna_bit_count_reg[5]/C
                         clock pessimism             -0.030     2.860    
    SLICE_X51Y119        FDCE (Remov_fdce_C_CLR)     -0.092     2.768    udp_gateway_shadow_mirror_i/dma_gateway_hybrid_0/inst/u_device_dna_reader/dna_bit_count_reg[5]
  -------------------------------------------------------------------
                         required time                         -2.768    
                         arrival time                           4.359    
  -------------------------------------------------------------------
                         slack                                  1.591    

Slack (MET) :             1.591ns  (arrival time - required time)
  Source:                 udp_gateway_shadow_mirror_i/rst_ps7_0_100M/U0/ACTIVE_LOW_PR_OUT_DFF[0].FDRE_PER_N/C
                            (rising edge-triggered cell FDRE clocked by clk_fpga_0  {rise@0.000ns fall@10.000ns period=20.000ns})
  Destination:            udp_gateway_shadow_mirror_i/dma_gateway_hybrid_0/inst/u_device_dna_reader/dna_bit_count_reg[6]/CLR
                            (removal check against rising-edge clock shadow_dna_clk  {rise@0.000ns fall@320.000ns period=640.000ns})
  Path Group:             **async_default**
  Path Type:              Removal (Min at Fast Process Corner)
  Requirement:            0.000ns  (shadow_dna_clk rise@0.000ns - clk_fpga_0 rise@0.000ns)
  Data Path Delay:        3.338ns  (logic 0.209ns (6.260%)  route 3.129ns (93.740%))
  Logic Levels:           1  (LUT1=1)
  Clock Path Skew:        1.839ns (DCD - SCD - CPR)
    Destination Clock Delay (DCD):    2.891ns
    Source Clock Delay      (SCD):    1.021ns
    Clock Pessimism Removal (CPR):    0.030ns

    Location             Delay type                Incr(ns)  Path(ns)    Netlist Resource(s)
  -------------------------------------------------------------------    -------------------
                         (clock clk_fpga_0 rise edge)
                                                      0.000     0.000 r  
    PS7_X0Y0             PS7                          0.000     0.000 r  udp_gateway_shadow_mirror_i/processing_system7_0/inst/PS7_i/FCLKCLK[0]
                         net (fo=1, routed)           0.310     0.310    udp_gateway_shadow_mirror_i/processing_system7_0/inst/FCLK_CLK_unbuffered[0]
    BUFGCTRL_X0Y17       BUFG (Prop_bufg_I_O)         0.026     0.336 r  udp_gateway_shadow_mirror_i/processing_system7_0/inst/buffer_fclk_clk_0.FCLK_CLK_0_BUFG/O
                         net (fo=42827, routed)       0.685     1.021    udp_gateway_shadow_mirror_i/rst_ps7_0_100M/U0/slowest_sync_clk
    SLICE_X98Y133        FDRE                                         r  udp_gateway_shadow_mirror_i/rst_ps7_0_100M/U0/ACTIVE_LOW_PR_OUT_DFF[0].FDRE_PER_N/C
  -------------------------------------------------------------------    -------------------
    SLICE_X98Y133        FDRE (Prop_fdre_C_Q)         0.164     1.185 r  udp_gateway_shadow_mirror_i/rst_ps7_0_100M/U0/ACTIVE_LOW_PR_OUT_DFF[0].FDRE_PER_N/Q
                         net (fo=92, routed)          2.106     3.291    udp_gateway_shadow_mirror_i/dma_gateway_hybrid_0/inst/u_shadow_acl_filter/u_acl/rst_n
    SLICE_X50Y121        LUT1 (Prop_lut1_I0_O)        0.045     3.336 f  udp_gateway_shadow_mirror_i/dma_gateway_hybrid_0/inst/u_shadow_acl_filter/u_acl/s_axil_awready_i_1/O
                         net (fo=1907, routed)        1.023     4.359    udp_gateway_shadow_mirror_i/dma_gateway_hybrid_0/inst/u_device_dna_reader/p_0_in
    SLICE_X51Y119        FDCE                                         f  udp_gateway_shadow_mirror_i/dma_gateway_hybrid_0/inst/u_device_dna_reader/dna_bit_count_reg[6]/CLR
  -------------------------------------------------------------------    -------------------

                         (clock shadow_dna_clk rise edge)
                                                      0.000     0.000 r  
    PS7_X0Y0             PS7                          0.000     0.000 r  udp_gateway_shadow_mirror_i/processing_system7_0/inst/PS7_i/FCLKCLK[0]
                         net (fo=1, routed)           0.337     0.337    udp_gateway_shadow_mirror_i/processing_system7_0/inst/FCLK_CLK_unbuffered[0]
    BUFGCTRL_X0Y17       BUFG (Prop_bufg_I_O)         0.029     0.366 r  udp_gateway_shadow_mirror_i/processing_system7_0/inst/buffer_fclk_clk_0.FCLK_CLK_0_BUFG/O
                         net (fo=42827, routed)       0.811     1.177    udp_gateway_shadow_mirror_i/dma_gateway_hybrid_0/inst/u_device_dna_reader/clk
    SLICE_X51Y68         FDCE (Prop_fdce_C_Q)         0.175     1.352 r  udp_gateway_shadow_mirror_i/dma_gateway_hybrid_0/inst/u_device_dna_reader/dna_clk_reg/Q
                         net (fo=1, routed)           0.614     1.966    udp_gateway_shadow_mirror_i/dma_gateway_hybrid_0/inst/u_device_dna_reader/dna_clk
    BUFGCTRL_X0Y16       BUFG (Prop_bufg_I_O)         0.029     1.995 r  udp_gateway_shadow_mirror_i/dma_gateway_hybrid_0/inst/u_device_dna_reader/dna_clk_BUFG_inst/O
                         net (fo=69, routed)          0.896     2.891    udp_gateway_shadow_mirror_i/dma_gateway_hybrid_0/inst/u_device_dna_reader/dna_clk_BUFG
    SLICE_X51Y119        FDCE                                         r  udp_gateway_shadow_mirror_i/dma_gateway_hybrid_0/inst/u_device_dna_reader/dna_bit_count_reg[6]/C
                         clock pessimism             -0.030     2.860    
    SLICE_X51Y119        FDCE (Remov_fdce_C_CLR)     -0.092     2.768    udp_gateway_shadow_mirror_i/dma_gateway_hybrid_0/inst/u_device_dna_reader/dna_bit_count_reg[6]
  -------------------------------------------------------------------
                         required time                         -2.768    
                         arrival time                           4.359    
  -------------------------------------------------------------------
                         slack                                  1.591    

Slack (MET) :             1.630ns  (arrival time - required time)
  Source:                 udp_gateway_shadow_mirror_i/rst_ps7_0_100M/U0/ACTIVE_LOW_PR_OUT_DFF[0].FDRE_PER_N/C
                            (rising edge-triggered cell FDRE clocked by clk_fpga_0  {rise@0.000ns fall@10.000ns period=20.000ns})
  Destination:            udp_gateway_shadow_mirror_i/dma_gateway_hybrid_0/inst/u_device_dna_reader/dna_shift_reg/CLR
                            (removal check against rising-edge clock shadow_dna_clk  {rise@0.000ns fall@320.000ns period=640.000ns})
  Path Group:             **async_default**
  Path Type:              Removal (Min at Fast Process Corner)
  Requirement:            0.000ns  (shadow_dna_clk rise@0.000ns - clk_fpga_0 rise@0.000ns)
  Data Path Delay:        3.413ns  (logic 0.209ns (6.124%)  route 3.204ns (93.876%))
  Logic Levels:           1  (LUT1=1)
  Clock Path Skew:        1.874ns (DCD - SCD - CPR)
    Destination Clock Delay (DCD):    2.926ns
    Source Clock Delay      (SCD):    1.021ns
    Clock Pessimism Removal (CPR):    0.030ns

    Location             Delay type                Incr(ns)  Path(ns)    Netlist Resource(s)
  -------------------------------------------------------------------    -------------------
                         (clock clk_fpga_0 rise edge)
                                                      0.000     0.000 r  
    PS7_X0Y0             PS7                          0.000     0.000 r  udp_gateway_shadow_mirror_i/processing_system7_0/inst/PS7_i/FCLKCLK[0]
                         net (fo=1, routed)           0.310     0.310    udp_gateway_shadow_mirror_i/processing_system7_0/inst/FCLK_CLK_unbuffered[0]
    BUFGCTRL_X0Y17       BUFG (Prop_bufg_I_O)         0.026     0.336 r  udp_gateway_shadow_mirror_i/processing_system7_0/inst/buffer_fclk_clk_0.FCLK_CLK_0_BUFG/O
                         net (fo=42827, routed)       0.685     1.021    udp_gateway_shadow_mirror_i/rst_ps7_0_100M/U0/slowest_sync_clk
    SLICE_X98Y133        FDRE                                         r  udp_gateway_shadow_mirror_i/rst_ps7_0_100M/U0/ACTIVE_LOW_PR_OUT_DFF[0].FDRE_PER_N/C
  -------------------------------------------------------------------    -------------------
    SLICE_X98Y133        FDRE (Prop_fdre_C_Q)         0.164     1.185 r  udp_gateway_shadow_mirror_i/rst_ps7_0_100M/U0/ACTIVE_LOW_PR_OUT_DFF[0].FDRE_PER_N/Q
                         net (fo=92, routed)          2.106     3.291    udp_gateway_shadow_mirror_i/dma_gateway_hybrid_0/inst/u_shadow_acl_filter/u_acl/rst_n
    SLICE_X50Y121        LUT1 (Prop_lut1_I0_O)        0.045     3.336 f  udp_gateway_shadow_mirror_i/dma_gateway_hybrid_0/inst/u_shadow_acl_filter/u_acl/s_axil_awready_i_1/O
                         net (fo=1907, routed)        1.097     4.434    udp_gateway_shadow_mirror_i/dma_gateway_hybrid_0/inst/u_device_dna_reader/p_0_in
    SLICE_X57Y111        FDCE                                         f  udp_gateway_shadow_mirror_i/dma_gateway_hybrid_0/inst/u_device_dna_reader/dna_shift_reg/CLR
  -------------------------------------------------------------------    -------------------

                         (clock shadow_dna_clk rise edge)
                                                      0.000     0.000 r  
    PS7_X0Y0             PS7                          0.000     0.000 r  udp_gateway_shadow_mirror_i/processing_system7_0/inst/PS7_i/FCLKCLK[0]
                         net (fo=1, routed)           0.337     0.337    udp_gateway_shadow_mirror_i/processing_system7_0/inst/FCLK_CLK_unbuffered[0]
    BUFGCTRL_X0Y17       BUFG (Prop_bufg_I_O)         0.029     0.366 r  udp_gateway_shadow_mirror_i/processing_system7_0/inst/buffer_fclk_clk_0.FCLK_CLK_0_BUFG/O
                         net (fo=42827, routed)       0.811     1.177    udp_gateway_shadow_mirror_i/dma_gateway_hybrid_0/inst/u_device_dna_reader/clk
    SLICE_X51Y68         FDCE (Prop_fdce_C_Q)         0.175     1.352 r  udp_gateway_shadow_mirror_i/dma_gateway_hybrid_0/inst/u_device_dna_reader/dna_clk_reg/Q
                         net (fo=1, routed)           0.614     1.966    udp_gateway_shadow_mirror_i/dma_gateway_hybrid_0/inst/u_device_dna_reader/dna_clk
    BUFGCTRL_X0Y16       BUFG (Prop_bufg_I_O)         0.029     1.995 r  udp_gateway_shadow_mirror_i/dma_gateway_hybrid_0/inst/u_device_dna_reader/dna_clk_BUFG_inst/O
                         net (fo=69, routed)          0.931     2.926    udp_gateway_shadow_mirror_i/dma_gateway_hybrid_0/inst/u_device_dna_reader/dna_clk_BUFG
    SLICE_X57Y111        FDCE                                         r  udp_gateway_shadow_mirror_i/dma_gateway_hybrid_0/inst/u_device_dna_reader/dna_shift_reg/C
                         clock pessimism             -0.030     2.895    
    SLICE_X57Y111        FDCE (Remov_fdce_C_CLR)     -0.092     2.803    udp_gateway_shadow_mirror_i/dma_gateway_hybrid_0/inst/u_device_dna_reader/dna_shift_reg
  -------------------------------------------------------------------
                         required time                         -2.803    
                         arrival time                           4.434    
  -------------------------------------------------------------------
                         slack                                  1.630    

Slack (MET) :             1.633ns  (arrival time - required time)
  Source:                 udp_gateway_shadow_mirror_i/rst_ps7_0_100M/U0/ACTIVE_LOW_PR_OUT_DFF[0].FDRE_PER_N/C
                            (rising edge-triggered cell FDRE clocked by clk_fpga_0  {rise@0.000ns fall@10.000ns period=20.000ns})
  Destination:            udp_gateway_shadow_mirror_i/dma_gateway_hybrid_0/inst/u_device_dna_reader/dna_busy_raw_reg/PRE
                            (removal check against rising-edge clock shadow_dna_clk  {rise@0.000ns fall@320.000ns period=640.000ns})
  Path Group:             **async_default**
  Path Type:              Removal (Min at Fast Process Corner)
  Requirement:            0.000ns  (shadow_dna_clk rise@0.000ns - clk_fpga_0 rise@0.000ns)
  Data Path Delay:        3.413ns  (logic 0.209ns (6.124%)  route 3.204ns (93.876%))
  Logic Levels:           1  (LUT1=1)
  Clock Path Skew:        1.874ns (DCD - SCD - CPR)
    Destination Clock Delay (DCD):    2.926ns
    Source Clock Delay      (SCD):    1.021ns
    Clock Pessimism Removal (CPR):    0.030ns

    Location             Delay type                Incr(ns)  Path(ns)    Netlist Resource(s)
  -------------------------------------------------------------------    -------------------
                         (clock clk_fpga_0 rise edge)
                                                      0.000     0.000 r  
    PS7_X0Y0             PS7                          0.000     0.000 r  udp_gateway_shadow_mirror_i/processing_system7_0/inst/PS7_i/FCLKCLK[0]
                         net (fo=1, routed)           0.310     0.310    udp_gateway_shadow_mirror_i/processing_system7_0/inst/FCLK_CLK_unbuffered[0]
    BUFGCTRL_X0Y17       BUFG (Prop_bufg_I_O)         0.026     0.336 r  udp_gateway_shadow_mirror_i/processing_system7_0/inst/buffer_fclk_clk_0.FCLK_CLK_0_BUFG/O
                         net (fo=42827, routed)       0.685     1.021    udp_gateway_shadow_mirror_i/rst_ps7_0_100M/U0/slowest_sync_clk
    SLICE_X98Y133        FDRE                                         r  udp_gateway_shadow_mirror_i/rst_ps7_0_100M/U0/ACTIVE_LOW_PR_OUT_DFF[0].FDRE_PER_N/C
  -------------------------------------------------------------------    -------------------
    SLICE_X98Y133        FDRE (Prop_fdre_C_Q)         0.164     1.185 r  udp_gateway_shadow_mirror_i/rst_ps7_0_100M/U0/ACTIVE_LOW_PR_OUT_DFF[0].FDRE_PER_N/Q
                         net (fo=92, routed)          2.106     3.291    udp_gateway_shadow_mirror_i/dma_gateway_hybrid_0/inst/u_shadow_acl_filter/u_acl/rst_n
    SLICE_X50Y121        LUT1 (Prop_lut1_I0_O)        0.045     3.336 f  udp_gateway_shadow_mirror_i/dma_gateway_hybrid_0/inst/u_shadow_acl_filter/u_acl/s_axil_awready_i_1/O
                         net (fo=1907, routed)        1.097     4.434    udp_gateway_shadow_mirror_i/dma_gateway_hybrid_0/inst/u_device_dna_reader/p_0_in
    SLICE_X57Y111        FDPE                                         f  udp_gateway_shadow_mirror_i/dma_gateway_hybrid_0/inst/u_device_dna_reader/dna_busy_raw_reg/PRE
  -------------------------------------------------------------------    -------------------

                         (clock shadow_dna_clk rise edge)
                                                      0.000     0.000 r  
    PS7_X0Y0             PS7                          0.000     0.000 r  udp_gateway_shadow_mirror_i/processing_system7_0/inst/PS7_i/FCLKCLK[0]
                         net (fo=1, routed)           0.337     0.337    udp_gateway_shadow_mirror_i/processing_system7_0/inst/FCLK_CLK_unbuffered[0]
    BUFGCTRL_X0Y17       BUFG (Prop_bufg_I_O)         0.029     0.366 r  udp_gateway_shadow_mirror_i/processing_system7_0/inst/buffer_fclk_clk_0.FCLK_CLK_0_BUFG/O
                         net (fo=42827, routed)       0.811     1.177    udp_gateway_shadow_mirror_i/dma_gateway_hybrid_0/inst/u_device_dna_reader/clk
    SLICE_X51Y68         FDCE (Prop_fdce_C_Q)         0.175     1.352 r  udp_gateway_shadow_mirror_i/dma_gateway_hybrid_0/inst/u_device_dna_reader/dna_clk_reg/Q
                         net (fo=1, routed)           0.614     1.966    udp_gateway_shadow_mirror_i/dma_gateway_hybrid_0/inst/u_device_dna_reader/dna_clk
    BUFGCTRL_X0Y16       BUFG (Prop_bufg_I_O)         0.029     1.995 r  udp_gateway_shadow_mirror_i/dma_gateway_hybrid_0/inst/u_device_dna_reader/dna_clk_BUFG_inst/O
                         net (fo=69, routed)          0.931     2.926    udp_gateway_shadow_mirror_i/dma_gateway_hybrid_0/inst/u_device_dna_reader/dna_clk_BUFG
    SLICE_X57Y111        FDPE                                         r  udp_gateway_shadow_mirror_i/dma_gateway_hybrid_0/inst/u_device_dna_reader/dna_busy_raw_reg/C
                         clock pessimism             -0.030     2.895    
    SLICE_X57Y111        FDPE (Remov_fdpe_C_PRE)     -0.095     2.800    udp_gateway_shadow_mirror_i/dma_gateway_hybrid_0/inst/u_device_dna_reader/dna_busy_raw_reg
  -------------------------------------------------------------------
                         required time                         -2.800    
                         arrival time                           4.434    
  -------------------------------------------------------------------
                         slack                                  1.633    

Slack (MET) :             1.633ns  (arrival time - required time)
  Source:                 udp_gateway_shadow_mirror_i/rst_ps7_0_100M/U0/ACTIVE_LOW_PR_OUT_DFF[0].FDRE_PER_N/C
                            (rising edge-triggered cell FDRE clocked by clk_fpga_0  {rise@0.000ns fall@10.000ns period=20.000ns})
  Destination:            udp_gateway_shadow_mirror_i/dma_gateway_hybrid_0/inst/u_device_dna_reader/dna_read_reg/PRE
                            (removal check against rising-edge clock shadow_dna_clk  {rise@0.000ns fall@320.000ns period=640.000ns})
  Path Group:             **async_default**
  Path Type:              Removal (Min at Fast Process Corner)
  Requirement:            0.000ns  (shadow_dna_clk rise@0.000ns - clk_fpga_0 rise@0.000ns)
  Data Path Delay:        3.413ns  (logic 0.209ns (6.124%)  route 3.204ns (93.876%))
  Logic Levels:           1  (LUT1=1)
  Clock Path Skew:        1.874ns (DCD - SCD - CPR)
    Destination Clock Delay (DCD):    2.926ns
    Source Clock Delay      (SCD):    1.021ns
    Clock Pessimism Removal (CPR):    0.030ns

    Location             Delay type                Incr(ns)  Path(ns)    Netlist Resource(s)
  -------------------------------------------------------------------    -------------------
                         (clock clk_fpga_0 rise edge)
                                                      0.000     0.000 r  
    PS7_X0Y0             PS7                          0.000     0.000 r  udp_gateway_shadow_mirror_i/processing_system7_0/inst/PS7_i/FCLKCLK[0]
                         net (fo=1, routed)           0.310     0.310    udp_gateway_shadow_mirror_i/processing_system7_0/inst/FCLK_CLK_unbuffered[0]
    BUFGCTRL_X0Y17       BUFG (Prop_bufg_I_O)         0.026     0.336 r  udp_gateway_shadow_mirror_i/processing_system7_0/inst/buffer_fclk_clk_0.FCLK_CLK_0_BUFG/O
                         net (fo=42827, routed)       0.685     1.021    udp_gateway_shadow_mirror_i/rst_ps7_0_100M/U0/slowest_sync_clk
    SLICE_X98Y133        FDRE                                         r  udp_gateway_shadow_mirror_i/rst_ps7_0_100M/U0/ACTIVE_LOW_PR_OUT_DFF[0].FDRE_PER_N/C
  -------------------------------------------------------------------    -------------------
    SLICE_X98Y133        FDRE (Prop_fdre_C_Q)         0.164     1.185 r  udp_gateway_shadow_mirror_i/rst_ps7_0_100M/U0/ACTIVE_LOW_PR_OUT_DFF[0].FDRE_PER_N/Q
                         net (fo=92, routed)          2.106     3.291    udp_gateway_shadow_mirror_i/dma_gateway_hybrid_0/inst/u_shadow_acl_filter/u_acl/rst_n
    SLICE_X50Y121        LUT1 (Prop_lut1_I0_O)        0.045     3.336 f  udp_gateway_shadow_mirror_i/dma_gateway_hybrid_0/inst/u_shadow_acl_filter/u_acl/s_axil_awready_i_1/O
                         net (fo=1907, routed)        1.097     4.434    udp_gateway_shadow_mirror_i/dma_gateway_hybrid_0/inst/u_device_dna_reader/p_0_in
    SLICE_X57Y111        FDPE                                         f  udp_gateway_shadow_mirror_i/dma_gateway_hybrid_0/inst/u_device_dna_reader/dna_read_reg/PRE
  -------------------------------------------------------------------    -------------------

                         (clock shadow_dna_clk rise edge)
                                                      0.000     0.000 r  
    PS7_X0Y0             PS7                          0.000     0.000 r  udp_gateway_shadow_mirror_i/processing_system7_0/inst/PS7_i/FCLKCLK[0]
                         net (fo=1, routed)           0.337     0.337    udp_gateway_shadow_mirror_i/processing_system7_0/inst/FCLK_CLK_unbuffered[0]
    BUFGCTRL_X0Y17       BUFG (Prop_bufg_I_O)         0.029     0.366 r  udp_gateway_shadow_mirror_i/processing_system7_0/inst/buffer_fclk_clk_0.FCLK_CLK_0_BUFG/O
                         net (fo=42827, routed)       0.811     1.177    udp_gateway_shadow_mirror_i/dma_gateway_hybrid_0/inst/u_device_dna_reader/clk
    SLICE_X51Y68         FDCE (Prop_fdce_C_Q)         0.175     1.352 r  udp_gateway_shadow_mirror_i/dma_gateway_hybrid_0/inst/u_device_dna_reader/dna_clk_reg/Q
                         net (fo=1, routed)           0.614     1.966    udp_gateway_shadow_mirror_i/dma_gateway_hybrid_0/inst/u_device_dna_reader/dna_clk
    BUFGCTRL_X0Y16       BUFG (Prop_bufg_I_O)         0.029     1.995 r  udp_gateway_shadow_mirror_i/dma_gateway_hybrid_0/inst/u_device_dna_reader/dna_clk_BUFG_inst/O
                         net (fo=69, routed)          0.931     2.926    udp_gateway_shadow_mirror_i/dma_gateway_hybrid_0/inst/u_device_dna_reader/dna_clk_BUFG
    SLICE_X57Y111        FDPE                                         r  udp_gateway_shadow_mirror_i/dma_gateway_hybrid_0/inst/u_device_dna_reader/dna_read_reg/C
                         clock pessimism             -0.030     2.895    
    SLICE_X57Y111        FDPE (Remov_fdpe_C_PRE)     -0.095     2.800    udp_gateway_shadow_mirror_i/dma_gateway_hybrid_0/inst/u_device_dna_reader/dna_read_reg
  -------------------------------------------------------------------
                         required time                         -2.800    
                         arrival time                           4.434    
  -------------------------------------------------------------------
                         slack                                  1.633    





--------------------------------------------------------------------------------------
Path Group:  (none)
From Clock:  
  To Clock:  clk_fpga_0

Max Delay             1 Endpoint
Min Delay             1 Endpoint
--------------------------------------------------------------------------------------


Max Delay Paths
--------------------------------------------------------------------------------------
Slack:                    inf
  Source:                 udp_gateway_shadow_mirror_i/processing_system7_0/inst/PS7_i/FCLKRESETN[0]
                            (internal pin)
  Destination:            udp_gateway_shadow_mirror_i/rst_ps7_0_100M/U0/EXT_LPF/ACTIVE_LOW_EXT.ACT_LO_EXT/GENERATE_LEVEL_P_S_CDC.SINGLE_BIT.CROSS_PLEVEL_IN2SCNDRY_IN_cdc_to/D
                            (rising edge-triggered cell FDRE clocked by clk_fpga_0  {rise@0.000ns fall@10.000ns period=20.000ns})
  Path Group:             (none)
  Path Type:              Setup (Max at Slow Process Corner)
  Data Path Delay:        4.023ns  (logic 0.149ns (3.704%)  route 3.874ns (96.296%))
  Logic Levels:           1  (LUT1=1)
  Clock Uncertainty:      0.301ns  ((TSJ^2 + TIJ^2)^1/2 + DJ) / 2 + PE
    Total System Jitter     (TSJ):    0.050ns
    Total Input Jitter      (TIJ):    0.600ns
    Discrete Jitter          (DJ):    0.000ns
    Phase Error              (PE):    0.000ns
  Timing Exception:       False Path

    Location             Delay type                Incr(ns)  Path(ns)    Netlist Resource(s)
  -------------------------------------------------------------------    -------------------
    PS7_X0Y0             PS7                          0.000     0.000 f  udp_gateway_shadow_mirror_i/processing_system7_0/inst/PS7_i/FCLKRESETN[0]
                         net (fo=1, routed)           3.244     3.244    udp_gateway_shadow_mirror_i/rst_ps7_0_100M/U0/EXT_LPF/ACTIVE_LOW_EXT.ACT_LO_EXT/ext_reset_in
    SLICE_X88Y132        LUT1 (Prop_lut1_I0_O)        0.149     3.393 r  udp_gateway_shadow_mirror_i/rst_ps7_0_100M/U0/EXT_LPF/ACTIVE_LOW_EXT.ACT_LO_EXT/GENERATE_LEVEL_P_S_CDC.SINGLE_BIT.CROSS_PLEVEL_IN2SCNDRY_IN_cdc_to_i_1/O
                         net (fo=1, routed)           0.630     4.023    udp_gateway_shadow_mirror_i/rst_ps7_0_100M/U0/EXT_LPF/ACTIVE_LOW_EXT.ACT_LO_EXT/exr_d1
    SLICE_X91Y137        FDRE                                         r  udp_gateway_shadow_mirror_i/rst_ps7_0_100M/U0/EXT_LPF/ACTIVE_LOW_EXT.ACT_LO_EXT/GENERATE_LEVEL_P_S_CDC.SINGLE_BIT.CROSS_PLEVEL_IN2SCNDRY_IN_cdc_to/D
  -------------------------------------------------------------------    -------------------

                         (clock clk_fpga_0 rise edge)
                                                      0.000     0.000 r  
    PS7_X0Y0             PS7                          0.000     0.000 r  udp_gateway_shadow_mirror_i/processing_system7_0/inst/PS7_i/FCLKCLK[0]
                         net (fo=1, routed)           1.088     1.088    udp_gateway_shadow_mirror_i/processing_system7_0/inst/FCLK_CLK_unbuffered[0]
    BUFGCTRL_X0Y17       BUFG (Prop_bufg_I_O)         0.091     1.179 r  udp_gateway_shadow_mirror_i/processing_system7_0/inst/buffer_fclk_clk_0.FCLK_CLK_0_BUFG/O
                         net (fo=42827, routed)       1.775     2.954    udp_gateway_shadow_mirror_i/rst_ps7_0_100M/U0/EXT_LPF/ACTIVE_LOW_EXT.ACT_LO_EXT/slowest_sync_clk
    SLICE_X91Y137        FDRE                                         r  udp_gateway_shadow_mirror_i/rst_ps7_0_100M/U0/EXT_LPF/ACTIVE_LOW_EXT.ACT_LO_EXT/GENERATE_LEVEL_P_S_CDC.SINGLE_BIT.CROSS_PLEVEL_IN2SCNDRY_IN_cdc_to/C





Min Delay Paths
--------------------------------------------------------------------------------------
Slack:                    inf
  Source:                 udp_gateway_shadow_mirror_i/processing_system7_0/inst/PS7_i/FCLKRESETN[0]
                            (internal pin)
  Destination:            udp_gateway_shadow_mirror_i/rst_ps7_0_100M/U0/EXT_LPF/ACTIVE_LOW_EXT.ACT_LO_EXT/GENERATE_LEVEL_P_S_CDC.SINGLE_BIT.CROSS_PLEVEL_IN2SCNDRY_IN_cdc_to/D
                            (rising edge-triggered cell FDRE clocked by clk_fpga_0  {rise@0.000ns fall@10.000ns period=20.000ns})
  Path Group:             (none)
  Path Type:              Hold (Min at Fast Process Corner)
  Data Path Delay:        1.689ns  (logic 0.042ns (2.487%)  route 1.647ns (97.513%))
  Logic Levels:           1  (LUT1=1)
  Clock Uncertainty:      0.301ns  ((TSJ^2 + TIJ^2)^1/2 + DJ) / 2 + PE
    Total System Jitter     (TSJ):    0.050ns
    Total Input Jitter      (TIJ):    0.600ns
    Discrete Jitter          (DJ):    0.000ns
    Phase Error              (PE):    0.000ns
  Timing Exception:       False Path

    Location             Delay type                Incr(ns)  Path(ns)    Netlist Resource(s)
  -------------------------------------------------------------------    -------------------
    PS7_X0Y0             PS7                          0.000     0.000 f  udp_gateway_shadow_mirror_i/processing_system7_0/inst/PS7_i/FCLKRESETN[0]
                         net (fo=1, routed)           1.351     1.351    udp_gateway_shadow_mirror_i/rst_ps7_0_100M/U0/EXT_LPF/ACTIVE_LOW_EXT.ACT_LO_EXT/ext_reset_in
    SLICE_X88Y132        LUT1 (Prop_lut1_I0_O)        0.042     1.393 r  udp_gateway_shadow_mirror_i/rst_ps7_0_100M/U0/EXT_LPF/ACTIVE_LOW_EXT.ACT_LO_EXT/GENERATE_LEVEL_P_S_CDC.SINGLE_BIT.CROSS_PLEVEL_IN2SCNDRY_IN_cdc_to_i_1/O
                         net (fo=1, routed)           0.296     1.689    udp_gateway_shadow_mirror_i/rst_ps7_0_100M/U0/EXT_LPF/ACTIVE_LOW_EXT.ACT_LO_EXT/exr_d1
    SLICE_X91Y137        FDRE                                         r  udp_gateway_shadow_mirror_i/rst_ps7_0_100M/U0/EXT_LPF/ACTIVE_LOW_EXT.ACT_LO_EXT/GENERATE_LEVEL_P_S_CDC.SINGLE_BIT.CROSS_PLEVEL_IN2SCNDRY_IN_cdc_to/D
  -------------------------------------------------------------------    -------------------

                         (clock clk_fpga_0 rise edge)
                                                      0.000     0.000 r  
    PS7_X0Y0             PS7                          0.000     0.000 r  udp_gateway_shadow_mirror_i/processing_system7_0/inst/PS7_i/FCLKCLK[0]
                         net (fo=1, routed)           0.337     0.337    udp_gateway_shadow_mirror_i/processing_system7_0/inst/FCLK_CLK_unbuffered[0]
    BUFGCTRL_X0Y17       BUFG (Prop_bufg_I_O)         0.029     0.366 r  udp_gateway_shadow_mirror_i/processing_system7_0/inst/buffer_fclk_clk_0.FCLK_CLK_0_BUFG/O
                         net (fo=42827, routed)       0.958     1.324    udp_gateway_shadow_mirror_i/rst_ps7_0_100M/U0/EXT_LPF/ACTIVE_LOW_EXT.ACT_LO_EXT/slowest_sync_clk
    SLICE_X91Y137        FDRE                                         r  udp_gateway_shadow_mirror_i/rst_ps7_0_100M/U0/EXT_LPF/ACTIVE_LOW_EXT.ACT_LO_EXT/GENERATE_LEVEL_P_S_CDC.SINGLE_BIT.CROSS_PLEVEL_IN2SCNDRY_IN_cdc_to/C





--------------------------------------------------------------------------------------
Path Group:  (none)
From Clock:  clk_fpga_0
  To Clock:  clk_fpga_0

Max Delay             6 Endpoints
Min Delay             6 Endpoints
--------------------------------------------------------------------------------------


Max Delay Paths
--------------------------------------------------------------------------------------
Slack:                    inf
  Source:                 udp_gateway_shadow_mirror_i/rst_ps7_0_100M/U0/ACTIVE_LOW_PR_OUT_DFF[0].FDRE_PER_N/C
                            (rising edge-triggered cell FDRE clocked by clk_fpga_0  {rise@0.000ns fall@10.000ns period=20.000ns})
  Destination:            udp_gateway_shadow_mirror_i/axi_mem_intercon/m00_couplers/auto_pc/inst/gen_axi4_axi3.axi3_conv_inst/USE_WRITE.write_addr_inst/USE_B_CHANNEL.cmd_b_queue/inst/fifo_gen_inst/inst_fifo_gen/gconvfifo.rf/grf.rf/rstblk/ngwrdrst.grst.g7serrst.gnsckt_wrst.rst_wr_reg2_inst/arststages_ff_reg[0]/PRE
                            (recovery check against rising-edge clock clk_fpga_0  {rise@0.000ns fall@10.000ns period=20.000ns})
  Path Group:             (none)
  Path Type:              Recovery (Max at Slow Process Corner)
  Data Path Delay:        13.966ns  (logic 0.672ns (4.812%)  route 13.294ns (95.188%))
  Logic Levels:           1  (LUT1=1)
  Clock Path Skew:        -0.589ns (DCD - SCD + CPR)
    Destination Clock Delay (DCD):    2.674ns
    Source Clock Delay      (SCD):    3.263ns
    Clock Pessimism Removal (CPR):    0.000ns
  Clock Uncertainty:      0.302ns  ((TSJ^2 + TIJ^2)^1/2 + DJ) / 2 + PE
    Total System Jitter     (TSJ):    0.071ns
    Total Input Jitter      (TIJ):    0.600ns
    Discrete Jitter          (DJ):    0.000ns
    Phase Error              (PE):    0.000ns
  Timing Exception:       False Path

    Location             Delay type                Incr(ns)  Path(ns)    Netlist Resource(s)
  -------------------------------------------------------------------    -------------------
                         (clock clk_fpga_0 rise edge)
                                                      0.000     0.000 r  
    PS7_X0Y0             PS7                          0.000     0.000 r  udp_gateway_shadow_mirror_i/processing_system7_0/inst/PS7_i/FCLKCLK[0]
                         net (fo=1, routed)           1.193     1.193    udp_gateway_shadow_mirror_i/processing_system7_0/inst/FCLK_CLK_unbuffered[0]
    BUFGCTRL_X0Y17       BUFG (Prop_bufg_I_O)         0.101     1.294 r  udp_gateway_shadow_mirror_i/processing_system7_0/inst/buffer_fclk_clk_0.FCLK_CLK_0_BUFG/O
                         net (fo=42827, routed)       1.969     3.263    udp_gateway_shadow_mirror_i/rst_ps7_0_100M/U0/slowest_sync_clk
    SLICE_X98Y133        FDRE                                         r  udp_gateway_shadow_mirror_i/rst_ps7_0_100M/U0/ACTIVE_LOW_PR_OUT_DFF[0].FDRE_PER_N/C
  -------------------------------------------------------------------    -------------------
    SLICE_X98Y133        FDRE (Prop_fdre_C_Q)         0.518     3.781 r  udp_gateway_shadow_mirror_i/rst_ps7_0_100M/U0/ACTIVE_LOW_PR_OUT_DFF[0].FDRE_PER_N/Q
                         net (fo=92, routed)         10.505    14.286    udp_gateway_shadow_mirror_i/axi_mem_intercon/m00_couplers/auto_pc/inst/gen_axi4_axi3.axi3_conv_inst/USE_WRITE.write_addr_inst/USE_BURSTS.cmd_queue/inst/aresetn
    SLICE_X17Y18         LUT1 (Prop_lut1_I0_O)        0.154    14.440 f  udp_gateway_shadow_mirror_i/axi_mem_intercon/m00_couplers/auto_pc/inst/gen_axi4_axi3.axi3_conv_inst/USE_WRITE.write_addr_inst/USE_BURSTS.cmd_queue/inst/S_AXI_AREADY_I_i_1/O
                         net (fo=253, routed)         2.788    17.229    udp_gateway_shadow_mirror_i/axi_mem_intercon/m00_couplers/auto_pc/inst/gen_axi4_axi3.axi3_conv_inst/USE_WRITE.write_addr_inst/USE_B_CHANNEL.cmd_b_queue/inst/fifo_gen_inst/inst_fifo_gen/gconvfifo.rf/grf.rf/rstblk/ngwrdrst.grst.g7serrst.gnsckt_wrst.rst_wr_reg2_inst/src_arst
    SLICE_X40Y6          FDPE                                         f  udp_gateway_shadow_mirror_i/axi_mem_intercon/m00_couplers/auto_pc/inst/gen_axi4_axi3.axi3_conv_inst/USE_WRITE.write_addr_inst/USE_B_CHANNEL.cmd_b_queue/inst/fifo_gen_inst/inst_fifo_gen/gconvfifo.rf/grf.rf/rstblk/ngwrdrst.grst.g7serrst.gnsckt_wrst.rst_wr_reg2_inst/arststages_ff_reg[0]/PRE
  -------------------------------------------------------------------    -------------------

                         (clock clk_fpga_0 rise edge)
                                                      0.000     0.000 r  
    PS7_X0Y0             PS7                          0.000     0.000 r  udp_gateway_shadow_mirror_i/processing_system7_0/inst/PS7_i/FCLKCLK[0]
                         net (fo=1, routed)           1.088     1.088    udp_gateway_shadow_mirror_i/processing_system7_0/inst/FCLK_CLK_unbuffered[0]
    BUFGCTRL_X0Y17       BUFG (Prop_bufg_I_O)         0.091     1.179 r  udp_gateway_shadow_mirror_i/processing_system7_0/inst/buffer_fclk_clk_0.FCLK_CLK_0_BUFG/O
                         net (fo=42827, routed)       1.495     2.674    udp_gateway_shadow_mirror_i/axi_mem_intercon/m00_couplers/auto_pc/inst/gen_axi4_axi3.axi3_conv_inst/USE_WRITE.write_addr_inst/USE_B_CHANNEL.cmd_b_queue/inst/fifo_gen_inst/inst_fifo_gen/gconvfifo.rf/grf.rf/rstblk/ngwrdrst.grst.g7serrst.gnsckt_wrst.rst_wr_reg2_inst/dest_clk
    SLICE_X40Y6          FDPE                                         r  udp_gateway_shadow_mirror_i/axi_mem_intercon/m00_couplers/auto_pc/inst/gen_axi4_axi3.axi3_conv_inst/USE_WRITE.write_addr_inst/USE_B_CHANNEL.cmd_b_queue/inst/fifo_gen_inst/inst_fifo_gen/gconvfifo.rf/grf.rf/rstblk/ngwrdrst.grst.g7serrst.gnsckt_wrst.rst_wr_reg2_inst/arststages_ff_reg[0]/C

Slack:                    inf
  Source:                 udp_gateway_shadow_mirror_i/rst_ps7_0_100M/U0/ACTIVE_LOW_PR_OUT_DFF[0].FDRE_PER_N/C
                            (rising edge-triggered cell FDRE clocked by clk_fpga_0  {rise@0.000ns fall@10.000ns period=20.000ns})
  Destination:            udp_gateway_shadow_mirror_i/axi_mem_intercon/m00_couplers/auto_pc/inst/gen_axi4_axi3.axi3_conv_inst/USE_WRITE.write_addr_inst/USE_B_CHANNEL.cmd_b_queue/inst/fifo_gen_inst/inst_fifo_gen/gconvfifo.rf/grf.rf/rstblk/ngwrdrst.grst.g7serrst.gnsckt_wrst.rst_wr_reg2_inst/arststages_ff_reg[1]/PRE
                            (recovery check against rising-edge clock clk_fpga_0  {rise@0.000ns fall@10.000ns period=20.000ns})
  Path Group:             (none)
  Path Type:              Recovery (Max at Slow Process Corner)
  Data Path Delay:        13.966ns  (logic 0.672ns (4.812%)  route 13.294ns (95.188%))
  Logic Levels:           1  (LUT1=1)
  Clock Path Skew:        -0.589ns (DCD - SCD + CPR)
    Destination Clock Delay (DCD):    2.674ns
    Source Clock Delay      (SCD):    3.263ns
    Clock Pessimism Removal (CPR):    0.000ns
  Clock Uncertainty:      0.302ns  ((TSJ^2 + TIJ^2)^1/2 + DJ) / 2 + PE
    Total System Jitter     (TSJ):    0.071ns
    Total Input Jitter      (TIJ):    0.600ns
    Discrete Jitter          (DJ):    0.000ns
    Phase Error              (PE):    0.000ns
  Timing Exception:       False Path

    Location             Delay type                Incr(ns)  Path(ns)    Netlist Resource(s)
  -------------------------------------------------------------------    -------------------
                         (clock clk_fpga_0 rise edge)
                                                      0.000     0.000 r  
    PS7_X0Y0             PS7                          0.000     0.000 r  udp_gateway_shadow_mirror_i/processing_system7_0/inst/PS7_i/FCLKCLK[0]
                         net (fo=1, routed)           1.193     1.193    udp_gateway_shadow_mirror_i/processing_system7_0/inst/FCLK_CLK_unbuffered[0]
    BUFGCTRL_X0Y17       BUFG (Prop_bufg_I_O)         0.101     1.294 r  udp_gateway_shadow_mirror_i/processing_system7_0/inst/buffer_fclk_clk_0.FCLK_CLK_0_BUFG/O
                         net (fo=42827, routed)       1.969     3.263    udp_gateway_shadow_mirror_i/rst_ps7_0_100M/U0/slowest_sync_clk
    SLICE_X98Y133        FDRE                                         r  udp_gateway_shadow_mirror_i/rst_ps7_0_100M/U0/ACTIVE_LOW_PR_OUT_DFF[0].FDRE_PER_N/C
  -------------------------------------------------------------------    -------------------
    SLICE_X98Y133        FDRE (Prop_fdre_C_Q)         0.518     3.781 r  udp_gateway_shadow_mirror_i/rst_ps7_0_100M/U0/ACTIVE_LOW_PR_OUT_DFF[0].FDRE_PER_N/Q
                         net (fo=92, routed)         10.505    14.286    udp_gateway_shadow_mirror_i/axi_mem_intercon/m00_couplers/auto_pc/inst/gen_axi4_axi3.axi3_conv_inst/USE_WRITE.write_addr_inst/USE_BURSTS.cmd_queue/inst/aresetn
    SLICE_X17Y18         LUT1 (Prop_lut1_I0_O)        0.154    14.440 f  udp_gateway_shadow_mirror_i/axi_mem_intercon/m00_couplers/auto_pc/inst/gen_axi4_axi3.axi3_conv_inst/USE_WRITE.write_addr_inst/USE_BURSTS.cmd_queue/inst/S_AXI_AREADY_I_i_1/O
                         net (fo=253, routed)         2.788    17.229    udp_gateway_shadow_mirror_i/axi_mem_intercon/m00_couplers/auto_pc/inst/gen_axi4_axi3.axi3_conv_inst/USE_WRITE.write_addr_inst/USE_B_CHANNEL.cmd_b_queue/inst/fifo_gen_inst/inst_fifo_gen/gconvfifo.rf/grf.rf/rstblk/ngwrdrst.grst.g7serrst.gnsckt_wrst.rst_wr_reg2_inst/src_arst
    SLICE_X40Y6          FDPE                                         f  udp_gateway_shadow_mirror_i/axi_mem_intercon/m00_couplers/auto_pc/inst/gen_axi4_axi3.axi3_conv_inst/USE_WRITE.write_addr_inst/USE_B_CHANNEL.cmd_b_queue/inst/fifo_gen_inst/inst_fifo_gen/gconvfifo.rf/grf.rf/rstblk/ngwrdrst.grst.g7serrst.gnsckt_wrst.rst_wr_reg2_inst/arststages_ff_reg[1]/PRE
  -------------------------------------------------------------------    -------------------

                         (clock clk_fpga_0 rise edge)
                                                      0.000     0.000 r  
    PS7_X0Y0             PS7                          0.000     0.000 r  udp_gateway_shadow_mirror_i/processing_system7_0/inst/PS7_i/FCLKCLK[0]
                         net (fo=1, routed)           1.088     1.088    udp_gateway_shadow_mirror_i/processing_system7_0/inst/FCLK_CLK_unbuffered[0]
    BUFGCTRL_X0Y17       BUFG (Prop_bufg_I_O)         0.091     1.179 r  udp_gateway_shadow_mirror_i/processing_system7_0/inst/buffer_fclk_clk_0.FCLK_CLK_0_BUFG/O
                         net (fo=42827, routed)       1.495     2.674    udp_gateway_shadow_mirror_i/axi_mem_intercon/m00_couplers/auto_pc/inst/gen_axi4_axi3.axi3_conv_inst/USE_WRITE.write_addr_inst/USE_B_CHANNEL.cmd_b_queue/inst/fifo_gen_inst/inst_fifo_gen/gconvfifo.rf/grf.rf/rstblk/ngwrdrst.grst.g7serrst.gnsckt_wrst.rst_wr_reg2_inst/dest_clk
    SLICE_X40Y6          FDPE                                         r  udp_gateway_shadow_mirror_i/axi_mem_intercon/m00_couplers/auto_pc/inst/gen_axi4_axi3.axi3_conv_inst/USE_WRITE.write_addr_inst/USE_B_CHANNEL.cmd_b_queue/inst/fifo_gen_inst/inst_fifo_gen/gconvfifo.rf/grf.rf/rstblk/ngwrdrst.grst.g7serrst.gnsckt_wrst.rst_wr_reg2_inst/arststages_ff_reg[1]/C

Slack:                    inf
  Source:                 udp_gateway_shadow_mirror_i/rst_ps7_0_100M/U0/ACTIVE_LOW_PR_OUT_DFF[0].FDRE_PER_N/C
                            (rising edge-triggered cell FDRE clocked by clk_fpga_0  {rise@0.000ns fall@10.000ns period=20.000ns})
  Destination:            udp_gateway_shadow_mirror_i/axi_mem_intercon/m00_couplers/auto_pc/inst/gen_axi4_axi3.axi3_conv_inst/USE_READ.USE_SPLIT_R.read_addr_inst/USE_R_CHANNEL.cmd_queue/inst/fifo_gen_inst/inst_fifo_gen/gconvfifo.rf/grf.rf/rstblk/ngwrdrst.grst.g7serrst.gnsckt_wrst.rst_wr_reg2_inst/arststages_ff_reg[0]/PRE
                            (recovery check against rising-edge clock clk_fpga_0  {rise@0.000ns fall@10.000ns period=20.000ns})
  Path Group:             (none)
  Path Type:              Recovery (Max at Slow Process Corner)
  Data Path Delay:        13.078ns  (logic 0.672ns (5.139%)  route 12.406ns (94.861%))
  Logic Levels:           1  (LUT1=1)
  Clock Path Skew:        -0.426ns (DCD - SCD + CPR)
    Destination Clock Delay (DCD):    2.837ns
    Source Clock Delay      (SCD):    3.263ns
    Clock Pessimism Removal (CPR):    0.000ns
  Clock Uncertainty:      0.302ns  ((TSJ^2 + TIJ^2)^1/2 + DJ) / 2 + PE
    Total System Jitter     (TSJ):    0.071ns
    Total Input Jitter      (TIJ):    0.600ns
    Discrete Jitter          (DJ):    0.000ns
    Phase Error              (PE):    0.000ns
  Timing Exception:       False Path

    Location             Delay type                Incr(ns)  Path(ns)    Netlist Resource(s)
  -------------------------------------------------------------------    -------------------
                         (clock clk_fpga_0 rise edge)
                                                      0.000     0.000 r  
    PS7_X0Y0             PS7                          0.000     0.000 r  udp_gateway_shadow_mirror_i/processing_system7_0/inst/PS7_i/FCLKCLK[0]
                         net (fo=1, routed)           1.193     1.193    udp_gateway_shadow_mirror_i/processing_system7_0/inst/FCLK_CLK_unbuffered[0]
    BUFGCTRL_X0Y17       BUFG (Prop_bufg_I_O)         0.101     1.294 r  udp_gateway_shadow_mirror_i/processing_system7_0/inst/buffer_fclk_clk_0.FCLK_CLK_0_BUFG/O
                         net (fo=42827, routed)       1.969     3.263    udp_gateway_shadow_mirror_i/rst_ps7_0_100M/U0/slowest_sync_clk
    SLICE_X98Y133        FDRE                                         r  udp_gateway_shadow_mirror_i/rst_ps7_0_100M/U0/ACTIVE_LOW_PR_OUT_DFF[0].FDRE_PER_N/C
  -------------------------------------------------------------------    -------------------
    SLICE_X98Y133        FDRE (Prop_fdre_C_Q)         0.518     3.781 r  udp_gateway_shadow_mirror_i/rst_ps7_0_100M/U0/ACTIVE_LOW_PR_OUT_DFF[0].FDRE_PER_N/Q
                         net (fo=92, routed)         10.505    14.286    udp_gateway_shadow_mirror_i/axi_mem_intercon/m00_couplers/auto_pc/inst/gen_axi4_axi3.axi3_conv_inst/USE_WRITE.write_addr_inst/USE_BURSTS.cmd_queue/inst/aresetn
    SLICE_X17Y18         LUT1 (Prop_lut1_I0_O)        0.154    14.440 f  udp_gateway_shadow_mirror_i/axi_mem_intercon/m00_couplers/auto_pc/inst/gen_axi4_axi3.axi3_conv_inst/USE_WRITE.write_addr_inst/USE_BURSTS.cmd_queue/inst/S_AXI_AREADY_I_i_1/O
                         net (fo=253, routed)         1.900    16.341    udp_gateway_shadow_mirror_i/axi_mem_intercon/m00_couplers/auto_pc/inst/gen_axi4_axi3.axi3_conv_inst/USE_READ.USE_SPLIT_R.read_addr_inst/USE_R_CHANNEL.cmd_queue/inst/fifo_gen_inst/inst_fifo_gen/gconvfifo.rf/grf.rf/rstblk/ngwrdrst.grst.g7serrst.gnsckt_wrst.rst_wr_reg2_inst/src_arst
    SLICE_X7Y3           FDPE                                         f  udp_gateway_shadow_mirror_i/axi_mem_intercon/m00_couplers/auto_pc/inst/gen_axi4_axi3.axi3_conv_inst/USE_READ.USE_SPLIT_R.read_addr_inst/USE_R_CHANNEL.cmd_queue/inst/fifo_gen_inst/inst_fifo_gen/gconvfifo.rf/grf.rf/rstblk/ngwrdrst.grst.g7serrst.gnsckt_wrst.rst_wr_reg2_inst/arststages_ff_reg[0]/PRE
  -------------------------------------------------------------------    -------------------

                         (clock clk_fpga_0 rise edge)
                                                      0.000     0.000 r  
    PS7_X0Y0             PS7                          0.000     0.000 r  udp_gateway_shadow_mirror_i/processing_system7_0/inst/PS7_i/FCLKCLK[0]
                         net (fo=1, routed)           1.088     1.088    udp_gateway_shadow_mirror_i/processing_system7_0/inst/FCLK_CLK_unbuffered[0]
    BUFGCTRL_X0Y17       BUFG (Prop_bufg_I_O)         0.091     1.179 r  udp_gateway_shadow_mirror_i/processing_system7_0/inst/buffer_fclk_clk_0.FCLK_CLK_0_BUFG/O
                         net (fo=42827, routed)       1.658     2.837    udp_gateway_shadow_mirror_i/axi_mem_intercon/m00_couplers/auto_pc/inst/gen_axi4_axi3.axi3_conv_inst/USE_READ.USE_SPLIT_R.read_addr_inst/USE_R_CHANNEL.cmd_queue/inst/fifo_gen_inst/inst_fifo_gen/gconvfifo.rf/grf.rf/rstblk/ngwrdrst.grst.g7serrst.gnsckt_wrst.rst_wr_reg2_inst/dest_clk
    SLICE_X7Y3           FDPE                                         r  udp_gateway_shadow_mirror_i/axi_mem_intercon/m00_couplers/auto_pc/inst/gen_axi4_axi3.axi3_conv_inst/USE_READ.USE_SPLIT_R.read_addr_inst/USE_R_CHANNEL.cmd_queue/inst/fifo_gen_inst/inst_fifo_gen/gconvfifo.rf/grf.rf/rstblk/ngwrdrst.grst.g7serrst.gnsckt_wrst.rst_wr_reg2_inst/arststages_ff_reg[0]/C

Slack:                    inf
  Source:                 udp_gateway_shadow_mirror_i/rst_ps7_0_100M/U0/ACTIVE_LOW_PR_OUT_DFF[0].FDRE_PER_N/C
                            (rising edge-triggered cell FDRE clocked by clk_fpga_0  {rise@0.000ns fall@10.000ns period=20.000ns})
  Destination:            udp_gateway_shadow_mirror_i/axi_mem_intercon/m00_couplers/auto_pc/inst/gen_axi4_axi3.axi3_conv_inst/USE_READ.USE_SPLIT_R.read_addr_inst/USE_R_CHANNEL.cmd_queue/inst/fifo_gen_inst/inst_fifo_gen/gconvfifo.rf/grf.rf/rstblk/ngwrdrst.grst.g7serrst.gnsckt_wrst.rst_wr_reg2_inst/arststages_ff_reg[1]/PRE
                            (recovery check against rising-edge clock clk_fpga_0  {rise@0.000ns fall@10.000ns period=20.000ns})
  Path Group:             (none)
  Path Type:              Recovery (Max at Slow Process Corner)
  Data Path Delay:        13.078ns  (logic 0.672ns (5.139%)  route 12.406ns (94.861%))
  Logic Levels:           1  (LUT1=1)
  Clock Path Skew:        -0.426ns (DCD - SCD + CPR)
    Destination Clock Delay (DCD):    2.837ns
    Source Clock Delay      (SCD):    3.263ns
    Clock Pessimism Removal (CPR):    0.000ns
  Clock Uncertainty:      0.302ns  ((TSJ^2 + TIJ^2)^1/2 + DJ) / 2 + PE
    Total System Jitter     (TSJ):    0.071ns
    Total Input Jitter      (TIJ):    0.600ns
    Discrete Jitter          (DJ):    0.000ns
    Phase Error              (PE):    0.000ns
  Timing Exception:       False Path

    Location             Delay type                Incr(ns)  Path(ns)    Netlist Resource(s)
  -------------------------------------------------------------------    -------------------
                         (clock clk_fpga_0 rise edge)
                                                      0.000     0.000 r  
    PS7_X0Y0             PS7                          0.000     0.000 r  udp_gateway_shadow_mirror_i/processing_system7_0/inst/PS7_i/FCLKCLK[0]
                         net (fo=1, routed)           1.193     1.193    udp_gateway_shadow_mirror_i/processing_system7_0/inst/FCLK_CLK_unbuffered[0]
    BUFGCTRL_X0Y17       BUFG (Prop_bufg_I_O)         0.101     1.294 r  udp_gateway_shadow_mirror_i/processing_system7_0/inst/buffer_fclk_clk_0.FCLK_CLK_0_BUFG/O
                         net (fo=42827, routed)       1.969     3.263    udp_gateway_shadow_mirror_i/rst_ps7_0_100M/U0/slowest_sync_clk
    SLICE_X98Y133        FDRE                                         r  udp_gateway_shadow_mirror_i/rst_ps7_0_100M/U0/ACTIVE_LOW_PR_OUT_DFF[0].FDRE_PER_N/C
  -------------------------------------------------------------------    -------------------
    SLICE_X98Y133        FDRE (Prop_fdre_C_Q)         0.518     3.781 r  udp_gateway_shadow_mirror_i/rst_ps7_0_100M/U0/ACTIVE_LOW_PR_OUT_DFF[0].FDRE_PER_N/Q
                         net (fo=92, routed)         10.505    14.286    udp_gateway_shadow_mirror_i/axi_mem_intercon/m00_couplers/auto_pc/inst/gen_axi4_axi3.axi3_conv_inst/USE_WRITE.write_addr_inst/USE_BURSTS.cmd_queue/inst/aresetn
    SLICE_X17Y18         LUT1 (Prop_lut1_I0_O)        0.154    14.440 f  udp_gateway_shadow_mirror_i/axi_mem_intercon/m00_couplers/auto_pc/inst/gen_axi4_axi3.axi3_conv_inst/USE_WRITE.write_addr_inst/USE_BURSTS.cmd_queue/inst/S_AXI_AREADY_I_i_1/O
                         net (fo=253, routed)         1.900    16.341    udp_gateway_shadow_mirror_i/axi_mem_intercon/m00_couplers/auto_pc/inst/gen_axi4_axi3.axi3_conv_inst/USE_READ.USE_SPLIT_R.read_addr_inst/USE_R_CHANNEL.cmd_queue/inst/fifo_gen_inst/inst_fifo_gen/gconvfifo.rf/grf.rf/rstblk/ngwrdrst.grst.g7serrst.gnsckt_wrst.rst_wr_reg2_inst/src_arst
    SLICE_X7Y3           FDPE                                         f  udp_gateway_shadow_mirror_i/axi_mem_intercon/m00_couplers/auto_pc/inst/gen_axi4_axi3.axi3_conv_inst/USE_READ.USE_SPLIT_R.read_addr_inst/USE_R_CHANNEL.cmd_queue/inst/fifo_gen_inst/inst_fifo_gen/gconvfifo.rf/grf.rf/rstblk/ngwrdrst.grst.g7serrst.gnsckt_wrst.rst_wr_reg2_inst/arststages_ff_reg[1]/PRE
  -------------------------------------------------------------------    -------------------

                         (clock clk_fpga_0 rise edge)
                                                      0.000     0.000 r  
    PS7_X0Y0             PS7                          0.000     0.000 r  udp_gateway_shadow_mirror_i/processing_system7_0/inst/PS7_i/FCLKCLK[0]
                         net (fo=1, routed)           1.088     1.088    udp_gateway_shadow_mirror_i/processing_system7_0/inst/FCLK_CLK_unbuffered[0]
    BUFGCTRL_X0Y17       BUFG (Prop_bufg_I_O)         0.091     1.179 r  udp_gateway_shadow_mirror_i/processing_system7_0/inst/buffer_fclk_clk_0.FCLK_CLK_0_BUFG/O
                         net (fo=42827, routed)       1.658     2.837    udp_gateway_shadow_mirror_i/axi_mem_intercon/m00_couplers/auto_pc/inst/gen_axi4_axi3.axi3_conv_inst/USE_READ.USE_SPLIT_R.read_addr_inst/USE_R_CHANNEL.cmd_queue/inst/fifo_gen_inst/inst_fifo_gen/gconvfifo.rf/grf.rf/rstblk/ngwrdrst.grst.g7serrst.gnsckt_wrst.rst_wr_reg2_inst/dest_clk
    SLICE_X7Y3           FDPE                                         r  udp_gateway_shadow_mirror_i/axi_mem_intercon/m00_couplers/auto_pc/inst/gen_axi4_axi3.axi3_conv_inst/USE_READ.USE_SPLIT_R.read_addr_inst/USE_R_CHANNEL.cmd_queue/inst/fifo_gen_inst/inst_fifo_gen/gconvfifo.rf/grf.rf/rstblk/ngwrdrst.grst.g7serrst.gnsckt_wrst.rst_wr_reg2_inst/arststages_ff_reg[1]/C

Slack:                    inf
  Source:                 udp_gateway_shadow_mirror_i/rst_ps7_0_100M/U0/ACTIVE_LOW_PR_OUT_DFF[0].FDRE_PER_N/C
                            (rising edge-triggered cell FDRE clocked by clk_fpga_0  {rise@0.000ns fall@10.000ns period=20.000ns})
  Destination:            udp_gateway_shadow_mirror_i/axi_mem_intercon/m00_couplers/auto_pc/inst/gen_axi4_axi3.axi3_conv_inst/USE_WRITE.write_addr_inst/USE_BURSTS.cmd_queue/inst/fifo_gen_inst/inst_fifo_gen/gconvfifo.rf/grf.rf/rstblk/ngwrdrst.grst.g7serrst.gnsckt_wrst.rst_wr_reg2_inst/arststages_ff_reg[0]/PRE
                            (recovery check against rising-edge clock clk_fpga_0  {rise@0.000ns fall@10.000ns period=20.000ns})
  Path Group:             (none)
  Path Type:              Recovery (Max at Slow Process Corner)
  Data Path Delay:        12.479ns  (logic 0.672ns (5.385%)  route 11.807ns (94.615%))
  Logic Levels:           1  (LUT1=1)
  Clock Path Skew:        -0.509ns (DCD - SCD + CPR)
    Destination Clock Delay (DCD):    2.754ns
    Source Clock Delay      (SCD):    3.263ns
    Clock Pessimism Removal (CPR):    0.000ns
  Clock Uncertainty:      0.302ns  ((TSJ^2 + TIJ^2)^1/2 + DJ) / 2 + PE
    Total System Jitter     (TSJ):    0.071ns
    Total Input Jitter      (TIJ):    0.600ns
    Discrete Jitter          (DJ):    0.000ns
    Phase Error              (PE):    0.000ns
  Timing Exception:       False Path

    Location             Delay type                Incr(ns)  Path(ns)    Netlist Resource(s)
  -------------------------------------------------------------------    -------------------
                         (clock clk_fpga_0 rise edge)
                                                      0.000     0.000 r  
    PS7_X0Y0             PS7                          0.000     0.000 r  udp_gateway_shadow_mirror_i/processing_system7_0/inst/PS7_i/FCLKCLK[0]
                         net (fo=1, routed)           1.193     1.193    udp_gateway_shadow_mirror_i/processing_system7_0/inst/FCLK_CLK_unbuffered[0]
    BUFGCTRL_X0Y17       BUFG (Prop_bufg_I_O)         0.101     1.294 r  udp_gateway_shadow_mirror_i/processing_system7_0/inst/buffer_fclk_clk_0.FCLK_CLK_0_BUFG/O
                         net (fo=42827, routed)       1.969     3.263    udp_gateway_shadow_mirror_i/rst_ps7_0_100M/U0/slowest_sync_clk
    SLICE_X98Y133        FDRE                                         r  udp_gateway_shadow_mirror_i/rst_ps7_0_100M/U0/ACTIVE_LOW_PR_OUT_DFF[0].FDRE_PER_N/C
  -------------------------------------------------------------------    -------------------
    SLICE_X98Y133        FDRE (Prop_fdre_C_Q)         0.518     3.781 r  udp_gateway_shadow_mirror_i/rst_ps7_0_100M/U0/ACTIVE_LOW_PR_OUT_DFF[0].FDRE_PER_N/Q
                         net (fo=92, routed)         10.505    14.286    udp_gateway_shadow_mirror_i/axi_mem_intercon/m00_couplers/auto_pc/inst/gen_axi4_axi3.axi3_conv_inst/USE_WRITE.write_addr_inst/USE_BURSTS.cmd_queue/inst/aresetn
    SLICE_X17Y18         LUT1 (Prop_lut1_I0_O)        0.154    14.440 f  udp_gateway_shadow_mirror_i/axi_mem_intercon/m00_couplers/auto_pc/inst/gen_axi4_axi3.axi3_conv_inst/USE_WRITE.write_addr_inst/USE_BURSTS.cmd_queue/inst/S_AXI_AREADY_I_i_1/O
                         net (fo=253, routed)         1.302    15.742    udp_gateway_shadow_mirror_i/axi_mem_intercon/m00_couplers/auto_pc/inst/gen_axi4_axi3.axi3_conv_inst/USE_WRITE.write_addr_inst/USE_BURSTS.cmd_queue/inst/fifo_gen_inst/inst_fifo_gen/gconvfifo.rf/grf.rf/rstblk/ngwrdrst.grst.g7serrst.gnsckt_wrst.rst_wr_reg2_inst/src_arst
    SLICE_X20Y12         FDPE                                         f  udp_gateway_shadow_mirror_i/axi_mem_intercon/m00_couplers/auto_pc/inst/gen_axi4_axi3.axi3_conv_inst/USE_WRITE.write_addr_inst/USE_BURSTS.cmd_queue/inst/fifo_gen_inst/inst_fifo_gen/gconvfifo.rf/grf.rf/rstblk/ngwrdrst.grst.g7serrst.gnsckt_wrst.rst_wr_reg2_inst/arststages_ff_reg[0]/PRE
  -------------------------------------------------------------------    -------------------

                         (clock clk_fpga_0 rise edge)
                                                      0.000     0.000 r  
    PS7_X0Y0             PS7                          0.000     0.000 r  udp_gateway_shadow_mirror_i/processing_system7_0/inst/PS7_i/FCLKCLK[0]
                         net (fo=1, routed)           1.088     1.088    udp_gateway_shadow_mirror_i/processing_system7_0/inst/FCLK_CLK_unbuffered[0]
    BUFGCTRL_X0Y17       BUFG (Prop_bufg_I_O)         0.091     1.179 r  udp_gateway_shadow_mirror_i/processing_system7_0/inst/buffer_fclk_clk_0.FCLK_CLK_0_BUFG/O
                         net (fo=42827, routed)       1.575     2.754    udp_gateway_shadow_mirror_i/axi_mem_intercon/m00_couplers/auto_pc/inst/gen_axi4_axi3.axi3_conv_inst/USE_WRITE.write_addr_inst/USE_BURSTS.cmd_queue/inst/fifo_gen_inst/inst_fifo_gen/gconvfifo.rf/grf.rf/rstblk/ngwrdrst.grst.g7serrst.gnsckt_wrst.rst_wr_reg2_inst/dest_clk
    SLICE_X20Y12         FDPE                                         r  udp_gateway_shadow_mirror_i/axi_mem_intercon/m00_couplers/auto_pc/inst/gen_axi4_axi3.axi3_conv_inst/USE_WRITE.write_addr_inst/USE_BURSTS.cmd_queue/inst/fifo_gen_inst/inst_fifo_gen/gconvfifo.rf/grf.rf/rstblk/ngwrdrst.grst.g7serrst.gnsckt_wrst.rst_wr_reg2_inst/arststages_ff_reg[0]/C

Slack:                    inf
  Source:                 udp_gateway_shadow_mirror_i/rst_ps7_0_100M/U0/ACTIVE_LOW_PR_OUT_DFF[0].FDRE_PER_N/C
                            (rising edge-triggered cell FDRE clocked by clk_fpga_0  {rise@0.000ns fall@10.000ns period=20.000ns})
  Destination:            udp_gateway_shadow_mirror_i/axi_mem_intercon/m00_couplers/auto_pc/inst/gen_axi4_axi3.axi3_conv_inst/USE_WRITE.write_addr_inst/USE_BURSTS.cmd_queue/inst/fifo_gen_inst/inst_fifo_gen/gconvfifo.rf/grf.rf/rstblk/ngwrdrst.grst.g7serrst.gnsckt_wrst.rst_wr_reg2_inst/arststages_ff_reg[1]/PRE
                            (recovery check against rising-edge clock clk_fpga_0  {rise@0.000ns fall@10.000ns period=20.000ns})
  Path Group:             (none)
  Path Type:              Recovery (Max at Slow Process Corner)
  Data Path Delay:        12.479ns  (logic 0.672ns (5.385%)  route 11.807ns (94.615%))
  Logic Levels:           1  (LUT1=1)
  Clock Path Skew:        -0.509ns (DCD - SCD + CPR)
    Destination Clock Delay (DCD):    2.754ns
    Source Clock Delay      (SCD):    3.263ns
    Clock Pessimism Removal (CPR):    0.000ns
  Clock Uncertainty:      0.302ns  ((TSJ^2 + TIJ^2)^1/2 + DJ) / 2 + PE
    Total System Jitter     (TSJ):    0.071ns
    Total Input Jitter      (TIJ):    0.600ns
    Discrete Jitter          (DJ):    0.000ns
    Phase Error              (PE):    0.000ns
  Timing Exception:       False Path

    Location             Delay type                Incr(ns)  Path(ns)    Netlist Resource(s)
  -------------------------------------------------------------------    -------------------
                         (clock clk_fpga_0 rise edge)
                                                      0.000     0.000 r  
    PS7_X0Y0             PS7                          0.000     0.000 r  udp_gateway_shadow_mirror_i/processing_system7_0/inst/PS7_i/FCLKCLK[0]
                         net (fo=1, routed)           1.193     1.193    udp_gateway_shadow_mirror_i/processing_system7_0/inst/FCLK_CLK_unbuffered[0]
    BUFGCTRL_X0Y17       BUFG (Prop_bufg_I_O)         0.101     1.294 r  udp_gateway_shadow_mirror_i/processing_system7_0/inst/buffer_fclk_clk_0.FCLK_CLK_0_BUFG/O
                         net (fo=42827, routed)       1.969     3.263    udp_gateway_shadow_mirror_i/rst_ps7_0_100M/U0/slowest_sync_clk
    SLICE_X98Y133        FDRE                                         r  udp_gateway_shadow_mirror_i/rst_ps7_0_100M/U0/ACTIVE_LOW_PR_OUT_DFF[0].FDRE_PER_N/C
  -------------------------------------------------------------------    -------------------
    SLICE_X98Y133        FDRE (Prop_fdre_C_Q)         0.518     3.781 r  udp_gateway_shadow_mirror_i/rst_ps7_0_100M/U0/ACTIVE_LOW_PR_OUT_DFF[0].FDRE_PER_N/Q
                         net (fo=92, routed)         10.505    14.286    udp_gateway_shadow_mirror_i/axi_mem_intercon/m00_couplers/auto_pc/inst/gen_axi4_axi3.axi3_conv_inst/USE_WRITE.write_addr_inst/USE_BURSTS.cmd_queue/inst/aresetn
    SLICE_X17Y18         LUT1 (Prop_lut1_I0_O)        0.154    14.440 f  udp_gateway_shadow_mirror_i/axi_mem_intercon/m00_couplers/auto_pc/inst/gen_axi4_axi3.axi3_conv_inst/USE_WRITE.write_addr_inst/USE_BURSTS.cmd_queue/inst/S_AXI_AREADY_I_i_1/O
                         net (fo=253, routed)         1.302    15.742    udp_gateway_shadow_mirror_i/axi_mem_intercon/m00_couplers/auto_pc/inst/gen_axi4_axi3.axi3_conv_inst/USE_WRITE.write_addr_inst/USE_BURSTS.cmd_queue/inst/fifo_gen_inst/inst_fifo_gen/gconvfifo.rf/grf.rf/rstblk/ngwrdrst.grst.g7serrst.gnsckt_wrst.rst_wr_reg2_inst/src_arst
    SLICE_X20Y12         FDPE                                         f  udp_gateway_shadow_mirror_i/axi_mem_intercon/m00_couplers/auto_pc/inst/gen_axi4_axi3.axi3_conv_inst/USE_WRITE.write_addr_inst/USE_BURSTS.cmd_queue/inst/fifo_gen_inst/inst_fifo_gen/gconvfifo.rf/grf.rf/rstblk/ngwrdrst.grst.g7serrst.gnsckt_wrst.rst_wr_reg2_inst/arststages_ff_reg[1]/PRE
  -------------------------------------------------------------------    -------------------

                         (clock clk_fpga_0 rise edge)
                                                      0.000     0.000 r  
    PS7_X0Y0             PS7                          0.000     0.000 r  udp_gateway_shadow_mirror_i/processing_system7_0/inst/PS7_i/FCLKCLK[0]
                         net (fo=1, routed)           1.088     1.088    udp_gateway_shadow_mirror_i/processing_system7_0/inst/FCLK_CLK_unbuffered[0]
    BUFGCTRL_X0Y17       BUFG (Prop_bufg_I_O)         0.091     1.179 r  udp_gateway_shadow_mirror_i/processing_system7_0/inst/buffer_fclk_clk_0.FCLK_CLK_0_BUFG/O
                         net (fo=42827, routed)       1.575     2.754    udp_gateway_shadow_mirror_i/axi_mem_intercon/m00_couplers/auto_pc/inst/gen_axi4_axi3.axi3_conv_inst/USE_WRITE.write_addr_inst/USE_BURSTS.cmd_queue/inst/fifo_gen_inst/inst_fifo_gen/gconvfifo.rf/grf.rf/rstblk/ngwrdrst.grst.g7serrst.gnsckt_wrst.rst_wr_reg2_inst/dest_clk
    SLICE_X20Y12         FDPE                                         r  udp_gateway_shadow_mirror_i/axi_mem_intercon/m00_couplers/auto_pc/inst/gen_axi4_axi3.axi3_conv_inst/USE_WRITE.write_addr_inst/USE_BURSTS.cmd_queue/inst/fifo_gen_inst/inst_fifo_gen/gconvfifo.rf/grf.rf/rstblk/ngwrdrst.grst.g7serrst.gnsckt_wrst.rst_wr_reg2_inst/arststages_ff_reg[1]/C





Min Delay Paths
--------------------------------------------------------------------------------------
Slack:                    inf
  Source:                 udp_gateway_shadow_mirror_i/rst_ps7_0_100M/U0/ACTIVE_LOW_PR_OUT_DFF[0].FDRE_PER_N/C
                            (rising edge-triggered cell FDRE clocked by clk_fpga_0  {rise@0.000ns fall@10.000ns period=20.000ns})
  Destination:            udp_gateway_shadow_mirror_i/axi_mem_intercon/m00_couplers/auto_pc/inst/gen_axi4_axi3.axi3_conv_inst/USE_WRITE.write_addr_inst/USE_BURSTS.cmd_queue/inst/fifo_gen_inst/inst_fifo_gen/gconvfifo.rf/grf.rf/rstblk/ngwrdrst.grst.g7serrst.gnsckt_wrst.rst_wr_reg2_inst/arststages_ff_reg[0]/PRE
                            (removal check against rising-edge clock clk_fpga_0  {rise@0.000ns fall@10.000ns period=20.000ns})
  Path Group:             (none)
  Path Type:              Removal (Min at Fast Process Corner)
  Data Path Delay:        5.461ns  (logic 0.208ns (3.809%)  route 5.253ns (96.191%))
  Logic Levels:           1  (LUT1=1)
  Clock Path Skew:        0.205ns (DCD - SCD - CPR)
    Destination Clock Delay (DCD):    1.226ns
    Source Clock Delay      (SCD):    1.021ns
    Clock Pessimism Removal (CPR):    -0.000ns
  Clock Uncertainty:      0.302ns  ((TSJ^2 + TIJ^2)^1/2 + DJ) / 2 + PE
    Total System Jitter     (TSJ):    0.071ns
    Total Input Jitter      (TIJ):    0.600ns
    Discrete Jitter          (DJ):    0.000ns
    Phase Error              (PE):    0.000ns
  Timing Exception:       False Path

    Location             Delay type                Incr(ns)  Path(ns)    Netlist Resource(s)
  -------------------------------------------------------------------    -------------------
                         (clock clk_fpga_0 rise edge)
                                                      0.000     0.000 r  
    PS7_X0Y0             PS7                          0.000     0.000 r  udp_gateway_shadow_mirror_i/processing_system7_0/inst/PS7_i/FCLKCLK[0]
                         net (fo=1, routed)           0.310     0.310    udp_gateway_shadow_mirror_i/processing_system7_0/inst/FCLK_CLK_unbuffered[0]
    BUFGCTRL_X0Y17       BUFG (Prop_bufg_I_O)         0.026     0.336 r  udp_gateway_shadow_mirror_i/processing_system7_0/inst/buffer_fclk_clk_0.FCLK_CLK_0_BUFG/O
                         net (fo=42827, routed)       0.685     1.021    udp_gateway_shadow_mirror_i/rst_ps7_0_100M/U0/slowest_sync_clk
    SLICE_X98Y133        FDRE                                         r  udp_gateway_shadow_mirror_i/rst_ps7_0_100M/U0/ACTIVE_LOW_PR_OUT_DFF[0].FDRE_PER_N/C
  -------------------------------------------------------------------    -------------------
    SLICE_X98Y133        FDRE (Prop_fdre_C_Q)         0.164     1.185 r  udp_gateway_shadow_mirror_i/rst_ps7_0_100M/U0/ACTIVE_LOW_PR_OUT_DFF[0].FDRE_PER_N/Q
                         net (fo=92, routed)          4.732     5.917    udp_gateway_shadow_mirror_i/axi_mem_intercon/m00_couplers/auto_pc/inst/gen_axi4_axi3.axi3_conv_inst/USE_WRITE.write_addr_inst/USE_BURSTS.cmd_queue/inst/aresetn
    SLICE_X17Y18         LUT1 (Prop_lut1_I0_O)        0.044     5.961 f  udp_gateway_shadow_mirror_i/axi_mem_intercon/m00_couplers/auto_pc/inst/gen_axi4_axi3.axi3_conv_inst/USE_WRITE.write_addr_inst/USE_BURSTS.cmd_queue/inst/S_AXI_AREADY_I_i_1/O
                         net (fo=253, routed)         0.521     6.482    udp_gateway_shadow_mirror_i/axi_mem_intercon/m00_couplers/auto_pc/inst/gen_axi4_axi3.axi3_conv_inst/USE_WRITE.write_addr_inst/USE_BURSTS.cmd_queue/inst/fifo_gen_inst/inst_fifo_gen/gconvfifo.rf/grf.rf/rstblk/ngwrdrst.grst.g7serrst.gnsckt_wrst.rst_wr_reg2_inst/src_arst
    SLICE_X20Y12         FDPE                                         f  udp_gateway_shadow_mirror_i/axi_mem_intercon/m00_couplers/auto_pc/inst/gen_axi4_axi3.axi3_conv_inst/USE_WRITE.write_addr_inst/USE_BURSTS.cmd_queue/inst/fifo_gen_inst/inst_fifo_gen/gconvfifo.rf/grf.rf/rstblk/ngwrdrst.grst.g7serrst.gnsckt_wrst.rst_wr_reg2_inst/arststages_ff_reg[0]/PRE
  -------------------------------------------------------------------    -------------------

                         (clock clk_fpga_0 rise edge)
                                                      0.000     0.000 r  
    PS7_X0Y0             PS7                          0.000     0.000 r  udp_gateway_shadow_mirror_i/processing_system7_0/inst/PS7_i/FCLKCLK[0]
                         net (fo=1, routed)           0.337     0.337    udp_gateway_shadow_mirror_i/processing_system7_0/inst/FCLK_CLK_unbuffered[0]
    BUFGCTRL_X0Y17       BUFG (Prop_bufg_I_O)         0.029     0.366 r  udp_gateway_shadow_mirror_i/processing_system7_0/inst/buffer_fclk_clk_0.FCLK_CLK_0_BUFG/O
                         net (fo=42827, routed)       0.860     1.226    udp_gateway_shadow_mirror_i/axi_mem_intercon/m00_couplers/auto_pc/inst/gen_axi4_axi3.axi3_conv_inst/USE_WRITE.write_addr_inst/USE_BURSTS.cmd_queue/inst/fifo_gen_inst/inst_fifo_gen/gconvfifo.rf/grf.rf/rstblk/ngwrdrst.grst.g7serrst.gnsckt_wrst.rst_wr_reg2_inst/dest_clk
    SLICE_X20Y12         FDPE                                         r  udp_gateway_shadow_mirror_i/axi_mem_intercon/m00_couplers/auto_pc/inst/gen_axi4_axi3.axi3_conv_inst/USE_WRITE.write_addr_inst/USE_BURSTS.cmd_queue/inst/fifo_gen_inst/inst_fifo_gen/gconvfifo.rf/grf.rf/rstblk/ngwrdrst.grst.g7serrst.gnsckt_wrst.rst_wr_reg2_inst/arststages_ff_reg[0]/C

Slack:                    inf
  Source:                 udp_gateway_shadow_mirror_i/rst_ps7_0_100M/U0/ACTIVE_LOW_PR_OUT_DFF[0].FDRE_PER_N/C
                            (rising edge-triggered cell FDRE clocked by clk_fpga_0  {rise@0.000ns fall@10.000ns period=20.000ns})
  Destination:            udp_gateway_shadow_mirror_i/axi_mem_intercon/m00_couplers/auto_pc/inst/gen_axi4_axi3.axi3_conv_inst/USE_WRITE.write_addr_inst/USE_BURSTS.cmd_queue/inst/fifo_gen_inst/inst_fifo_gen/gconvfifo.rf/grf.rf/rstblk/ngwrdrst.grst.g7serrst.gnsckt_wrst.rst_wr_reg2_inst/arststages_ff_reg[1]/PRE
                            (removal check against rising-edge clock clk_fpga_0  {rise@0.000ns fall@10.000ns period=20.000ns})
  Path Group:             (none)
  Path Type:              Removal (Min at Fast Process Corner)
  Data Path Delay:        5.461ns  (logic 0.208ns (3.809%)  route 5.253ns (96.191%))
  Logic Levels:           1  (LUT1=1)
  Clock Path Skew:        0.205ns (DCD - SCD - CPR)
    Destination Clock Delay (DCD):    1.226ns
    Source Clock Delay      (SCD):    1.021ns
    Clock Pessimism Removal (CPR):    -0.000ns
  Clock Uncertainty:      0.302ns  ((TSJ^2 + TIJ^2)^1/2 + DJ) / 2 + PE
    Total System Jitter     (TSJ):    0.071ns
    Total Input Jitter      (TIJ):    0.600ns
    Discrete Jitter          (DJ):    0.000ns
    Phase Error              (PE):    0.000ns
  Timing Exception:       False Path

    Location             Delay type                Incr(ns)  Path(ns)    Netlist Resource(s)
  -------------------------------------------------------------------    -------------------
                         (clock clk_fpga_0 rise edge)
                                                      0.000     0.000 r  
    PS7_X0Y0             PS7                          0.000     0.000 r  udp_gateway_shadow_mirror_i/processing_system7_0/inst/PS7_i/FCLKCLK[0]
                         net (fo=1, routed)           0.310     0.310    udp_gateway_shadow_mirror_i/processing_system7_0/inst/FCLK_CLK_unbuffered[0]
    BUFGCTRL_X0Y17       BUFG (Prop_bufg_I_O)         0.026     0.336 r  udp_gateway_shadow_mirror_i/processing_system7_0/inst/buffer_fclk_clk_0.FCLK_CLK_0_BUFG/O
                         net (fo=42827, routed)       0.685     1.021    udp_gateway_shadow_mirror_i/rst_ps7_0_100M/U0/slowest_sync_clk
    SLICE_X98Y133        FDRE                                         r  udp_gateway_shadow_mirror_i/rst_ps7_0_100M/U0/ACTIVE_LOW_PR_OUT_DFF[0].FDRE_PER_N/C
  -------------------------------------------------------------------    -------------------
    SLICE_X98Y133        FDRE (Prop_fdre_C_Q)         0.164     1.185 r  udp_gateway_shadow_mirror_i/rst_ps7_0_100M/U0/ACTIVE_LOW_PR_OUT_DFF[0].FDRE_PER_N/Q
                         net (fo=92, routed)          4.732     5.917    udp_gateway_shadow_mirror_i/axi_mem_intercon/m00_couplers/auto_pc/inst/gen_axi4_axi3.axi3_conv_inst/USE_WRITE.write_addr_inst/USE_BURSTS.cmd_queue/inst/aresetn
    SLICE_X17Y18         LUT1 (Prop_lut1_I0_O)        0.044     5.961 f  udp_gateway_shadow_mirror_i/axi_mem_intercon/m00_couplers/auto_pc/inst/gen_axi4_axi3.axi3_conv_inst/USE_WRITE.write_addr_inst/USE_BURSTS.cmd_queue/inst/S_AXI_AREADY_I_i_1/O
                         net (fo=253, routed)         0.521     6.482    udp_gateway_shadow_mirror_i/axi_mem_intercon/m00_couplers/auto_pc/inst/gen_axi4_axi3.axi3_conv_inst/USE_WRITE.write_addr_inst/USE_BURSTS.cmd_queue/inst/fifo_gen_inst/inst_fifo_gen/gconvfifo.rf/grf.rf/rstblk/ngwrdrst.grst.g7serrst.gnsckt_wrst.rst_wr_reg2_inst/src_arst
    SLICE_X20Y12         FDPE                                         f  udp_gateway_shadow_mirror_i/axi_mem_intercon/m00_couplers/auto_pc/inst/gen_axi4_axi3.axi3_conv_inst/USE_WRITE.write_addr_inst/USE_BURSTS.cmd_queue/inst/fifo_gen_inst/inst_fifo_gen/gconvfifo.rf/grf.rf/rstblk/ngwrdrst.grst.g7serrst.gnsckt_wrst.rst_wr_reg2_inst/arststages_ff_reg[1]/PRE
  -------------------------------------------------------------------    -------------------

                         (clock clk_fpga_0 rise edge)
                                                      0.000     0.000 r  
    PS7_X0Y0             PS7                          0.000     0.000 r  udp_gateway_shadow_mirror_i/processing_system7_0/inst/PS7_i/FCLKCLK[0]
                         net (fo=1, routed)           0.337     0.337    udp_gateway_shadow_mirror_i/processing_system7_0/inst/FCLK_CLK_unbuffered[0]
    BUFGCTRL_X0Y17       BUFG (Prop_bufg_I_O)         0.029     0.366 r  udp_gateway_shadow_mirror_i/processing_system7_0/inst/buffer_fclk_clk_0.FCLK_CLK_0_BUFG/O
                         net (fo=42827, routed)       0.860     1.226    udp_gateway_shadow_mirror_i/axi_mem_intercon/m00_couplers/auto_pc/inst/gen_axi4_axi3.axi3_conv_inst/USE_WRITE.write_addr_inst/USE_BURSTS.cmd_queue/inst/fifo_gen_inst/inst_fifo_gen/gconvfifo.rf/grf.rf/rstblk/ngwrdrst.grst.g7serrst.gnsckt_wrst.rst_wr_reg2_inst/dest_clk
    SLICE_X20Y12         FDPE                                         r  udp_gateway_shadow_mirror_i/axi_mem_intercon/m00_couplers/auto_pc/inst/gen_axi4_axi3.axi3_conv_inst/USE_WRITE.write_addr_inst/USE_BURSTS.cmd_queue/inst/fifo_gen_inst/inst_fifo_gen/gconvfifo.rf/grf.rf/rstblk/ngwrdrst.grst.g7serrst.gnsckt_wrst.rst_wr_reg2_inst/arststages_ff_reg[1]/C

Slack:                    inf
  Source:                 udp_gateway_shadow_mirror_i/rst_ps7_0_100M/U0/ACTIVE_LOW_PR_OUT_DFF[0].FDRE_PER_N/C
                            (rising edge-triggered cell FDRE clocked by clk_fpga_0  {rise@0.000ns fall@10.000ns period=20.000ns})
  Destination:            udp_gateway_shadow_mirror_i/axi_mem_intercon/m00_couplers/auto_pc/inst/gen_axi4_axi3.axi3_conv_inst/USE_READ.USE_SPLIT_R.read_addr_inst/USE_R_CHANNEL.cmd_queue/inst/fifo_gen_inst/inst_fifo_gen/gconvfifo.rf/grf.rf/rstblk/ngwrdrst.grst.g7serrst.gnsckt_wrst.rst_wr_reg2_inst/arststages_ff_reg[0]/PRE
                            (removal check against rising-edge clock clk_fpga_0  {rise@0.000ns fall@10.000ns period=20.000ns})
  Path Group:             (none)
  Path Type:              Removal (Min at Fast Process Corner)
  Data Path Delay:        5.782ns  (logic 0.208ns (3.598%)  route 5.574ns (96.402%))
  Logic Levels:           1  (LUT1=1)
  Clock Path Skew:        0.239ns (DCD - SCD - CPR)
    Destination Clock Delay (DCD):    1.260ns
    Source Clock Delay      (SCD):    1.021ns
    Clock Pessimism Removal (CPR):    -0.000ns
  Clock Uncertainty:      0.302ns  ((TSJ^2 + TIJ^2)^1/2 + DJ) / 2 + PE
    Total System Jitter     (TSJ):    0.071ns
    Total Input Jitter      (TIJ):    0.600ns
    Discrete Jitter          (DJ):    0.000ns
    Phase Error              (PE):    0.000ns
  Timing Exception:       False Path

    Location             Delay type                Incr(ns)  Path(ns)    Netlist Resource(s)
  -------------------------------------------------------------------    -------------------
                         (clock clk_fpga_0 rise edge)
                                                      0.000     0.000 r  
    PS7_X0Y0             PS7                          0.000     0.000 r  udp_gateway_shadow_mirror_i/processing_system7_0/inst/PS7_i/FCLKCLK[0]
                         net (fo=1, routed)           0.310     0.310    udp_gateway_shadow_mirror_i/processing_system7_0/inst/FCLK_CLK_unbuffered[0]
    BUFGCTRL_X0Y17       BUFG (Prop_bufg_I_O)         0.026     0.336 r  udp_gateway_shadow_mirror_i/processing_system7_0/inst/buffer_fclk_clk_0.FCLK_CLK_0_BUFG/O
                         net (fo=42827, routed)       0.685     1.021    udp_gateway_shadow_mirror_i/rst_ps7_0_100M/U0/slowest_sync_clk
    SLICE_X98Y133        FDRE                                         r  udp_gateway_shadow_mirror_i/rst_ps7_0_100M/U0/ACTIVE_LOW_PR_OUT_DFF[0].FDRE_PER_N/C
  -------------------------------------------------------------------    -------------------
    SLICE_X98Y133        FDRE (Prop_fdre_C_Q)         0.164     1.185 r  udp_gateway_shadow_mirror_i/rst_ps7_0_100M/U0/ACTIVE_LOW_PR_OUT_DFF[0].FDRE_PER_N/Q
                         net (fo=92, routed)          4.732     5.917    udp_gateway_shadow_mirror_i/axi_mem_intercon/m00_couplers/auto_pc/inst/gen_axi4_axi3.axi3_conv_inst/USE_WRITE.write_addr_inst/USE_BURSTS.cmd_queue/inst/aresetn
    SLICE_X17Y18         LUT1 (Prop_lut1_I0_O)        0.044     5.961 f  udp_gateway_shadow_mirror_i/axi_mem_intercon/m00_couplers/auto_pc/inst/gen_axi4_axi3.axi3_conv_inst/USE_WRITE.write_addr_inst/USE_BURSTS.cmd_queue/inst/S_AXI_AREADY_I_i_1/O
                         net (fo=253, routed)         0.841     6.803    udp_gateway_shadow_mirror_i/axi_mem_intercon/m00_couplers/auto_pc/inst/gen_axi4_axi3.axi3_conv_inst/USE_READ.USE_SPLIT_R.read_addr_inst/USE_R_CHANNEL.cmd_queue/inst/fifo_gen_inst/inst_fifo_gen/gconvfifo.rf/grf.rf/rstblk/ngwrdrst.grst.g7serrst.gnsckt_wrst.rst_wr_reg2_inst/src_arst
    SLICE_X7Y3           FDPE                                         f  udp_gateway_shadow_mirror_i/axi_mem_intercon/m00_couplers/auto_pc/inst/gen_axi4_axi3.axi3_conv_inst/USE_READ.USE_SPLIT_R.read_addr_inst/USE_R_CHANNEL.cmd_queue/inst/fifo_gen_inst/inst_fifo_gen/gconvfifo.rf/grf.rf/rstblk/ngwrdrst.grst.g7serrst.gnsckt_wrst.rst_wr_reg2_inst/arststages_ff_reg[0]/PRE
  -------------------------------------------------------------------    -------------------

                         (clock clk_fpga_0 rise edge)
                                                      0.000     0.000 r  
    PS7_X0Y0             PS7                          0.000     0.000 r  udp_gateway_shadow_mirror_i/processing_system7_0/inst/PS7_i/FCLKCLK[0]
                         net (fo=1, routed)           0.337     0.337    udp_gateway_shadow_mirror_i/processing_system7_0/inst/FCLK_CLK_unbuffered[0]
    BUFGCTRL_X0Y17       BUFG (Prop_bufg_I_O)         0.029     0.366 r  udp_gateway_shadow_mirror_i/processing_system7_0/inst/buffer_fclk_clk_0.FCLK_CLK_0_BUFG/O
                         net (fo=42827, routed)       0.894     1.260    udp_gateway_shadow_mirror_i/axi_mem_intercon/m00_couplers/auto_pc/inst/gen_axi4_axi3.axi3_conv_inst/USE_READ.USE_SPLIT_R.read_addr_inst/USE_R_CHANNEL.cmd_queue/inst/fifo_gen_inst/inst_fifo_gen/gconvfifo.rf/grf.rf/rstblk/ngwrdrst.grst.g7serrst.gnsckt_wrst.rst_wr_reg2_inst/dest_clk
    SLICE_X7Y3           FDPE                                         r  udp_gateway_shadow_mirror_i/axi_mem_intercon/m00_couplers/auto_pc/inst/gen_axi4_axi3.axi3_conv_inst/USE_READ.USE_SPLIT_R.read_addr_inst/USE_R_CHANNEL.cmd_queue/inst/fifo_gen_inst/inst_fifo_gen/gconvfifo.rf/grf.rf/rstblk/ngwrdrst.grst.g7serrst.gnsckt_wrst.rst_wr_reg2_inst/arststages_ff_reg[0]/C

Slack:                    inf
  Source:                 udp_gateway_shadow_mirror_i/rst_ps7_0_100M/U0/ACTIVE_LOW_PR_OUT_DFF[0].FDRE_PER_N/C
                            (rising edge-triggered cell FDRE clocked by clk_fpga_0  {rise@0.000ns fall@10.000ns period=20.000ns})
  Destination:            udp_gateway_shadow_mirror_i/axi_mem_intercon/m00_couplers/auto_pc/inst/gen_axi4_axi3.axi3_conv_inst/USE_READ.USE_SPLIT_R.read_addr_inst/USE_R_CHANNEL.cmd_queue/inst/fifo_gen_inst/inst_fifo_gen/gconvfifo.rf/grf.rf/rstblk/ngwrdrst.grst.g7serrst.gnsckt_wrst.rst_wr_reg2_inst/arststages_ff_reg[1]/PRE
                            (removal check against rising-edge clock clk_fpga_0  {rise@0.000ns fall@10.000ns period=20.000ns})
  Path Group:             (none)
  Path Type:              Removal (Min at Fast Process Corner)
  Data Path Delay:        5.782ns  (logic 0.208ns (3.598%)  route 5.574ns (96.402%))
  Logic Levels:           1  (LUT1=1)
  Clock Path Skew:        0.239ns (DCD - SCD - CPR)
    Destination Clock Delay (DCD):    1.260ns
    Source Clock Delay      (SCD):    1.021ns
    Clock Pessimism Removal (CPR):    -0.000ns
  Clock Uncertainty:      0.302ns  ((TSJ^2 + TIJ^2)^1/2 + DJ) / 2 + PE
    Total System Jitter     (TSJ):    0.071ns
    Total Input Jitter      (TIJ):    0.600ns
    Discrete Jitter          (DJ):    0.000ns
    Phase Error              (PE):    0.000ns
  Timing Exception:       False Path

    Location             Delay type                Incr(ns)  Path(ns)    Netlist Resource(s)
  -------------------------------------------------------------------    -------------------
                         (clock clk_fpga_0 rise edge)
                                                      0.000     0.000 r  
    PS7_X0Y0             PS7                          0.000     0.000 r  udp_gateway_shadow_mirror_i/processing_system7_0/inst/PS7_i/FCLKCLK[0]
                         net (fo=1, routed)           0.310     0.310    udp_gateway_shadow_mirror_i/processing_system7_0/inst/FCLK_CLK_unbuffered[0]
    BUFGCTRL_X0Y17       BUFG (Prop_bufg_I_O)         0.026     0.336 r  udp_gateway_shadow_mirror_i/processing_system7_0/inst/buffer_fclk_clk_0.FCLK_CLK_0_BUFG/O
                         net (fo=42827, routed)       0.685     1.021    udp_gateway_shadow_mirror_i/rst_ps7_0_100M/U0/slowest_sync_clk
    SLICE_X98Y133        FDRE                                         r  udp_gateway_shadow_mirror_i/rst_ps7_0_100M/U0/ACTIVE_LOW_PR_OUT_DFF[0].FDRE_PER_N/C
  -------------------------------------------------------------------    -------------------
    SLICE_X98Y133        FDRE (Prop_fdre_C_Q)         0.164     1.185 r  udp_gateway_shadow_mirror_i/rst_ps7_0_100M/U0/ACTIVE_LOW_PR_OUT_DFF[0].FDRE_PER_N/Q
                         net (fo=92, routed)          4.732     5.917    udp_gateway_shadow_mirror_i/axi_mem_intercon/m00_couplers/auto_pc/inst/gen_axi4_axi3.axi3_conv_inst/USE_WRITE.write_addr_inst/USE_BURSTS.cmd_queue/inst/aresetn
    SLICE_X17Y18         LUT1 (Prop_lut1_I0_O)        0.044     5.961 f  udp_gateway_shadow_mirror_i/axi_mem_intercon/m00_couplers/auto_pc/inst/gen_axi4_axi3.axi3_conv_inst/USE_WRITE.write_addr_inst/USE_BURSTS.cmd_queue/inst/S_AXI_AREADY_I_i_1/O
                         net (fo=253, routed)         0.841     6.803    udp_gateway_shadow_mirror_i/axi_mem_intercon/m00_couplers/auto_pc/inst/gen_axi4_axi3.axi3_conv_inst/USE_READ.USE_SPLIT_R.read_addr_inst/USE_R_CHANNEL.cmd_queue/inst/fifo_gen_inst/inst_fifo_gen/gconvfifo.rf/grf.rf/rstblk/ngwrdrst.grst.g7serrst.gnsckt_wrst.rst_wr_reg2_inst/src_arst
    SLICE_X7Y3           FDPE                                         f  udp_gateway_shadow_mirror_i/axi_mem_intercon/m00_couplers/auto_pc/inst/gen_axi4_axi3.axi3_conv_inst/USE_READ.USE_SPLIT_R.read_addr_inst/USE_R_CHANNEL.cmd_queue/inst/fifo_gen_inst/inst_fifo_gen/gconvfifo.rf/grf.rf/rstblk/ngwrdrst.grst.g7serrst.gnsckt_wrst.rst_wr_reg2_inst/arststages_ff_reg[1]/PRE
  -------------------------------------------------------------------    -------------------

                         (clock clk_fpga_0 rise edge)
                                                      0.000     0.000 r  
    PS7_X0Y0             PS7                          0.000     0.000 r  udp_gateway_shadow_mirror_i/processing_system7_0/inst/PS7_i/FCLKCLK[0]
                         net (fo=1, routed)           0.337     0.337    udp_gateway_shadow_mirror_i/processing_system7_0/inst/FCLK_CLK_unbuffered[0]
    BUFGCTRL_X0Y17       BUFG (Prop_bufg_I_O)         0.029     0.366 r  udp_gateway_shadow_mirror_i/processing_system7_0/inst/buffer_fclk_clk_0.FCLK_CLK_0_BUFG/O
                         net (fo=42827, routed)       0.894     1.260    udp_gateway_shadow_mirror_i/axi_mem_intercon/m00_couplers/auto_pc/inst/gen_axi4_axi3.axi3_conv_inst/USE_READ.USE_SPLIT_R.read_addr_inst/USE_R_CHANNEL.cmd_queue/inst/fifo_gen_inst/inst_fifo_gen/gconvfifo.rf/grf.rf/rstblk/ngwrdrst.grst.g7serrst.gnsckt_wrst.rst_wr_reg2_inst/dest_clk
    SLICE_X7Y3           FDPE                                         r  udp_gateway_shadow_mirror_i/axi_mem_intercon/m00_couplers/auto_pc/inst/gen_axi4_axi3.axi3_conv_inst/USE_READ.USE_SPLIT_R.read_addr_inst/USE_R_CHANNEL.cmd_queue/inst/fifo_gen_inst/inst_fifo_gen/gconvfifo.rf/grf.rf/rstblk/ngwrdrst.grst.g7serrst.gnsckt_wrst.rst_wr_reg2_inst/arststages_ff_reg[1]/C

Slack:                    inf
  Source:                 udp_gateway_shadow_mirror_i/rst_ps7_0_100M/U0/ACTIVE_LOW_PR_OUT_DFF[0].FDRE_PER_N/C
                            (rising edge-triggered cell FDRE clocked by clk_fpga_0  {rise@0.000ns fall@10.000ns period=20.000ns})
  Destination:            udp_gateway_shadow_mirror_i/axi_mem_intercon/m00_couplers/auto_pc/inst/gen_axi4_axi3.axi3_conv_inst/USE_WRITE.write_addr_inst/USE_B_CHANNEL.cmd_b_queue/inst/fifo_gen_inst/inst_fifo_gen/gconvfifo.rf/grf.rf/rstblk/ngwrdrst.grst.g7serrst.gnsckt_wrst.rst_wr_reg2_inst/arststages_ff_reg[0]/PRE
                            (removal check against rising-edge clock clk_fpga_0  {rise@0.000ns fall@10.000ns period=20.000ns})
  Path Group:             (none)
  Path Type:              Removal (Min at Fast Process Corner)
  Data Path Delay:        6.231ns  (logic 0.208ns (3.338%)  route 6.023ns (96.662%))
  Logic Levels:           1  (LUT1=1)
  Clock Path Skew:        0.174ns (DCD - SCD - CPR)
    Destination Clock Delay (DCD):    1.195ns
    Source Clock Delay      (SCD):    1.021ns
    Clock Pessimism Removal (CPR):    -0.000ns
  Clock Uncertainty:      0.302ns  ((TSJ^2 + TIJ^2)^1/2 + DJ) / 2 + PE
    Total System Jitter     (TSJ):    0.071ns
    Total Input Jitter      (TIJ):    0.600ns
    Discrete Jitter          (DJ):    0.000ns
    Phase Error              (PE):    0.000ns
  Timing Exception:       False Path

    Location             Delay type                Incr(ns)  Path(ns)    Netlist Resource(s)
  -------------------------------------------------------------------    -------------------
                         (clock clk_fpga_0 rise edge)
                                                      0.000     0.000 r  
    PS7_X0Y0             PS7                          0.000     0.000 r  udp_gateway_shadow_mirror_i/processing_system7_0/inst/PS7_i/FCLKCLK[0]
                         net (fo=1, routed)           0.310     0.310    udp_gateway_shadow_mirror_i/processing_system7_0/inst/FCLK_CLK_unbuffered[0]
    BUFGCTRL_X0Y17       BUFG (Prop_bufg_I_O)         0.026     0.336 r  udp_gateway_shadow_mirror_i/processing_system7_0/inst/buffer_fclk_clk_0.FCLK_CLK_0_BUFG/O
                         net (fo=42827, routed)       0.685     1.021    udp_gateway_shadow_mirror_i/rst_ps7_0_100M/U0/slowest_sync_clk
    SLICE_X98Y133        FDRE                                         r  udp_gateway_shadow_mirror_i/rst_ps7_0_100M/U0/ACTIVE_LOW_PR_OUT_DFF[0].FDRE_PER_N/C
  -------------------------------------------------------------------    -------------------
    SLICE_X98Y133        FDRE (Prop_fdre_C_Q)         0.164     1.185 r  udp_gateway_shadow_mirror_i/rst_ps7_0_100M/U0/ACTIVE_LOW_PR_OUT_DFF[0].FDRE_PER_N/Q
                         net (fo=92, routed)          4.732     5.917    udp_gateway_shadow_mirror_i/axi_mem_intercon/m00_couplers/auto_pc/inst/gen_axi4_axi3.axi3_conv_inst/USE_WRITE.write_addr_inst/USE_BURSTS.cmd_queue/inst/aresetn
    SLICE_X17Y18         LUT1 (Prop_lut1_I0_O)        0.044     5.961 f  udp_gateway_shadow_mirror_i/axi_mem_intercon/m00_couplers/auto_pc/inst/gen_axi4_axi3.axi3_conv_inst/USE_WRITE.write_addr_inst/USE_BURSTS.cmd_queue/inst/S_AXI_AREADY_I_i_1/O
                         net (fo=253, routed)         1.290     7.252    udp_gateway_shadow_mirror_i/axi_mem_intercon/m00_couplers/auto_pc/inst/gen_axi4_axi3.axi3_conv_inst/USE_WRITE.write_addr_inst/USE_B_CHANNEL.cmd_b_queue/inst/fifo_gen_inst/inst_fifo_gen/gconvfifo.rf/grf.rf/rstblk/ngwrdrst.grst.g7serrst.gnsckt_wrst.rst_wr_reg2_inst/src_arst
    SLICE_X40Y6          FDPE                                         f  udp_gateway_shadow_mirror_i/axi_mem_intercon/m00_couplers/auto_pc/inst/gen_axi4_axi3.axi3_conv_inst/USE_WRITE.write_addr_inst/USE_B_CHANNEL.cmd_b_queue/inst/fifo_gen_inst/inst_fifo_gen/gconvfifo.rf/grf.rf/rstblk/ngwrdrst.grst.g7serrst.gnsckt_wrst.rst_wr_reg2_inst/arststages_ff_reg[0]/PRE
  -------------------------------------------------------------------    -------------------

                         (clock clk_fpga_0 rise edge)
                                                      0.000     0.000 r  
    PS7_X0Y0             PS7                          0.000     0.000 r  udp_gateway_shadow_mirror_i/processing_system7_0/inst/PS7_i/FCLKCLK[0]
                         net (fo=1, routed)           0.337     0.337    udp_gateway_shadow_mirror_i/processing_system7_0/inst/FCLK_CLK_unbuffered[0]
    BUFGCTRL_X0Y17       BUFG (Prop_bufg_I_O)         0.029     0.366 r  udp_gateway_shadow_mirror_i/processing_system7_0/inst/buffer_fclk_clk_0.FCLK_CLK_0_BUFG/O
                         net (fo=42827, routed)       0.829     1.195    udp_gateway_shadow_mirror_i/axi_mem_intercon/m00_couplers/auto_pc/inst/gen_axi4_axi3.axi3_conv_inst/USE_WRITE.write_addr_inst/USE_B_CHANNEL.cmd_b_queue/inst/fifo_gen_inst/inst_fifo_gen/gconvfifo.rf/grf.rf/rstblk/ngwrdrst.grst.g7serrst.gnsckt_wrst.rst_wr_reg2_inst/dest_clk
    SLICE_X40Y6          FDPE                                         r  udp_gateway_shadow_mirror_i/axi_mem_intercon/m00_couplers/auto_pc/inst/gen_axi4_axi3.axi3_conv_inst/USE_WRITE.write_addr_inst/USE_B_CHANNEL.cmd_b_queue/inst/fifo_gen_inst/inst_fifo_gen/gconvfifo.rf/grf.rf/rstblk/ngwrdrst.grst.g7serrst.gnsckt_wrst.rst_wr_reg2_inst/arststages_ff_reg[0]/C

Slack:                    inf
  Source:                 udp_gateway_shadow_mirror_i/rst_ps7_0_100M/U0/ACTIVE_LOW_PR_OUT_DFF[0].FDRE_PER_N/C
                            (rising edge-triggered cell FDRE clocked by clk_fpga_0  {rise@0.000ns fall@10.000ns period=20.000ns})
  Destination:            udp_gateway_shadow_mirror_i/axi_mem_intercon/m00_couplers/auto_pc/inst/gen_axi4_axi3.axi3_conv_inst/USE_WRITE.write_addr_inst/USE_B_CHANNEL.cmd_b_queue/inst/fifo_gen_inst/inst_fifo_gen/gconvfifo.rf/grf.rf/rstblk/ngwrdrst.grst.g7serrst.gnsckt_wrst.rst_wr_reg2_inst/arststages_ff_reg[1]/PRE
                            (removal check against rising-edge clock clk_fpga_0  {rise@0.000ns fall@10.000ns period=20.000ns})
  Path Group:             (none)
  Path Type:              Removal (Min at Fast Process Corner)
  Data Path Delay:        6.231ns  (logic 0.208ns (3.338%)  route 6.023ns (96.662%))
  Logic Levels:           1  (LUT1=1)
  Clock Path Skew:        0.174ns (DCD - SCD - CPR)
    Destination Clock Delay (DCD):    1.195ns
    Source Clock Delay      (SCD):    1.021ns
    Clock Pessimism Removal (CPR):    -0.000ns
  Clock Uncertainty:      0.302ns  ((TSJ^2 + TIJ^2)^1/2 + DJ) / 2 + PE
    Total System Jitter     (TSJ):    0.071ns
    Total Input Jitter      (TIJ):    0.600ns
    Discrete Jitter          (DJ):    0.000ns
    Phase Error              (PE):    0.000ns
  Timing Exception:       False Path

    Location             Delay type                Incr(ns)  Path(ns)    Netlist Resource(s)
  -------------------------------------------------------------------    -------------------
                         (clock clk_fpga_0 rise edge)
                                                      0.000     0.000 r  
    PS7_X0Y0             PS7                          0.000     0.000 r  udp_gateway_shadow_mirror_i/processing_system7_0/inst/PS7_i/FCLKCLK[0]
                         net (fo=1, routed)           0.310     0.310    udp_gateway_shadow_mirror_i/processing_system7_0/inst/FCLK_CLK_unbuffered[0]
    BUFGCTRL_X0Y17       BUFG (Prop_bufg_I_O)         0.026     0.336 r  udp_gateway_shadow_mirror_i/processing_system7_0/inst/buffer_fclk_clk_0.FCLK_CLK_0_BUFG/O
                         net (fo=42827, routed)       0.685     1.021    udp_gateway_shadow_mirror_i/rst_ps7_0_100M/U0/slowest_sync_clk
    SLICE_X98Y133        FDRE                                         r  udp_gateway_shadow_mirror_i/rst_ps7_0_100M/U0/ACTIVE_LOW_PR_OUT_DFF[0].FDRE_PER_N/C
  -------------------------------------------------------------------    -------------------
    SLICE_X98Y133        FDRE (Prop_fdre_C_Q)         0.164     1.185 r  udp_gateway_shadow_mirror_i/rst_ps7_0_100M/U0/ACTIVE_LOW_PR_OUT_DFF[0].FDRE_PER_N/Q
                         net (fo=92, routed)          4.732     5.917    udp_gateway_shadow_mirror_i/axi_mem_intercon/m00_couplers/auto_pc/inst/gen_axi4_axi3.axi3_conv_inst/USE_WRITE.write_addr_inst/USE_BURSTS.cmd_queue/inst/aresetn
    SLICE_X17Y18         LUT1 (Prop_lut1_I0_O)        0.044     5.961 f  udp_gateway_shadow_mirror_i/axi_mem_intercon/m00_couplers/auto_pc/inst/gen_axi4_axi3.axi3_conv_inst/USE_WRITE.write_addr_inst/USE_BURSTS.cmd_queue/inst/S_AXI_AREADY_I_i_1/O
                         net (fo=253, routed)         1.290     7.252    udp_gateway_shadow_mirror_i/axi_mem_intercon/m00_couplers/auto_pc/inst/gen_axi4_axi3.axi3_conv_inst/USE_WRITE.write_addr_inst/USE_B_CHANNEL.cmd_b_queue/inst/fifo_gen_inst/inst_fifo_gen/gconvfifo.rf/grf.rf/rstblk/ngwrdrst.grst.g7serrst.gnsckt_wrst.rst_wr_reg2_inst/src_arst
    SLICE_X40Y6          FDPE                                         f  udp_gateway_shadow_mirror_i/axi_mem_intercon/m00_couplers/auto_pc/inst/gen_axi4_axi3.axi3_conv_inst/USE_WRITE.write_addr_inst/USE_B_CHANNEL.cmd_b_queue/inst/fifo_gen_inst/inst_fifo_gen/gconvfifo.rf/grf.rf/rstblk/ngwrdrst.grst.g7serrst.gnsckt_wrst.rst_wr_reg2_inst/arststages_ff_reg[1]/PRE
  -------------------------------------------------------------------    -------------------

                         (clock clk_fpga_0 rise edge)
                                                      0.000     0.000 r  
    PS7_X0Y0             PS7                          0.000     0.000 r  udp_gateway_shadow_mirror_i/processing_system7_0/inst/PS7_i/FCLKCLK[0]
                         net (fo=1, routed)           0.337     0.337    udp_gateway_shadow_mirror_i/processing_system7_0/inst/FCLK_CLK_unbuffered[0]
    BUFGCTRL_X0Y17       BUFG (Prop_bufg_I_O)         0.029     0.366 r  udp_gateway_shadow_mirror_i/processing_system7_0/inst/buffer_fclk_clk_0.FCLK_CLK_0_BUFG/O
                         net (fo=42827, routed)       0.829     1.195    udp_gateway_shadow_mirror_i/axi_mem_intercon/m00_couplers/auto_pc/inst/gen_axi4_axi3.axi3_conv_inst/USE_WRITE.write_addr_inst/USE_B_CHANNEL.cmd_b_queue/inst/fifo_gen_inst/inst_fifo_gen/gconvfifo.rf/grf.rf/rstblk/ngwrdrst.grst.g7serrst.gnsckt_wrst.rst_wr_reg2_inst/dest_clk
    SLICE_X40Y6          FDPE                                         r  udp_gateway_shadow_mirror_i/axi_mem_intercon/m00_couplers/auto_pc/inst/gen_axi4_axi3.axi3_conv_inst/USE_WRITE.write_addr_inst/USE_B_CHANNEL.cmd_b_queue/inst/fifo_gen_inst/inst_fifo_gen/gconvfifo.rf/grf.rf/rstblk/ngwrdrst.grst.g7serrst.gnsckt_wrst.rst_wr_reg2_inst/arststages_ff_reg[1]/C





