Copyright 1986-2022 Xilinx, Inc. All Rights Reserved. Copyright 2022-2024 Advanced Micro Devices, Inc. All Rights Reserved.
---------------------------------------------------------------------------------------------------------------------------------------------------------------------------------------------------------------------------------------------------------------------------------------------------------------------------------------
| Tool Version : Vivado v.2024.1 (win64) Build 5076996 Wed May 22 18:37:14 MDT 2024
| Date         : Thu Apr  2 15:10:58 2026
| Host         : LAPTOP-96UDD738 running 64-bit major release  (build 9200)
| Command      : report_timing_summary -max_paths 10 -report_unconstrained -warn_on_violation -file udp_gateway_shadow_mirror_wrapper_timing_summary_postroute_physopted.rpt -pb udp_gateway_shadow_mirror_wrapper_timing_summary_postroute_physopted.pb -rpx udp_gateway_shadow_mirror_wrapper_timing_summary_postroute_physopted.rpx
| Design       : udp_gateway_shadow_mirror_wrapper
| Device       : 7z020-clg400
| Speed File   : -1  PRODUCTION 1.12 2019-11-22
| Design State : Physopt postRoute
---------------------------------------------------------------------------------------------------------------------------------------------------------------------------------------------------------------------------------------------------------------------------------------------------------------------------------------

Timing Summary Report

------------------------------------------------------------------------------------------------
| Timer Settings
| --------------
------------------------------------------------------------------------------------------------

  Enable Multi Corner Analysis               :  Yes
  Enable Pessimism Removal                   :  Yes
  Pessimism Removal Resolution               :  Nearest Common Node
  Enable Input Delay Default Clock           :  No
  Enable Preset / Clear Arcs                 :  No
  Disable Flight Delays                      :  No
  Ignore I/O Paths                           :  No
  Timing Early Launch at Borrowing Latches   :  No
  Borrow Time for Max Delay Exceptions       :  Yes
  Merge Timing Exceptions                    :  Yes
  Inter-SLR Compensation                     :  Conservative

  Corner  Analyze    Analyze    
  Name    Max Paths  Min Paths  
  ------  ---------  ---------  
  Slow    Yes        Yes        
  Fast    Yes        Yes        


------------------------------------------------------------------------------------------------
| Report Methodology
| ------------------
------------------------------------------------------------------------------------------------

No report available as report_methodology has not been run prior. Run report_methodology on the current design for the summary of methodology violations.



check_timing report

Table of Contents
-----------------
1. checking no_clock (0)
2. checking constant_clock (0)
3. checking pulse_width_clock (0)
4. checking unconstrained_internal_endpoints (0)
5. checking no_input_delay (0)
6. checking no_output_delay (0)
7. checking multiple_clock (0)
8. checking generated_clocks (0)
9. checking loops (0)
10. checking partial_input_delay (0)
11. checking partial_output_delay (0)
12. checking latch_loops (0)

1. checking no_clock (0)
------------------------
 There are 0 register/latch pins with no clock.


2. checking constant_clock (0)
------------------------------
 There are 0 register/latch pins with constant_clock.


3. checking pulse_width_clock (0)
---------------------------------
 There are 0 register/latch pins which need pulse_width check


4. checking unconstrained_internal_endpoints (0)
------------------------------------------------
 There are 0 pins that are not constrained for maximum delay.

 There are 0 pins that are not constrained for maximum delay due to constant clock.


5. checking no_input_delay (0)
------------------------------
 There are 0 input ports with no input delay specified.

 There are 0 input ports with no input delay but user has a false path constraint.


6. checking no_output_delay (0)
-------------------------------
 There are 0 ports with no output delay specified.

 There are 0 ports with no output delay but user has a false path constraint

 There are 0 ports with no output delay but with a timing clock defined on it or propagating through it


7. checking multiple_clock (0)
------------------------------
 There are 0 register/latch pins with multiple clocks.


8. checking generated_clocks (0)
--------------------------------
 There are 0 generated clocks that are not connected to a clock source.


9. checking loops (0)
---------------------
 There are 0 combinational loops in the design.


10. checking partial_input_delay (0)
------------------------------------
 There are 0 input ports with partial input delay specified.


11. checking partial_output_delay (0)
-------------------------------------
 There are 0 ports with partial output delay specified.


12. checking latch_loops (0)
----------------------------
 There are 0 combinational latch loops in the design through latch input



------------------------------------------------------------------------------------------------
| Design Timing Summary
| ---------------------
------------------------------------------------------------------------------------------------

    WNS(ns)      TNS(ns)  TNS Failing Endpoints  TNS Total Endpoints      WHS(ns)      THS(ns)  THS Failing Endpoints  THS Total Endpoints     WPWS(ns)     TPWS(ns)  TPWS Failing Endpoints  TPWS Total Endpoints  
    -------      -------  ---------------------  -------------------      -------      -------  ---------------------  -------------------     --------     --------  ----------------------  --------------------  
      3.342        0.000                      0               171585        0.030        0.000                      0               171585        8.750        0.000                       0                 42442  


All user specified timing constraints are met.


------------------------------------------------------------------------------------------------
| Clock Summary
| -------------
------------------------------------------------------------------------------------------------

Clock             Waveform(ns)         Period(ns)      Frequency(MHz)
-----             ------------         ----------      --------------
clk_fpga_0        {0.000 10.000}       20.000          50.000          
  shadow_dna_clk  {0.000 320.000}      640.000         1.562           


------------------------------------------------------------------------------------------------
| Intra Clock Table
| -----------------
------------------------------------------------------------------------------------------------

Clock                 WNS(ns)      TNS(ns)  TNS Failing Endpoints  TNS Total Endpoints      WHS(ns)      THS(ns)  THS Failing Endpoints  THS Total Endpoints     WPWS(ns)     TPWS(ns)  TPWS Failing Endpoints  TPWS Total Endpoints  
-----                 -------      -------  ---------------------  -------------------      -------      -------  ---------------------  -------------------     --------     --------  ----------------------  --------------------  
clk_fpga_0              3.342        0.000                      0               150559        0.030        0.000                      0               150559        8.750        0.000                       0                 42373  
  shadow_dna_clk      632.432        0.000                      0                  133        0.282        0.000                      0                  133      319.500        0.000                       0                    69  


------------------------------------------------------------------------------------------------
| Inter Clock Table
| -----------------
------------------------------------------------------------------------------------------------

From Clock      To Clock            WNS(ns)      TNS(ns)  TNS Failing Endpoints  TNS Total Endpoints      WHS(ns)      THS(ns)  THS Failing Endpoints  THS Total Endpoints  
----------      --------            -------      -------  ---------------------  -------------------      -------      -------  ---------------------  -------------------  
shadow_dna_clk  clk_fpga_0           11.521        0.000                      0                   63        1.622        0.000                      0                   63  


------------------------------------------------------------------------------------------------
| Other Path Groups Table
| -----------------------
------------------------------------------------------------------------------------------------

Path Group         From Clock         To Clock               WNS(ns)      TNS(ns)  TNS Failing Endpoints  TNS Total Endpoints      WHS(ns)      THS(ns)  THS Failing Endpoints  THS Total Endpoints  
----------         ----------         --------               -------      -------  ---------------------  -------------------      -------      -------  ---------------------  -------------------  
**async_default**  clk_fpga_0         clk_fpga_0               6.336        0.000                      0                20768        0.977        0.000                      0                20768  
**async_default**  clk_fpga_0         shadow_dna_clk          12.243        0.000                      0                   67        1.790        0.000                      0                   67  


------------------------------------------------------------------------------------------------
| User Ignored Path Table
| -----------------------
------------------------------------------------------------------------------------------------

Path Group    From Clock    To Clock    
----------    ----------    --------    
(none)                      clk_fpga_0    


------------------------------------------------------------------------------------------------
| Unconstrained Path Table
| ------------------------
------------------------------------------------------------------------------------------------

Path Group    From Clock    To Clock    
----------    ----------    --------    


------------------------------------------------------------------------------------------------
| Timing Details
| --------------
------------------------------------------------------------------------------------------------


---------------------------------------------------------------------------------------------------
From Clock:  clk_fpga_0
  To Clock:  clk_fpga_0

Setup :            0  Failing Endpoints,  Worst Slack        3.342ns,  Total Violation        0.000ns
Hold  :            0  Failing Endpoints,  Worst Slack        0.030ns,  Total Violation        0.000ns
PW    :            0  Failing Endpoints,  Worst Slack        8.750ns,  Total Violation        0.000ns
---------------------------------------------------------------------------------------------------


Max Delay Paths
--------------------------------------------------------------------------------------
Slack (MET) :             3.342ns  (required time - arrival time)
  Source:                 udp_gateway_shadow_mirror_i/dma_gateway_hybrid_0/inst/i_hybrid_dma/u_crypto_bridge/gen_crypto_cores[0].u_sm4/u_encdec/round_cnt_reg[1]/C
                            (rising edge-triggered cell FDCE clocked by clk_fpga_0  {rise@0.000ns fall@10.000ns period=20.000ns})
  Destination:            udp_gateway_shadow_mirror_i/dma_gateway_hybrid_0/inst/i_hybrid_dma/u_crypto_bridge/gen_crypto_cores[0].u_sm4/u_encdec/current_state_reg_reg[5]/D
                            (rising edge-triggered cell FDCE clocked by clk_fpga_0  {rise@0.000ns fall@10.000ns period=20.000ns})
  Path Group:             clk_fpga_0
  Path Type:              Setup (Max at Slow Process Corner)
  Requirement:            20.000ns  (clk_fpga_0 rise@20.000ns - clk_fpga_0 rise@0.000ns)
  Data Path Delay:        16.361ns  (logic 2.887ns (17.646%)  route 13.474ns (82.354%))
  Logic Levels:           11  (LUT2=1 LUT5=1 LUT6=7 MUXF7=1 MUXF8=1)
  Clock Path Skew:        -0.026ns (DCD - SCD + CPR)
    Destination Clock Delay (DCD):    2.728ns = ( 22.729 - 20.000 ) 
    Source Clock Delay      (SCD):    3.019ns
    Clock Pessimism Removal (CPR):    0.265ns
  Clock Uncertainty:      0.302ns  ((TSJ^2 + TIJ^2)^1/2 + DJ) / 2 + PE
    Total System Jitter     (TSJ):    0.071ns
    Total Input Jitter      (TIJ):    0.600ns
    Discrete Jitter          (DJ):    0.000ns
    Phase Error              (PE):    0.000ns

    Location             Delay type                Incr(ns)  Path(ns)    PBlock               Netlist Resource(s)
  -------------------------------------------------------------------    ----------------------------------------
                         (clock clk_fpga_0 rise edge)
                                                      0.000     0.000 r                       
    PS7_X0Y0             PS7                          0.000     0.000 r                       udp_gateway_shadow_mirror_i/processing_system7_0/inst/PS7_i/FCLKCLK[0]
                         net (fo=1, routed)           1.193     1.193                         udp_gateway_shadow_mirror_i/processing_system7_0/inst/FCLK_CLK_unbuffered[0]
    BUFGCTRL_X0Y17       BUFG (Prop_bufg_I_O)         0.101     1.294 r                       udp_gateway_shadow_mirror_i/processing_system7_0/inst/buffer_fclk_clk_0.FCLK_CLK_0_BUFG/O
                         net (fo=42374, routed)       1.725     3.019                         udp_gateway_shadow_mirror_i/dma_gateway_hybrid_0/inst/i_hybrid_dma/u_crypto_bridge/gen_crypto_cores[0].u_sm4/u_encdec/clk
    SLICE_X65Y34         FDCE                                         r  shadow_data_region   udp_gateway_shadow_mirror_i/dma_gateway_hybrid_0/inst/i_hybrid_dma/u_crypto_bridge/gen_crypto_cores[0].u_sm4/u_encdec/round_cnt_reg[1]/C
  -------------------------------------------------------------------    ----------------------------------------
    SLICE_X65Y34         FDCE (Prop_fdce_C_Q)         0.456     3.475 r  shadow_data_region   udp_gateway_shadow_mirror_i/dma_gateway_hybrid_0/inst/i_hybrid_dma/u_crypto_bridge/gen_crypto_cores[0].u_sm4/u_encdec/round_cnt_reg[1]/Q
                         net (fo=263, routed)         2.884     6.359                         udp_gateway_shadow_mirror_i/dma_gateway_hybrid_0/inst/i_hybrid_dma/u_crypto_bridge/gen_crypto_cores[0].u_sm4/u_key/g0_b0__11_i_1[1]
    SLICE_X95Y88         LUT6 (Prop_lut6_I2_O)        0.124     6.483 r  shadow_data_region   udp_gateway_shadow_mirror_i/dma_gateway_hybrid_0/inst/i_hybrid_dma/u_crypto_bridge/gen_crypto_cores[0].u_sm4/u_key/result_out_reg[95]_i_31/O
                         net (fo=1, routed)           0.633     7.115                         udp_gateway_shadow_mirror_i/dma_gateway_hybrid_0/inst/i_hybrid_dma/u_crypto_bridge/gen_crypto_cores[0].u_sm4/u_key/result_out_reg[95]_i_31_n_0
    SLICE_X95Y85         LUT6 (Prop_lut6_I1_O)        0.124     7.239 r  shadow_data_region   udp_gateway_shadow_mirror_i/dma_gateway_hybrid_0/inst/i_hybrid_dma/u_crypto_bridge/gen_crypto_cores[0].u_sm4/u_key/result_out_reg[95]_i_24/O
                         net (fo=1, routed)           2.324     9.564                         udp_gateway_shadow_mirror_i/dma_gateway_hybrid_0/inst/i_hybrid_dma/u_crypto_bridge/gen_crypto_cores[0].u_sm4/u_encdec/result_out_reg[127]_i_40_0
    SLICE_X90Y31         LUT5 (Prop_lut5_I4_O)        0.150     9.714 r  shadow_data_region   udp_gateway_shadow_mirror_i/dma_gateway_hybrid_0/inst/i_hybrid_dma/u_crypto_bridge/gen_crypto_cores[0].u_sm4/u_encdec/result_out_reg[95]_i_14/O
                         net (fo=16, routed)          0.947    10.661                         udp_gateway_shadow_mirror_i/dma_gateway_hybrid_0/inst/i_hybrid_dma/u_crypto_bridge/gen_crypto_cores[0].u_sm4/u_encdec/u_iter_0/u_transform/u_1/data_for_transform[1]
    SLICE_X83Y38         MUXF8 (Prop_muxf8_S_O)       0.477    11.138 r  shadow_data_region   udp_gateway_shadow_mirror_i/dma_gateway_hybrid_0/inst/i_hybrid_dma/u_crypto_bridge/gen_crypto_cores[0].u_sm4/u_encdec/u_iter_0/u_transform/u_1/result_out_reg_reg[69]_i_3/O
                         net (fo=3, routed)           1.308    12.446                         udp_gateway_shadow_mirror_i/dma_gateway_hybrid_0/inst/i_hybrid_dma/u_crypto_bridge/gen_crypto_cores[0].u_sm4/u_encdec/word_replaced[19]
    SLICE_X93Y31         LUT2 (Prop_lut2_I0_O)        0.341    12.787 r  shadow_data_region   udp_gateway_shadow_mirror_i/dma_gateway_hybrid_0/inst/i_hybrid_dma/u_crypto_bridge/gen_crypto_cores[0].u_sm4/u_encdec/result_out_reg[85]_i_3/O
                         net (fo=2, routed)           0.748    13.535                         udp_gateway_shadow_mirror_i/dma_gateway_hybrid_0/inst/i_hybrid_dma/u_crypto_bridge/gen_crypto_cores[0].u_sm4/u_encdec/result_out_reg[85]_i_3_n_0
    SLICE_X90Y29         LUT6 (Prop_lut6_I5_O)        0.332    13.867 r  shadow_data_region   udp_gateway_shadow_mirror_i/dma_gateway_hybrid_0/inst/i_hybrid_dma/u_crypto_bridge/gen_crypto_cores[0].u_sm4/u_encdec/result_out_reg[75]_i_1/O
                         net (fo=3, routed)           0.709    14.576                         udp_gateway_shadow_mirror_i/dma_gateway_hybrid_0/inst/i_hybrid_dma/u_crypto_bridge/gen_crypto_cores[0].u_sm4/u_encdec/iter_result_0[11]
    SLICE_X86Y29         LUT6 (Prop_lut6_I5_O)        0.124    14.700 r  shadow_data_region   udp_gateway_shadow_mirror_i/dma_gateway_hybrid_0/inst/i_hybrid_dma/u_crypto_bridge/gen_crypto_cores[0].u_sm4/u_encdec/g0_b0__12_i_4/O
                         net (fo=32, routed)          1.441    16.141                         udp_gateway_shadow_mirror_i/dma_gateway_hybrid_0/inst/i_hybrid_dma/u_crypto_bridge/gen_crypto_cores[0].u_sm4/u_encdec/data_for_transform[11]
    SLICE_X72Y31         LUT6 (Prop_lut6_I3_O)        0.124    16.265 r  shadow_data_region   udp_gateway_shadow_mirror_i/dma_gateway_hybrid_0/inst/i_hybrid_dma/u_crypto_bridge/gen_crypto_cores[0].u_sm4/u_encdec/g0_b5__12/O
                         net (fo=2, routed)           0.000    16.265                         udp_gateway_shadow_mirror_i/dma_gateway_hybrid_0/inst/i_hybrid_dma/u_crypto_bridge/gen_crypto_cores[0].u_sm4/u_encdec/u_iter_1/u_transform/u_2/result_out_reg_reg[109]_2
    SLICE_X72Y31         MUXF7 (Prop_muxf7_I0_O)      0.212    16.477 r  shadow_data_region   udp_gateway_shadow_mirror_i/dma_gateway_hybrid_0/inst/i_hybrid_dma/u_crypto_bridge/gen_crypto_cores[0].u_sm4/u_encdec/u_iter_1/u_transform/u_2/current_state_reg_reg[23]_i_4/O
                         net (fo=2, routed)           1.385    17.862                         udp_gateway_shadow_mirror_i/dma_gateway_hybrid_0/inst/i_hybrid_dma/u_crypto_bridge/gen_crypto_cores[0].u_sm4/u_encdec/u_iter_1_n_53
    SLICE_X90Y33         LUT6 (Prop_lut6_I0_O)        0.299    18.161 r  shadow_data_region   udp_gateway_shadow_mirror_i/dma_gateway_hybrid_0/inst/i_hybrid_dma/u_crypto_bridge/gen_crypto_cores[0].u_sm4/u_encdec/current_state_reg[15]_i_2/O
                         net (fo=2, routed)           1.095    19.256                         udp_gateway_shadow_mirror_i/dma_gateway_hybrid_0/inst/i_hybrid_dma/u_crypto_bridge/gen_crypto_cores[0].u_sm4/u_encdec/current_state_reg[15]_i_2_n_0
    SLICE_X67Y32         LUT6 (Prop_lut6_I1_O)        0.124    19.380 r  shadow_data_region   udp_gateway_shadow_mirror_i/dma_gateway_hybrid_0/inst/i_hybrid_dma/u_crypto_bridge/gen_crypto_cores[0].u_sm4/u_encdec/current_state_reg[5]_i_1/O
                         net (fo=1, routed)           0.000    19.380                         udp_gateway_shadow_mirror_i/dma_gateway_hybrid_0/inst/i_hybrid_dma/u_crypto_bridge/gen_crypto_cores[0].u_sm4/u_encdec/p_0_in[5]
    SLICE_X67Y32         FDCE                                         r  shadow_data_region   udp_gateway_shadow_mirror_i/dma_gateway_hybrid_0/inst/i_hybrid_dma/u_crypto_bridge/gen_crypto_cores[0].u_sm4/u_encdec/current_state_reg_reg[5]/D
  -------------------------------------------------------------------    ----------------------------------------

                         (clock clk_fpga_0 rise edge)
                                                     20.000    20.000 r                       
    PS7_X0Y0             PS7                          0.000    20.000 r                       udp_gateway_shadow_mirror_i/processing_system7_0/inst/PS7_i/FCLKCLK[0]
                         net (fo=1, routed)           1.088    21.088                         udp_gateway_shadow_mirror_i/processing_system7_0/inst/FCLK_CLK_unbuffered[0]
    BUFGCTRL_X0Y17       BUFG (Prop_bufg_I_O)         0.091    21.179 r                       udp_gateway_shadow_mirror_i/processing_system7_0/inst/buffer_fclk_clk_0.FCLK_CLK_0_BUFG/O
                         net (fo=42374, routed)       1.549    22.729                         udp_gateway_shadow_mirror_i/dma_gateway_hybrid_0/inst/i_hybrid_dma/u_crypto_bridge/gen_crypto_cores[0].u_sm4/u_encdec/clk
    SLICE_X67Y32         FDCE                                         r  shadow_data_region   udp_gateway_shadow_mirror_i/dma_gateway_hybrid_0/inst/i_hybrid_dma/u_crypto_bridge/gen_crypto_cores[0].u_sm4/u_encdec/current_state_reg_reg[5]/C
                         clock pessimism              0.265    22.993                           
                         clock uncertainty           -0.302    22.691                           
    SLICE_X67Y32         FDCE (Setup_fdce_C_D)        0.031    22.722    shadow_data_region     udp_gateway_shadow_mirror_i/dma_gateway_hybrid_0/inst/i_hybrid_dma/u_crypto_bridge/gen_crypto_cores[0].u_sm4/u_encdec/current_state_reg_reg[5]
  -------------------------------------------------------------------
                         required time                         22.722                           
                         arrival time                         -19.380                           
  -------------------------------------------------------------------
                         slack                                  3.342                           

Slack (MET) :             3.370ns  (required time - arrival time)
  Source:                 udp_gateway_shadow_mirror_i/processing_system7_0/inst/PS7_i/MAXIGP0ACLK
                            (rising edge-triggered cell PS7 clocked by clk_fpga_0  {rise@0.000ns fall@10.000ns period=20.000ns})
  Destination:            udp_gateway_shadow_mirror_i/dma_gateway_hybrid_0/inst/gen_shadow_ctrl_csr.u_shadow_ctrl_csr/reg_acl_addr_reg[0]_rep__19/CE
                            (rising edge-triggered cell FDRE clocked by clk_fpga_0  {rise@0.000ns fall@10.000ns period=20.000ns})
  Path Group:             clk_fpga_0
  Path Type:              Setup (Max at Slow Process Corner)
  Requirement:            20.000ns  (clk_fpga_0 rise@20.000ns - clk_fpga_0 rise@0.000ns)
  Data Path Delay:        16.079ns  (logic 1.550ns (9.640%)  route 14.529ns (90.360%))
  Logic Levels:           1  (LUT5=1)
  Clock Path Skew:        -0.080ns (DCD - SCD + CPR)
    Destination Clock Delay (DCD):    2.822ns = ( 22.822 - 20.000 ) 
    Source Clock Delay      (SCD):    3.031ns
    Clock Pessimism Removal (CPR):    0.129ns
  Clock Uncertainty:      0.302ns  ((TSJ^2 + TIJ^2)^1/2 + DJ) / 2 + PE
    Total System Jitter     (TSJ):    0.071ns
    Total Input Jitter      (TIJ):    0.600ns
    Discrete Jitter          (DJ):    0.000ns
    Phase Error              (PE):    0.000ns

    Location             Delay type                Incr(ns)  Path(ns)    PBlock               Netlist Resource(s)
  -------------------------------------------------------------------    ----------------------------------------
                         (clock clk_fpga_0 rise edge)
                                                      0.000     0.000 r                       
    PS7_X0Y0             PS7                          0.000     0.000 r                       udp_gateway_shadow_mirror_i/processing_system7_0/inst/PS7_i/FCLKCLK[0]
                         net (fo=1, routed)           1.193     1.193                         udp_gateway_shadow_mirror_i/processing_system7_0/inst/FCLK_CLK_unbuffered[0]
    BUFGCTRL_X0Y17       BUFG (Prop_bufg_I_O)         0.101     1.294 r                       udp_gateway_shadow_mirror_i/processing_system7_0/inst/buffer_fclk_clk_0.FCLK_CLK_0_BUFG/O
                         net (fo=42374, routed)       1.737     3.031                         udp_gateway_shadow_mirror_i/processing_system7_0/inst/M_AXI_GP0_ACLK
    PS7_X0Y0             PS7                                          r                       udp_gateway_shadow_mirror_i/processing_system7_0/inst/PS7_i/MAXIGP0ACLK
  -------------------------------------------------------------------    ----------------------------------------
    PS7_X0Y0             PS7 (Prop_ps7_MAXIGP0ACLK_MAXIGP0WSTRB[0])
                                                      1.426     4.457 r                       udp_gateway_shadow_mirror_i/processing_system7_0/inst/PS7_i/MAXIGP0WSTRB[0]
                         net (fo=64, routed)          7.061    11.518                         udp_gateway_shadow_mirror_i/dma_gateway_hybrid_0/inst/gen_shadow_ctrl_csr.u_shadow_ctrl_csr/s_axil_ctrl_wstrb[0]
    SLICE_X67Y61         LUT5 (Prop_lut5_I2_O)        0.124    11.642 r  shadow_data_region   udp_gateway_shadow_mirror_i/dma_gateway_hybrid_0/inst/gen_shadow_ctrl_csr.u_shadow_ctrl_csr/reg_acl_addr[7]_i_1/O
                         net (fo=242, routed)         7.468    19.110                         udp_gateway_shadow_mirror_i/dma_gateway_hybrid_0/inst/gen_shadow_ctrl_csr.u_shadow_ctrl_csr/reg_acl_addr[7]_i_1_n_0
    SLICE_X32Y131        FDRE                                         r  shadow_data_region   udp_gateway_shadow_mirror_i/dma_gateway_hybrid_0/inst/gen_shadow_ctrl_csr.u_shadow_ctrl_csr/reg_acl_addr_reg[0]_rep__19/CE
  -------------------------------------------------------------------    ----------------------------------------

                         (clock clk_fpga_0 rise edge)
                                                     20.000    20.000 r                       
    PS7_X0Y0             PS7                          0.000    20.000 r                       udp_gateway_shadow_mirror_i/processing_system7_0/inst/PS7_i/FCLKCLK[0]
                         net (fo=1, routed)           1.088    21.088                         udp_gateway_shadow_mirror_i/processing_system7_0/inst/FCLK_CLK_unbuffered[0]
    BUFGCTRL_X0Y17       BUFG (Prop_bufg_I_O)         0.091    21.179 r                       udp_gateway_shadow_mirror_i/processing_system7_0/inst/buffer_fclk_clk_0.FCLK_CLK_0_BUFG/O
                         net (fo=42374, routed)       1.643    22.822                         udp_gateway_shadow_mirror_i/dma_gateway_hybrid_0/inst/gen_shadow_ctrl_csr.u_shadow_ctrl_csr/clk
    SLICE_X32Y131        FDRE                                         r  shadow_data_region   udp_gateway_shadow_mirror_i/dma_gateway_hybrid_0/inst/gen_shadow_ctrl_csr.u_shadow_ctrl_csr/reg_acl_addr_reg[0]_rep__19/C
                         clock pessimism              0.129    22.951                           
                         clock uncertainty           -0.302    22.649                           
    SLICE_X32Y131        FDRE (Setup_fdre_C_CE)      -0.169    22.480    shadow_data_region     udp_gateway_shadow_mirror_i/dma_gateway_hybrid_0/inst/gen_shadow_ctrl_csr.u_shadow_ctrl_csr/reg_acl_addr_reg[0]_rep__19
  -------------------------------------------------------------------
                         required time                         22.480                           
                         arrival time                         -19.110                           
  -------------------------------------------------------------------
                         slack                                  3.370                           

Slack (MET) :             3.370ns  (required time - arrival time)
  Source:                 udp_gateway_shadow_mirror_i/processing_system7_0/inst/PS7_i/MAXIGP0ACLK
                            (rising edge-triggered cell PS7 clocked by clk_fpga_0  {rise@0.000ns fall@10.000ns period=20.000ns})
  Destination:            udp_gateway_shadow_mirror_i/dma_gateway_hybrid_0/inst/gen_shadow_ctrl_csr.u_shadow_ctrl_csr/reg_acl_addr_reg[0]_rep__28/CE
                            (rising edge-triggered cell FDRE clocked by clk_fpga_0  {rise@0.000ns fall@10.000ns period=20.000ns})
  Path Group:             clk_fpga_0
  Path Type:              Setup (Max at Slow Process Corner)
  Requirement:            20.000ns  (clk_fpga_0 rise@20.000ns - clk_fpga_0 rise@0.000ns)
  Data Path Delay:        16.079ns  (logic 1.550ns (9.640%)  route 14.529ns (90.360%))
  Logic Levels:           1  (LUT5=1)
  Clock Path Skew:        -0.080ns (DCD - SCD + CPR)
    Destination Clock Delay (DCD):    2.822ns = ( 22.822 - 20.000 ) 
    Source Clock Delay      (SCD):    3.031ns
    Clock Pessimism Removal (CPR):    0.129ns
  Clock Uncertainty:      0.302ns  ((TSJ^2 + TIJ^2)^1/2 + DJ) / 2 + PE
    Total System Jitter     (TSJ):    0.071ns
    Total Input Jitter      (TIJ):    0.600ns
    Discrete Jitter          (DJ):    0.000ns
    Phase Error              (PE):    0.000ns

    Location             Delay type                Incr(ns)  Path(ns)    PBlock               Netlist Resource(s)
  -------------------------------------------------------------------    ----------------------------------------
                         (clock clk_fpga_0 rise edge)
                                                      0.000     0.000 r                       
    PS7_X0Y0             PS7                          0.000     0.000 r                       udp_gateway_shadow_mirror_i/processing_system7_0/inst/PS7_i/FCLKCLK[0]
                         net (fo=1, routed)           1.193     1.193                         udp_gateway_shadow_mirror_i/processing_system7_0/inst/FCLK_CLK_unbuffered[0]
    BUFGCTRL_X0Y17       BUFG (Prop_bufg_I_O)         0.101     1.294 r                       udp_gateway_shadow_mirror_i/processing_system7_0/inst/buffer_fclk_clk_0.FCLK_CLK_0_BUFG/O
                         net (fo=42374, routed)       1.737     3.031                         udp_gateway_shadow_mirror_i/processing_system7_0/inst/M_AXI_GP0_ACLK
    PS7_X0Y0             PS7                                          r                       udp_gateway_shadow_mirror_i/processing_system7_0/inst/PS7_i/MAXIGP0ACLK
  -------------------------------------------------------------------    ----------------------------------------
    PS7_X0Y0             PS7 (Prop_ps7_MAXIGP0ACLK_MAXIGP0WSTRB[0])
                                                      1.426     4.457 r                       udp_gateway_shadow_mirror_i/processing_system7_0/inst/PS7_i/MAXIGP0WSTRB[0]
                         net (fo=64, routed)          7.061    11.518                         udp_gateway_shadow_mirror_i/dma_gateway_hybrid_0/inst/gen_shadow_ctrl_csr.u_shadow_ctrl_csr/s_axil_ctrl_wstrb[0]
    SLICE_X67Y61         LUT5 (Prop_lut5_I2_O)        0.124    11.642 r  shadow_data_region   udp_gateway_shadow_mirror_i/dma_gateway_hybrid_0/inst/gen_shadow_ctrl_csr.u_shadow_ctrl_csr/reg_acl_addr[7]_i_1/O
                         net (fo=242, routed)         7.468    19.110                         udp_gateway_shadow_mirror_i/dma_gateway_hybrid_0/inst/gen_shadow_ctrl_csr.u_shadow_ctrl_csr/reg_acl_addr[7]_i_1_n_0
    SLICE_X32Y131        FDRE                                         r  shadow_data_region   udp_gateway_shadow_mirror_i/dma_gateway_hybrid_0/inst/gen_shadow_ctrl_csr.u_shadow_ctrl_csr/reg_acl_addr_reg[0]_rep__28/CE
  -------------------------------------------------------------------    ----------------------------------------

                         (clock clk_fpga_0 rise edge)
                                                     20.000    20.000 r                       
    PS7_X0Y0             PS7                          0.000    20.000 r                       udp_gateway_shadow_mirror_i/processing_system7_0/inst/PS7_i/FCLKCLK[0]
                         net (fo=1, routed)           1.088    21.088                         udp_gateway_shadow_mirror_i/processing_system7_0/inst/FCLK_CLK_unbuffered[0]
    BUFGCTRL_X0Y17       BUFG (Prop_bufg_I_O)         0.091    21.179 r                       udp_gateway_shadow_mirror_i/processing_system7_0/inst/buffer_fclk_clk_0.FCLK_CLK_0_BUFG/O
                         net (fo=42374, routed)       1.643    22.822                         udp_gateway_shadow_mirror_i/dma_gateway_hybrid_0/inst/gen_shadow_ctrl_csr.u_shadow_ctrl_csr/clk
    SLICE_X32Y131        FDRE                                         r  shadow_data_region   udp_gateway_shadow_mirror_i/dma_gateway_hybrid_0/inst/gen_shadow_ctrl_csr.u_shadow_ctrl_csr/reg_acl_addr_reg[0]_rep__28/C
                         clock pessimism              0.129    22.951                           
                         clock uncertainty           -0.302    22.649                           
    SLICE_X32Y131        FDRE (Setup_fdre_C_CE)      -0.169    22.480    shadow_data_region     udp_gateway_shadow_mirror_i/dma_gateway_hybrid_0/inst/gen_shadow_ctrl_csr.u_shadow_ctrl_csr/reg_acl_addr_reg[0]_rep__28
  -------------------------------------------------------------------
                         required time                         22.480                           
                         arrival time                         -19.110                           
  -------------------------------------------------------------------
                         slack                                  3.370                           

Slack (MET) :             3.370ns  (required time - arrival time)
  Source:                 udp_gateway_shadow_mirror_i/processing_system7_0/inst/PS7_i/MAXIGP0ACLK
                            (rising edge-triggered cell PS7 clocked by clk_fpga_0  {rise@0.000ns fall@10.000ns period=20.000ns})
  Destination:            udp_gateway_shadow_mirror_i/dma_gateway_hybrid_0/inst/gen_shadow_ctrl_csr.u_shadow_ctrl_csr/reg_acl_addr_reg[1]_rep__19/CE
                            (rising edge-triggered cell FDRE clocked by clk_fpga_0  {rise@0.000ns fall@10.000ns period=20.000ns})
  Path Group:             clk_fpga_0
  Path Type:              Setup (Max at Slow Process Corner)
  Requirement:            20.000ns  (clk_fpga_0 rise@20.000ns - clk_fpga_0 rise@0.000ns)
  Data Path Delay:        16.079ns  (logic 1.550ns (9.640%)  route 14.529ns (90.360%))
  Logic Levels:           1  (LUT5=1)
  Clock Path Skew:        -0.080ns (DCD - SCD + CPR)
    Destination Clock Delay (DCD):    2.822ns = ( 22.822 - 20.000 ) 
    Source Clock Delay      (SCD):    3.031ns
    Clock Pessimism Removal (CPR):    0.129ns
  Clock Uncertainty:      0.302ns  ((TSJ^2 + TIJ^2)^1/2 + DJ) / 2 + PE
    Total System Jitter     (TSJ):    0.071ns
    Total Input Jitter      (TIJ):    0.600ns
    Discrete Jitter          (DJ):    0.000ns
    Phase Error              (PE):    0.000ns

    Location             Delay type                Incr(ns)  Path(ns)    PBlock               Netlist Resource(s)
  -------------------------------------------------------------------    ----------------------------------------
                         (clock clk_fpga_0 rise edge)
                                                      0.000     0.000 r                       
    PS7_X0Y0             PS7                          0.000     0.000 r                       udp_gateway_shadow_mirror_i/processing_system7_0/inst/PS7_i/FCLKCLK[0]
                         net (fo=1, routed)           1.193     1.193                         udp_gateway_shadow_mirror_i/processing_system7_0/inst/FCLK_CLK_unbuffered[0]
    BUFGCTRL_X0Y17       BUFG (Prop_bufg_I_O)         0.101     1.294 r                       udp_gateway_shadow_mirror_i/processing_system7_0/inst/buffer_fclk_clk_0.FCLK_CLK_0_BUFG/O
                         net (fo=42374, routed)       1.737     3.031                         udp_gateway_shadow_mirror_i/processing_system7_0/inst/M_AXI_GP0_ACLK
    PS7_X0Y0             PS7                                          r                       udp_gateway_shadow_mirror_i/processing_system7_0/inst/PS7_i/MAXIGP0ACLK
  -------------------------------------------------------------------    ----------------------------------------
    PS7_X0Y0             PS7 (Prop_ps7_MAXIGP0ACLK_MAXIGP0WSTRB[0])
                                                      1.426     4.457 r                       udp_gateway_shadow_mirror_i/processing_system7_0/inst/PS7_i/MAXIGP0WSTRB[0]
                         net (fo=64, routed)          7.061    11.518                         udp_gateway_shadow_mirror_i/dma_gateway_hybrid_0/inst/gen_shadow_ctrl_csr.u_shadow_ctrl_csr/s_axil_ctrl_wstrb[0]
    SLICE_X67Y61         LUT5 (Prop_lut5_I2_O)        0.124    11.642 r  shadow_data_region   udp_gateway_shadow_mirror_i/dma_gateway_hybrid_0/inst/gen_shadow_ctrl_csr.u_shadow_ctrl_csr/reg_acl_addr[7]_i_1/O
                         net (fo=242, routed)         7.468    19.110                         udp_gateway_shadow_mirror_i/dma_gateway_hybrid_0/inst/gen_shadow_ctrl_csr.u_shadow_ctrl_csr/reg_acl_addr[7]_i_1_n_0
    SLICE_X32Y131        FDRE                                         r  shadow_data_region   udp_gateway_shadow_mirror_i/dma_gateway_hybrid_0/inst/gen_shadow_ctrl_csr.u_shadow_ctrl_csr/reg_acl_addr_reg[1]_rep__19/CE
  -------------------------------------------------------------------    ----------------------------------------

                         (clock clk_fpga_0 rise edge)
                                                     20.000    20.000 r                       
    PS7_X0Y0             PS7                          0.000    20.000 r                       udp_gateway_shadow_mirror_i/processing_system7_0/inst/PS7_i/FCLKCLK[0]
                         net (fo=1, routed)           1.088    21.088                         udp_gateway_shadow_mirror_i/processing_system7_0/inst/FCLK_CLK_unbuffered[0]
    BUFGCTRL_X0Y17       BUFG (Prop_bufg_I_O)         0.091    21.179 r                       udp_gateway_shadow_mirror_i/processing_system7_0/inst/buffer_fclk_clk_0.FCLK_CLK_0_BUFG/O
                         net (fo=42374, routed)       1.643    22.822                         udp_gateway_shadow_mirror_i/dma_gateway_hybrid_0/inst/gen_shadow_ctrl_csr.u_shadow_ctrl_csr/clk
    SLICE_X32Y131        FDRE                                         r  shadow_data_region   udp_gateway_shadow_mirror_i/dma_gateway_hybrid_0/inst/gen_shadow_ctrl_csr.u_shadow_ctrl_csr/reg_acl_addr_reg[1]_rep__19/C
                         clock pessimism              0.129    22.951                           
                         clock uncertainty           -0.302    22.649                           
    SLICE_X32Y131        FDRE (Setup_fdre_C_CE)      -0.169    22.480    shadow_data_region     udp_gateway_shadow_mirror_i/dma_gateway_hybrid_0/inst/gen_shadow_ctrl_csr.u_shadow_ctrl_csr/reg_acl_addr_reg[1]_rep__19
  -------------------------------------------------------------------
                         required time                         22.480                           
                         arrival time                         -19.110                           
  -------------------------------------------------------------------
                         slack                                  3.370                           

Slack (MET) :             3.370ns  (required time - arrival time)
  Source:                 udp_gateway_shadow_mirror_i/processing_system7_0/inst/PS7_i/MAXIGP0ACLK
                            (rising edge-triggered cell PS7 clocked by clk_fpga_0  {rise@0.000ns fall@10.000ns period=20.000ns})
  Destination:            udp_gateway_shadow_mirror_i/dma_gateway_hybrid_0/inst/gen_shadow_ctrl_csr.u_shadow_ctrl_csr/reg_acl_addr_reg[1]_rep__28/CE
                            (rising edge-triggered cell FDRE clocked by clk_fpga_0  {rise@0.000ns fall@10.000ns period=20.000ns})
  Path Group:             clk_fpga_0
  Path Type:              Setup (Max at Slow Process Corner)
  Requirement:            20.000ns  (clk_fpga_0 rise@20.000ns - clk_fpga_0 rise@0.000ns)
  Data Path Delay:        16.079ns  (logic 1.550ns (9.640%)  route 14.529ns (90.360%))
  Logic Levels:           1  (LUT5=1)
  Clock Path Skew:        -0.080ns (DCD - SCD + CPR)
    Destination Clock Delay (DCD):    2.822ns = ( 22.822 - 20.000 ) 
    Source Clock Delay      (SCD):    3.031ns
    Clock Pessimism Removal (CPR):    0.129ns
  Clock Uncertainty:      0.302ns  ((TSJ^2 + TIJ^2)^1/2 + DJ) / 2 + PE
    Total System Jitter     (TSJ):    0.071ns
    Total Input Jitter      (TIJ):    0.600ns
    Discrete Jitter          (DJ):    0.000ns
    Phase Error              (PE):    0.000ns

    Location             Delay type                Incr(ns)  Path(ns)    PBlock               Netlist Resource(s)
  -------------------------------------------------------------------    ----------------------------------------
                         (clock clk_fpga_0 rise edge)
                                                      0.000     0.000 r                       
    PS7_X0Y0             PS7                          0.000     0.000 r                       udp_gateway_shadow_mirror_i/processing_system7_0/inst/PS7_i/FCLKCLK[0]
                         net (fo=1, routed)           1.193     1.193                         udp_gateway_shadow_mirror_i/processing_system7_0/inst/FCLK_CLK_unbuffered[0]
    BUFGCTRL_X0Y17       BUFG (Prop_bufg_I_O)         0.101     1.294 r                       udp_gateway_shadow_mirror_i/processing_system7_0/inst/buffer_fclk_clk_0.FCLK_CLK_0_BUFG/O
                         net (fo=42374, routed)       1.737     3.031                         udp_gateway_shadow_mirror_i/processing_system7_0/inst/M_AXI_GP0_ACLK
    PS7_X0Y0             PS7                                          r                       udp_gateway_shadow_mirror_i/processing_system7_0/inst/PS7_i/MAXIGP0ACLK
  -------------------------------------------------------------------    ----------------------------------------
    PS7_X0Y0             PS7 (Prop_ps7_MAXIGP0ACLK_MAXIGP0WSTRB[0])
                                                      1.426     4.457 r                       udp_gateway_shadow_mirror_i/processing_system7_0/inst/PS7_i/MAXIGP0WSTRB[0]
                         net (fo=64, routed)          7.061    11.518                         udp_gateway_shadow_mirror_i/dma_gateway_hybrid_0/inst/gen_shadow_ctrl_csr.u_shadow_ctrl_csr/s_axil_ctrl_wstrb[0]
    SLICE_X67Y61         LUT5 (Prop_lut5_I2_O)        0.124    11.642 r  shadow_data_region   udp_gateway_shadow_mirror_i/dma_gateway_hybrid_0/inst/gen_shadow_ctrl_csr.u_shadow_ctrl_csr/reg_acl_addr[7]_i_1/O
                         net (fo=242, routed)         7.468    19.110                         udp_gateway_shadow_mirror_i/dma_gateway_hybrid_0/inst/gen_shadow_ctrl_csr.u_shadow_ctrl_csr/reg_acl_addr[7]_i_1_n_0
    SLICE_X32Y131        FDRE                                         r  shadow_data_region   udp_gateway_shadow_mirror_i/dma_gateway_hybrid_0/inst/gen_shadow_ctrl_csr.u_shadow_ctrl_csr/reg_acl_addr_reg[1]_rep__28/CE
  -------------------------------------------------------------------    ----------------------------------------

                         (clock clk_fpga_0 rise edge)
                                                     20.000    20.000 r                       
    PS7_X0Y0             PS7                          0.000    20.000 r                       udp_gateway_shadow_mirror_i/processing_system7_0/inst/PS7_i/FCLKCLK[0]
                         net (fo=1, routed)           1.088    21.088                         udp_gateway_shadow_mirror_i/processing_system7_0/inst/FCLK_CLK_unbuffered[0]
    BUFGCTRL_X0Y17       BUFG (Prop_bufg_I_O)         0.091    21.179 r                       udp_gateway_shadow_mirror_i/processing_system7_0/inst/buffer_fclk_clk_0.FCLK_CLK_0_BUFG/O
                         net (fo=42374, routed)       1.643    22.822                         udp_gateway_shadow_mirror_i/dma_gateway_hybrid_0/inst/gen_shadow_ctrl_csr.u_shadow_ctrl_csr/clk
    SLICE_X32Y131        FDRE                                         r  shadow_data_region   udp_gateway_shadow_mirror_i/dma_gateway_hybrid_0/inst/gen_shadow_ctrl_csr.u_shadow_ctrl_csr/reg_acl_addr_reg[1]_rep__28/C
                         clock pessimism              0.129    22.951                           
                         clock uncertainty           -0.302    22.649                           
    SLICE_X32Y131        FDRE (Setup_fdre_C_CE)      -0.169    22.480    shadow_data_region     udp_gateway_shadow_mirror_i/dma_gateway_hybrid_0/inst/gen_shadow_ctrl_csr.u_shadow_ctrl_csr/reg_acl_addr_reg[1]_rep__28
  -------------------------------------------------------------------
                         required time                         22.480                           
                         arrival time                         -19.110                           
  -------------------------------------------------------------------
                         slack                                  3.370                           

Slack (MET) :             3.409ns  (required time - arrival time)
  Source:                 udp_gateway_shadow_mirror_i/rst_ps7_0_100M/U0/ACTIVE_LOW_PR_OUT_DFF[0].FDRE_PER_N/C
                            (rising edge-triggered cell FDRE clocked by clk_fpga_0  {rise@0.000ns fall@10.000ns period=20.000ns})
  Destination:            udp_gateway_shadow_mirror_i/dma_gateway_hybrid_0/inst/i_hybrid_dma/u_crypto_bridge/u_mid_fifo/mem_reg[5][17]/CE
                            (rising edge-triggered cell FDRE clocked by clk_fpga_0  {rise@0.000ns fall@10.000ns period=20.000ns})
  Path Group:             clk_fpga_0
  Path Type:              Setup (Max at Slow Process Corner)
  Requirement:            20.000ns  (clk_fpga_0 rise@20.000ns - clk_fpga_0 rise@0.000ns)
  Data Path Delay:        16.174ns  (logic 0.580ns (3.586%)  route 15.594ns (96.414%))
  Logic Levels:           1  (LUT6=1)
  Clock Path Skew:        0.090ns (DCD - SCD + CPR)
    Destination Clock Delay (DCD):    2.865ns = ( 22.865 - 20.000 ) 
    Source Clock Delay      (SCD):    3.004ns
    Clock Pessimism Removal (CPR):    0.229ns
  Clock Uncertainty:      0.302ns  ((TSJ^2 + TIJ^2)^1/2 + DJ) / 2 + PE
    Total System Jitter     (TSJ):    0.071ns
    Total Input Jitter      (TIJ):    0.600ns
    Discrete Jitter          (DJ):    0.000ns
    Phase Error              (PE):    0.000ns

    Location             Delay type                Incr(ns)  Path(ns)    PBlock               Netlist Resource(s)
  -------------------------------------------------------------------    ----------------------------------------
                         (clock clk_fpga_0 rise edge)
                                                      0.000     0.000 r                       
    PS7_X0Y0             PS7                          0.000     0.000 r                       udp_gateway_shadow_mirror_i/processing_system7_0/inst/PS7_i/FCLKCLK[0]
                         net (fo=1, routed)           1.193     1.193                         udp_gateway_shadow_mirror_i/processing_system7_0/inst/FCLK_CLK_unbuffered[0]
    BUFGCTRL_X0Y17       BUFG (Prop_bufg_I_O)         0.101     1.294 r                       udp_gateway_shadow_mirror_i/processing_system7_0/inst/buffer_fclk_clk_0.FCLK_CLK_0_BUFG/O
                         net (fo=42374, routed)       1.710     3.004                         udp_gateway_shadow_mirror_i/rst_ps7_0_100M/U0/slowest_sync_clk
    SLICE_X65Y85         FDRE                                         r                       udp_gateway_shadow_mirror_i/rst_ps7_0_100M/U0/ACTIVE_LOW_PR_OUT_DFF[0].FDRE_PER_N/C
  -------------------------------------------------------------------    ----------------------------------------
    SLICE_X65Y85         FDRE (Prop_fdre_C_Q)         0.456     3.460 r                       udp_gateway_shadow_mirror_i/rst_ps7_0_100M/U0/ACTIVE_LOW_PR_OUT_DFF[0].FDRE_PER_N/Q
                         net (fo=85, routed)          7.512    10.972                         udp_gateway_shadow_mirror_i/dma_gateway_hybrid_0/inst/i_hybrid_dma/u_crypto_bridge/u_mid_fifo/rst_n
    SLICE_X29Y3          LUT6 (Prop_lut6_I1_O)        0.124    11.096 r  shadow_data_region   udp_gateway_shadow_mirror_i/dma_gateway_hybrid_0/inst/i_hybrid_dma/u_crypto_bridge/u_mid_fifo/mem[5][127]_i_1/O
                         net (fo=128, routed)         8.083    19.178                         udp_gateway_shadow_mirror_i/dma_gateway_hybrid_0/inst/i_hybrid_dma/u_crypto_bridge/u_mid_fifo/mem[5][127]_i_1_n_0
    SLICE_X110Y56        FDRE                                         r  shadow_data_region   udp_gateway_shadow_mirror_i/dma_gateway_hybrid_0/inst/i_hybrid_dma/u_crypto_bridge/u_mid_fifo/mem_reg[5][17]/CE
  -------------------------------------------------------------------    ----------------------------------------

                         (clock clk_fpga_0 rise edge)
                                                     20.000    20.000 r                       
    PS7_X0Y0             PS7                          0.000    20.000 r                       udp_gateway_shadow_mirror_i/processing_system7_0/inst/PS7_i/FCLKCLK[0]
                         net (fo=1, routed)           1.088    21.088                         udp_gateway_shadow_mirror_i/processing_system7_0/inst/FCLK_CLK_unbuffered[0]
    BUFGCTRL_X0Y17       BUFG (Prop_bufg_I_O)         0.091    21.179 r                       udp_gateway_shadow_mirror_i/processing_system7_0/inst/buffer_fclk_clk_0.FCLK_CLK_0_BUFG/O
                         net (fo=42374, routed)       1.686    22.865                         udp_gateway_shadow_mirror_i/dma_gateway_hybrid_0/inst/i_hybrid_dma/u_crypto_bridge/u_mid_fifo/clk
    SLICE_X110Y56        FDRE                                         r  shadow_data_region   udp_gateway_shadow_mirror_i/dma_gateway_hybrid_0/inst/i_hybrid_dma/u_crypto_bridge/u_mid_fifo/mem_reg[5][17]/C
                         clock pessimism              0.229    23.094                           
                         clock uncertainty           -0.302    22.792                           
    SLICE_X110Y56        FDRE (Setup_fdre_C_CE)      -0.205    22.587    shadow_data_region     udp_gateway_shadow_mirror_i/dma_gateway_hybrid_0/inst/i_hybrid_dma/u_crypto_bridge/u_mid_fifo/mem_reg[5][17]
  -------------------------------------------------------------------
                         required time                         22.587                           
                         arrival time                         -19.178                           
  -------------------------------------------------------------------
                         slack                                  3.409                           

Slack (MET) :             3.527ns  (required time - arrival time)
  Source:                 udp_gateway_shadow_mirror_i/dma_gateway_hybrid_0/inst/i_hybrid_dma/u_crypto_bridge/gen_crypto_cores[0].u_sm4/u_encdec/round_cnt_reg[1]/C
                            (rising edge-triggered cell FDCE clocked by clk_fpga_0  {rise@0.000ns fall@10.000ns period=20.000ns})
  Destination:            udp_gateway_shadow_mirror_i/dma_gateway_hybrid_0/inst/i_hybrid_dma/u_crypto_bridge/gen_crypto_cores[0].u_sm4/u_encdec/current_state_reg_reg[15]/D
                            (rising edge-triggered cell FDCE clocked by clk_fpga_0  {rise@0.000ns fall@10.000ns period=20.000ns})
  Path Group:             clk_fpga_0
  Path Type:              Setup (Max at Slow Process Corner)
  Requirement:            20.000ns  (clk_fpga_0 rise@20.000ns - clk_fpga_0 rise@0.000ns)
  Data Path Delay:        16.148ns  (logic 2.887ns (17.878%)  route 13.261ns (82.122%))
  Logic Levels:           11  (LUT2=1 LUT5=1 LUT6=7 MUXF7=1 MUXF8=1)
  Clock Path Skew:        -0.054ns (DCD - SCD + CPR)
    Destination Clock Delay (DCD):    2.735ns = ( 22.736 - 20.000 ) 
    Source Clock Delay      (SCD):    3.019ns
    Clock Pessimism Removal (CPR):    0.230ns
  Clock Uncertainty:      0.302ns  ((TSJ^2 + TIJ^2)^1/2 + DJ) / 2 + PE
    Total System Jitter     (TSJ):    0.071ns
    Total Input Jitter      (TIJ):    0.600ns
    Discrete Jitter          (DJ):    0.000ns
    Phase Error              (PE):    0.000ns

    Location             Delay type                Incr(ns)  Path(ns)    PBlock               Netlist Resource(s)
  -------------------------------------------------------------------    ----------------------------------------
                         (clock clk_fpga_0 rise edge)
                                                      0.000     0.000 r                       
    PS7_X0Y0             PS7                          0.000     0.000 r                       udp_gateway_shadow_mirror_i/processing_system7_0/inst/PS7_i/FCLKCLK[0]
                         net (fo=1, routed)           1.193     1.193                         udp_gateway_shadow_mirror_i/processing_system7_0/inst/FCLK_CLK_unbuffered[0]
    BUFGCTRL_X0Y17       BUFG (Prop_bufg_I_O)         0.101     1.294 r                       udp_gateway_shadow_mirror_i/processing_system7_0/inst/buffer_fclk_clk_0.FCLK_CLK_0_BUFG/O
                         net (fo=42374, routed)       1.725     3.019                         udp_gateway_shadow_mirror_i/dma_gateway_hybrid_0/inst/i_hybrid_dma/u_crypto_bridge/gen_crypto_cores[0].u_sm4/u_encdec/clk
    SLICE_X65Y34         FDCE                                         r  shadow_data_region   udp_gateway_shadow_mirror_i/dma_gateway_hybrid_0/inst/i_hybrid_dma/u_crypto_bridge/gen_crypto_cores[0].u_sm4/u_encdec/round_cnt_reg[1]/C
  -------------------------------------------------------------------    ----------------------------------------
    SLICE_X65Y34         FDCE (Prop_fdce_C_Q)         0.456     3.475 r  shadow_data_region   udp_gateway_shadow_mirror_i/dma_gateway_hybrid_0/inst/i_hybrid_dma/u_crypto_bridge/gen_crypto_cores[0].u_sm4/u_encdec/round_cnt_reg[1]/Q
                         net (fo=263, routed)         2.884     6.359                         udp_gateway_shadow_mirror_i/dma_gateway_hybrid_0/inst/i_hybrid_dma/u_crypto_bridge/gen_crypto_cores[0].u_sm4/u_key/g0_b0__11_i_1[1]
    SLICE_X95Y88         LUT6 (Prop_lut6_I2_O)        0.124     6.483 r  shadow_data_region   udp_gateway_shadow_mirror_i/dma_gateway_hybrid_0/inst/i_hybrid_dma/u_crypto_bridge/gen_crypto_cores[0].u_sm4/u_key/result_out_reg[95]_i_31/O
                         net (fo=1, routed)           0.633     7.115                         udp_gateway_shadow_mirror_i/dma_gateway_hybrid_0/inst/i_hybrid_dma/u_crypto_bridge/gen_crypto_cores[0].u_sm4/u_key/result_out_reg[95]_i_31_n_0
    SLICE_X95Y85         LUT6 (Prop_lut6_I1_O)        0.124     7.239 r  shadow_data_region   udp_gateway_shadow_mirror_i/dma_gateway_hybrid_0/inst/i_hybrid_dma/u_crypto_bridge/gen_crypto_cores[0].u_sm4/u_key/result_out_reg[95]_i_24/O
                         net (fo=1, routed)           2.324     9.564                         udp_gateway_shadow_mirror_i/dma_gateway_hybrid_0/inst/i_hybrid_dma/u_crypto_bridge/gen_crypto_cores[0].u_sm4/u_encdec/result_out_reg[127]_i_40_0
    SLICE_X90Y31         LUT5 (Prop_lut5_I4_O)        0.150     9.714 r  shadow_data_region   udp_gateway_shadow_mirror_i/dma_gateway_hybrid_0/inst/i_hybrid_dma/u_crypto_bridge/gen_crypto_cores[0].u_sm4/u_encdec/result_out_reg[95]_i_14/O
                         net (fo=16, routed)          0.947    10.661                         udp_gateway_shadow_mirror_i/dma_gateway_hybrid_0/inst/i_hybrid_dma/u_crypto_bridge/gen_crypto_cores[0].u_sm4/u_encdec/u_iter_0/u_transform/u_1/data_for_transform[1]
    SLICE_X83Y38         MUXF8 (Prop_muxf8_S_O)       0.477    11.138 r  shadow_data_region   udp_gateway_shadow_mirror_i/dma_gateway_hybrid_0/inst/i_hybrid_dma/u_crypto_bridge/gen_crypto_cores[0].u_sm4/u_encdec/u_iter_0/u_transform/u_1/result_out_reg_reg[69]_i_3/O
                         net (fo=3, routed)           1.308    12.446                         udp_gateway_shadow_mirror_i/dma_gateway_hybrid_0/inst/i_hybrid_dma/u_crypto_bridge/gen_crypto_cores[0].u_sm4/u_encdec/word_replaced[19]
    SLICE_X93Y31         LUT2 (Prop_lut2_I0_O)        0.341    12.787 r  shadow_data_region   udp_gateway_shadow_mirror_i/dma_gateway_hybrid_0/inst/i_hybrid_dma/u_crypto_bridge/gen_crypto_cores[0].u_sm4/u_encdec/result_out_reg[85]_i_3/O
                         net (fo=2, routed)           0.748    13.535                         udp_gateway_shadow_mirror_i/dma_gateway_hybrid_0/inst/i_hybrid_dma/u_crypto_bridge/gen_crypto_cores[0].u_sm4/u_encdec/result_out_reg[85]_i_3_n_0
    SLICE_X90Y29         LUT6 (Prop_lut6_I5_O)        0.332    13.867 r  shadow_data_region   udp_gateway_shadow_mirror_i/dma_gateway_hybrid_0/inst/i_hybrid_dma/u_crypto_bridge/gen_crypto_cores[0].u_sm4/u_encdec/result_out_reg[75]_i_1/O
                         net (fo=3, routed)           0.709    14.576                         udp_gateway_shadow_mirror_i/dma_gateway_hybrid_0/inst/i_hybrid_dma/u_crypto_bridge/gen_crypto_cores[0].u_sm4/u_encdec/iter_result_0[11]
    SLICE_X86Y29         LUT6 (Prop_lut6_I5_O)        0.124    14.700 r  shadow_data_region   udp_gateway_shadow_mirror_i/dma_gateway_hybrid_0/inst/i_hybrid_dma/u_crypto_bridge/gen_crypto_cores[0].u_sm4/u_encdec/g0_b0__12_i_4/O
                         net (fo=32, routed)          1.441    16.141                         udp_gateway_shadow_mirror_i/dma_gateway_hybrid_0/inst/i_hybrid_dma/u_crypto_bridge/gen_crypto_cores[0].u_sm4/u_encdec/data_for_transform[11]
    SLICE_X72Y31         LUT6 (Prop_lut6_I3_O)        0.124    16.265 r  shadow_data_region   udp_gateway_shadow_mirror_i/dma_gateway_hybrid_0/inst/i_hybrid_dma/u_crypto_bridge/gen_crypto_cores[0].u_sm4/u_encdec/g0_b5__12/O
                         net (fo=2, routed)           0.000    16.265                         udp_gateway_shadow_mirror_i/dma_gateway_hybrid_0/inst/i_hybrid_dma/u_crypto_bridge/gen_crypto_cores[0].u_sm4/u_encdec/u_iter_1/u_transform/u_2/result_out_reg_reg[109]_2
    SLICE_X72Y31         MUXF7 (Prop_muxf7_I0_O)      0.212    16.477 r  shadow_data_region   udp_gateway_shadow_mirror_i/dma_gateway_hybrid_0/inst/i_hybrid_dma/u_crypto_bridge/gen_crypto_cores[0].u_sm4/u_encdec/u_iter_1/u_transform/u_2/current_state_reg_reg[23]_i_4/O
                         net (fo=2, routed)           1.385    17.862                         udp_gateway_shadow_mirror_i/dma_gateway_hybrid_0/inst/i_hybrid_dma/u_crypto_bridge/gen_crypto_cores[0].u_sm4/u_encdec/u_iter_1_n_53
    SLICE_X90Y33         LUT6 (Prop_lut6_I0_O)        0.299    18.161 r  shadow_data_region   udp_gateway_shadow_mirror_i/dma_gateway_hybrid_0/inst/i_hybrid_dma/u_crypto_bridge/gen_crypto_cores[0].u_sm4/u_encdec/current_state_reg[15]_i_2/O
                         net (fo=2, routed)           0.882    19.043                         udp_gateway_shadow_mirror_i/dma_gateway_hybrid_0/inst/i_hybrid_dma/u_crypto_bridge/gen_crypto_cores[0].u_sm4/u_encdec/current_state_reg[15]_i_2_n_0
    SLICE_X87Y33         LUT6 (Prop_lut6_I3_O)        0.124    19.167 r  shadow_data_region   udp_gateway_shadow_mirror_i/dma_gateway_hybrid_0/inst/i_hybrid_dma/u_crypto_bridge/gen_crypto_cores[0].u_sm4/u_encdec/current_state_reg[15]_i_1/O
                         net (fo=1, routed)           0.000    19.167                         udp_gateway_shadow_mirror_i/dma_gateway_hybrid_0/inst/i_hybrid_dma/u_crypto_bridge/gen_crypto_cores[0].u_sm4/u_encdec/p_0_in[15]
    SLICE_X87Y33         FDCE                                         r  shadow_data_region   udp_gateway_shadow_mirror_i/dma_gateway_hybrid_0/inst/i_hybrid_dma/u_crypto_bridge/gen_crypto_cores[0].u_sm4/u_encdec/current_state_reg_reg[15]/D
  -------------------------------------------------------------------    ----------------------------------------

                         (clock clk_fpga_0 rise edge)
                                                     20.000    20.000 r                       
    PS7_X0Y0             PS7                          0.000    20.000 r                       udp_gateway_shadow_mirror_i/processing_system7_0/inst/PS7_i/FCLKCLK[0]
                         net (fo=1, routed)           1.088    21.088                         udp_gateway_shadow_mirror_i/processing_system7_0/inst/FCLK_CLK_unbuffered[0]
    BUFGCTRL_X0Y17       BUFG (Prop_bufg_I_O)         0.091    21.179 r                       udp_gateway_shadow_mirror_i/processing_system7_0/inst/buffer_fclk_clk_0.FCLK_CLK_0_BUFG/O
                         net (fo=42374, routed)       1.556    22.736                         udp_gateway_shadow_mirror_i/dma_gateway_hybrid_0/inst/i_hybrid_dma/u_crypto_bridge/gen_crypto_cores[0].u_sm4/u_encdec/clk
    SLICE_X87Y33         FDCE                                         r  shadow_data_region   udp_gateway_shadow_mirror_i/dma_gateway_hybrid_0/inst/i_hybrid_dma/u_crypto_bridge/gen_crypto_cores[0].u_sm4/u_encdec/current_state_reg_reg[15]/C
                         clock pessimism              0.230    22.965                           
                         clock uncertainty           -0.302    22.663                           
    SLICE_X87Y33         FDCE (Setup_fdce_C_D)        0.031    22.694    shadow_data_region     udp_gateway_shadow_mirror_i/dma_gateway_hybrid_0/inst/i_hybrid_dma/u_crypto_bridge/gen_crypto_cores[0].u_sm4/u_encdec/current_state_reg_reg[15]
  -------------------------------------------------------------------
                         required time                         22.694                           
                         arrival time                         -19.167                           
  -------------------------------------------------------------------
                         slack                                  3.527                           

Slack (MET) :             3.575ns  (required time - arrival time)
  Source:                 udp_gateway_shadow_mirror_i/rst_ps7_0_100M/U0/ACTIVE_LOW_PR_OUT_DFF[0].FDRE_PER_N/C
                            (rising edge-triggered cell FDRE clocked by clk_fpga_0  {rise@0.000ns fall@10.000ns period=20.000ns})
  Destination:            udp_gateway_shadow_mirror_i/dma_gateway_hybrid_0/inst/i_hybrid_dma/u_crypto_bridge/u_mid_fifo/mem_reg[0][17]/CE
                            (rising edge-triggered cell FDRE clocked by clk_fpga_0  {rise@0.000ns fall@10.000ns period=20.000ns})
  Path Group:             clk_fpga_0
  Path Type:              Setup (Max at Slow Process Corner)
  Requirement:            20.000ns  (clk_fpga_0 rise@20.000ns - clk_fpga_0 rise@0.000ns)
  Data Path Delay:        16.045ns  (logic 0.580ns (3.615%)  route 15.465ns (96.385%))
  Logic Levels:           1  (LUT6=1)
  Clock Path Skew:        0.091ns (DCD - SCD + CPR)
    Destination Clock Delay (DCD):    2.866ns = ( 22.866 - 20.000 ) 
    Source Clock Delay      (SCD):    3.004ns
    Clock Pessimism Removal (CPR):    0.229ns
  Clock Uncertainty:      0.302ns  ((TSJ^2 + TIJ^2)^1/2 + DJ) / 2 + PE
    Total System Jitter     (TSJ):    0.071ns
    Total Input Jitter      (TIJ):    0.600ns
    Discrete Jitter          (DJ):    0.000ns
    Phase Error              (PE):    0.000ns

    Location             Delay type                Incr(ns)  Path(ns)    PBlock               Netlist Resource(s)
  -------------------------------------------------------------------    ----------------------------------------
                         (clock clk_fpga_0 rise edge)
                                                      0.000     0.000 r                       
    PS7_X0Y0             PS7                          0.000     0.000 r                       udp_gateway_shadow_mirror_i/processing_system7_0/inst/PS7_i/FCLKCLK[0]
                         net (fo=1, routed)           1.193     1.193                         udp_gateway_shadow_mirror_i/processing_system7_0/inst/FCLK_CLK_unbuffered[0]
    BUFGCTRL_X0Y17       BUFG (Prop_bufg_I_O)         0.101     1.294 r                       udp_gateway_shadow_mirror_i/processing_system7_0/inst/buffer_fclk_clk_0.FCLK_CLK_0_BUFG/O
                         net (fo=42374, routed)       1.710     3.004                         udp_gateway_shadow_mirror_i/rst_ps7_0_100M/U0/slowest_sync_clk
    SLICE_X65Y85         FDRE                                         r                       udp_gateway_shadow_mirror_i/rst_ps7_0_100M/U0/ACTIVE_LOW_PR_OUT_DFF[0].FDRE_PER_N/C
  -------------------------------------------------------------------    ----------------------------------------
    SLICE_X65Y85         FDRE (Prop_fdre_C_Q)         0.456     3.460 r                       udp_gateway_shadow_mirror_i/rst_ps7_0_100M/U0/ACTIVE_LOW_PR_OUT_DFF[0].FDRE_PER_N/Q
                         net (fo=85, routed)          7.209    10.669                         udp_gateway_shadow_mirror_i/dma_gateway_hybrid_0/inst/i_hybrid_dma/u_crypto_bridge/u_mid_fifo/rst_n
    SLICE_X27Y2          LUT6 (Prop_lut6_I1_O)        0.124    10.793 r  shadow_data_region   udp_gateway_shadow_mirror_i/dma_gateway_hybrid_0/inst/i_hybrid_dma/u_crypto_bridge/u_mid_fifo/mem[0][127]_i_1/O
                         net (fo=128, routed)         8.255    19.049                         udp_gateway_shadow_mirror_i/dma_gateway_hybrid_0/inst/i_hybrid_dma/u_crypto_bridge/u_mid_fifo/mem[0][127]_i_1_n_0
    SLICE_X112Y50        FDRE                                         r  shadow_data_region   udp_gateway_shadow_mirror_i/dma_gateway_hybrid_0/inst/i_hybrid_dma/u_crypto_bridge/u_mid_fifo/mem_reg[0][17]/CE
  -------------------------------------------------------------------    ----------------------------------------

                         (clock clk_fpga_0 rise edge)
                                                     20.000    20.000 r                       
    PS7_X0Y0             PS7                          0.000    20.000 r                       udp_gateway_shadow_mirror_i/processing_system7_0/inst/PS7_i/FCLKCLK[0]
                         net (fo=1, routed)           1.088    21.088                         udp_gateway_shadow_mirror_i/processing_system7_0/inst/FCLK_CLK_unbuffered[0]
    BUFGCTRL_X0Y17       BUFG (Prop_bufg_I_O)         0.091    21.179 r                       udp_gateway_shadow_mirror_i/processing_system7_0/inst/buffer_fclk_clk_0.FCLK_CLK_0_BUFG/O
                         net (fo=42374, routed)       1.687    22.866                         udp_gateway_shadow_mirror_i/dma_gateway_hybrid_0/inst/i_hybrid_dma/u_crypto_bridge/u_mid_fifo/clk
    SLICE_X112Y50        FDRE                                         r  shadow_data_region   udp_gateway_shadow_mirror_i/dma_gateway_hybrid_0/inst/i_hybrid_dma/u_crypto_bridge/u_mid_fifo/mem_reg[0][17]/C
                         clock pessimism              0.229    23.095                           
                         clock uncertainty           -0.302    22.793                           
    SLICE_X112Y50        FDRE (Setup_fdre_C_CE)      -0.169    22.624    shadow_data_region     udp_gateway_shadow_mirror_i/dma_gateway_hybrid_0/inst/i_hybrid_dma/u_crypto_bridge/u_mid_fifo/mem_reg[0][17]
  -------------------------------------------------------------------
                         required time                         22.624                           
                         arrival time                         -19.049                           
  -------------------------------------------------------------------
                         slack                                  3.575                           

Slack (MET) :             3.575ns  (required time - arrival time)
  Source:                 udp_gateway_shadow_mirror_i/rst_ps7_0_100M/U0/ACTIVE_LOW_PR_OUT_DFF[0].FDRE_PER_N/C
                            (rising edge-triggered cell FDRE clocked by clk_fpga_0  {rise@0.000ns fall@10.000ns period=20.000ns})
  Destination:            udp_gateway_shadow_mirror_i/dma_gateway_hybrid_0/inst/i_hybrid_dma/u_crypto_bridge/u_mid_fifo/mem_reg[0][58]/CE
                            (rising edge-triggered cell FDRE clocked by clk_fpga_0  {rise@0.000ns fall@10.000ns period=20.000ns})
  Path Group:             clk_fpga_0
  Path Type:              Setup (Max at Slow Process Corner)
  Requirement:            20.000ns  (clk_fpga_0 rise@20.000ns - clk_fpga_0 rise@0.000ns)
  Data Path Delay:        16.045ns  (logic 0.580ns (3.615%)  route 15.465ns (96.385%))
  Logic Levels:           1  (LUT6=1)
  Clock Path Skew:        0.091ns (DCD - SCD + CPR)
    Destination Clock Delay (DCD):    2.866ns = ( 22.866 - 20.000 ) 
    Source Clock Delay      (SCD):    3.004ns
    Clock Pessimism Removal (CPR):    0.229ns
  Clock Uncertainty:      0.302ns  ((TSJ^2 + TIJ^2)^1/2 + DJ) / 2 + PE
    Total System Jitter     (TSJ):    0.071ns
    Total Input Jitter      (TIJ):    0.600ns
    Discrete Jitter          (DJ):    0.000ns
    Phase Error              (PE):    0.000ns

    Location             Delay type                Incr(ns)  Path(ns)    PBlock               Netlist Resource(s)
  -------------------------------------------------------------------    ----------------------------------------
                         (clock clk_fpga_0 rise edge)
                                                      0.000     0.000 r                       
    PS7_X0Y0             PS7                          0.000     0.000 r                       udp_gateway_shadow_mirror_i/processing_system7_0/inst/PS7_i/FCLKCLK[0]
                         net (fo=1, routed)           1.193     1.193                         udp_gateway_shadow_mirror_i/processing_system7_0/inst/FCLK_CLK_unbuffered[0]
    BUFGCTRL_X0Y17       BUFG (Prop_bufg_I_O)         0.101     1.294 r                       udp_gateway_shadow_mirror_i/processing_system7_0/inst/buffer_fclk_clk_0.FCLK_CLK_0_BUFG/O
                         net (fo=42374, routed)       1.710     3.004                         udp_gateway_shadow_mirror_i/rst_ps7_0_100M/U0/slowest_sync_clk
    SLICE_X65Y85         FDRE                                         r                       udp_gateway_shadow_mirror_i/rst_ps7_0_100M/U0/ACTIVE_LOW_PR_OUT_DFF[0].FDRE_PER_N/C
  -------------------------------------------------------------------    ----------------------------------------
    SLICE_X65Y85         FDRE (Prop_fdre_C_Q)         0.456     3.460 r                       udp_gateway_shadow_mirror_i/rst_ps7_0_100M/U0/ACTIVE_LOW_PR_OUT_DFF[0].FDRE_PER_N/Q
                         net (fo=85, routed)          7.209    10.669                         udp_gateway_shadow_mirror_i/dma_gateway_hybrid_0/inst/i_hybrid_dma/u_crypto_bridge/u_mid_fifo/rst_n
    SLICE_X27Y2          LUT6 (Prop_lut6_I1_O)        0.124    10.793 r  shadow_data_region   udp_gateway_shadow_mirror_i/dma_gateway_hybrid_0/inst/i_hybrid_dma/u_crypto_bridge/u_mid_fifo/mem[0][127]_i_1/O
                         net (fo=128, routed)         8.255    19.049                         udp_gateway_shadow_mirror_i/dma_gateway_hybrid_0/inst/i_hybrid_dma/u_crypto_bridge/u_mid_fifo/mem[0][127]_i_1_n_0
    SLICE_X112Y50        FDRE                                         r  shadow_data_region   udp_gateway_shadow_mirror_i/dma_gateway_hybrid_0/inst/i_hybrid_dma/u_crypto_bridge/u_mid_fifo/mem_reg[0][58]/CE
  -------------------------------------------------------------------    ----------------------------------------

                         (clock clk_fpga_0 rise edge)
                                                     20.000    20.000 r                       
    PS7_X0Y0             PS7                          0.000    20.000 r                       udp_gateway_shadow_mirror_i/processing_system7_0/inst/PS7_i/FCLKCLK[0]
                         net (fo=1, routed)           1.088    21.088                         udp_gateway_shadow_mirror_i/processing_system7_0/inst/FCLK_CLK_unbuffered[0]
    BUFGCTRL_X0Y17       BUFG (Prop_bufg_I_O)         0.091    21.179 r                       udp_gateway_shadow_mirror_i/processing_system7_0/inst/buffer_fclk_clk_0.FCLK_CLK_0_BUFG/O
                         net (fo=42374, routed)       1.687    22.866                         udp_gateway_shadow_mirror_i/dma_gateway_hybrid_0/inst/i_hybrid_dma/u_crypto_bridge/u_mid_fifo/clk
    SLICE_X112Y50        FDRE                                         r  shadow_data_region   udp_gateway_shadow_mirror_i/dma_gateway_hybrid_0/inst/i_hybrid_dma/u_crypto_bridge/u_mid_fifo/mem_reg[0][58]/C
                         clock pessimism              0.229    23.095                           
                         clock uncertainty           -0.302    22.793                           
    SLICE_X112Y50        FDRE (Setup_fdre_C_CE)      -0.169    22.624    shadow_data_region     udp_gateway_shadow_mirror_i/dma_gateway_hybrid_0/inst/i_hybrid_dma/u_crypto_bridge/u_mid_fifo/mem_reg[0][58]
  -------------------------------------------------------------------
                         required time                         22.624                           
                         arrival time                         -19.049                           
  -------------------------------------------------------------------
                         slack                                  3.575                           

Slack (MET) :             3.575ns  (required time - arrival time)
  Source:                 udp_gateway_shadow_mirror_i/rst_ps7_0_100M/U0/ACTIVE_LOW_PR_OUT_DFF[0].FDRE_PER_N/C
                            (rising edge-triggered cell FDRE clocked by clk_fpga_0  {rise@0.000ns fall@10.000ns period=20.000ns})
  Destination:            udp_gateway_shadow_mirror_i/dma_gateway_hybrid_0/inst/i_hybrid_dma/u_crypto_bridge/u_mid_fifo/mem_reg[0][86]/CE
                            (rising edge-triggered cell FDRE clocked by clk_fpga_0  {rise@0.000ns fall@10.000ns period=20.000ns})
  Path Group:             clk_fpga_0
  Path Type:              Setup (Max at Slow Process Corner)
  Requirement:            20.000ns  (clk_fpga_0 rise@20.000ns - clk_fpga_0 rise@0.000ns)
  Data Path Delay:        16.045ns  (logic 0.580ns (3.615%)  route 15.465ns (96.385%))
  Logic Levels:           1  (LUT6=1)
  Clock Path Skew:        0.091ns (DCD - SCD + CPR)
    Destination Clock Delay (DCD):    2.866ns = ( 22.866 - 20.000 ) 
    Source Clock Delay      (SCD):    3.004ns
    Clock Pessimism Removal (CPR):    0.229ns
  Clock Uncertainty:      0.302ns  ((TSJ^2 + TIJ^2)^1/2 + DJ) / 2 + PE
    Total System Jitter     (TSJ):    0.071ns
    Total Input Jitter      (TIJ):    0.600ns
    Discrete Jitter          (DJ):    0.000ns
    Phase Error              (PE):    0.000ns

    Location             Delay type                Incr(ns)  Path(ns)    PBlock               Netlist Resource(s)
  -------------------------------------------------------------------    ----------------------------------------
                         (clock clk_fpga_0 rise edge)
                                                      0.000     0.000 r                       
    PS7_X0Y0             PS7                          0.000     0.000 r                       udp_gateway_shadow_mirror_i/processing_system7_0/inst/PS7_i/FCLKCLK[0]
                         net (fo=1, routed)           1.193     1.193                         udp_gateway_shadow_mirror_i/processing_system7_0/inst/FCLK_CLK_unbuffered[0]
    BUFGCTRL_X0Y17       BUFG (Prop_bufg_I_O)         0.101     1.294 r                       udp_gateway_shadow_mirror_i/processing_system7_0/inst/buffer_fclk_clk_0.FCLK_CLK_0_BUFG/O
                         net (fo=42374, routed)       1.710     3.004                         udp_gateway_shadow_mirror_i/rst_ps7_0_100M/U0/slowest_sync_clk
    SLICE_X65Y85         FDRE                                         r                       udp_gateway_shadow_mirror_i/rst_ps7_0_100M/U0/ACTIVE_LOW_PR_OUT_DFF[0].FDRE_PER_N/C
  -------------------------------------------------------------------    ----------------------------------------
    SLICE_X65Y85         FDRE (Prop_fdre_C_Q)         0.456     3.460 r                       udp_gateway_shadow_mirror_i/rst_ps7_0_100M/U0/ACTIVE_LOW_PR_OUT_DFF[0].FDRE_PER_N/Q
                         net (fo=85, routed)          7.209    10.669                         udp_gateway_shadow_mirror_i/dma_gateway_hybrid_0/inst/i_hybrid_dma/u_crypto_bridge/u_mid_fifo/rst_n
    SLICE_X27Y2          LUT6 (Prop_lut6_I1_O)        0.124    10.793 r  shadow_data_region   udp_gateway_shadow_mirror_i/dma_gateway_hybrid_0/inst/i_hybrid_dma/u_crypto_bridge/u_mid_fifo/mem[0][127]_i_1/O
                         net (fo=128, routed)         8.255    19.049                         udp_gateway_shadow_mirror_i/dma_gateway_hybrid_0/inst/i_hybrid_dma/u_crypto_bridge/u_mid_fifo/mem[0][127]_i_1_n_0
    SLICE_X112Y50        FDRE                                         r  shadow_data_region   udp_gateway_shadow_mirror_i/dma_gateway_hybrid_0/inst/i_hybrid_dma/u_crypto_bridge/u_mid_fifo/mem_reg[0][86]/CE
  -------------------------------------------------------------------    ----------------------------------------

                         (clock clk_fpga_0 rise edge)
                                                     20.000    20.000 r                       
    PS7_X0Y0             PS7                          0.000    20.000 r                       udp_gateway_shadow_mirror_i/processing_system7_0/inst/PS7_i/FCLKCLK[0]
                         net (fo=1, routed)           1.088    21.088                         udp_gateway_shadow_mirror_i/processing_system7_0/inst/FCLK_CLK_unbuffered[0]
    BUFGCTRL_X0Y17       BUFG (Prop_bufg_I_O)         0.091    21.179 r                       udp_gateway_shadow_mirror_i/processing_system7_0/inst/buffer_fclk_clk_0.FCLK_CLK_0_BUFG/O
                         net (fo=42374, routed)       1.687    22.866                         udp_gateway_shadow_mirror_i/dma_gateway_hybrid_0/inst/i_hybrid_dma/u_crypto_bridge/u_mid_fifo/clk
    SLICE_X112Y50        FDRE                                         r  shadow_data_region   udp_gateway_shadow_mirror_i/dma_gateway_hybrid_0/inst/i_hybrid_dma/u_crypto_bridge/u_mid_fifo/mem_reg[0][86]/C
                         clock pessimism              0.229    23.095                           
                         clock uncertainty           -0.302    22.793                           
    SLICE_X112Y50        FDRE (Setup_fdre_C_CE)      -0.169    22.624    shadow_data_region     udp_gateway_shadow_mirror_i/dma_gateway_hybrid_0/inst/i_hybrid_dma/u_crypto_bridge/u_mid_fifo/mem_reg[0][86]
  -------------------------------------------------------------------
                         required time                         22.624                           
                         arrival time                         -19.049                           
  -------------------------------------------------------------------
                         slack                                  3.575                           





Min Delay Paths
--------------------------------------------------------------------------------------
Slack (MET) :             0.030ns  (arrival time - required time)
  Source:                 udp_gateway_shadow_mirror_i/crypto_accel_axi_0/inst/u_design1_crypto_accel_axi/crypto_accel_axi_slave_lite_v1_0_S00_AXI_inst/u_crypto_bridge_top/key_lfsr_reg[206]/C
                            (rising edge-triggered cell FDCE clocked by clk_fpga_0  {rise@0.000ns fall@10.000ns period=20.000ns})
  Destination:            udp_gateway_shadow_mirror_i/crypto_accel_axi_0/inst/u_design1_crypto_accel_axi/crypto_accel_axi_slave_lite_v1_0_S00_AXI_inst/u_crypto_bridge_top/key_lfsr_reg[207]/D
                            (rising edge-triggered cell FDCE clocked by clk_fpga_0  {rise@0.000ns fall@10.000ns period=20.000ns})
  Path Group:             clk_fpga_0
  Path Type:              Hold (Min at Fast Process Corner)
  Requirement:            0.000ns  (clk_fpga_0 rise@0.000ns - clk_fpga_0 rise@0.000ns)
  Data Path Delay:        0.368ns  (logic 0.141ns (38.308%)  route 0.227ns (61.692%))
  Logic Levels:           0  
  Clock Path Skew:        0.266ns (DCD - SCD - CPR)
    Destination Clock Delay (DCD):    1.272ns
    Source Clock Delay      (SCD):    0.967ns
    Clock Pessimism Removal (CPR):    0.039ns

    Location             Delay type                Incr(ns)  Path(ns)    PBlock               Netlist Resource(s)
  -------------------------------------------------------------------    ----------------------------------------
                         (clock clk_fpga_0 rise edge)
                                                      0.000     0.000 r                       
    PS7_X0Y0             PS7                          0.000     0.000 r                       udp_gateway_shadow_mirror_i/processing_system7_0/inst/PS7_i/FCLKCLK[0]
                         net (fo=1, routed)           0.310     0.310                         udp_gateway_shadow_mirror_i/processing_system7_0/inst/FCLK_CLK_unbuffered[0]
    BUFGCTRL_X0Y17       BUFG (Prop_bufg_I_O)         0.026     0.336 r                       udp_gateway_shadow_mirror_i/processing_system7_0/inst/buffer_fclk_clk_0.FCLK_CLK_0_BUFG/O
                         net (fo=42374, routed)       0.631     0.967                         udp_gateway_shadow_mirror_i/crypto_accel_axi_0/inst/u_design1_crypto_accel_axi/crypto_accel_axi_slave_lite_v1_0_S00_AXI_inst/u_crypto_bridge_top/s00_axi_aclk
    SLICE_X51Y112        FDCE                                         r  live_crypto_region   udp_gateway_shadow_mirror_i/crypto_accel_axi_0/inst/u_design1_crypto_accel_axi/crypto_accel_axi_slave_lite_v1_0_S00_AXI_inst/u_crypto_bridge_top/key_lfsr_reg[206]/C
  -------------------------------------------------------------------    ----------------------------------------
    SLICE_X51Y112        FDCE (Prop_fdce_C_Q)         0.141     1.108 r  live_crypto_region   udp_gateway_shadow_mirror_i/crypto_accel_axi_0/inst/u_design1_crypto_accel_axi/crypto_accel_axi_slave_lite_v1_0_S00_AXI_inst/u_crypto_bridge_top/key_lfsr_reg[206]/Q
                         net (fo=3, routed)           0.227     1.335                         udp_gateway_shadow_mirror_i/crypto_accel_axi_0/inst/u_design1_crypto_accel_axi/crypto_accel_axi_slave_lite_v1_0_S00_AXI_inst/u_crypto_bridge_top/p_0_in[78]
    SLICE_X45Y112        FDCE                                         r  live_crypto_region   udp_gateway_shadow_mirror_i/crypto_accel_axi_0/inst/u_design1_crypto_accel_axi/crypto_accel_axi_slave_lite_v1_0_S00_AXI_inst/u_crypto_bridge_top/key_lfsr_reg[207]/D
  -------------------------------------------------------------------    ----------------------------------------

                         (clock clk_fpga_0 rise edge)
                                                      0.000     0.000 r                       
    PS7_X0Y0             PS7                          0.000     0.000 r                       udp_gateway_shadow_mirror_i/processing_system7_0/inst/PS7_i/FCLKCLK[0]
                         net (fo=1, routed)           0.337     0.337                         udp_gateway_shadow_mirror_i/processing_system7_0/inst/FCLK_CLK_unbuffered[0]
    BUFGCTRL_X0Y17       BUFG (Prop_bufg_I_O)         0.029     0.366 r                       udp_gateway_shadow_mirror_i/processing_system7_0/inst/buffer_fclk_clk_0.FCLK_CLK_0_BUFG/O
                         net (fo=42374, routed)       0.906     1.272                         udp_gateway_shadow_mirror_i/crypto_accel_axi_0/inst/u_design1_crypto_accel_axi/crypto_accel_axi_slave_lite_v1_0_S00_AXI_inst/u_crypto_bridge_top/s00_axi_aclk
    SLICE_X45Y112        FDCE                                         r  live_crypto_region   udp_gateway_shadow_mirror_i/crypto_accel_axi_0/inst/u_design1_crypto_accel_axi/crypto_accel_axi_slave_lite_v1_0_S00_AXI_inst/u_crypto_bridge_top/key_lfsr_reg[207]/C
                         clock pessimism             -0.039     1.233                           
    SLICE_X45Y112        FDCE (Hold_fdce_C_D)         0.072     1.305    live_crypto_region     udp_gateway_shadow_mirror_i/crypto_accel_axi_0/inst/u_design1_crypto_accel_axi/crypto_accel_axi_slave_lite_v1_0_S00_AXI_inst/u_crypto_bridge_top/key_lfsr_reg[207]
  -------------------------------------------------------------------
                         required time                         -1.305                           
                         arrival time                           1.335                           
  -------------------------------------------------------------------
                         slack                                  0.030                           

Slack (MET) :             0.037ns  (arrival time - required time)
  Source:                 udp_gateway_shadow_mirror_i/ps7_0_axi_periph/s00_couplers/auto_pc/inst/gen_axilite.gen_b2s_conv.axilite_b2s/RD.ar_channel_0/s_arid_r_reg[3]/C
                            (rising edge-triggered cell FDRE clocked by clk_fpga_0  {rise@0.000ns fall@10.000ns period=20.000ns})
  Destination:            udp_gateway_shadow_mirror_i/ps7_0_axi_periph/s00_couplers/auto_pc/inst/gen_axilite.gen_b2s_conv.axilite_b2s/RD.r_channel_0/r_arid_r_reg[3]/D
                            (rising edge-triggered cell FDRE clocked by clk_fpga_0  {rise@0.000ns fall@10.000ns period=20.000ns})
  Path Group:             clk_fpga_0
  Path Type:              Hold (Min at Fast Process Corner)
  Requirement:            0.000ns  (clk_fpga_0 rise@0.000ns - clk_fpga_0 rise@0.000ns)
  Data Path Delay:        0.363ns  (logic 0.141ns (38.811%)  route 0.222ns (61.189%))
  Logic Levels:           0  
  Clock Path Skew:        0.256ns (DCD - SCD - CPR)
    Destination Clock Delay (DCD):    1.181ns
    Source Clock Delay      (SCD):    0.890ns
    Clock Pessimism Removal (CPR):    0.035ns

    Location             Delay type                Incr(ns)  Path(ns)    Netlist Resource(s)
  -------------------------------------------------------------------    -------------------
                         (clock clk_fpga_0 rise edge)
                                                      0.000     0.000 r  
    PS7_X0Y0             PS7                          0.000     0.000 r  udp_gateway_shadow_mirror_i/processing_system7_0/inst/PS7_i/FCLKCLK[0]
                         net (fo=1, routed)           0.310     0.310    udp_gateway_shadow_mirror_i/processing_system7_0/inst/FCLK_CLK_unbuffered[0]
    BUFGCTRL_X0Y17       BUFG (Prop_bufg_I_O)         0.026     0.336 r  udp_gateway_shadow_mirror_i/processing_system7_0/inst/buffer_fclk_clk_0.FCLK_CLK_0_BUFG/O
                         net (fo=42374, routed)       0.554     0.890    udp_gateway_shadow_mirror_i/ps7_0_axi_periph/s00_couplers/auto_pc/inst/gen_axilite.gen_b2s_conv.axilite_b2s/RD.ar_channel_0/aclk
    SLICE_X47Y88         FDRE                                         r  udp_gateway_shadow_mirror_i/ps7_0_axi_periph/s00_couplers/auto_pc/inst/gen_axilite.gen_b2s_conv.axilite_b2s/RD.ar_channel_0/s_arid_r_reg[3]/C
  -------------------------------------------------------------------    -------------------
    SLICE_X47Y88         FDRE (Prop_fdre_C_Q)         0.141     1.031 r  udp_gateway_shadow_mirror_i/ps7_0_axi_periph/s00_couplers/auto_pc/inst/gen_axilite.gen_b2s_conv.axilite_b2s/RD.ar_channel_0/s_arid_r_reg[3]/Q
                         net (fo=1, routed)           0.222     1.253    udp_gateway_shadow_mirror_i/ps7_0_axi_periph/s00_couplers/auto_pc/inst/gen_axilite.gen_b2s_conv.axilite_b2s/RD.r_channel_0/D[3]
    SLICE_X52Y86         FDRE                                         r  udp_gateway_shadow_mirror_i/ps7_0_axi_periph/s00_couplers/auto_pc/inst/gen_axilite.gen_b2s_conv.axilite_b2s/RD.r_channel_0/r_arid_r_reg[3]/D
  -------------------------------------------------------------------    -------------------

                         (clock clk_fpga_0 rise edge)
                                                      0.000     0.000 r  
    PS7_X0Y0             PS7                          0.000     0.000 r  udp_gateway_shadow_mirror_i/processing_system7_0/inst/PS7_i/FCLKCLK[0]
                         net (fo=1, routed)           0.337     0.337    udp_gateway_shadow_mirror_i/processing_system7_0/inst/FCLK_CLK_unbuffered[0]
    BUFGCTRL_X0Y17       BUFG (Prop_bufg_I_O)         0.029     0.366 r  udp_gateway_shadow_mirror_i/processing_system7_0/inst/buffer_fclk_clk_0.FCLK_CLK_0_BUFG/O
                         net (fo=42374, routed)       0.815     1.181    udp_gateway_shadow_mirror_i/ps7_0_axi_periph/s00_couplers/auto_pc/inst/gen_axilite.gen_b2s_conv.axilite_b2s/RD.r_channel_0/aclk
    SLICE_X52Y86         FDRE                                         r  udp_gateway_shadow_mirror_i/ps7_0_axi_periph/s00_couplers/auto_pc/inst/gen_axilite.gen_b2s_conv.axilite_b2s/RD.r_channel_0/r_arid_r_reg[3]/C
                         clock pessimism             -0.035     1.146    
    SLICE_X52Y86         FDRE (Hold_fdre_C_D)         0.070     1.216    udp_gateway_shadow_mirror_i/ps7_0_axi_periph/s00_couplers/auto_pc/inst/gen_axilite.gen_b2s_conv.axilite_b2s/RD.r_channel_0/r_arid_r_reg[3]
  -------------------------------------------------------------------
                         required time                         -1.216    
                         arrival time                           1.253    
  -------------------------------------------------------------------
                         slack                                  0.037    

Slack (MET) :             0.040ns  (arrival time - required time)
  Source:                 udp_gateway_shadow_mirror_i/crypto_accel_axi_0/inst/u_design1_crypto_accel_axi/crypto_accel_axi_slave_lite_v1_0_S00_AXI_inst/u_crypto_bridge_top/key_lfsr_reg[140]/C
                            (rising edge-triggered cell FDCE clocked by clk_fpga_0  {rise@0.000ns fall@10.000ns period=20.000ns})
  Destination:            udp_gateway_shadow_mirror_i/crypto_accel_axi_0/inst/u_design1_crypto_accel_axi/crypto_accel_axi_slave_lite_v1_0_S00_AXI_inst/u_crypto_bridge_top/key_mask_hi_reg_reg[12]/D
                            (rising edge-triggered cell FDCE clocked by clk_fpga_0  {rise@0.000ns fall@10.000ns period=20.000ns})
  Path Group:             clk_fpga_0
  Path Type:              Hold (Min at Fast Process Corner)
  Requirement:            0.000ns  (clk_fpga_0 rise@0.000ns - clk_fpga_0 rise@0.000ns)
  Data Path Delay:        0.376ns  (logic 0.141ns (37.455%)  route 0.235ns (62.545%))
  Logic Levels:           0  
  Clock Path Skew:        0.265ns (DCD - SCD - CPR)
    Destination Clock Delay (DCD):    1.271ns
    Source Clock Delay      (SCD):    0.967ns
    Clock Pessimism Removal (CPR):    0.039ns

    Location             Delay type                Incr(ns)  Path(ns)    PBlock               Netlist Resource(s)
  -------------------------------------------------------------------    ----------------------------------------
                         (clock clk_fpga_0 rise edge)
                                                      0.000     0.000 r                       
    PS7_X0Y0             PS7                          0.000     0.000 r                       udp_gateway_shadow_mirror_i/processing_system7_0/inst/PS7_i/FCLKCLK[0]
                         net (fo=1, routed)           0.310     0.310                         udp_gateway_shadow_mirror_i/processing_system7_0/inst/FCLK_CLK_unbuffered[0]
    BUFGCTRL_X0Y17       BUFG (Prop_bufg_I_O)         0.026     0.336 r                       udp_gateway_shadow_mirror_i/processing_system7_0/inst/buffer_fclk_clk_0.FCLK_CLK_0_BUFG/O
                         net (fo=42374, routed)       0.631     0.967                         udp_gateway_shadow_mirror_i/crypto_accel_axi_0/inst/u_design1_crypto_accel_axi/crypto_accel_axi_slave_lite_v1_0_S00_AXI_inst/u_crypto_bridge_top/s00_axi_aclk
    SLICE_X53Y112        FDCE                                         r  live_crypto_region   udp_gateway_shadow_mirror_i/crypto_accel_axi_0/inst/u_design1_crypto_accel_axi/crypto_accel_axi_slave_lite_v1_0_S00_AXI_inst/u_crypto_bridge_top/key_lfsr_reg[140]/C
  -------------------------------------------------------------------    ----------------------------------------
    SLICE_X53Y112        FDCE (Prop_fdce_C_Q)         0.141     1.108 r  live_crypto_region   udp_gateway_shadow_mirror_i/crypto_accel_axi_0/inst/u_design1_crypto_accel_axi/crypto_accel_axi_slave_lite_v1_0_S00_AXI_inst/u_crypto_bridge_top/key_lfsr_reg[140]/Q
                         net (fo=3, routed)           0.235     1.343                         udp_gateway_shadow_mirror_i/crypto_accel_axi_0/inst/u_design1_crypto_accel_axi/crypto_accel_axi_slave_lite_v1_0_S00_AXI_inst/u_crypto_bridge_top/p_0_in[12]
    SLICE_X49Y114        FDCE                                         r  live_crypto_region   udp_gateway_shadow_mirror_i/crypto_accel_axi_0/inst/u_design1_crypto_accel_axi/crypto_accel_axi_slave_lite_v1_0_S00_AXI_inst/u_crypto_bridge_top/key_mask_hi_reg_reg[12]/D
  -------------------------------------------------------------------    ----------------------------------------

                         (clock clk_fpga_0 rise edge)
                                                      0.000     0.000 r                       
    PS7_X0Y0             PS7                          0.000     0.000 r                       udp_gateway_shadow_mirror_i/processing_system7_0/inst/PS7_i/FCLKCLK[0]
                         net (fo=1, routed)           0.337     0.337                         udp_gateway_shadow_mirror_i/processing_system7_0/inst/FCLK_CLK_unbuffered[0]
    BUFGCTRL_X0Y17       BUFG (Prop_bufg_I_O)         0.029     0.366 r                       udp_gateway_shadow_mirror_i/processing_system7_0/inst/buffer_fclk_clk_0.FCLK_CLK_0_BUFG/O
                         net (fo=42374, routed)       0.905     1.271                         udp_gateway_shadow_mirror_i/crypto_accel_axi_0/inst/u_design1_crypto_accel_axi/crypto_accel_axi_slave_lite_v1_0_S00_AXI_inst/u_crypto_bridge_top/s00_axi_aclk
    SLICE_X49Y114        FDCE                                         r  live_crypto_region   udp_gateway_shadow_mirror_i/crypto_accel_axi_0/inst/u_design1_crypto_accel_axi/crypto_accel_axi_slave_lite_v1_0_S00_AXI_inst/u_crypto_bridge_top/key_mask_hi_reg_reg[12]/C
                         clock pessimism             -0.039     1.232                           
    SLICE_X49Y114        FDCE (Hold_fdce_C_D)         0.071     1.303    live_crypto_region     udp_gateway_shadow_mirror_i/crypto_accel_axi_0/inst/u_design1_crypto_accel_axi/crypto_accel_axi_slave_lite_v1_0_S00_AXI_inst/u_crypto_bridge_top/key_mask_hi_reg_reg[12]
  -------------------------------------------------------------------
                         required time                         -1.303                           
                         arrival time                           1.343                           
  -------------------------------------------------------------------
                         slack                                  0.040                           

Slack (MET) :             0.043ns  (arrival time - required time)
  Source:                 udp_gateway_shadow_mirror_i/crypto_accel_axi_0/inst/u_design1_crypto_accel_axi/crypto_accel_axi_slave_lite_v1_0_S00_AXI_inst/u_crypto_bridge_top/key_lfsr_reg[97]/C
                            (rising edge-triggered cell FDCE clocked by clk_fpga_0  {rise@0.000ns fall@10.000ns period=20.000ns})
  Destination:            udp_gateway_shadow_mirror_i/crypto_accel_axi_0/inst/u_design1_crypto_accel_axi/crypto_accel_axi_slave_lite_v1_0_S00_AXI_inst/u_crypto_bridge_top/key_mask_lo_reg_reg[97]/D
                            (rising edge-triggered cell FDCE clocked by clk_fpga_0  {rise@0.000ns fall@10.000ns period=20.000ns})
  Path Group:             clk_fpga_0
  Path Type:              Hold (Min at Fast Process Corner)
  Requirement:            0.000ns  (clk_fpga_0 rise@0.000ns - clk_fpga_0 rise@0.000ns)
  Data Path Delay:        0.312ns  (logic 0.128ns (40.994%)  route 0.184ns (59.006%))
  Logic Levels:           0  
  Clock Path Skew:        0.256ns (DCD - SCD - CPR)
    Destination Clock Delay (DCD):    1.256ns
    Source Clock Delay      (SCD):    0.961ns
    Clock Pessimism Removal (CPR):    0.039ns

    Location             Delay type                Incr(ns)  Path(ns)    PBlock               Netlist Resource(s)
  -------------------------------------------------------------------    ----------------------------------------
                         (clock clk_fpga_0 rise edge)
                                                      0.000     0.000 r                       
    PS7_X0Y0             PS7                          0.000     0.000 r                       udp_gateway_shadow_mirror_i/processing_system7_0/inst/PS7_i/FCLKCLK[0]
                         net (fo=1, routed)           0.310     0.310                         udp_gateway_shadow_mirror_i/processing_system7_0/inst/FCLK_CLK_unbuffered[0]
    BUFGCTRL_X0Y17       BUFG (Prop_bufg_I_O)         0.026     0.336 r                       udp_gateway_shadow_mirror_i/processing_system7_0/inst/buffer_fclk_clk_0.FCLK_CLK_0_BUFG/O
                         net (fo=42374, routed)       0.625     0.961                         udp_gateway_shadow_mirror_i/crypto_accel_axi_0/inst/u_design1_crypto_accel_axi/crypto_accel_axi_slave_lite_v1_0_S00_AXI_inst/u_crypto_bridge_top/s00_axi_aclk
    SLICE_X48Y123        FDCE                                         r  live_crypto_region   udp_gateway_shadow_mirror_i/crypto_accel_axi_0/inst/u_design1_crypto_accel_axi/crypto_accel_axi_slave_lite_v1_0_S00_AXI_inst/u_crypto_bridge_top/key_lfsr_reg[97]/C
  -------------------------------------------------------------------    ----------------------------------------
    SLICE_X48Y123        FDCE (Prop_fdce_C_Q)         0.128     1.089 r  live_crypto_region   udp_gateway_shadow_mirror_i/crypto_accel_axi_0/inst/u_design1_crypto_accel_axi/crypto_accel_axi_slave_lite_v1_0_S00_AXI_inst/u_crypto_bridge_top/key_lfsr_reg[97]/Q
                         net (fo=3, routed)           0.184     1.273                         udp_gateway_shadow_mirror_i/crypto_accel_axi_0/inst/u_design1_crypto_accel_axi/crypto_accel_axi_slave_lite_v1_0_S00_AXI_inst/u_crypto_bridge_top/key_lfsr_reg_n_0_[97]
    SLICE_X51Y124        FDCE                                         r  live_crypto_region   udp_gateway_shadow_mirror_i/crypto_accel_axi_0/inst/u_design1_crypto_accel_axi/crypto_accel_axi_slave_lite_v1_0_S00_AXI_inst/u_crypto_bridge_top/key_mask_lo_reg_reg[97]/D
  -------------------------------------------------------------------    ----------------------------------------

                         (clock clk_fpga_0 rise edge)
                                                      0.000     0.000 r                       
    PS7_X0Y0             PS7                          0.000     0.000 r                       udp_gateway_shadow_mirror_i/processing_system7_0/inst/PS7_i/FCLKCLK[0]
                         net (fo=1, routed)           0.337     0.337                         udp_gateway_shadow_mirror_i/processing_system7_0/inst/FCLK_CLK_unbuffered[0]
    BUFGCTRL_X0Y17       BUFG (Prop_bufg_I_O)         0.029     0.366 r                       udp_gateway_shadow_mirror_i/processing_system7_0/inst/buffer_fclk_clk_0.FCLK_CLK_0_BUFG/O
                         net (fo=42374, routed)       0.890     1.256                         udp_gateway_shadow_mirror_i/crypto_accel_axi_0/inst/u_design1_crypto_accel_axi/crypto_accel_axi_slave_lite_v1_0_S00_AXI_inst/u_crypto_bridge_top/s00_axi_aclk
    SLICE_X51Y124        FDCE                                         r  live_crypto_region   udp_gateway_shadow_mirror_i/crypto_accel_axi_0/inst/u_design1_crypto_accel_axi/crypto_accel_axi_slave_lite_v1_0_S00_AXI_inst/u_crypto_bridge_top/key_mask_lo_reg_reg[97]/C
                         clock pessimism             -0.039     1.217                           
    SLICE_X51Y124        FDCE (Hold_fdce_C_D)         0.013     1.230    live_crypto_region     udp_gateway_shadow_mirror_i/crypto_accel_axi_0/inst/u_design1_crypto_accel_axi/crypto_accel_axi_slave_lite_v1_0_S00_AXI_inst/u_crypto_bridge_top/key_mask_lo_reg_reg[97]
  -------------------------------------------------------------------
                         required time                         -1.230                           
                         arrival time                           1.273                           
  -------------------------------------------------------------------
                         slack                                  0.043                           

Slack (MET) :             0.046ns  (arrival time - required time)
  Source:                 udp_gateway_shadow_mirror_i/dma_gateway_hybrid_0/inst/u_shadow_acl_filter/u_acl/active_gen_reg[11]/C
                            (rising edge-triggered cell FDRE clocked by clk_fpga_0  {rise@0.000ns fall@10.000ns period=20.000ns})
  Destination:            udp_gateway_shadow_mirror_i/dma_gateway_hybrid_0/inst/u_shadow_acl_filter/u_acl/lookup_gen_q_reg[11]/D
                            (rising edge-triggered cell FDRE clocked by clk_fpga_0  {rise@0.000ns fall@10.000ns period=20.000ns})
  Path Group:             clk_fpga_0
  Path Type:              Hold (Min at Fast Process Corner)
  Requirement:            0.000ns  (clk_fpga_0 rise@0.000ns - clk_fpga_0 rise@0.000ns)
  Data Path Delay:        0.378ns  (logic 0.141ns (37.333%)  route 0.237ns (62.667%))
  Logic Levels:           0  
  Clock Path Skew:        0.261ns (DCD - SCD - CPR)
    Destination Clock Delay (DCD):    1.178ns
    Source Clock Delay      (SCD):    0.882ns
    Clock Pessimism Removal (CPR):    0.035ns

    Location             Delay type                Incr(ns)  Path(ns)    PBlock               Netlist Resource(s)
  -------------------------------------------------------------------    ----------------------------------------
                         (clock clk_fpga_0 rise edge)
                                                      0.000     0.000 r                       
    PS7_X0Y0             PS7                          0.000     0.000 r                       udp_gateway_shadow_mirror_i/processing_system7_0/inst/PS7_i/FCLKCLK[0]
                         net (fo=1, routed)           0.310     0.310                         udp_gateway_shadow_mirror_i/processing_system7_0/inst/FCLK_CLK_unbuffered[0]
    BUFGCTRL_X0Y17       BUFG (Prop_bufg_I_O)         0.026     0.336 r                       udp_gateway_shadow_mirror_i/processing_system7_0/inst/buffer_fclk_clk_0.FCLK_CLK_0_BUFG/O
                         net (fo=42374, routed)       0.546     0.882                         udp_gateway_shadow_mirror_i/dma_gateway_hybrid_0/inst/u_shadow_acl_filter/u_acl/clk
    SLICE_X51Y82         FDRE                                         r  shadow_data_region   udp_gateway_shadow_mirror_i/dma_gateway_hybrid_0/inst/u_shadow_acl_filter/u_acl/active_gen_reg[11]/C
  -------------------------------------------------------------------    ----------------------------------------
    SLICE_X51Y82         FDRE (Prop_fdre_C_Q)         0.141     1.023 r  shadow_data_region   udp_gateway_shadow_mirror_i/dma_gateway_hybrid_0/inst/u_shadow_acl_filter/u_acl/active_gen_reg[11]/Q
                         net (fo=131, routed)         0.237     1.259                         udp_gateway_shadow_mirror_i/dma_gateway_hybrid_0/inst/u_shadow_acl_filter/u_acl/active_gen[11]
    SLICE_X49Y78         FDRE                                         r  shadow_data_region   udp_gateway_shadow_mirror_i/dma_gateway_hybrid_0/inst/u_shadow_acl_filter/u_acl/lookup_gen_q_reg[11]/D
  -------------------------------------------------------------------    ----------------------------------------

                         (clock clk_fpga_0 rise edge)
                                                      0.000     0.000 r                       
    PS7_X0Y0             PS7                          0.000     0.000 r                       udp_gateway_shadow_mirror_i/processing_system7_0/inst/PS7_i/FCLKCLK[0]
                         net (fo=1, routed)           0.337     0.337                         udp_gateway_shadow_mirror_i/processing_system7_0/inst/FCLK_CLK_unbuffered[0]
    BUFGCTRL_X0Y17       BUFG (Prop_bufg_I_O)         0.029     0.366 r                       udp_gateway_shadow_mirror_i/processing_system7_0/inst/buffer_fclk_clk_0.FCLK_CLK_0_BUFG/O
                         net (fo=42374, routed)       0.812     1.178                         udp_gateway_shadow_mirror_i/dma_gateway_hybrid_0/inst/u_shadow_acl_filter/u_acl/clk
    SLICE_X49Y78         FDRE                                         r  shadow_data_region   udp_gateway_shadow_mirror_i/dma_gateway_hybrid_0/inst/u_shadow_acl_filter/u_acl/lookup_gen_q_reg[11]/C
                         clock pessimism             -0.035     1.143                           
    SLICE_X49Y78         FDRE (Hold_fdre_C_D)         0.070     1.213    shadow_data_region     udp_gateway_shadow_mirror_i/dma_gateway_hybrid_0/inst/u_shadow_acl_filter/u_acl/lookup_gen_q_reg[11]
  -------------------------------------------------------------------
                         required time                         -1.213                           
                         arrival time                           1.259                           
  -------------------------------------------------------------------
                         slack                                  0.046                           

Slack (MET) :             0.047ns  (arrival time - required time)
  Source:                 udp_gateway_shadow_mirror_i/dma_gateway_hybrid_0/inst/i_hybrid_dma/u_fetcher/current_desc_addr_reg[9]/C
                            (rising edge-triggered cell FDCE clocked by clk_fpga_0  {rise@0.000ns fall@10.000ns period=20.000ns})
  Destination:            udp_gateway_shadow_mirror_i/axi_mem_intercon/s01_couplers/auto_us/inst/gen_upsizer.gen_full_upsizer.axi_upsizer_inst/si_register_slice_inst/ar.ar_pipe/m_payload_i_reg[9]/D
                            (rising edge-triggered cell FDRE clocked by clk_fpga_0  {rise@0.000ns fall@10.000ns period=20.000ns})
  Path Group:             clk_fpga_0
  Path Type:              Hold (Min at Fast Process Corner)
  Requirement:            0.000ns  (clk_fpga_0 rise@0.000ns - clk_fpga_0 rise@0.000ns)
  Data Path Delay:        0.393ns  (logic 0.141ns (35.890%)  route 0.252ns (64.110%))
  Logic Levels:           0  
  Clock Path Skew:        0.274ns (DCD - SCD - CPR)
    Destination Clock Delay (DCD):    1.197ns
    Source Clock Delay      (SCD):    0.893ns
    Clock Pessimism Removal (CPR):    0.030ns

    Location             Delay type                Incr(ns)  Path(ns)    PBlock               Netlist Resource(s)
  -------------------------------------------------------------------    ----------------------------------------
                         (clock clk_fpga_0 rise edge)
                                                      0.000     0.000 r                       
    PS7_X0Y0             PS7                          0.000     0.000 r                       udp_gateway_shadow_mirror_i/processing_system7_0/inst/PS7_i/FCLKCLK[0]
                         net (fo=1, routed)           0.310     0.310                         udp_gateway_shadow_mirror_i/processing_system7_0/inst/FCLK_CLK_unbuffered[0]
    BUFGCTRL_X0Y17       BUFG (Prop_bufg_I_O)         0.026     0.336 r                       udp_gateway_shadow_mirror_i/processing_system7_0/inst/buffer_fclk_clk_0.FCLK_CLK_0_BUFG/O
                         net (fo=42374, routed)       0.557     0.893                         udp_gateway_shadow_mirror_i/dma_gateway_hybrid_0/inst/i_hybrid_dma/u_fetcher/clk
    SLICE_X45Y51         FDCE                                         r  shadow_data_region   udp_gateway_shadow_mirror_i/dma_gateway_hybrid_0/inst/i_hybrid_dma/u_fetcher/current_desc_addr_reg[9]/C
  -------------------------------------------------------------------    ----------------------------------------
    SLICE_X45Y51         FDCE (Prop_fdce_C_Q)         0.141     1.034 r  shadow_data_region   udp_gateway_shadow_mirror_i/dma_gateway_hybrid_0/inst/i_hybrid_dma/u_fetcher/current_desc_addr_reg[9]/Q
                         net (fo=2, routed)           0.252     1.285                         udp_gateway_shadow_mirror_i/axi_mem_intercon/s01_couplers/auto_us/inst/gen_upsizer.gen_full_upsizer.axi_upsizer_inst/si_register_slice_inst/ar.ar_pipe/D[9]
    SLICE_X35Y49         FDRE                                         r                       udp_gateway_shadow_mirror_i/axi_mem_intercon/s01_couplers/auto_us/inst/gen_upsizer.gen_full_upsizer.axi_upsizer_inst/si_register_slice_inst/ar.ar_pipe/m_payload_i_reg[9]/D
  -------------------------------------------------------------------    ----------------------------------------

                         (clock clk_fpga_0 rise edge)
                                                      0.000     0.000 r                       
    PS7_X0Y0             PS7                          0.000     0.000 r                       udp_gateway_shadow_mirror_i/processing_system7_0/inst/PS7_i/FCLKCLK[0]
                         net (fo=1, routed)           0.337     0.337                         udp_gateway_shadow_mirror_i/processing_system7_0/inst/FCLK_CLK_unbuffered[0]
    BUFGCTRL_X0Y17       BUFG (Prop_bufg_I_O)         0.029     0.366 r                       udp_gateway_shadow_mirror_i/processing_system7_0/inst/buffer_fclk_clk_0.FCLK_CLK_0_BUFG/O
                         net (fo=42374, routed)       0.831     1.197                         udp_gateway_shadow_mirror_i/axi_mem_intercon/s01_couplers/auto_us/inst/gen_upsizer.gen_full_upsizer.axi_upsizer_inst/si_register_slice_inst/ar.ar_pipe/out
    SLICE_X35Y49         FDRE                                         r                       udp_gateway_shadow_mirror_i/axi_mem_intercon/s01_couplers/auto_us/inst/gen_upsizer.gen_full_upsizer.axi_upsizer_inst/si_register_slice_inst/ar.ar_pipe/m_payload_i_reg[9]/C
                         clock pessimism             -0.030     1.167                           
    SLICE_X35Y49         FDRE (Hold_fdre_C_D)         0.072     1.239                           udp_gateway_shadow_mirror_i/axi_mem_intercon/s01_couplers/auto_us/inst/gen_upsizer.gen_full_upsizer.axi_upsizer_inst/si_register_slice_inst/ar.ar_pipe/m_payload_i_reg[9]
  -------------------------------------------------------------------
                         required time                         -1.239                           
                         arrival time                           1.285                           
  -------------------------------------------------------------------
                         slack                                  0.047                           

Slack (MET) :             0.054ns  (arrival time - required time)
  Source:                 udp_gateway_shadow_mirror_i/crypto_accel_axi_0/inst/u_design1_crypto_accel_axi/crypto_accel_axi_slave_lite_v1_0_S00_AXI_inst/u_crypto_bridge_top/key_lfsr_reg[200]/C
                            (rising edge-triggered cell FDCE clocked by clk_fpga_0  {rise@0.000ns fall@10.000ns period=20.000ns})
  Destination:            udp_gateway_shadow_mirror_i/crypto_accel_axi_0/inst/u_design1_crypto_accel_axi/crypto_accel_axi_slave_lite_v1_0_S00_AXI_inst/u_crypto_bridge_top/key_mask_hi_reg_reg[72]/D
                            (rising edge-triggered cell FDCE clocked by clk_fpga_0  {rise@0.000ns fall@10.000ns period=20.000ns})
  Path Group:             clk_fpga_0
  Path Type:              Hold (Min at Fast Process Corner)
  Requirement:            0.000ns  (clk_fpga_0 rise@0.000ns - clk_fpga_0 rise@0.000ns)
  Data Path Delay:        0.398ns  (logic 0.141ns (35.464%)  route 0.257ns (64.536%))
  Logic Levels:           0  
  Clock Path Skew:        0.267ns (DCD - SCD - CPR)
    Destination Clock Delay (DCD):    1.274ns
    Source Clock Delay      (SCD):    0.968ns
    Clock Pessimism Removal (CPR):    0.039ns

    Location             Delay type                Incr(ns)  Path(ns)    PBlock               Netlist Resource(s)
  -------------------------------------------------------------------    ----------------------------------------
                         (clock clk_fpga_0 rise edge)
                                                      0.000     0.000 r                       
    PS7_X0Y0             PS7                          0.000     0.000 r                       udp_gateway_shadow_mirror_i/processing_system7_0/inst/PS7_i/FCLKCLK[0]
                         net (fo=1, routed)           0.310     0.310                         udp_gateway_shadow_mirror_i/processing_system7_0/inst/FCLK_CLK_unbuffered[0]
    BUFGCTRL_X0Y17       BUFG (Prop_bufg_I_O)         0.026     0.336 r                       udp_gateway_shadow_mirror_i/processing_system7_0/inst/buffer_fclk_clk_0.FCLK_CLK_0_BUFG/O
                         net (fo=42374, routed)       0.632     0.968                         udp_gateway_shadow_mirror_i/crypto_accel_axi_0/inst/u_design1_crypto_accel_axi/crypto_accel_axi_slave_lite_v1_0_S00_AXI_inst/u_crypto_bridge_top/s00_axi_aclk
    SLICE_X53Y111        FDCE                                         r  live_crypto_region   udp_gateway_shadow_mirror_i/crypto_accel_axi_0/inst/u_design1_crypto_accel_axi/crypto_accel_axi_slave_lite_v1_0_S00_AXI_inst/u_crypto_bridge_top/key_lfsr_reg[200]/C
  -------------------------------------------------------------------    ----------------------------------------
    SLICE_X53Y111        FDCE (Prop_fdce_C_Q)         0.141     1.109 r  live_crypto_region   udp_gateway_shadow_mirror_i/crypto_accel_axi_0/inst/u_design1_crypto_accel_axi/crypto_accel_axi_slave_lite_v1_0_S00_AXI_inst/u_crypto_bridge_top/key_lfsr_reg[200]/Q
                         net (fo=3, routed)           0.257     1.366                         udp_gateway_shadow_mirror_i/crypto_accel_axi_0/inst/u_design1_crypto_accel_axi/crypto_accel_axi_slave_lite_v1_0_S00_AXI_inst/u_crypto_bridge_top/p_0_in[72]
    SLICE_X45Y110        FDCE                                         r  live_crypto_region   udp_gateway_shadow_mirror_i/crypto_accel_axi_0/inst/u_design1_crypto_accel_axi/crypto_accel_axi_slave_lite_v1_0_S00_AXI_inst/u_crypto_bridge_top/key_mask_hi_reg_reg[72]/D
  -------------------------------------------------------------------    ----------------------------------------

                         (clock clk_fpga_0 rise edge)
                                                      0.000     0.000 r                       
    PS7_X0Y0             PS7                          0.000     0.000 r                       udp_gateway_shadow_mirror_i/processing_system7_0/inst/PS7_i/FCLKCLK[0]
                         net (fo=1, routed)           0.337     0.337                         udp_gateway_shadow_mirror_i/processing_system7_0/inst/FCLK_CLK_unbuffered[0]
    BUFGCTRL_X0Y17       BUFG (Prop_bufg_I_O)         0.029     0.366 r                       udp_gateway_shadow_mirror_i/processing_system7_0/inst/buffer_fclk_clk_0.FCLK_CLK_0_BUFG/O
                         net (fo=42374, routed)       0.908     1.274                         udp_gateway_shadow_mirror_i/crypto_accel_axi_0/inst/u_design1_crypto_accel_axi/crypto_accel_axi_slave_lite_v1_0_S00_AXI_inst/u_crypto_bridge_top/s00_axi_aclk
    SLICE_X45Y110        FDCE                                         r  live_crypto_region   udp_gateway_shadow_mirror_i/crypto_accel_axi_0/inst/u_design1_crypto_accel_axi/crypto_accel_axi_slave_lite_v1_0_S00_AXI_inst/u_crypto_bridge_top/key_mask_hi_reg_reg[72]/C
                         clock pessimism             -0.039     1.235                           
    SLICE_X45Y110        FDCE (Hold_fdce_C_D)         0.076     1.311    live_crypto_region     udp_gateway_shadow_mirror_i/crypto_accel_axi_0/inst/u_design1_crypto_accel_axi/crypto_accel_axi_slave_lite_v1_0_S00_AXI_inst/u_crypto_bridge_top/key_mask_hi_reg_reg[72]
  -------------------------------------------------------------------
                         required time                         -1.311                           
                         arrival time                           1.366                           
  -------------------------------------------------------------------
                         slack                                  0.054                           

Slack (MET) :             0.056ns  (arrival time - required time)
  Source:                 udp_gateway_shadow_mirror_i/dma_gateway_hybrid_0/inst/i_hybrid_dma/u_crypto_bridge/key_lfsr_reg[77]/C
                            (rising edge-triggered cell FDCE clocked by clk_fpga_0  {rise@0.000ns fall@10.000ns period=20.000ns})
  Destination:            udp_gateway_shadow_mirror_i/dma_gateway_hybrid_0/inst/i_hybrid_dma/u_crypto_bridge/key_shadow_lo_reg_reg[77]/D
                            (rising edge-triggered cell FDCE clocked by clk_fpga_0  {rise@0.000ns fall@10.000ns period=20.000ns})
  Path Group:             clk_fpga_0
  Path Type:              Hold (Min at Fast Process Corner)
  Requirement:            0.000ns  (clk_fpga_0 rise@0.000ns - clk_fpga_0 rise@0.000ns)
  Data Path Delay:        0.415ns  (logic 0.226ns (54.499%)  route 0.189ns (45.501%))
  Logic Levels:           1  (LUT2=1)
  Clock Path Skew:        0.266ns (DCD - SCD - CPR)
    Destination Clock Delay (DCD):    1.193ns
    Source Clock Delay      (SCD):    0.892ns
    Clock Pessimism Removal (CPR):    0.035ns

    Location             Delay type                Incr(ns)  Path(ns)    PBlock               Netlist Resource(s)
  -------------------------------------------------------------------    ----------------------------------------
                         (clock clk_fpga_0 rise edge)
                                                      0.000     0.000 r                       
    PS7_X0Y0             PS7                          0.000     0.000 r                       udp_gateway_shadow_mirror_i/processing_system7_0/inst/PS7_i/FCLKCLK[0]
                         net (fo=1, routed)           0.310     0.310                         udp_gateway_shadow_mirror_i/processing_system7_0/inst/FCLK_CLK_unbuffered[0]
    BUFGCTRL_X0Y17       BUFG (Prop_bufg_I_O)         0.026     0.336 r                       udp_gateway_shadow_mirror_i/processing_system7_0/inst/buffer_fclk_clk_0.FCLK_CLK_0_BUFG/O
                         net (fo=42374, routed)       0.556     0.891                         udp_gateway_shadow_mirror_i/dma_gateway_hybrid_0/inst/i_hybrid_dma/u_crypto_bridge/clk
    SLICE_X53Y39         FDCE                                         r  shadow_data_region   udp_gateway_shadow_mirror_i/dma_gateway_hybrid_0/inst/i_hybrid_dma/u_crypto_bridge/key_lfsr_reg[77]/C
  -------------------------------------------------------------------    ----------------------------------------
    SLICE_X53Y39         FDCE (Prop_fdce_C_Q)         0.128     1.020 r  shadow_data_region   udp_gateway_shadow_mirror_i/dma_gateway_hybrid_0/inst/i_hybrid_dma/u_crypto_bridge/key_lfsr_reg[77]/Q
                         net (fo=3, routed)           0.189     1.208                         udp_gateway_shadow_mirror_i/dma_gateway_hybrid_0/inst/i_hybrid_dma/u_crypto_bridge/key_lfsr_reg_n_0_[77]
    SLICE_X49Y38         LUT2 (Prop_lut2_I1_O)        0.098     1.306 r  shadow_data_region   udp_gateway_shadow_mirror_i/dma_gateway_hybrid_0/inst/i_hybrid_dma/u_crypto_bridge/key_shadow_lo_reg[77]_i_1/O
                         net (fo=1, routed)           0.000     1.306                         udp_gateway_shadow_mirror_i/dma_gateway_hybrid_0/inst/i_hybrid_dma/u_crypto_bridge/key_shadow_lo_reg0[77]
    SLICE_X49Y38         FDCE                                         r  shadow_data_region   udp_gateway_shadow_mirror_i/dma_gateway_hybrid_0/inst/i_hybrid_dma/u_crypto_bridge/key_shadow_lo_reg_reg[77]/D
  -------------------------------------------------------------------    ----------------------------------------

                         (clock clk_fpga_0 rise edge)
                                                      0.000     0.000 r                       
    PS7_X0Y0             PS7                          0.000     0.000 r                       udp_gateway_shadow_mirror_i/processing_system7_0/inst/PS7_i/FCLKCLK[0]
                         net (fo=1, routed)           0.337     0.337                         udp_gateway_shadow_mirror_i/processing_system7_0/inst/FCLK_CLK_unbuffered[0]
    BUFGCTRL_X0Y17       BUFG (Prop_bufg_I_O)         0.029     0.366 r                       udp_gateway_shadow_mirror_i/processing_system7_0/inst/buffer_fclk_clk_0.FCLK_CLK_0_BUFG/O
                         net (fo=42374, routed)       0.827     1.193                         udp_gateway_shadow_mirror_i/dma_gateway_hybrid_0/inst/i_hybrid_dma/u_crypto_bridge/clk
    SLICE_X49Y38         FDCE                                         r  shadow_data_region   udp_gateway_shadow_mirror_i/dma_gateway_hybrid_0/inst/i_hybrid_dma/u_crypto_bridge/key_shadow_lo_reg_reg[77]/C
                         clock pessimism             -0.035     1.158                           
    SLICE_X49Y38         FDCE (Hold_fdce_C_D)         0.092     1.250    shadow_data_region     udp_gateway_shadow_mirror_i/dma_gateway_hybrid_0/inst/i_hybrid_dma/u_crypto_bridge/key_shadow_lo_reg_reg[77]
  -------------------------------------------------------------------
                         required time                         -1.250                           
                         arrival time                           1.306                           
  -------------------------------------------------------------------
                         slack                                  0.056                           

Slack (MET) :             0.063ns  (arrival time - required time)
  Source:                 udp_gateway_shadow_mirror_i/dma_gateway_hybrid_0/inst/i_hybrid_dma/u_s2mm_mm2s/addr_reg_reg[21]/C
                            (rising edge-triggered cell FDCE clocked by clk_fpga_0  {rise@0.000ns fall@10.000ns period=20.000ns})
  Destination:            udp_gateway_shadow_mirror_i/axi_mem_intercon/s02_couplers/auto_us/inst/gen_upsizer.gen_full_upsizer.axi_upsizer_inst/si_register_slice_inst/aw.aw_pipe/m_payload_i_reg[21]/D
                            (rising edge-triggered cell FDRE clocked by clk_fpga_0  {rise@0.000ns fall@10.000ns period=20.000ns})
  Path Group:             clk_fpga_0
  Path Type:              Hold (Min at Fast Process Corner)
  Requirement:            0.000ns  (clk_fpga_0 rise@0.000ns - clk_fpga_0 rise@0.000ns)
  Data Path Delay:        0.422ns  (logic 0.192ns (45.446%)  route 0.230ns (54.554%))
  Logic Levels:           1  (LUT2=1)
  Clock Path Skew:        0.252ns (DCD - SCD - CPR)
    Destination Clock Delay (DCD):    1.210ns
    Source Clock Delay      (SCD):    0.928ns
    Clock Pessimism Removal (CPR):    0.030ns

    Location             Delay type                Incr(ns)  Path(ns)    PBlock               Netlist Resource(s)
  -------------------------------------------------------------------    ----------------------------------------
                         (clock clk_fpga_0 rise edge)
                                                      0.000     0.000 r                       
    PS7_X0Y0             PS7                          0.000     0.000 r                       udp_gateway_shadow_mirror_i/processing_system7_0/inst/PS7_i/FCLKCLK[0]
                         net (fo=1, routed)           0.310     0.310                         udp_gateway_shadow_mirror_i/processing_system7_0/inst/FCLK_CLK_unbuffered[0]
    BUFGCTRL_X0Y17       BUFG (Prop_bufg_I_O)         0.026     0.336 r                       udp_gateway_shadow_mirror_i/processing_system7_0/inst/buffer_fclk_clk_0.FCLK_CLK_0_BUFG/O
                         net (fo=42374, routed)       0.592     0.928                         udp_gateway_shadow_mirror_i/dma_gateway_hybrid_0/inst/i_hybrid_dma/u_s2mm_mm2s/clk
    SLICE_X27Y49         FDCE                                         r  shadow_data_region   udp_gateway_shadow_mirror_i/dma_gateway_hybrid_0/inst/i_hybrid_dma/u_s2mm_mm2s/addr_reg_reg[21]/C
  -------------------------------------------------------------------    ----------------------------------------
    SLICE_X27Y49         FDCE (Prop_fdce_C_Q)         0.141     1.069 r  shadow_data_region   udp_gateway_shadow_mirror_i/dma_gateway_hybrid_0/inst/i_hybrid_dma/u_s2mm_mm2s/addr_reg_reg[21]/Q
                         net (fo=2, routed)           0.230     1.299                         udp_gateway_shadow_mirror_i/dma_gateway_hybrid_0/inst/i_hybrid_dma/u_s2mm_mm2s/addr_reg[21]
    SLICE_X27Y52         LUT2 (Prop_lut2_I1_O)        0.051     1.350 r  shadow_data_region   udp_gateway_shadow_mirror_i/dma_gateway_hybrid_0/inst/i_hybrid_dma/u_s2mm_mm2s/m_axis_s2mm_awaddr[21]_INST_0/O
                         net (fo=1, routed)           0.000     1.350                         udp_gateway_shadow_mirror_i/axi_mem_intercon/s02_couplers/auto_us/inst/gen_upsizer.gen_full_upsizer.axi_upsizer_inst/si_register_slice_inst/aw.aw_pipe/D[21]
    SLICE_X27Y52         FDRE                                         r                       udp_gateway_shadow_mirror_i/axi_mem_intercon/s02_couplers/auto_us/inst/gen_upsizer.gen_full_upsizer.axi_upsizer_inst/si_register_slice_inst/aw.aw_pipe/m_payload_i_reg[21]/D
  -------------------------------------------------------------------    ----------------------------------------

                         (clock clk_fpga_0 rise edge)
                                                      0.000     0.000 r                       
    PS7_X0Y0             PS7                          0.000     0.000 r                       udp_gateway_shadow_mirror_i/processing_system7_0/inst/PS7_i/FCLKCLK[0]
                         net (fo=1, routed)           0.337     0.337                         udp_gateway_shadow_mirror_i/processing_system7_0/inst/FCLK_CLK_unbuffered[0]
    BUFGCTRL_X0Y17       BUFG (Prop_bufg_I_O)         0.029     0.366 r                       udp_gateway_shadow_mirror_i/processing_system7_0/inst/buffer_fclk_clk_0.FCLK_CLK_0_BUFG/O
                         net (fo=42374, routed)       0.844     1.210                         udp_gateway_shadow_mirror_i/axi_mem_intercon/s02_couplers/auto_us/inst/gen_upsizer.gen_full_upsizer.axi_upsizer_inst/si_register_slice_inst/aw.aw_pipe/out
    SLICE_X27Y52         FDRE                                         r                       udp_gateway_shadow_mirror_i/axi_mem_intercon/s02_couplers/auto_us/inst/gen_upsizer.gen_full_upsizer.axi_upsizer_inst/si_register_slice_inst/aw.aw_pipe/m_payload_i_reg[21]/C
                         clock pessimism             -0.030     1.180                           
    SLICE_X27Y52         FDRE (Hold_fdre_C_D)         0.107     1.287                           udp_gateway_shadow_mirror_i/axi_mem_intercon/s02_couplers/auto_us/inst/gen_upsizer.gen_full_upsizer.axi_upsizer_inst/si_register_slice_inst/aw.aw_pipe/m_payload_i_reg[21]
  -------------------------------------------------------------------
                         required time                         -1.287                           
                         arrival time                           1.350                           
  -------------------------------------------------------------------
                         slack                                  0.063                           

Slack (MET) :             0.067ns  (arrival time - required time)
  Source:                 udp_gateway_shadow_mirror_i/crypto_accel_axi_0/inst/u_design1_crypto_accel_axi/crypto_accel_axi_slave_lite_v1_0_S00_AXI_inst/u_crypto_bridge_top/key_lfsr_reg[168]/C
                            (rising edge-triggered cell FDCE clocked by clk_fpga_0  {rise@0.000ns fall@10.000ns period=20.000ns})
  Destination:            udp_gateway_shadow_mirror_i/crypto_accel_axi_0/inst/u_design1_crypto_accel_axi/crypto_accel_axi_slave_lite_v1_0_S00_AXI_inst/u_crypto_bridge_top/key_mask_hi_reg_reg[40]/D
                            (rising edge-triggered cell FDCE clocked by clk_fpga_0  {rise@0.000ns fall@10.000ns period=20.000ns})
  Path Group:             clk_fpga_0
  Path Type:              Hold (Min at Fast Process Corner)
  Requirement:            0.000ns  (clk_fpga_0 rise@0.000ns - clk_fpga_0 rise@0.000ns)
  Data Path Delay:        0.410ns  (logic 0.141ns (34.432%)  route 0.269ns (65.568%))
  Logic Levels:           0  
  Clock Path Skew:        0.267ns (DCD - SCD - CPR)
    Destination Clock Delay (DCD):    1.274ns
    Source Clock Delay      (SCD):    0.968ns
    Clock Pessimism Removal (CPR):    0.039ns

    Location             Delay type                Incr(ns)  Path(ns)    PBlock               Netlist Resource(s)
  -------------------------------------------------------------------    ----------------------------------------
                         (clock clk_fpga_0 rise edge)
                                                      0.000     0.000 r                       
    PS7_X0Y0             PS7                          0.000     0.000 r                       udp_gateway_shadow_mirror_i/processing_system7_0/inst/PS7_i/FCLKCLK[0]
                         net (fo=1, routed)           0.310     0.310                         udp_gateway_shadow_mirror_i/processing_system7_0/inst/FCLK_CLK_unbuffered[0]
    BUFGCTRL_X0Y17       BUFG (Prop_bufg_I_O)         0.026     0.336 r                       udp_gateway_shadow_mirror_i/processing_system7_0/inst/buffer_fclk_clk_0.FCLK_CLK_0_BUFG/O
                         net (fo=42374, routed)       0.632     0.968                         udp_gateway_shadow_mirror_i/crypto_accel_axi_0/inst/u_design1_crypto_accel_axi/crypto_accel_axi_slave_lite_v1_0_S00_AXI_inst/u_crypto_bridge_top/s00_axi_aclk
    SLICE_X51Y111        FDCE                                         r  live_crypto_region   udp_gateway_shadow_mirror_i/crypto_accel_axi_0/inst/u_design1_crypto_accel_axi/crypto_accel_axi_slave_lite_v1_0_S00_AXI_inst/u_crypto_bridge_top/key_lfsr_reg[168]/C
  -------------------------------------------------------------------    ----------------------------------------
    SLICE_X51Y111        FDCE (Prop_fdce_C_Q)         0.141     1.109 r  live_crypto_region   udp_gateway_shadow_mirror_i/crypto_accel_axi_0/inst/u_design1_crypto_accel_axi/crypto_accel_axi_slave_lite_v1_0_S00_AXI_inst/u_crypto_bridge_top/key_lfsr_reg[168]/Q
                         net (fo=3, routed)           0.269     1.378                         udp_gateway_shadow_mirror_i/crypto_accel_axi_0/inst/u_design1_crypto_accel_axi/crypto_accel_axi_slave_lite_v1_0_S00_AXI_inst/u_crypto_bridge_top/p_0_in[40]
    SLICE_X45Y110        FDCE                                         r  live_crypto_region   udp_gateway_shadow_mirror_i/crypto_accel_axi_0/inst/u_design1_crypto_accel_axi/crypto_accel_axi_slave_lite_v1_0_S00_AXI_inst/u_crypto_bridge_top/key_mask_hi_reg_reg[40]/D
  -------------------------------------------------------------------    ----------------------------------------

                         (clock clk_fpga_0 rise edge)
                                                      0.000     0.000 r                       
    PS7_X0Y0             PS7                          0.000     0.000 r                       udp_gateway_shadow_mirror_i/processing_system7_0/inst/PS7_i/FCLKCLK[0]
                         net (fo=1, routed)           0.337     0.337                         udp_gateway_shadow_mirror_i/processing_system7_0/inst/FCLK_CLK_unbuffered[0]
    BUFGCTRL_X0Y17       BUFG (Prop_bufg_I_O)         0.029     0.366 r                       udp_gateway_shadow_mirror_i/processing_system7_0/inst/buffer_fclk_clk_0.FCLK_CLK_0_BUFG/O
                         net (fo=42374, routed)       0.908     1.274                         udp_gateway_shadow_mirror_i/crypto_accel_axi_0/inst/u_design1_crypto_accel_axi/crypto_accel_axi_slave_lite_v1_0_S00_AXI_inst/u_crypto_bridge_top/s00_axi_aclk
    SLICE_X45Y110        FDCE                                         r  live_crypto_region   udp_gateway_shadow_mirror_i/crypto_accel_axi_0/inst/u_design1_crypto_accel_axi/crypto_accel_axi_slave_lite_v1_0_S00_AXI_inst/u_crypto_bridge_top/key_mask_hi_reg_reg[40]/C
                         clock pessimism             -0.039     1.235                           
    SLICE_X45Y110        FDCE (Hold_fdce_C_D)         0.075     1.310    live_crypto_region     udp_gateway_shadow_mirror_i/crypto_accel_axi_0/inst/u_design1_crypto_accel_axi/crypto_accel_axi_slave_lite_v1_0_S00_AXI_inst/u_crypto_bridge_top/key_mask_hi_reg_reg[40]
  -------------------------------------------------------------------
                         required time                         -1.310                           
                         arrival time                           1.378                           
  -------------------------------------------------------------------
                         slack                                  0.067                           





Pulse Width Checks
--------------------------------------------------------------------------------------
Clock Name:         clk_fpga_0
Waveform(ns):       { 0.000 10.000 }
Period(ns):         20.000
Sources:            { udp_gateway_shadow_mirror_i/processing_system7_0/inst/PS7_i/FCLKCLK[0] }

Check Type        Corner  Lib Pin             Reference Pin  Required(ns)  Actual(ns)  Slack(ns)  Location       Pin
Min Period        n/a     RAMB36E1/CLKARDCLK  n/a            2.944         20.000      17.056     RAMB36_X4Y8    udp_gateway_shadow_mirror_i/dma_gateway_hybrid_0/inst/u_shadow_acl_filter/u_acl/bram_way0_reg_0/CLKARDCLK
Min Period        n/a     RAMB36E1/CLKARDCLK  n/a            2.944         20.000      17.056     RAMB36_X4Y4    udp_gateway_shadow_mirror_i/dma_gateway_hybrid_0/inst/u_shadow_acl_filter/u_acl/bram_way0_reg_1/CLKARDCLK
Min Period        n/a     RAMB36E1/CLKARDCLK  n/a            2.944         20.000      17.056     RAMB36_X3Y11   udp_gateway_shadow_mirror_i/dma_gateway_hybrid_0/inst/u_shadow_acl_filter/u_acl/bram_way0_reg_10/CLKARDCLK
Min Period        n/a     RAMB36E1/CLKARDCLK  n/a            2.944         20.000      17.056     RAMB36_X4Y13   udp_gateway_shadow_mirror_i/dma_gateway_hybrid_0/inst/u_shadow_acl_filter/u_acl/bram_way0_reg_11/CLKARDCLK
Min Period        n/a     RAMB36E1/CLKARDCLK  n/a            2.944         20.000      17.056     RAMB36_X3Y9    udp_gateway_shadow_mirror_i/dma_gateway_hybrid_0/inst/u_shadow_acl_filter/u_acl/bram_way0_reg_2/CLKARDCLK
Min Period        n/a     RAMB36E1/CLKARDCLK  n/a            2.944         20.000      17.056     RAMB36_X3Y7    udp_gateway_shadow_mirror_i/dma_gateway_hybrid_0/inst/u_shadow_acl_filter/u_acl/bram_way0_reg_3/CLKARDCLK
Min Period        n/a     RAMB36E1/CLKARDCLK  n/a            2.944         20.000      17.056     RAMB36_X3Y4    udp_gateway_shadow_mirror_i/dma_gateway_hybrid_0/inst/u_shadow_acl_filter/u_acl/bram_way0_reg_4/CLKARDCLK
Min Period        n/a     RAMB36E1/CLKARDCLK  n/a            2.944         20.000      17.056     RAMB36_X3Y5    udp_gateway_shadow_mirror_i/dma_gateway_hybrid_0/inst/u_shadow_acl_filter/u_acl/bram_way0_reg_5/CLKARDCLK
Min Period        n/a     RAMB36E1/CLKARDCLK  n/a            2.944         20.000      17.056     RAMB36_X4Y10   udp_gateway_shadow_mirror_i/dma_gateway_hybrid_0/inst/u_shadow_acl_filter/u_acl/bram_way0_reg_6/CLKARDCLK
Min Period        n/a     RAMB36E1/CLKARDCLK  n/a            2.944         20.000      17.056     RAMB36_X3Y12   udp_gateway_shadow_mirror_i/dma_gateway_hybrid_0/inst/u_shadow_acl_filter/u_acl/bram_way0_reg_7/CLKARDCLK
Low Pulse Width   Slow    RAMD32/CLK          n/a            1.250         10.000      8.750      SLICE_X54Y120  udp_gateway_shadow_mirror_i/crypto_accel_axi_0/inst/u_design1_crypto_accel_axi/crypto_accel_axi_slave_lite_v1_0_S00_AXI_inst/pbm_fifo_mem_reg_0_7_0_5/RAMA/CLK
Low Pulse Width   Fast    RAMD32/CLK          n/a            1.250         10.000      8.750      SLICE_X54Y120  udp_gateway_shadow_mirror_i/crypto_accel_axi_0/inst/u_design1_crypto_accel_axi/crypto_accel_axi_slave_lite_v1_0_S00_AXI_inst/pbm_fifo_mem_reg_0_7_0_5/RAMA/CLK
Low Pulse Width   Slow    RAMD32/CLK          n/a            1.250         10.000      8.750      SLICE_X54Y120  udp_gateway_shadow_mirror_i/crypto_accel_axi_0/inst/u_design1_crypto_accel_axi/crypto_accel_axi_slave_lite_v1_0_S00_AXI_inst/pbm_fifo_mem_reg_0_7_0_5/RAMA_D1/CLK
Low Pulse Width   Fast    RAMD32/CLK          n/a            1.250         10.000      8.750      SLICE_X54Y120  udp_gateway_shadow_mirror_i/crypto_accel_axi_0/inst/u_design1_crypto_accel_axi/crypto_accel_axi_slave_lite_v1_0_S00_AXI_inst/pbm_fifo_mem_reg_0_7_0_5/RAMA_D1/CLK
Low Pulse Width   Slow    RAMD32/CLK          n/a            1.250         10.000      8.750      SLICE_X54Y120  udp_gateway_shadow_mirror_i/crypto_accel_axi_0/inst/u_design1_crypto_accel_axi/crypto_accel_axi_slave_lite_v1_0_S00_AXI_inst/pbm_fifo_mem_reg_0_7_0_5/RAMB/CLK
Low Pulse Width   Fast    RAMD32/CLK          n/a            1.250         10.000      8.750      SLICE_X54Y120  udp_gateway_shadow_mirror_i/crypto_accel_axi_0/inst/u_design1_crypto_accel_axi/crypto_accel_axi_slave_lite_v1_0_S00_AXI_inst/pbm_fifo_mem_reg_0_7_0_5/RAMB/CLK
Low Pulse Width   Slow    RAMD32/CLK          n/a            1.250         10.000      8.750      SLICE_X54Y120  udp_gateway_shadow_mirror_i/crypto_accel_axi_0/inst/u_design1_crypto_accel_axi/crypto_accel_axi_slave_lite_v1_0_S00_AXI_inst/pbm_fifo_mem_reg_0_7_0_5/RAMB_D1/CLK
Low Pulse Width   Fast    RAMD32/CLK          n/a            1.250         10.000      8.750      SLICE_X54Y120  udp_gateway_shadow_mirror_i/crypto_accel_axi_0/inst/u_design1_crypto_accel_axi/crypto_accel_axi_slave_lite_v1_0_S00_AXI_inst/pbm_fifo_mem_reg_0_7_0_5/RAMB_D1/CLK
Low Pulse Width   Slow    RAMD32/CLK          n/a            1.250         10.000      8.750      SLICE_X54Y120  udp_gateway_shadow_mirror_i/crypto_accel_axi_0/inst/u_design1_crypto_accel_axi/crypto_accel_axi_slave_lite_v1_0_S00_AXI_inst/pbm_fifo_mem_reg_0_7_0_5/RAMC/CLK
Low Pulse Width   Fast    RAMD32/CLK          n/a            1.250         10.000      8.750      SLICE_X54Y120  udp_gateway_shadow_mirror_i/crypto_accel_axi_0/inst/u_design1_crypto_accel_axi/crypto_accel_axi_slave_lite_v1_0_S00_AXI_inst/pbm_fifo_mem_reg_0_7_0_5/RAMC/CLK
High Pulse Width  Slow    RAMD32/CLK          n/a            1.250         10.000      8.750      SLICE_X54Y120  udp_gateway_shadow_mirror_i/crypto_accel_axi_0/inst/u_design1_crypto_accel_axi/crypto_accel_axi_slave_lite_v1_0_S00_AXI_inst/pbm_fifo_mem_reg_0_7_0_5/RAMA/CLK
High Pulse Width  Fast    RAMD32/CLK          n/a            1.250         10.000      8.750      SLICE_X54Y120  udp_gateway_shadow_mirror_i/crypto_accel_axi_0/inst/u_design1_crypto_accel_axi/crypto_accel_axi_slave_lite_v1_0_S00_AXI_inst/pbm_fifo_mem_reg_0_7_0_5/RAMA/CLK
High Pulse Width  Slow    RAMD32/CLK          n/a            1.250         10.000      8.750      SLICE_X54Y120  udp_gateway_shadow_mirror_i/crypto_accel_axi_0/inst/u_design1_crypto_accel_axi/crypto_accel_axi_slave_lite_v1_0_S00_AXI_inst/pbm_fifo_mem_reg_0_7_0_5/RAMA_D1/CLK
High Pulse Width  Fast    RAMD32/CLK          n/a            1.250         10.000      8.750      SLICE_X54Y120  udp_gateway_shadow_mirror_i/crypto_accel_axi_0/inst/u_design1_crypto_accel_axi/crypto_accel_axi_slave_lite_v1_0_S00_AXI_inst/pbm_fifo_mem_reg_0_7_0_5/RAMA_D1/CLK
High Pulse Width  Slow    RAMD32/CLK          n/a            1.250         10.000      8.750      SLICE_X54Y120  udp_gateway_shadow_mirror_i/crypto_accel_axi_0/inst/u_design1_crypto_accel_axi/crypto_accel_axi_slave_lite_v1_0_S00_AXI_inst/pbm_fifo_mem_reg_0_7_0_5/RAMB/CLK
High Pulse Width  Fast    RAMD32/CLK          n/a            1.250         10.000      8.750      SLICE_X54Y120  udp_gateway_shadow_mirror_i/crypto_accel_axi_0/inst/u_design1_crypto_accel_axi/crypto_accel_axi_slave_lite_v1_0_S00_AXI_inst/pbm_fifo_mem_reg_0_7_0_5/RAMB/CLK
High Pulse Width  Slow    RAMD32/CLK          n/a            1.250         10.000      8.750      SLICE_X54Y120  udp_gateway_shadow_mirror_i/crypto_accel_axi_0/inst/u_design1_crypto_accel_axi/crypto_accel_axi_slave_lite_v1_0_S00_AXI_inst/pbm_fifo_mem_reg_0_7_0_5/RAMB_D1/CLK
High Pulse Width  Fast    RAMD32/CLK          n/a            1.250         10.000      8.750      SLICE_X54Y120  udp_gateway_shadow_mirror_i/crypto_accel_axi_0/inst/u_design1_crypto_accel_axi/crypto_accel_axi_slave_lite_v1_0_S00_AXI_inst/pbm_fifo_mem_reg_0_7_0_5/RAMB_D1/CLK
High Pulse Width  Slow    RAMD32/CLK          n/a            1.250         10.000      8.750      SLICE_X54Y120  udp_gateway_shadow_mirror_i/crypto_accel_axi_0/inst/u_design1_crypto_accel_axi/crypto_accel_axi_slave_lite_v1_0_S00_AXI_inst/pbm_fifo_mem_reg_0_7_0_5/RAMC/CLK
High Pulse Width  Fast    RAMD32/CLK          n/a            1.250         10.000      8.750      SLICE_X54Y120  udp_gateway_shadow_mirror_i/crypto_accel_axi_0/inst/u_design1_crypto_accel_axi/crypto_accel_axi_slave_lite_v1_0_S00_AXI_inst/pbm_fifo_mem_reg_0_7_0_5/RAMC/CLK



---------------------------------------------------------------------------------------------------
From Clock:  shadow_dna_clk
  To Clock:  shadow_dna_clk

Setup :            0  Failing Endpoints,  Worst Slack      632.432ns,  Total Violation        0.000ns
Hold  :            0  Failing Endpoints,  Worst Slack        0.282ns,  Total Violation        0.000ns
PW    :            0  Failing Endpoints,  Worst Slack      319.500ns,  Total Violation        0.000ns
---------------------------------------------------------------------------------------------------


Max Delay Paths
--------------------------------------------------------------------------------------
Slack (MET) :             632.432ns  (required time - arrival time)
  Source:                 udp_gateway_shadow_mirror_i/dma_gateway_hybrid_0/inst/u_device_dna_reader/dna_read_reg/C
                            (rising edge-triggered cell FDPE clocked by shadow_dna_clk  {rise@0.000ns fall@320.000ns period=640.000ns})
  Destination:            udp_gateway_shadow_mirror_i/dma_gateway_hybrid_0/inst/u_device_dna_reader/u_dna/READ
                            (rising edge-triggered cell DNA_PORT clocked by shadow_dna_clk  {rise@0.000ns fall@320.000ns period=640.000ns})
  Path Group:             shadow_dna_clk
  Path Type:              Setup (Max at Slow Process Corner)
  Requirement:            640.000ns  (shadow_dna_clk rise@640.000ns - shadow_dna_clk rise@0.000ns)
  Data Path Delay:        1.649ns  (logic 0.419ns (25.414%)  route 1.230ns (74.586%))
  Logic Levels:           0  
  Clock Path Skew:        -0.086ns (DCD - SCD + CPR)
    Destination Clock Delay (DCD):    6.924ns = ( 646.924 - 640.000 ) 
    Source Clock Delay      (SCD):    7.829ns
    Clock Pessimism Removal (CPR):    0.818ns
  Clock Uncertainty:      0.302ns  ((TSJ^2 + TIJ^2)^1/2 + DJ) / 2 + PE
    Total System Jitter     (TSJ):    0.071ns
    Total Input Jitter      (TIJ):    0.600ns
    Discrete Jitter          (DJ):    0.000ns
    Phase Error              (PE):    0.000ns

    Location             Delay type                Incr(ns)  Path(ns)    PBlock               Netlist Resource(s)
  -------------------------------------------------------------------    ----------------------------------------
                         (clock shadow_dna_clk rise edge)
                                                      0.000     0.000 r                       
    PS7_X0Y0             PS7                          0.000     0.000 r                       udp_gateway_shadow_mirror_i/processing_system7_0/inst/PS7_i/FCLKCLK[0]
                         net (fo=1, routed)           1.193     1.193                         udp_gateway_shadow_mirror_i/processing_system7_0/inst/FCLK_CLK_unbuffered[0]
    BUFGCTRL_X0Y17       BUFG (Prop_bufg_I_O)         0.101     1.294 r                       udp_gateway_shadow_mirror_i/processing_system7_0/inst/buffer_fclk_clk_0.FCLK_CLK_0_BUFG/O
                         net (fo=42374, routed)       1.785     3.079                         udp_gateway_shadow_mirror_i/dma_gateway_hybrid_0/inst/u_device_dna_reader/clk
    SLICE_X103Y54        FDCE (Prop_fdce_C_Q)         0.456     3.535 r  shadow_ctrl_region   udp_gateway_shadow_mirror_i/dma_gateway_hybrid_0/inst/u_device_dna_reader/dna_clk_reg/Q
                         net (fo=1, routed)           2.409     5.944                         udp_gateway_shadow_mirror_i/dma_gateway_hybrid_0/inst/u_device_dna_reader/dna_clk
    BUFGCTRL_X0Y16       BUFG (Prop_bufg_I_O)         0.101     6.045 r                       udp_gateway_shadow_mirror_i/dma_gateway_hybrid_0/inst/u_device_dna_reader/dna_clk_BUFG_inst/O
                         net (fo=69, routed)          1.784     7.829                         udp_gateway_shadow_mirror_i/dma_gateway_hybrid_0/inst/u_device_dna_reader/dna_clk_BUFG
    SLICE_X99Y91         FDPE                                         r  shadow_ctrl_region   udp_gateway_shadow_mirror_i/dma_gateway_hybrid_0/inst/u_device_dna_reader/dna_read_reg/C
  -------------------------------------------------------------------    ----------------------------------------
    SLICE_X99Y91         FDPE (Prop_fdpe_C_Q)         0.419     8.248 r  shadow_ctrl_region   udp_gateway_shadow_mirror_i/dma_gateway_hybrid_0/inst/u_device_dna_reader/dna_read_reg/Q
                         net (fo=5, routed)           1.230     9.478                         udp_gateway_shadow_mirror_i/dma_gateway_hybrid_0/inst/u_device_dna_reader/dna_read
    DNA_PORT_X0Y0        DNA_PORT                                     r  shadow_ctrl_region   udp_gateway_shadow_mirror_i/dma_gateway_hybrid_0/inst/u_device_dna_reader/u_dna/READ
  -------------------------------------------------------------------    ----------------------------------------

                         (clock shadow_dna_clk rise edge)
                                                    640.000   640.000 r                       
    PS7_X0Y0             PS7                          0.000   640.000 r                       udp_gateway_shadow_mirror_i/processing_system7_0/inst/PS7_i/FCLKCLK[0]
                         net (fo=1, routed)           1.088   641.088                         udp_gateway_shadow_mirror_i/processing_system7_0/inst/FCLK_CLK_unbuffered[0]
    BUFGCTRL_X0Y17       BUFG (Prop_bufg_I_O)         0.091   641.179 r                       udp_gateway_shadow_mirror_i/processing_system7_0/inst/buffer_fclk_clk_0.FCLK_CLK_0_BUFG/O
                         net (fo=42374, routed)       1.609   642.788                         udp_gateway_shadow_mirror_i/dma_gateway_hybrid_0/inst/u_device_dna_reader/clk
    SLICE_X103Y54        FDCE (Prop_fdce_C_Q)         0.367   643.155 r  shadow_ctrl_region   udp_gateway_shadow_mirror_i/dma_gateway_hybrid_0/inst/u_device_dna_reader/dna_clk_reg/Q
                         net (fo=1, routed)           2.095   645.250                         udp_gateway_shadow_mirror_i/dma_gateway_hybrid_0/inst/u_device_dna_reader/dna_clk
    BUFGCTRL_X0Y16       BUFG (Prop_bufg_I_O)         0.091   645.341 r                       udp_gateway_shadow_mirror_i/dma_gateway_hybrid_0/inst/u_device_dna_reader/dna_clk_BUFG_inst/O
                         net (fo=69, routed)          1.583   646.924                         udp_gateway_shadow_mirror_i/dma_gateway_hybrid_0/inst/u_device_dna_reader/dna_clk_BUFG
    DNA_PORT_X0Y0        DNA_PORT                                     r  shadow_ctrl_region   udp_gateway_shadow_mirror_i/dma_gateway_hybrid_0/inst/u_device_dna_reader/u_dna/CLK
                         clock pessimism              0.818   647.743                           
                         clock uncertainty           -0.302   647.441                           
    DNA_PORT_X0Y0        DNA_PORT (Setup_dna_port_CLK_READ)
                                                     -5.531   641.910    shadow_ctrl_region     udp_gateway_shadow_mirror_i/dma_gateway_hybrid_0/inst/u_device_dna_reader/u_dna
  -------------------------------------------------------------------
                         required time                        641.910                           
                         arrival time                          -9.478                           
  -------------------------------------------------------------------
                         slack                                632.432                           

Slack (MET) :             632.772ns  (required time - arrival time)
  Source:                 udp_gateway_shadow_mirror_i/dma_gateway_hybrid_0/inst/u_device_dna_reader/dna_shift_reg/C
                            (rising edge-triggered cell FDCE clocked by shadow_dna_clk  {rise@0.000ns fall@320.000ns period=640.000ns})
  Destination:            udp_gateway_shadow_mirror_i/dma_gateway_hybrid_0/inst/u_device_dna_reader/u_dna/SHIFT
                            (rising edge-triggered cell DNA_PORT clocked by shadow_dna_clk  {rise@0.000ns fall@320.000ns period=640.000ns})
  Path Group:             shadow_dna_clk
  Path Type:              Setup (Max at Slow Process Corner)
  Requirement:            640.000ns  (shadow_dna_clk rise@640.000ns - shadow_dna_clk rise@0.000ns)
  Data Path Delay:        1.484ns  (logic 0.456ns (30.737%)  route 1.028ns (69.263%))
  Logic Levels:           0  
  Clock Path Skew:        -0.086ns (DCD - SCD + CPR)
    Destination Clock Delay (DCD):    6.924ns = ( 646.924 - 640.000 ) 
    Source Clock Delay      (SCD):    7.829ns
    Clock Pessimism Removal (CPR):    0.818ns
  Clock Uncertainty:      0.302ns  ((TSJ^2 + TIJ^2)^1/2 + DJ) / 2 + PE
    Total System Jitter     (TSJ):    0.071ns
    Total Input Jitter      (TIJ):    0.600ns
    Discrete Jitter          (DJ):    0.000ns
    Phase Error              (PE):    0.000ns

    Location             Delay type                Incr(ns)  Path(ns)    PBlock               Netlist Resource(s)
  -------------------------------------------------------------------    ----------------------------------------
                         (clock shadow_dna_clk rise edge)
                                                      0.000     0.000 r                       
    PS7_X0Y0             PS7                          0.000     0.000 r                       udp_gateway_shadow_mirror_i/processing_system7_0/inst/PS7_i/FCLKCLK[0]
                         net (fo=1, routed)           1.193     1.193                         udp_gateway_shadow_mirror_i/processing_system7_0/inst/FCLK_CLK_unbuffered[0]
    BUFGCTRL_X0Y17       BUFG (Prop_bufg_I_O)         0.101     1.294 r                       udp_gateway_shadow_mirror_i/processing_system7_0/inst/buffer_fclk_clk_0.FCLK_CLK_0_BUFG/O
                         net (fo=42374, routed)       1.785     3.079                         udp_gateway_shadow_mirror_i/dma_gateway_hybrid_0/inst/u_device_dna_reader/clk
    SLICE_X103Y54        FDCE (Prop_fdce_C_Q)         0.456     3.535 r  shadow_ctrl_region   udp_gateway_shadow_mirror_i/dma_gateway_hybrid_0/inst/u_device_dna_reader/dna_clk_reg/Q
                         net (fo=1, routed)           2.409     5.944                         udp_gateway_shadow_mirror_i/dma_gateway_hybrid_0/inst/u_device_dna_reader/dna_clk
    BUFGCTRL_X0Y16       BUFG (Prop_bufg_I_O)         0.101     6.045 r                       udp_gateway_shadow_mirror_i/dma_gateway_hybrid_0/inst/u_device_dna_reader/dna_clk_BUFG_inst/O
                         net (fo=69, routed)          1.784     7.829                         udp_gateway_shadow_mirror_i/dma_gateway_hybrid_0/inst/u_device_dna_reader/dna_clk_BUFG
    SLICE_X99Y91         FDCE                                         r  shadow_ctrl_region   udp_gateway_shadow_mirror_i/dma_gateway_hybrid_0/inst/u_device_dna_reader/dna_shift_reg/C
  -------------------------------------------------------------------    ----------------------------------------
    SLICE_X99Y91         FDCE (Prop_fdce_C_Q)         0.456     8.285 r  shadow_ctrl_region   udp_gateway_shadow_mirror_i/dma_gateway_hybrid_0/inst/u_device_dna_reader/dna_shift_reg/Q
                         net (fo=4, routed)           1.028     9.313                         udp_gateway_shadow_mirror_i/dma_gateway_hybrid_0/inst/u_device_dna_reader/dna_shift
    DNA_PORT_X0Y0        DNA_PORT                                     r  shadow_ctrl_region   udp_gateway_shadow_mirror_i/dma_gateway_hybrid_0/inst/u_device_dna_reader/u_dna/SHIFT
  -------------------------------------------------------------------    ----------------------------------------

                         (clock shadow_dna_clk rise edge)
                                                    640.000   640.000 r                       
    PS7_X0Y0             PS7                          0.000   640.000 r                       udp_gateway_shadow_mirror_i/processing_system7_0/inst/PS7_i/FCLKCLK[0]
                         net (fo=1, routed)           1.088   641.088                         udp_gateway_shadow_mirror_i/processing_system7_0/inst/FCLK_CLK_unbuffered[0]
    BUFGCTRL_X0Y17       BUFG (Prop_bufg_I_O)         0.091   641.179 r                       udp_gateway_shadow_mirror_i/processing_system7_0/inst/buffer_fclk_clk_0.FCLK_CLK_0_BUFG/O
                         net (fo=42374, routed)       1.609   642.788                         udp_gateway_shadow_mirror_i/dma_gateway_hybrid_0/inst/u_device_dna_reader/clk
    SLICE_X103Y54        FDCE (Prop_fdce_C_Q)         0.367   643.155 r  shadow_ctrl_region   udp_gateway_shadow_mirror_i/dma_gateway_hybrid_0/inst/u_device_dna_reader/dna_clk_reg/Q
                         net (fo=1, routed)           2.095   645.250                         udp_gateway_shadow_mirror_i/dma_gateway_hybrid_0/inst/u_device_dna_reader/dna_clk
    BUFGCTRL_X0Y16       BUFG (Prop_bufg_I_O)         0.091   645.341 r                       udp_gateway_shadow_mirror_i/dma_gateway_hybrid_0/inst/u_device_dna_reader/dna_clk_BUFG_inst/O
                         net (fo=69, routed)          1.583   646.924                         udp_gateway_shadow_mirror_i/dma_gateway_hybrid_0/inst/u_device_dna_reader/dna_clk_BUFG
    DNA_PORT_X0Y0        DNA_PORT                                     r  shadow_ctrl_region   udp_gateway_shadow_mirror_i/dma_gateway_hybrid_0/inst/u_device_dna_reader/u_dna/CLK
                         clock pessimism              0.818   647.743                           
                         clock uncertainty           -0.302   647.441                           
    DNA_PORT_X0Y0        DNA_PORT (Setup_dna_port_CLK_SHIFT)
                                                     -5.356   642.085    shadow_ctrl_region     udp_gateway_shadow_mirror_i/dma_gateway_hybrid_0/inst/u_device_dna_reader/u_dna
  -------------------------------------------------------------------
                         required time                        642.085                           
                         arrival time                          -9.313                           
  -------------------------------------------------------------------
                         slack                                632.772                           

Slack (MET) :             634.751ns  (required time - arrival time)
  Source:                 udp_gateway_shadow_mirror_i/dma_gateway_hybrid_0/inst/u_device_dna_reader/u_dna/CLK
                            (rising edge-triggered cell DNA_PORT clocked by shadow_dna_clk  {rise@0.000ns fall@320.000ns period=640.000ns})
  Destination:            udp_gateway_shadow_mirror_i/dma_gateway_hybrid_0/inst/u_device_dna_reader/dna_shift_value_reg[0]/D
                            (rising edge-triggered cell FDCE clocked by shadow_dna_clk  {rise@0.000ns fall@320.000ns period=640.000ns})
  Path Group:             shadow_dna_clk
  Path Type:              Setup (Max at Slow Process Corner)
  Requirement:            640.000ns  (shadow_dna_clk rise@640.000ns - shadow_dna_clk rise@0.000ns)
  Data Path Delay:        4.878ns  (logic 3.214ns (65.884%)  route 1.664ns (34.116%))
  Logic Levels:           0  
  Clock Path Skew:        -0.041ns (DCD - SCD + CPR)
    Destination Clock Delay (DCD):    6.945ns = ( 646.945 - 640.000 ) 
    Source Clock Delay      (SCD):    7.804ns
    Clock Pessimism Removal (CPR):    0.818ns
  Clock Uncertainty:      0.302ns  ((TSJ^2 + TIJ^2)^1/2 + DJ) / 2 + PE
    Total System Jitter     (TSJ):    0.071ns
    Total Input Jitter      (TIJ):    0.600ns
    Discrete Jitter          (DJ):    0.000ns
    Phase Error              (PE):    0.000ns

    Location             Delay type                Incr(ns)  Path(ns)    PBlock               Netlist Resource(s)
  -------------------------------------------------------------------    ----------------------------------------
                         (clock shadow_dna_clk rise edge)
                                                      0.000     0.000 r                       
    PS7_X0Y0             PS7                          0.000     0.000 r                       udp_gateway_shadow_mirror_i/processing_system7_0/inst/PS7_i/FCLKCLK[0]
                         net (fo=1, routed)           1.193     1.193                         udp_gateway_shadow_mirror_i/processing_system7_0/inst/FCLK_CLK_unbuffered[0]
    BUFGCTRL_X0Y17       BUFG (Prop_bufg_I_O)         0.101     1.294 r                       udp_gateway_shadow_mirror_i/processing_system7_0/inst/buffer_fclk_clk_0.FCLK_CLK_0_BUFG/O
                         net (fo=42374, routed)       1.785     3.079                         udp_gateway_shadow_mirror_i/dma_gateway_hybrid_0/inst/u_device_dna_reader/clk
    SLICE_X103Y54        FDCE (Prop_fdce_C_Q)         0.456     3.535 r  shadow_ctrl_region   udp_gateway_shadow_mirror_i/dma_gateway_hybrid_0/inst/u_device_dna_reader/dna_clk_reg/Q
                         net (fo=1, routed)           2.409     5.944                         udp_gateway_shadow_mirror_i/dma_gateway_hybrid_0/inst/u_device_dna_reader/dna_clk
    BUFGCTRL_X0Y16       BUFG (Prop_bufg_I_O)         0.101     6.045 r                       udp_gateway_shadow_mirror_i/dma_gateway_hybrid_0/inst/u_device_dna_reader/dna_clk_BUFG_inst/O
                         net (fo=69, routed)          1.759     7.804                         udp_gateway_shadow_mirror_i/dma_gateway_hybrid_0/inst/u_device_dna_reader/dna_clk_BUFG
    DNA_PORT_X0Y0        DNA_PORT                                     r  shadow_ctrl_region   udp_gateway_shadow_mirror_i/dma_gateway_hybrid_0/inst/u_device_dna_reader/u_dna/CLK
  -------------------------------------------------------------------    ----------------------------------------
    DNA_PORT_X0Y0        DNA_PORT (Prop_dna_port_CLK_DOUT)
                                                      3.214    11.018 r  shadow_ctrl_region   udp_gateway_shadow_mirror_i/dma_gateway_hybrid_0/inst/u_device_dna_reader/u_dna/DOUT
                         net (fo=1, routed)           1.664    12.682                         udp_gateway_shadow_mirror_i/dma_gateway_hybrid_0/inst/u_device_dna_reader/dna_dout
    SLICE_X102Y86        FDCE                                         r  shadow_ctrl_region   udp_gateway_shadow_mirror_i/dma_gateway_hybrid_0/inst/u_device_dna_reader/dna_shift_value_reg[0]/D
  -------------------------------------------------------------------    ----------------------------------------

                         (clock shadow_dna_clk rise edge)
                                                    640.000   640.000 r                       
    PS7_X0Y0             PS7                          0.000   640.000 r                       udp_gateway_shadow_mirror_i/processing_system7_0/inst/PS7_i/FCLKCLK[0]
                         net (fo=1, routed)           1.088   641.088                         udp_gateway_shadow_mirror_i/processing_system7_0/inst/FCLK_CLK_unbuffered[0]
    BUFGCTRL_X0Y17       BUFG (Prop_bufg_I_O)         0.091   641.179 r                       udp_gateway_shadow_mirror_i/processing_system7_0/inst/buffer_fclk_clk_0.FCLK_CLK_0_BUFG/O
                         net (fo=42374, routed)       1.609   642.788                         udp_gateway_shadow_mirror_i/dma_gateway_hybrid_0/inst/u_device_dna_reader/clk
    SLICE_X103Y54        FDCE (Prop_fdce_C_Q)         0.367   643.155 r  shadow_ctrl_region   udp_gateway_shadow_mirror_i/dma_gateway_hybrid_0/inst/u_device_dna_reader/dna_clk_reg/Q
                         net (fo=1, routed)           2.095   645.250                         udp_gateway_shadow_mirror_i/dma_gateway_hybrid_0/inst/u_device_dna_reader/dna_clk
    BUFGCTRL_X0Y16       BUFG (Prop_bufg_I_O)         0.091   645.341 r                       udp_gateway_shadow_mirror_i/dma_gateway_hybrid_0/inst/u_device_dna_reader/dna_clk_BUFG_inst/O
                         net (fo=69, routed)          1.604   646.945                         udp_gateway_shadow_mirror_i/dma_gateway_hybrid_0/inst/u_device_dna_reader/dna_clk_BUFG
    SLICE_X102Y86        FDCE                                         r  shadow_ctrl_region   udp_gateway_shadow_mirror_i/dma_gateway_hybrid_0/inst/u_device_dna_reader/dna_shift_value_reg[0]/C
                         clock pessimism              0.818   647.763                           
                         clock uncertainty           -0.302   647.461                           
    SLICE_X102Y86        FDCE (Setup_fdce_C_D)       -0.028   647.433    shadow_ctrl_region     udp_gateway_shadow_mirror_i/dma_gateway_hybrid_0/inst/u_device_dna_reader/dna_shift_value_reg[0]
  -------------------------------------------------------------------
                         required time                        647.433                           
                         arrival time                         -12.682                           
  -------------------------------------------------------------------
                         slack                                634.751                           

Slack (MET) :             635.907ns  (required time - arrival time)
  Source:                 udp_gateway_shadow_mirror_i/dma_gateway_hybrid_0/inst/u_device_dna_reader/dna_shift_reg/C
                            (rising edge-triggered cell FDCE clocked by shadow_dna_clk  {rise@0.000ns fall@320.000ns period=640.000ns})
  Destination:            udp_gateway_shadow_mirror_i/dma_gateway_hybrid_0/inst/u_device_dna_reader/dna_shift_value_reg[1]/CE
                            (rising edge-triggered cell FDCE clocked by shadow_dna_clk  {rise@0.000ns fall@320.000ns period=640.000ns})
  Path Group:             shadow_dna_clk
  Path Type:              Setup (Max at Slow Process Corner)
  Requirement:            640.000ns  (shadow_dna_clk rise@640.000ns - shadow_dna_clk rise@0.000ns)
  Data Path Delay:        3.550ns  (logic 0.580ns (16.337%)  route 2.970ns (83.663%))
  Logic Levels:           1  (LUT3=1)
  Clock Path Skew:        -0.072ns (DCD - SCD + CPR)
    Destination Clock Delay (DCD):    6.939ns = ( 646.939 - 640.000 ) 
    Source Clock Delay      (SCD):    7.829ns
    Clock Pessimism Removal (CPR):    0.818ns
  Clock Uncertainty:      0.302ns  ((TSJ^2 + TIJ^2)^1/2 + DJ) / 2 + PE
    Total System Jitter     (TSJ):    0.071ns
    Total Input Jitter      (TIJ):    0.600ns
    Discrete Jitter          (DJ):    0.000ns
    Phase Error              (PE):    0.000ns

    Location             Delay type                Incr(ns)  Path(ns)    PBlock               Netlist Resource(s)
  -------------------------------------------------------------------    ----------------------------------------
                         (clock shadow_dna_clk rise edge)
                                                      0.000     0.000 r                       
    PS7_X0Y0             PS7                          0.000     0.000 r                       udp_gateway_shadow_mirror_i/processing_system7_0/inst/PS7_i/FCLKCLK[0]
                         net (fo=1, routed)           1.193     1.193                         udp_gateway_shadow_mirror_i/processing_system7_0/inst/FCLK_CLK_unbuffered[0]
    BUFGCTRL_X0Y17       BUFG (Prop_bufg_I_O)         0.101     1.294 r                       udp_gateway_shadow_mirror_i/processing_system7_0/inst/buffer_fclk_clk_0.FCLK_CLK_0_BUFG/O
                         net (fo=42374, routed)       1.785     3.079                         udp_gateway_shadow_mirror_i/dma_gateway_hybrid_0/inst/u_device_dna_reader/clk
    SLICE_X103Y54        FDCE (Prop_fdce_C_Q)         0.456     3.535 r  shadow_ctrl_region   udp_gateway_shadow_mirror_i/dma_gateway_hybrid_0/inst/u_device_dna_reader/dna_clk_reg/Q
                         net (fo=1, routed)           2.409     5.944                         udp_gateway_shadow_mirror_i/dma_gateway_hybrid_0/inst/u_device_dna_reader/dna_clk
    BUFGCTRL_X0Y16       BUFG (Prop_bufg_I_O)         0.101     6.045 r                       udp_gateway_shadow_mirror_i/dma_gateway_hybrid_0/inst/u_device_dna_reader/dna_clk_BUFG_inst/O
                         net (fo=69, routed)          1.784     7.829                         udp_gateway_shadow_mirror_i/dma_gateway_hybrid_0/inst/u_device_dna_reader/dna_clk_BUFG
    SLICE_X99Y91         FDCE                                         r  shadow_ctrl_region   udp_gateway_shadow_mirror_i/dma_gateway_hybrid_0/inst/u_device_dna_reader/dna_shift_reg/C
  -------------------------------------------------------------------    ----------------------------------------
    SLICE_X99Y91         FDCE (Prop_fdce_C_Q)         0.456     8.285 r  shadow_ctrl_region   udp_gateway_shadow_mirror_i/dma_gateway_hybrid_0/inst/u_device_dna_reader/dna_shift_reg/Q
                         net (fo=4, routed)           0.726     9.011                         udp_gateway_shadow_mirror_i/dma_gateway_hybrid_0/inst/u_device_dna_reader/dna_shift
    SLICE_X99Y91         LUT3 (Prop_lut3_I1_O)        0.124     9.135 r  shadow_ctrl_region   udp_gateway_shadow_mirror_i/dma_gateway_hybrid_0/inst/u_device_dna_reader/dna_shift_value[56]_i_1/O
                         net (fo=64, routed)          2.244    11.379                         udp_gateway_shadow_mirror_i/dma_gateway_hybrid_0/inst/u_device_dna_reader/dna_bit_count
    SLICE_X102Y69        FDCE                                         r  shadow_ctrl_region   udp_gateway_shadow_mirror_i/dma_gateway_hybrid_0/inst/u_device_dna_reader/dna_shift_value_reg[1]/CE
  -------------------------------------------------------------------    ----------------------------------------

                         (clock shadow_dna_clk rise edge)
                                                    640.000   640.000 r                       
    PS7_X0Y0             PS7                          0.000   640.000 r                       udp_gateway_shadow_mirror_i/processing_system7_0/inst/PS7_i/FCLKCLK[0]
                         net (fo=1, routed)           1.088   641.088                         udp_gateway_shadow_mirror_i/processing_system7_0/inst/FCLK_CLK_unbuffered[0]
    BUFGCTRL_X0Y17       BUFG (Prop_bufg_I_O)         0.091   641.179 r                       udp_gateway_shadow_mirror_i/processing_system7_0/inst/buffer_fclk_clk_0.FCLK_CLK_0_BUFG/O
                         net (fo=42374, routed)       1.609   642.788                         udp_gateway_shadow_mirror_i/dma_gateway_hybrid_0/inst/u_device_dna_reader/clk
    SLICE_X103Y54        FDCE (Prop_fdce_C_Q)         0.367   643.155 r  shadow_ctrl_region   udp_gateway_shadow_mirror_i/dma_gateway_hybrid_0/inst/u_device_dna_reader/dna_clk_reg/Q
                         net (fo=1, routed)           2.095   645.250                         udp_gateway_shadow_mirror_i/dma_gateway_hybrid_0/inst/u_device_dna_reader/dna_clk
    BUFGCTRL_X0Y16       BUFG (Prop_bufg_I_O)         0.091   645.341 r                       udp_gateway_shadow_mirror_i/dma_gateway_hybrid_0/inst/u_device_dna_reader/dna_clk_BUFG_inst/O
                         net (fo=69, routed)          1.598   646.939                         udp_gateway_shadow_mirror_i/dma_gateway_hybrid_0/inst/u_device_dna_reader/dna_clk_BUFG
    SLICE_X102Y69        FDCE                                         r  shadow_ctrl_region   udp_gateway_shadow_mirror_i/dma_gateway_hybrid_0/inst/u_device_dna_reader/dna_shift_value_reg[1]/C
                         clock pessimism              0.818   647.757                           
                         clock uncertainty           -0.302   647.455                           
    SLICE_X102Y69        FDCE (Setup_fdce_C_CE)      -0.169   647.286    shadow_ctrl_region     udp_gateway_shadow_mirror_i/dma_gateway_hybrid_0/inst/u_device_dna_reader/dna_shift_value_reg[1]
  -------------------------------------------------------------------
                         required time                        647.286                           
                         arrival time                         -11.379                           
  -------------------------------------------------------------------
                         slack                                635.907                           

Slack (MET) :             635.907ns  (required time - arrival time)
  Source:                 udp_gateway_shadow_mirror_i/dma_gateway_hybrid_0/inst/u_device_dna_reader/dna_shift_reg/C
                            (rising edge-triggered cell FDCE clocked by shadow_dna_clk  {rise@0.000ns fall@320.000ns period=640.000ns})
  Destination:            udp_gateway_shadow_mirror_i/dma_gateway_hybrid_0/inst/u_device_dna_reader/dna_shift_value_reg[2]/CE
                            (rising edge-triggered cell FDCE clocked by shadow_dna_clk  {rise@0.000ns fall@320.000ns period=640.000ns})
  Path Group:             shadow_dna_clk
  Path Type:              Setup (Max at Slow Process Corner)
  Requirement:            640.000ns  (shadow_dna_clk rise@640.000ns - shadow_dna_clk rise@0.000ns)
  Data Path Delay:        3.550ns  (logic 0.580ns (16.337%)  route 2.970ns (83.663%))
  Logic Levels:           1  (LUT3=1)
  Clock Path Skew:        -0.072ns (DCD - SCD + CPR)
    Destination Clock Delay (DCD):    6.939ns = ( 646.939 - 640.000 ) 
    Source Clock Delay      (SCD):    7.829ns
    Clock Pessimism Removal (CPR):    0.818ns
  Clock Uncertainty:      0.302ns  ((TSJ^2 + TIJ^2)^1/2 + DJ) / 2 + PE
    Total System Jitter     (TSJ):    0.071ns
    Total Input Jitter      (TIJ):    0.600ns
    Discrete Jitter          (DJ):    0.000ns
    Phase Error              (PE):    0.000ns

    Location             Delay type                Incr(ns)  Path(ns)    PBlock               Netlist Resource(s)
  -------------------------------------------------------------------    ----------------------------------------
                         (clock shadow_dna_clk rise edge)
                                                      0.000     0.000 r                       
    PS7_X0Y0             PS7                          0.000     0.000 r                       udp_gateway_shadow_mirror_i/processing_system7_0/inst/PS7_i/FCLKCLK[0]
                         net (fo=1, routed)           1.193     1.193                         udp_gateway_shadow_mirror_i/processing_system7_0/inst/FCLK_CLK_unbuffered[0]
    BUFGCTRL_X0Y17       BUFG (Prop_bufg_I_O)         0.101     1.294 r                       udp_gateway_shadow_mirror_i/processing_system7_0/inst/buffer_fclk_clk_0.FCLK_CLK_0_BUFG/O
                         net (fo=42374, routed)       1.785     3.079                         udp_gateway_shadow_mirror_i/dma_gateway_hybrid_0/inst/u_device_dna_reader/clk
    SLICE_X103Y54        FDCE (Prop_fdce_C_Q)         0.456     3.535 r  shadow_ctrl_region   udp_gateway_shadow_mirror_i/dma_gateway_hybrid_0/inst/u_device_dna_reader/dna_clk_reg/Q
                         net (fo=1, routed)           2.409     5.944                         udp_gateway_shadow_mirror_i/dma_gateway_hybrid_0/inst/u_device_dna_reader/dna_clk
    BUFGCTRL_X0Y16       BUFG (Prop_bufg_I_O)         0.101     6.045 r                       udp_gateway_shadow_mirror_i/dma_gateway_hybrid_0/inst/u_device_dna_reader/dna_clk_BUFG_inst/O
                         net (fo=69, routed)          1.784     7.829                         udp_gateway_shadow_mirror_i/dma_gateway_hybrid_0/inst/u_device_dna_reader/dna_clk_BUFG
    SLICE_X99Y91         FDCE                                         r  shadow_ctrl_region   udp_gateway_shadow_mirror_i/dma_gateway_hybrid_0/inst/u_device_dna_reader/dna_shift_reg/C
  -------------------------------------------------------------------    ----------------------------------------
    SLICE_X99Y91         FDCE (Prop_fdce_C_Q)         0.456     8.285 r  shadow_ctrl_region   udp_gateway_shadow_mirror_i/dma_gateway_hybrid_0/inst/u_device_dna_reader/dna_shift_reg/Q
                         net (fo=4, routed)           0.726     9.011                         udp_gateway_shadow_mirror_i/dma_gateway_hybrid_0/inst/u_device_dna_reader/dna_shift
    SLICE_X99Y91         LUT3 (Prop_lut3_I1_O)        0.124     9.135 r  shadow_ctrl_region   udp_gateway_shadow_mirror_i/dma_gateway_hybrid_0/inst/u_device_dna_reader/dna_shift_value[56]_i_1/O
                         net (fo=64, routed)          2.244    11.379                         udp_gateway_shadow_mirror_i/dma_gateway_hybrid_0/inst/u_device_dna_reader/dna_bit_count
    SLICE_X102Y69        FDCE                                         r  shadow_ctrl_region   udp_gateway_shadow_mirror_i/dma_gateway_hybrid_0/inst/u_device_dna_reader/dna_shift_value_reg[2]/CE
  -------------------------------------------------------------------    ----------------------------------------

                         (clock shadow_dna_clk rise edge)
                                                    640.000   640.000 r                       
    PS7_X0Y0             PS7                          0.000   640.000 r                       udp_gateway_shadow_mirror_i/processing_system7_0/inst/PS7_i/FCLKCLK[0]
                         net (fo=1, routed)           1.088   641.088                         udp_gateway_shadow_mirror_i/processing_system7_0/inst/FCLK_CLK_unbuffered[0]
    BUFGCTRL_X0Y17       BUFG (Prop_bufg_I_O)         0.091   641.179 r                       udp_gateway_shadow_mirror_i/processing_system7_0/inst/buffer_fclk_clk_0.FCLK_CLK_0_BUFG/O
                         net (fo=42374, routed)       1.609   642.788                         udp_gateway_shadow_mirror_i/dma_gateway_hybrid_0/inst/u_device_dna_reader/clk
    SLICE_X103Y54        FDCE (Prop_fdce_C_Q)         0.367   643.155 r  shadow_ctrl_region   udp_gateway_shadow_mirror_i/dma_gateway_hybrid_0/inst/u_device_dna_reader/dna_clk_reg/Q
                         net (fo=1, routed)           2.095   645.250                         udp_gateway_shadow_mirror_i/dma_gateway_hybrid_0/inst/u_device_dna_reader/dna_clk
    BUFGCTRL_X0Y16       BUFG (Prop_bufg_I_O)         0.091   645.341 r                       udp_gateway_shadow_mirror_i/dma_gateway_hybrid_0/inst/u_device_dna_reader/dna_clk_BUFG_inst/O
                         net (fo=69, routed)          1.598   646.939                         udp_gateway_shadow_mirror_i/dma_gateway_hybrid_0/inst/u_device_dna_reader/dna_clk_BUFG
    SLICE_X102Y69        FDCE                                         r  shadow_ctrl_region   udp_gateway_shadow_mirror_i/dma_gateway_hybrid_0/inst/u_device_dna_reader/dna_shift_value_reg[2]/C
                         clock pessimism              0.818   647.757                           
                         clock uncertainty           -0.302   647.455                           
    SLICE_X102Y69        FDCE (Setup_fdce_C_CE)      -0.169   647.286    shadow_ctrl_region     udp_gateway_shadow_mirror_i/dma_gateway_hybrid_0/inst/u_device_dna_reader/dna_shift_value_reg[2]
  -------------------------------------------------------------------
                         required time                        647.286                           
                         arrival time                         -11.379                           
  -------------------------------------------------------------------
                         slack                                635.907                           

Slack (MET) :             635.907ns  (required time - arrival time)
  Source:                 udp_gateway_shadow_mirror_i/dma_gateway_hybrid_0/inst/u_device_dna_reader/dna_shift_reg/C
                            (rising edge-triggered cell FDCE clocked by shadow_dna_clk  {rise@0.000ns fall@320.000ns period=640.000ns})
  Destination:            udp_gateway_shadow_mirror_i/dma_gateway_hybrid_0/inst/u_device_dna_reader/dna_shift_value_reg[3]/CE
                            (rising edge-triggered cell FDCE clocked by shadow_dna_clk  {rise@0.000ns fall@320.000ns period=640.000ns})
  Path Group:             shadow_dna_clk
  Path Type:              Setup (Max at Slow Process Corner)
  Requirement:            640.000ns  (shadow_dna_clk rise@640.000ns - shadow_dna_clk rise@0.000ns)
  Data Path Delay:        3.550ns  (logic 0.580ns (16.337%)  route 2.970ns (83.663%))
  Logic Levels:           1  (LUT3=1)
  Clock Path Skew:        -0.072ns (DCD - SCD + CPR)
    Destination Clock Delay (DCD):    6.939ns = ( 646.939 - 640.000 ) 
    Source Clock Delay      (SCD):    7.829ns
    Clock Pessimism Removal (CPR):    0.818ns
  Clock Uncertainty:      0.302ns  ((TSJ^2 + TIJ^2)^1/2 + DJ) / 2 + PE
    Total System Jitter     (TSJ):    0.071ns
    Total Input Jitter      (TIJ):    0.600ns
    Discrete Jitter          (DJ):    0.000ns
    Phase Error              (PE):    0.000ns

    Location             Delay type                Incr(ns)  Path(ns)    PBlock               Netlist Resource(s)
  -------------------------------------------------------------------    ----------------------------------------
                         (clock shadow_dna_clk rise edge)
                                                      0.000     0.000 r                       
    PS7_X0Y0             PS7                          0.000     0.000 r                       udp_gateway_shadow_mirror_i/processing_system7_0/inst/PS7_i/FCLKCLK[0]
                         net (fo=1, routed)           1.193     1.193                         udp_gateway_shadow_mirror_i/processing_system7_0/inst/FCLK_CLK_unbuffered[0]
    BUFGCTRL_X0Y17       BUFG (Prop_bufg_I_O)         0.101     1.294 r                       udp_gateway_shadow_mirror_i/processing_system7_0/inst/buffer_fclk_clk_0.FCLK_CLK_0_BUFG/O
                         net (fo=42374, routed)       1.785     3.079                         udp_gateway_shadow_mirror_i/dma_gateway_hybrid_0/inst/u_device_dna_reader/clk
    SLICE_X103Y54        FDCE (Prop_fdce_C_Q)         0.456     3.535 r  shadow_ctrl_region   udp_gateway_shadow_mirror_i/dma_gateway_hybrid_0/inst/u_device_dna_reader/dna_clk_reg/Q
                         net (fo=1, routed)           2.409     5.944                         udp_gateway_shadow_mirror_i/dma_gateway_hybrid_0/inst/u_device_dna_reader/dna_clk
    BUFGCTRL_X0Y16       BUFG (Prop_bufg_I_O)         0.101     6.045 r                       udp_gateway_shadow_mirror_i/dma_gateway_hybrid_0/inst/u_device_dna_reader/dna_clk_BUFG_inst/O
                         net (fo=69, routed)          1.784     7.829                         udp_gateway_shadow_mirror_i/dma_gateway_hybrid_0/inst/u_device_dna_reader/dna_clk_BUFG
    SLICE_X99Y91         FDCE                                         r  shadow_ctrl_region   udp_gateway_shadow_mirror_i/dma_gateway_hybrid_0/inst/u_device_dna_reader/dna_shift_reg/C
  -------------------------------------------------------------------    ----------------------------------------
    SLICE_X99Y91         FDCE (Prop_fdce_C_Q)         0.456     8.285 r  shadow_ctrl_region   udp_gateway_shadow_mirror_i/dma_gateway_hybrid_0/inst/u_device_dna_reader/dna_shift_reg/Q
                         net (fo=4, routed)           0.726     9.011                         udp_gateway_shadow_mirror_i/dma_gateway_hybrid_0/inst/u_device_dna_reader/dna_shift
    SLICE_X99Y91         LUT3 (Prop_lut3_I1_O)        0.124     9.135 r  shadow_ctrl_region   udp_gateway_shadow_mirror_i/dma_gateway_hybrid_0/inst/u_device_dna_reader/dna_shift_value[56]_i_1/O
                         net (fo=64, routed)          2.244    11.379                         udp_gateway_shadow_mirror_i/dma_gateway_hybrid_0/inst/u_device_dna_reader/dna_bit_count
    SLICE_X102Y69        FDCE                                         r  shadow_ctrl_region   udp_gateway_shadow_mirror_i/dma_gateway_hybrid_0/inst/u_device_dna_reader/dna_shift_value_reg[3]/CE
  -------------------------------------------------------------------    ----------------------------------------

                         (clock shadow_dna_clk rise edge)
                                                    640.000   640.000 r                       
    PS7_X0Y0             PS7                          0.000   640.000 r                       udp_gateway_shadow_mirror_i/processing_system7_0/inst/PS7_i/FCLKCLK[0]
                         net (fo=1, routed)           1.088   641.088                         udp_gateway_shadow_mirror_i/processing_system7_0/inst/FCLK_CLK_unbuffered[0]
    BUFGCTRL_X0Y17       BUFG (Prop_bufg_I_O)         0.091   641.179 r                       udp_gateway_shadow_mirror_i/processing_system7_0/inst/buffer_fclk_clk_0.FCLK_CLK_0_BUFG/O
                         net (fo=42374, routed)       1.609   642.788                         udp_gateway_shadow_mirror_i/dma_gateway_hybrid_0/inst/u_device_dna_reader/clk
    SLICE_X103Y54        FDCE (Prop_fdce_C_Q)         0.367   643.155 r  shadow_ctrl_region   udp_gateway_shadow_mirror_i/dma_gateway_hybrid_0/inst/u_device_dna_reader/dna_clk_reg/Q
                         net (fo=1, routed)           2.095   645.250                         udp_gateway_shadow_mirror_i/dma_gateway_hybrid_0/inst/u_device_dna_reader/dna_clk
    BUFGCTRL_X0Y16       BUFG (Prop_bufg_I_O)         0.091   645.341 r                       udp_gateway_shadow_mirror_i/dma_gateway_hybrid_0/inst/u_device_dna_reader/dna_clk_BUFG_inst/O
                         net (fo=69, routed)          1.598   646.939                         udp_gateway_shadow_mirror_i/dma_gateway_hybrid_0/inst/u_device_dna_reader/dna_clk_BUFG
    SLICE_X102Y69        FDCE                                         r  shadow_ctrl_region   udp_gateway_shadow_mirror_i/dma_gateway_hybrid_0/inst/u_device_dna_reader/dna_shift_value_reg[3]/C
                         clock pessimism              0.818   647.757                           
                         clock uncertainty           -0.302   647.455                           
    SLICE_X102Y69        FDCE (Setup_fdce_C_CE)      -0.169   647.286    shadow_ctrl_region     udp_gateway_shadow_mirror_i/dma_gateway_hybrid_0/inst/u_device_dna_reader/dna_shift_value_reg[3]
  -------------------------------------------------------------------
                         required time                        647.286                           
                         arrival time                         -11.379                           
  -------------------------------------------------------------------
                         slack                                635.907                           

Slack (MET) :             635.907ns  (required time - arrival time)
  Source:                 udp_gateway_shadow_mirror_i/dma_gateway_hybrid_0/inst/u_device_dna_reader/dna_shift_reg/C
                            (rising edge-triggered cell FDCE clocked by shadow_dna_clk  {rise@0.000ns fall@320.000ns period=640.000ns})
  Destination:            udp_gateway_shadow_mirror_i/dma_gateway_hybrid_0/inst/u_device_dna_reader/dna_shift_value_reg[4]/CE
                            (rising edge-triggered cell FDCE clocked by shadow_dna_clk  {rise@0.000ns fall@320.000ns period=640.000ns})
  Path Group:             shadow_dna_clk
  Path Type:              Setup (Max at Slow Process Corner)
  Requirement:            640.000ns  (shadow_dna_clk rise@640.000ns - shadow_dna_clk rise@0.000ns)
  Data Path Delay:        3.550ns  (logic 0.580ns (16.337%)  route 2.970ns (83.663%))
  Logic Levels:           1  (LUT3=1)
  Clock Path Skew:        -0.072ns (DCD - SCD + CPR)
    Destination Clock Delay (DCD):    6.939ns = ( 646.939 - 640.000 ) 
    Source Clock Delay      (SCD):    7.829ns
    Clock Pessimism Removal (CPR):    0.818ns
  Clock Uncertainty:      0.302ns  ((TSJ^2 + TIJ^2)^1/2 + DJ) / 2 + PE
    Total System Jitter     (TSJ):    0.071ns
    Total Input Jitter      (TIJ):    0.600ns
    Discrete Jitter          (DJ):    0.000ns
    Phase Error              (PE):    0.000ns

    Location             Delay type                Incr(ns)  Path(ns)    PBlock               Netlist Resource(s)
  -------------------------------------------------------------------    ----------------------------------------
                         (clock shadow_dna_clk rise edge)
                                                      0.000     0.000 r                       
    PS7_X0Y0             PS7                          0.000     0.000 r                       udp_gateway_shadow_mirror_i/processing_system7_0/inst/PS7_i/FCLKCLK[0]
                         net (fo=1, routed)           1.193     1.193                         udp_gateway_shadow_mirror_i/processing_system7_0/inst/FCLK_CLK_unbuffered[0]
    BUFGCTRL_X0Y17       BUFG (Prop_bufg_I_O)         0.101     1.294 r                       udp_gateway_shadow_mirror_i/processing_system7_0/inst/buffer_fclk_clk_0.FCLK_CLK_0_BUFG/O
                         net (fo=42374, routed)       1.785     3.079                         udp_gateway_shadow_mirror_i/dma_gateway_hybrid_0/inst/u_device_dna_reader/clk
    SLICE_X103Y54        FDCE (Prop_fdce_C_Q)         0.456     3.535 r  shadow_ctrl_region   udp_gateway_shadow_mirror_i/dma_gateway_hybrid_0/inst/u_device_dna_reader/dna_clk_reg/Q
                         net (fo=1, routed)           2.409     5.944                         udp_gateway_shadow_mirror_i/dma_gateway_hybrid_0/inst/u_device_dna_reader/dna_clk
    BUFGCTRL_X0Y16       BUFG (Prop_bufg_I_O)         0.101     6.045 r                       udp_gateway_shadow_mirror_i/dma_gateway_hybrid_0/inst/u_device_dna_reader/dna_clk_BUFG_inst/O
                         net (fo=69, routed)          1.784     7.829                         udp_gateway_shadow_mirror_i/dma_gateway_hybrid_0/inst/u_device_dna_reader/dna_clk_BUFG
    SLICE_X99Y91         FDCE                                         r  shadow_ctrl_region   udp_gateway_shadow_mirror_i/dma_gateway_hybrid_0/inst/u_device_dna_reader/dna_shift_reg/C
  -------------------------------------------------------------------    ----------------------------------------
    SLICE_X99Y91         FDCE (Prop_fdce_C_Q)         0.456     8.285 r  shadow_ctrl_region   udp_gateway_shadow_mirror_i/dma_gateway_hybrid_0/inst/u_device_dna_reader/dna_shift_reg/Q
                         net (fo=4, routed)           0.726     9.011                         udp_gateway_shadow_mirror_i/dma_gateway_hybrid_0/inst/u_device_dna_reader/dna_shift
    SLICE_X99Y91         LUT3 (Prop_lut3_I1_O)        0.124     9.135 r  shadow_ctrl_region   udp_gateway_shadow_mirror_i/dma_gateway_hybrid_0/inst/u_device_dna_reader/dna_shift_value[56]_i_1/O
                         net (fo=64, routed)          2.244    11.379                         udp_gateway_shadow_mirror_i/dma_gateway_hybrid_0/inst/u_device_dna_reader/dna_bit_count
    SLICE_X102Y69        FDCE                                         r  shadow_ctrl_region   udp_gateway_shadow_mirror_i/dma_gateway_hybrid_0/inst/u_device_dna_reader/dna_shift_value_reg[4]/CE
  -------------------------------------------------------------------    ----------------------------------------

                         (clock shadow_dna_clk rise edge)
                                                    640.000   640.000 r                       
    PS7_X0Y0             PS7                          0.000   640.000 r                       udp_gateway_shadow_mirror_i/processing_system7_0/inst/PS7_i/FCLKCLK[0]
                         net (fo=1, routed)           1.088   641.088                         udp_gateway_shadow_mirror_i/processing_system7_0/inst/FCLK_CLK_unbuffered[0]
    BUFGCTRL_X0Y17       BUFG (Prop_bufg_I_O)         0.091   641.179 r                       udp_gateway_shadow_mirror_i/processing_system7_0/inst/buffer_fclk_clk_0.FCLK_CLK_0_BUFG/O
                         net (fo=42374, routed)       1.609   642.788                         udp_gateway_shadow_mirror_i/dma_gateway_hybrid_0/inst/u_device_dna_reader/clk
    SLICE_X103Y54        FDCE (Prop_fdce_C_Q)         0.367   643.155 r  shadow_ctrl_region   udp_gateway_shadow_mirror_i/dma_gateway_hybrid_0/inst/u_device_dna_reader/dna_clk_reg/Q
                         net (fo=1, routed)           2.095   645.250                         udp_gateway_shadow_mirror_i/dma_gateway_hybrid_0/inst/u_device_dna_reader/dna_clk
    BUFGCTRL_X0Y16       BUFG (Prop_bufg_I_O)         0.091   645.341 r                       udp_gateway_shadow_mirror_i/dma_gateway_hybrid_0/inst/u_device_dna_reader/dna_clk_BUFG_inst/O
                         net (fo=69, routed)          1.598   646.939                         udp_gateway_shadow_mirror_i/dma_gateway_hybrid_0/inst/u_device_dna_reader/dna_clk_BUFG
    SLICE_X102Y69        FDCE                                         r  shadow_ctrl_region   udp_gateway_shadow_mirror_i/dma_gateway_hybrid_0/inst/u_device_dna_reader/dna_shift_value_reg[4]/C
                         clock pessimism              0.818   647.757                           
                         clock uncertainty           -0.302   647.455                           
    SLICE_X102Y69        FDCE (Setup_fdce_C_CE)      -0.169   647.286    shadow_ctrl_region     udp_gateway_shadow_mirror_i/dma_gateway_hybrid_0/inst/u_device_dna_reader/dna_shift_value_reg[4]
  -------------------------------------------------------------------
                         required time                        647.286                           
                         arrival time                         -11.379                           
  -------------------------------------------------------------------
                         slack                                635.907                           

Slack (MET) :             635.907ns  (required time - arrival time)
  Source:                 udp_gateway_shadow_mirror_i/dma_gateway_hybrid_0/inst/u_device_dna_reader/dna_shift_reg/C
                            (rising edge-triggered cell FDCE clocked by shadow_dna_clk  {rise@0.000ns fall@320.000ns period=640.000ns})
  Destination:            udp_gateway_shadow_mirror_i/dma_gateway_hybrid_0/inst/u_device_dna_reader/dna_shift_value_reg[5]/CE
                            (rising edge-triggered cell FDCE clocked by shadow_dna_clk  {rise@0.000ns fall@320.000ns period=640.000ns})
  Path Group:             shadow_dna_clk
  Path Type:              Setup (Max at Slow Process Corner)
  Requirement:            640.000ns  (shadow_dna_clk rise@640.000ns - shadow_dna_clk rise@0.000ns)
  Data Path Delay:        3.550ns  (logic 0.580ns (16.337%)  route 2.970ns (83.663%))
  Logic Levels:           1  (LUT3=1)
  Clock Path Skew:        -0.072ns (DCD - SCD + CPR)
    Destination Clock Delay (DCD):    6.939ns = ( 646.939 - 640.000 ) 
    Source Clock Delay      (SCD):    7.829ns
    Clock Pessimism Removal (CPR):    0.818ns
  Clock Uncertainty:      0.302ns  ((TSJ^2 + TIJ^2)^1/2 + DJ) / 2 + PE
    Total System Jitter     (TSJ):    0.071ns
    Total Input Jitter      (TIJ):    0.600ns
    Discrete Jitter          (DJ):    0.000ns
    Phase Error              (PE):    0.000ns

    Location             Delay type                Incr(ns)  Path(ns)    PBlock               Netlist Resource(s)
  -------------------------------------------------------------------    ----------------------------------------
                         (clock shadow_dna_clk rise edge)
                                                      0.000     0.000 r                       
    PS7_X0Y0             PS7                          0.000     0.000 r                       udp_gateway_shadow_mirror_i/processing_system7_0/inst/PS7_i/FCLKCLK[0]
                         net (fo=1, routed)           1.193     1.193                         udp_gateway_shadow_mirror_i/processing_system7_0/inst/FCLK_CLK_unbuffered[0]
    BUFGCTRL_X0Y17       BUFG (Prop_bufg_I_O)         0.101     1.294 r                       udp_gateway_shadow_mirror_i/processing_system7_0/inst/buffer_fclk_clk_0.FCLK_CLK_0_BUFG/O
                         net (fo=42374, routed)       1.785     3.079                         udp_gateway_shadow_mirror_i/dma_gateway_hybrid_0/inst/u_device_dna_reader/clk
    SLICE_X103Y54        FDCE (Prop_fdce_C_Q)         0.456     3.535 r  shadow_ctrl_region   udp_gateway_shadow_mirror_i/dma_gateway_hybrid_0/inst/u_device_dna_reader/dna_clk_reg/Q
                         net (fo=1, routed)           2.409     5.944                         udp_gateway_shadow_mirror_i/dma_gateway_hybrid_0/inst/u_device_dna_reader/dna_clk
    BUFGCTRL_X0Y16       BUFG (Prop_bufg_I_O)         0.101     6.045 r                       udp_gateway_shadow_mirror_i/dma_gateway_hybrid_0/inst/u_device_dna_reader/dna_clk_BUFG_inst/O
                         net (fo=69, routed)          1.784     7.829                         udp_gateway_shadow_mirror_i/dma_gateway_hybrid_0/inst/u_device_dna_reader/dna_clk_BUFG
    SLICE_X99Y91         FDCE                                         r  shadow_ctrl_region   udp_gateway_shadow_mirror_i/dma_gateway_hybrid_0/inst/u_device_dna_reader/dna_shift_reg/C
  -------------------------------------------------------------------    ----------------------------------------
    SLICE_X99Y91         FDCE (Prop_fdce_C_Q)         0.456     8.285 r  shadow_ctrl_region   udp_gateway_shadow_mirror_i/dma_gateway_hybrid_0/inst/u_device_dna_reader/dna_shift_reg/Q
                         net (fo=4, routed)           0.726     9.011                         udp_gateway_shadow_mirror_i/dma_gateway_hybrid_0/inst/u_device_dna_reader/dna_shift
    SLICE_X99Y91         LUT3 (Prop_lut3_I1_O)        0.124     9.135 r  shadow_ctrl_region   udp_gateway_shadow_mirror_i/dma_gateway_hybrid_0/inst/u_device_dna_reader/dna_shift_value[56]_i_1/O
                         net (fo=64, routed)          2.244    11.379                         udp_gateway_shadow_mirror_i/dma_gateway_hybrid_0/inst/u_device_dna_reader/dna_bit_count
    SLICE_X102Y69        FDCE                                         r  shadow_ctrl_region   udp_gateway_shadow_mirror_i/dma_gateway_hybrid_0/inst/u_device_dna_reader/dna_shift_value_reg[5]/CE
  -------------------------------------------------------------------    ----------------------------------------

                         (clock shadow_dna_clk rise edge)
                                                    640.000   640.000 r                       
    PS7_X0Y0             PS7                          0.000   640.000 r                       udp_gateway_shadow_mirror_i/processing_system7_0/inst/PS7_i/FCLKCLK[0]
                         net (fo=1, routed)           1.088   641.088                         udp_gateway_shadow_mirror_i/processing_system7_0/inst/FCLK_CLK_unbuffered[0]
    BUFGCTRL_X0Y17       BUFG (Prop_bufg_I_O)         0.091   641.179 r                       udp_gateway_shadow_mirror_i/processing_system7_0/inst/buffer_fclk_clk_0.FCLK_CLK_0_BUFG/O
                         net (fo=42374, routed)       1.609   642.788                         udp_gateway_shadow_mirror_i/dma_gateway_hybrid_0/inst/u_device_dna_reader/clk
    SLICE_X103Y54        FDCE (Prop_fdce_C_Q)         0.367   643.155 r  shadow_ctrl_region   udp_gateway_shadow_mirror_i/dma_gateway_hybrid_0/inst/u_device_dna_reader/dna_clk_reg/Q
                         net (fo=1, routed)           2.095   645.250                         udp_gateway_shadow_mirror_i/dma_gateway_hybrid_0/inst/u_device_dna_reader/dna_clk
    BUFGCTRL_X0Y16       BUFG (Prop_bufg_I_O)         0.091   645.341 r                       udp_gateway_shadow_mirror_i/dma_gateway_hybrid_0/inst/u_device_dna_reader/dna_clk_BUFG_inst/O
                         net (fo=69, routed)          1.598   646.939                         udp_gateway_shadow_mirror_i/dma_gateway_hybrid_0/inst/u_device_dna_reader/dna_clk_BUFG
    SLICE_X102Y69        FDCE                                         r  shadow_ctrl_region   udp_gateway_shadow_mirror_i/dma_gateway_hybrid_0/inst/u_device_dna_reader/dna_shift_value_reg[5]/C
                         clock pessimism              0.818   647.757                           
                         clock uncertainty           -0.302   647.455                           
    SLICE_X102Y69        FDCE (Setup_fdce_C_CE)      -0.169   647.286    shadow_ctrl_region     udp_gateway_shadow_mirror_i/dma_gateway_hybrid_0/inst/u_device_dna_reader/dna_shift_value_reg[5]
  -------------------------------------------------------------------
                         required time                        647.286                           
                         arrival time                         -11.379                           
  -------------------------------------------------------------------
                         slack                                635.907                           

Slack (MET) :             636.054ns  (required time - arrival time)
  Source:                 udp_gateway_shadow_mirror_i/dma_gateway_hybrid_0/inst/u_device_dna_reader/dna_shift_reg/C
                            (rising edge-triggered cell FDCE clocked by shadow_dna_clk  {rise@0.000ns fall@320.000ns period=640.000ns})
  Destination:            udp_gateway_shadow_mirror_i/dma_gateway_hybrid_0/inst/u_device_dna_reader/dna_shift_value_reg[37]/CE
                            (rising edge-triggered cell FDCE clocked by shadow_dna_clk  {rise@0.000ns fall@320.000ns period=640.000ns})
  Path Group:             shadow_dna_clk
  Path Type:              Setup (Max at Slow Process Corner)
  Requirement:            640.000ns  (shadow_dna_clk rise@640.000ns - shadow_dna_clk rise@0.000ns)
  Data Path Delay:        3.403ns  (logic 0.580ns (17.043%)  route 2.823ns (82.957%))
  Logic Levels:           1  (LUT3=1)
  Clock Path Skew:        -0.072ns (DCD - SCD + CPR)
    Destination Clock Delay (DCD):    6.939ns = ( 646.939 - 640.000 ) 
    Source Clock Delay      (SCD):    7.829ns
    Clock Pessimism Removal (CPR):    0.818ns
  Clock Uncertainty:      0.302ns  ((TSJ^2 + TIJ^2)^1/2 + DJ) / 2 + PE
    Total System Jitter     (TSJ):    0.071ns
    Total Input Jitter      (TIJ):    0.600ns
    Discrete Jitter          (DJ):    0.000ns
    Phase Error              (PE):    0.000ns

    Location             Delay type                Incr(ns)  Path(ns)    PBlock               Netlist Resource(s)
  -------------------------------------------------------------------    ----------------------------------------
                         (clock shadow_dna_clk rise edge)
                                                      0.000     0.000 r                       
    PS7_X0Y0             PS7                          0.000     0.000 r                       udp_gateway_shadow_mirror_i/processing_system7_0/inst/PS7_i/FCLKCLK[0]
                         net (fo=1, routed)           1.193     1.193                         udp_gateway_shadow_mirror_i/processing_system7_0/inst/FCLK_CLK_unbuffered[0]
    BUFGCTRL_X0Y17       BUFG (Prop_bufg_I_O)         0.101     1.294 r                       udp_gateway_shadow_mirror_i/processing_system7_0/inst/buffer_fclk_clk_0.FCLK_CLK_0_BUFG/O
                         net (fo=42374, routed)       1.785     3.079                         udp_gateway_shadow_mirror_i/dma_gateway_hybrid_0/inst/u_device_dna_reader/clk
    SLICE_X103Y54        FDCE (Prop_fdce_C_Q)         0.456     3.535 r  shadow_ctrl_region   udp_gateway_shadow_mirror_i/dma_gateway_hybrid_0/inst/u_device_dna_reader/dna_clk_reg/Q
                         net (fo=1, routed)           2.409     5.944                         udp_gateway_shadow_mirror_i/dma_gateway_hybrid_0/inst/u_device_dna_reader/dna_clk
    BUFGCTRL_X0Y16       BUFG (Prop_bufg_I_O)         0.101     6.045 r                       udp_gateway_shadow_mirror_i/dma_gateway_hybrid_0/inst/u_device_dna_reader/dna_clk_BUFG_inst/O
                         net (fo=69, routed)          1.784     7.829                         udp_gateway_shadow_mirror_i/dma_gateway_hybrid_0/inst/u_device_dna_reader/dna_clk_BUFG
    SLICE_X99Y91         FDCE                                         r  shadow_ctrl_region   udp_gateway_shadow_mirror_i/dma_gateway_hybrid_0/inst/u_device_dna_reader/dna_shift_reg/C
  -------------------------------------------------------------------    ----------------------------------------
    SLICE_X99Y91         FDCE (Prop_fdce_C_Q)         0.456     8.285 r  shadow_ctrl_region   udp_gateway_shadow_mirror_i/dma_gateway_hybrid_0/inst/u_device_dna_reader/dna_shift_reg/Q
                         net (fo=4, routed)           0.726     9.011                         udp_gateway_shadow_mirror_i/dma_gateway_hybrid_0/inst/u_device_dna_reader/dna_shift
    SLICE_X99Y91         LUT3 (Prop_lut3_I1_O)        0.124     9.135 r  shadow_ctrl_region   udp_gateway_shadow_mirror_i/dma_gateway_hybrid_0/inst/u_device_dna_reader/dna_shift_value[56]_i_1/O
                         net (fo=64, routed)          2.097    11.232                         udp_gateway_shadow_mirror_i/dma_gateway_hybrid_0/inst/u_device_dna_reader/dna_bit_count
    SLICE_X104Y69        FDCE                                         r  shadow_ctrl_region   udp_gateway_shadow_mirror_i/dma_gateway_hybrid_0/inst/u_device_dna_reader/dna_shift_value_reg[37]/CE
  -------------------------------------------------------------------    ----------------------------------------

                         (clock shadow_dna_clk rise edge)
                                                    640.000   640.000 r                       
    PS7_X0Y0             PS7                          0.000   640.000 r                       udp_gateway_shadow_mirror_i/processing_system7_0/inst/PS7_i/FCLKCLK[0]
                         net (fo=1, routed)           1.088   641.088                         udp_gateway_shadow_mirror_i/processing_system7_0/inst/FCLK_CLK_unbuffered[0]
    BUFGCTRL_X0Y17       BUFG (Prop_bufg_I_O)         0.091   641.179 r                       udp_gateway_shadow_mirror_i/processing_system7_0/inst/buffer_fclk_clk_0.FCLK_CLK_0_BUFG/O
                         net (fo=42374, routed)       1.609   642.788                         udp_gateway_shadow_mirror_i/dma_gateway_hybrid_0/inst/u_device_dna_reader/clk
    SLICE_X103Y54        FDCE (Prop_fdce_C_Q)         0.367   643.155 r  shadow_ctrl_region   udp_gateway_shadow_mirror_i/dma_gateway_hybrid_0/inst/u_device_dna_reader/dna_clk_reg/Q
                         net (fo=1, routed)           2.095   645.250                         udp_gateway_shadow_mirror_i/dma_gateway_hybrid_0/inst/u_device_dna_reader/dna_clk
    BUFGCTRL_X0Y16       BUFG (Prop_bufg_I_O)         0.091   645.341 r                       udp_gateway_shadow_mirror_i/dma_gateway_hybrid_0/inst/u_device_dna_reader/dna_clk_BUFG_inst/O
                         net (fo=69, routed)          1.598   646.939                         udp_gateway_shadow_mirror_i/dma_gateway_hybrid_0/inst/u_device_dna_reader/dna_clk_BUFG
    SLICE_X104Y69        FDCE                                         r  shadow_ctrl_region   udp_gateway_shadow_mirror_i/dma_gateway_hybrid_0/inst/u_device_dna_reader/dna_shift_value_reg[37]/C
                         clock pessimism              0.818   647.757                           
                         clock uncertainty           -0.302   647.455                           
    SLICE_X104Y69        FDCE (Setup_fdce_C_CE)      -0.169   647.286    shadow_ctrl_region     udp_gateway_shadow_mirror_i/dma_gateway_hybrid_0/inst/u_device_dna_reader/dna_shift_value_reg[37]
  -------------------------------------------------------------------
                         required time                        647.286                           
                         arrival time                         -11.232                           
  -------------------------------------------------------------------
                         slack                                636.054                           

Slack (MET) :             636.054ns  (required time - arrival time)
  Source:                 udp_gateway_shadow_mirror_i/dma_gateway_hybrid_0/inst/u_device_dna_reader/dna_shift_reg/C
                            (rising edge-triggered cell FDCE clocked by shadow_dna_clk  {rise@0.000ns fall@320.000ns period=640.000ns})
  Destination:            udp_gateway_shadow_mirror_i/dma_gateway_hybrid_0/inst/u_device_dna_reader/dna_shift_value_reg[38]/CE
                            (rising edge-triggered cell FDCE clocked by shadow_dna_clk  {rise@0.000ns fall@320.000ns period=640.000ns})
  Path Group:             shadow_dna_clk
  Path Type:              Setup (Max at Slow Process Corner)
  Requirement:            640.000ns  (shadow_dna_clk rise@640.000ns - shadow_dna_clk rise@0.000ns)
  Data Path Delay:        3.403ns  (logic 0.580ns (17.043%)  route 2.823ns (82.957%))
  Logic Levels:           1  (LUT3=1)
  Clock Path Skew:        -0.072ns (DCD - SCD + CPR)
    Destination Clock Delay (DCD):    6.939ns = ( 646.939 - 640.000 ) 
    Source Clock Delay      (SCD):    7.829ns
    Clock Pessimism Removal (CPR):    0.818ns
  Clock Uncertainty:      0.302ns  ((TSJ^2 + TIJ^2)^1/2 + DJ) / 2 + PE
    Total System Jitter     (TSJ):    0.071ns
    Total Input Jitter      (TIJ):    0.600ns
    Discrete Jitter          (DJ):    0.000ns
    Phase Error              (PE):    0.000ns

    Location             Delay type                Incr(ns)  Path(ns)    PBlock               Netlist Resource(s)
  -------------------------------------------------------------------    ----------------------------------------
                         (clock shadow_dna_clk rise edge)
                                                      0.000     0.000 r                       
    PS7_X0Y0             PS7                          0.000     0.000 r                       udp_gateway_shadow_mirror_i/processing_system7_0/inst/PS7_i/FCLKCLK[0]
                         net (fo=1, routed)           1.193     1.193                         udp_gateway_shadow_mirror_i/processing_system7_0/inst/FCLK_CLK_unbuffered[0]
    BUFGCTRL_X0Y17       BUFG (Prop_bufg_I_O)         0.101     1.294 r                       udp_gateway_shadow_mirror_i/processing_system7_0/inst/buffer_fclk_clk_0.FCLK_CLK_0_BUFG/O
                         net (fo=42374, routed)       1.785     3.079                         udp_gateway_shadow_mirror_i/dma_gateway_hybrid_0/inst/u_device_dna_reader/clk
    SLICE_X103Y54        FDCE (Prop_fdce_C_Q)         0.456     3.535 r  shadow_ctrl_region   udp_gateway_shadow_mirror_i/dma_gateway_hybrid_0/inst/u_device_dna_reader/dna_clk_reg/Q
                         net (fo=1, routed)           2.409     5.944                         udp_gateway_shadow_mirror_i/dma_gateway_hybrid_0/inst/u_device_dna_reader/dna_clk
    BUFGCTRL_X0Y16       BUFG (Prop_bufg_I_O)         0.101     6.045 r                       udp_gateway_shadow_mirror_i/dma_gateway_hybrid_0/inst/u_device_dna_reader/dna_clk_BUFG_inst/O
                         net (fo=69, routed)          1.784     7.829                         udp_gateway_shadow_mirror_i/dma_gateway_hybrid_0/inst/u_device_dna_reader/dna_clk_BUFG
    SLICE_X99Y91         FDCE                                         r  shadow_ctrl_region   udp_gateway_shadow_mirror_i/dma_gateway_hybrid_0/inst/u_device_dna_reader/dna_shift_reg/C
  -------------------------------------------------------------------    ----------------------------------------
    SLICE_X99Y91         FDCE (Prop_fdce_C_Q)         0.456     8.285 r  shadow_ctrl_region   udp_gateway_shadow_mirror_i/dma_gateway_hybrid_0/inst/u_device_dna_reader/dna_shift_reg/Q
                         net (fo=4, routed)           0.726     9.011                         udp_gateway_shadow_mirror_i/dma_gateway_hybrid_0/inst/u_device_dna_reader/dna_shift
    SLICE_X99Y91         LUT3 (Prop_lut3_I1_O)        0.124     9.135 r  shadow_ctrl_region   udp_gateway_shadow_mirror_i/dma_gateway_hybrid_0/inst/u_device_dna_reader/dna_shift_value[56]_i_1/O
                         net (fo=64, routed)          2.097    11.232                         udp_gateway_shadow_mirror_i/dma_gateway_hybrid_0/inst/u_device_dna_reader/dna_bit_count
    SLICE_X104Y69        FDCE                                         r  shadow_ctrl_region   udp_gateway_shadow_mirror_i/dma_gateway_hybrid_0/inst/u_device_dna_reader/dna_shift_value_reg[38]/CE
  -------------------------------------------------------------------    ----------------------------------------

                         (clock shadow_dna_clk rise edge)
                                                    640.000   640.000 r                       
    PS7_X0Y0             PS7                          0.000   640.000 r                       udp_gateway_shadow_mirror_i/processing_system7_0/inst/PS7_i/FCLKCLK[0]
                         net (fo=1, routed)           1.088   641.088                         udp_gateway_shadow_mirror_i/processing_system7_0/inst/FCLK_CLK_unbuffered[0]
    BUFGCTRL_X0Y17       BUFG (Prop_bufg_I_O)         0.091   641.179 r                       udp_gateway_shadow_mirror_i/processing_system7_0/inst/buffer_fclk_clk_0.FCLK_CLK_0_BUFG/O
                         net (fo=42374, routed)       1.609   642.788                         udp_gateway_shadow_mirror_i/dma_gateway_hybrid_0/inst/u_device_dna_reader/clk
    SLICE_X103Y54        FDCE (Prop_fdce_C_Q)         0.367   643.155 r  shadow_ctrl_region   udp_gateway_shadow_mirror_i/dma_gateway_hybrid_0/inst/u_device_dna_reader/dna_clk_reg/Q
                         net (fo=1, routed)           2.095   645.250                         udp_gateway_shadow_mirror_i/dma_gateway_hybrid_0/inst/u_device_dna_reader/dna_clk
    BUFGCTRL_X0Y16       BUFG (Prop_bufg_I_O)         0.091   645.341 r                       udp_gateway_shadow_mirror_i/dma_gateway_hybrid_0/inst/u_device_dna_reader/dna_clk_BUFG_inst/O
                         net (fo=69, routed)          1.598   646.939                         udp_gateway_shadow_mirror_i/dma_gateway_hybrid_0/inst/u_device_dna_reader/dna_clk_BUFG
    SLICE_X104Y69        FDCE                                         r  shadow_ctrl_region   udp_gateway_shadow_mirror_i/dma_gateway_hybrid_0/inst/u_device_dna_reader/dna_shift_value_reg[38]/C
                         clock pessimism              0.818   647.757                           
                         clock uncertainty           -0.302   647.455                           
    SLICE_X104Y69        FDCE (Setup_fdce_C_CE)      -0.169   647.286    shadow_ctrl_region     udp_gateway_shadow_mirror_i/dma_gateway_hybrid_0/inst/u_device_dna_reader/dna_shift_value_reg[38]
  -------------------------------------------------------------------
                         required time                        647.286                           
                         arrival time                         -11.232                           
  -------------------------------------------------------------------
                         slack                                636.054                           





Min Delay Paths
--------------------------------------------------------------------------------------
Slack (MET) :             0.282ns  (arrival time - required time)
  Source:                 udp_gateway_shadow_mirror_i/dma_gateway_hybrid_0/inst/u_device_dna_reader/dna_shift_value_reg[15]/C
                            (rising edge-triggered cell FDCE clocked by shadow_dna_clk  {rise@0.000ns fall@320.000ns period=640.000ns})
  Destination:            udp_gateway_shadow_mirror_i/dma_gateway_hybrid_0/inst/u_device_dna_reader/dna_shift_value_reg[16]/D
                            (rising edge-triggered cell FDCE clocked by shadow_dna_clk  {rise@0.000ns fall@320.000ns period=640.000ns})
  Path Group:             shadow_dna_clk
  Path Type:              Hold (Min at Fast Process Corner)
  Requirement:            0.000ns  (shadow_dna_clk rise@0.000ns - shadow_dna_clk rise@0.000ns)
  Data Path Delay:        0.329ns  (logic 0.141ns (42.912%)  route 0.188ns (57.088%))
  Logic Levels:           0  
  Clock Path Skew:        0.000ns (DCD - SCD - CPR)
    Destination Clock Delay (DCD):    3.582ns
    Source Clock Delay      (SCD):    2.846ns
    Clock Pessimism Removal (CPR):    0.736ns

    Location             Delay type                Incr(ns)  Path(ns)    PBlock               Netlist Resource(s)
  -------------------------------------------------------------------    ----------------------------------------
                         (clock shadow_dna_clk rise edge)
                                                      0.000     0.000 r                       
    PS7_X0Y0             PS7                          0.000     0.000 r                       udp_gateway_shadow_mirror_i/processing_system7_0/inst/PS7_i/FCLKCLK[0]
                         net (fo=1, routed)           0.310     0.310                         udp_gateway_shadow_mirror_i/processing_system7_0/inst/FCLK_CLK_unbuffered[0]
    BUFGCTRL_X0Y17       BUFG (Prop_bufg_I_O)         0.026     0.336 r                       udp_gateway_shadow_mirror_i/processing_system7_0/inst/buffer_fclk_clk_0.FCLK_CLK_0_BUFG/O
                         net (fo=42374, routed)       0.608     0.944                         udp_gateway_shadow_mirror_i/dma_gateway_hybrid_0/inst/u_device_dna_reader/clk
    SLICE_X103Y54        FDCE (Prop_fdce_C_Q)         0.141     1.085 r  shadow_ctrl_region   udp_gateway_shadow_mirror_i/dma_gateway_hybrid_0/inst/u_device_dna_reader/dna_clk_reg/Q
                         net (fo=1, routed)           1.113     2.198                         udp_gateway_shadow_mirror_i/dma_gateway_hybrid_0/inst/u_device_dna_reader/dna_clk
    BUFGCTRL_X0Y16       BUFG (Prop_bufg_I_O)         0.026     2.224 r                       udp_gateway_shadow_mirror_i/dma_gateway_hybrid_0/inst/u_device_dna_reader/dna_clk_BUFG_inst/O
                         net (fo=69, routed)          0.623     2.846                         udp_gateway_shadow_mirror_i/dma_gateway_hybrid_0/inst/u_device_dna_reader/dna_clk_BUFG
    SLICE_X106Y73        FDCE                                         r  shadow_ctrl_region   udp_gateway_shadow_mirror_i/dma_gateway_hybrid_0/inst/u_device_dna_reader/dna_shift_value_reg[15]/C
  -------------------------------------------------------------------    ----------------------------------------
    SLICE_X106Y73        FDCE (Prop_fdce_C_Q)         0.141     2.987 r  shadow_ctrl_region   udp_gateway_shadow_mirror_i/dma_gateway_hybrid_0/inst/u_device_dna_reader/dna_shift_value_reg[15]/Q
                         net (fo=2, routed)           0.188     3.175                         udp_gateway_shadow_mirror_i/dma_gateway_hybrid_0/inst/u_device_dna_reader/dna_shift_value[15]
    SLICE_X106Y73        FDCE                                         r  shadow_ctrl_region   udp_gateway_shadow_mirror_i/dma_gateway_hybrid_0/inst/u_device_dna_reader/dna_shift_value_reg[16]/D
  -------------------------------------------------------------------    ----------------------------------------

                         (clock shadow_dna_clk rise edge)
                                                      0.000     0.000 r                       
    PS7_X0Y0             PS7                          0.000     0.000 r                       udp_gateway_shadow_mirror_i/processing_system7_0/inst/PS7_i/FCLKCLK[0]
                         net (fo=1, routed)           0.337     0.337                         udp_gateway_shadow_mirror_i/processing_system7_0/inst/FCLK_CLK_unbuffered[0]
    BUFGCTRL_X0Y17       BUFG (Prop_bufg_I_O)         0.029     0.366 r                       udp_gateway_shadow_mirror_i/processing_system7_0/inst/buffer_fclk_clk_0.FCLK_CLK_0_BUFG/O
                         net (fo=42374, routed)       0.878     1.244                         udp_gateway_shadow_mirror_i/dma_gateway_hybrid_0/inst/u_device_dna_reader/clk
    SLICE_X103Y54        FDCE (Prop_fdce_C_Q)         0.175     1.419 r  shadow_ctrl_region   udp_gateway_shadow_mirror_i/dma_gateway_hybrid_0/inst/u_device_dna_reader/dna_clk_reg/Q
                         net (fo=1, routed)           1.244     2.663                         udp_gateway_shadow_mirror_i/dma_gateway_hybrid_0/inst/u_device_dna_reader/dna_clk
    BUFGCTRL_X0Y16       BUFG (Prop_bufg_I_O)         0.029     2.692 r                       udp_gateway_shadow_mirror_i/dma_gateway_hybrid_0/inst/u_device_dna_reader/dna_clk_BUFG_inst/O
                         net (fo=69, routed)          0.890     3.582                         udp_gateway_shadow_mirror_i/dma_gateway_hybrid_0/inst/u_device_dna_reader/dna_clk_BUFG
    SLICE_X106Y73        FDCE                                         r  shadow_ctrl_region   udp_gateway_shadow_mirror_i/dma_gateway_hybrid_0/inst/u_device_dna_reader/dna_shift_value_reg[16]/C
                         clock pessimism             -0.736     2.846                           
    SLICE_X106Y73        FDCE (Hold_fdce_C_D)         0.047     2.893    shadow_ctrl_region     udp_gateway_shadow_mirror_i/dma_gateway_hybrid_0/inst/u_device_dna_reader/dna_shift_value_reg[16]
  -------------------------------------------------------------------
                         required time                         -2.893                           
                         arrival time                           3.175                           
  -------------------------------------------------------------------
                         slack                                  0.282                           

Slack (MET) :             0.285ns  (arrival time - required time)
  Source:                 udp_gateway_shadow_mirror_i/dma_gateway_hybrid_0/inst/u_device_dna_reader/dna_shift_value_reg[46]/C
                            (rising edge-triggered cell FDCE clocked by shadow_dna_clk  {rise@0.000ns fall@320.000ns period=640.000ns})
  Destination:            udp_gateway_shadow_mirror_i/dma_gateway_hybrid_0/inst/u_device_dna_reader/dna_shift_value_reg[47]/D
                            (rising edge-triggered cell FDCE clocked by shadow_dna_clk  {rise@0.000ns fall@320.000ns period=640.000ns})
  Path Group:             shadow_dna_clk
  Path Type:              Hold (Min at Fast Process Corner)
  Requirement:            0.000ns  (shadow_dna_clk rise@0.000ns - shadow_dna_clk rise@0.000ns)
  Data Path Delay:        0.316ns  (logic 0.128ns (40.449%)  route 0.188ns (59.551%))
  Logic Levels:           0  
  Clock Path Skew:        0.010ns (DCD - SCD - CPR)
    Destination Clock Delay (DCD):    3.582ns
    Source Clock Delay      (SCD):    2.849ns
    Clock Pessimism Removal (CPR):    0.723ns

    Location             Delay type                Incr(ns)  Path(ns)    PBlock               Netlist Resource(s)
  -------------------------------------------------------------------    ----------------------------------------
                         (clock shadow_dna_clk rise edge)
                                                      0.000     0.000 r                       
    PS7_X0Y0             PS7                          0.000     0.000 r                       udp_gateway_shadow_mirror_i/processing_system7_0/inst/PS7_i/FCLKCLK[0]
                         net (fo=1, routed)           0.310     0.310                         udp_gateway_shadow_mirror_i/processing_system7_0/inst/FCLK_CLK_unbuffered[0]
    BUFGCTRL_X0Y17       BUFG (Prop_bufg_I_O)         0.026     0.336 r                       udp_gateway_shadow_mirror_i/processing_system7_0/inst/buffer_fclk_clk_0.FCLK_CLK_0_BUFG/O
                         net (fo=42374, routed)       0.608     0.944                         udp_gateway_shadow_mirror_i/dma_gateway_hybrid_0/inst/u_device_dna_reader/clk
    SLICE_X103Y54        FDCE (Prop_fdce_C_Q)         0.141     1.085 r  shadow_ctrl_region   udp_gateway_shadow_mirror_i/dma_gateway_hybrid_0/inst/u_device_dna_reader/dna_clk_reg/Q
                         net (fo=1, routed)           1.113     2.198                         udp_gateway_shadow_mirror_i/dma_gateway_hybrid_0/inst/u_device_dna_reader/dna_clk
    BUFGCTRL_X0Y16       BUFG (Prop_bufg_I_O)         0.026     2.224 r                       udp_gateway_shadow_mirror_i/dma_gateway_hybrid_0/inst/u_device_dna_reader/dna_clk_BUFG_inst/O
                         net (fo=69, routed)          0.626     2.849                         udp_gateway_shadow_mirror_i/dma_gateway_hybrid_0/inst/u_device_dna_reader/dna_clk_BUFG
    SLICE_X106Y70        FDCE                                         r  shadow_ctrl_region   udp_gateway_shadow_mirror_i/dma_gateway_hybrid_0/inst/u_device_dna_reader/dna_shift_value_reg[46]/C
  -------------------------------------------------------------------    ----------------------------------------
    SLICE_X106Y70        FDCE (Prop_fdce_C_Q)         0.128     2.977 r  shadow_ctrl_region   udp_gateway_shadow_mirror_i/dma_gateway_hybrid_0/inst/u_device_dna_reader/dna_shift_value_reg[46]/Q
                         net (fo=2, routed)           0.188     3.166                         udp_gateway_shadow_mirror_i/dma_gateway_hybrid_0/inst/u_device_dna_reader/dna_shift_value[46]
    SLICE_X106Y73        FDCE                                         r  shadow_ctrl_region   udp_gateway_shadow_mirror_i/dma_gateway_hybrid_0/inst/u_device_dna_reader/dna_shift_value_reg[47]/D
  -------------------------------------------------------------------    ----------------------------------------

                         (clock shadow_dna_clk rise edge)
                                                      0.000     0.000 r                       
    PS7_X0Y0             PS7                          0.000     0.000 r                       udp_gateway_shadow_mirror_i/processing_system7_0/inst/PS7_i/FCLKCLK[0]
                         net (fo=1, routed)           0.337     0.337                         udp_gateway_shadow_mirror_i/processing_system7_0/inst/FCLK_CLK_unbuffered[0]
    BUFGCTRL_X0Y17       BUFG (Prop_bufg_I_O)         0.029     0.366 r                       udp_gateway_shadow_mirror_i/processing_system7_0/inst/buffer_fclk_clk_0.FCLK_CLK_0_BUFG/O
                         net (fo=42374, routed)       0.878     1.244                         udp_gateway_shadow_mirror_i/dma_gateway_hybrid_0/inst/u_device_dna_reader/clk
    SLICE_X103Y54        FDCE (Prop_fdce_C_Q)         0.175     1.419 r  shadow_ctrl_region   udp_gateway_shadow_mirror_i/dma_gateway_hybrid_0/inst/u_device_dna_reader/dna_clk_reg/Q
                         net (fo=1, routed)           1.244     2.663                         udp_gateway_shadow_mirror_i/dma_gateway_hybrid_0/inst/u_device_dna_reader/dna_clk
    BUFGCTRL_X0Y16       BUFG (Prop_bufg_I_O)         0.029     2.692 r                       udp_gateway_shadow_mirror_i/dma_gateway_hybrid_0/inst/u_device_dna_reader/dna_clk_BUFG_inst/O
                         net (fo=69, routed)          0.890     3.582                         udp_gateway_shadow_mirror_i/dma_gateway_hybrid_0/inst/u_device_dna_reader/dna_clk_BUFG
    SLICE_X106Y73        FDCE                                         r  shadow_ctrl_region   udp_gateway_shadow_mirror_i/dma_gateway_hybrid_0/inst/u_device_dna_reader/dna_shift_value_reg[47]/C
                         clock pessimism             -0.723     2.859                           
    SLICE_X106Y73        FDCE (Hold_fdce_C_D)         0.021     2.880    shadow_ctrl_region     udp_gateway_shadow_mirror_i/dma_gateway_hybrid_0/inst/u_device_dna_reader/dna_shift_value_reg[47]
  -------------------------------------------------------------------
                         required time                         -2.880                           
                         arrival time                           3.166                           
  -------------------------------------------------------------------
                         slack                                  0.285                           

Slack (MET) :             0.286ns  (arrival time - required time)
  Source:                 udp_gateway_shadow_mirror_i/dma_gateway_hybrid_0/inst/u_device_dna_reader/dna_shift_value_reg[18]/C
                            (rising edge-triggered cell FDCE clocked by shadow_dna_clk  {rise@0.000ns fall@320.000ns period=640.000ns})
  Destination:            udp_gateway_shadow_mirror_i/dma_gateway_hybrid_0/inst/u_device_dna_reader/dna_shift_value_reg[19]/D
                            (rising edge-triggered cell FDCE clocked by shadow_dna_clk  {rise@0.000ns fall@320.000ns period=640.000ns})
  Path Group:             shadow_dna_clk
  Path Type:              Hold (Min at Fast Process Corner)
  Requirement:            0.000ns  (shadow_dna_clk rise@0.000ns - shadow_dna_clk rise@0.000ns)
  Data Path Delay:        0.364ns  (logic 0.141ns (38.776%)  route 0.223ns (61.224%))
  Logic Levels:           0  
  Clock Path Skew:        0.032ns (DCD - SCD - CPR)
    Destination Clock Delay (DCD):    3.581ns
    Source Clock Delay      (SCD):    2.846ns
    Clock Pessimism Removal (CPR):    0.703ns

    Location             Delay type                Incr(ns)  Path(ns)    PBlock               Netlist Resource(s)
  -------------------------------------------------------------------    ----------------------------------------
                         (clock shadow_dna_clk rise edge)
                                                      0.000     0.000 r                       
    PS7_X0Y0             PS7                          0.000     0.000 r                       udp_gateway_shadow_mirror_i/processing_system7_0/inst/PS7_i/FCLKCLK[0]
                         net (fo=1, routed)           0.310     0.310                         udp_gateway_shadow_mirror_i/processing_system7_0/inst/FCLK_CLK_unbuffered[0]
    BUFGCTRL_X0Y17       BUFG (Prop_bufg_I_O)         0.026     0.336 r                       udp_gateway_shadow_mirror_i/processing_system7_0/inst/buffer_fclk_clk_0.FCLK_CLK_0_BUFG/O
                         net (fo=42374, routed)       0.608     0.944                         udp_gateway_shadow_mirror_i/dma_gateway_hybrid_0/inst/u_device_dna_reader/clk
    SLICE_X103Y54        FDCE (Prop_fdce_C_Q)         0.141     1.085 r  shadow_ctrl_region   udp_gateway_shadow_mirror_i/dma_gateway_hybrid_0/inst/u_device_dna_reader/dna_clk_reg/Q
                         net (fo=1, routed)           1.113     2.198                         udp_gateway_shadow_mirror_i/dma_gateway_hybrid_0/inst/u_device_dna_reader/dna_clk
    BUFGCTRL_X0Y16       BUFG (Prop_bufg_I_O)         0.026     2.224 r                       udp_gateway_shadow_mirror_i/dma_gateway_hybrid_0/inst/u_device_dna_reader/dna_clk_BUFG_inst/O
                         net (fo=69, routed)          0.623     2.846                         udp_gateway_shadow_mirror_i/dma_gateway_hybrid_0/inst/u_device_dna_reader/dna_clk_BUFG
    SLICE_X106Y73        FDCE                                         r  shadow_ctrl_region   udp_gateway_shadow_mirror_i/dma_gateway_hybrid_0/inst/u_device_dna_reader/dna_shift_value_reg[18]/C
  -------------------------------------------------------------------    ----------------------------------------
    SLICE_X106Y73        FDCE (Prop_fdce_C_Q)         0.141     2.987 r  shadow_ctrl_region   udp_gateway_shadow_mirror_i/dma_gateway_hybrid_0/inst/u_device_dna_reader/dna_shift_value_reg[18]/Q
                         net (fo=2, routed)           0.223     3.210                         udp_gateway_shadow_mirror_i/dma_gateway_hybrid_0/inst/u_device_dna_reader/dna_shift_value[18]
    SLICE_X106Y75        FDCE                                         r  shadow_ctrl_region   udp_gateway_shadow_mirror_i/dma_gateway_hybrid_0/inst/u_device_dna_reader/dna_shift_value_reg[19]/D
  -------------------------------------------------------------------    ----------------------------------------

                         (clock shadow_dna_clk rise edge)
                                                      0.000     0.000 r                       
    PS7_X0Y0             PS7                          0.000     0.000 r                       udp_gateway_shadow_mirror_i/processing_system7_0/inst/PS7_i/FCLKCLK[0]
                         net (fo=1, routed)           0.337     0.337                         udp_gateway_shadow_mirror_i/processing_system7_0/inst/FCLK_CLK_unbuffered[0]
    BUFGCTRL_X0Y17       BUFG (Prop_bufg_I_O)         0.029     0.366 r                       udp_gateway_shadow_mirror_i/processing_system7_0/inst/buffer_fclk_clk_0.FCLK_CLK_0_BUFG/O
                         net (fo=42374, routed)       0.878     1.244                         udp_gateway_shadow_mirror_i/dma_gateway_hybrid_0/inst/u_device_dna_reader/clk
    SLICE_X103Y54        FDCE (Prop_fdce_C_Q)         0.175     1.419 r  shadow_ctrl_region   udp_gateway_shadow_mirror_i/dma_gateway_hybrid_0/inst/u_device_dna_reader/dna_clk_reg/Q
                         net (fo=1, routed)           1.244     2.663                         udp_gateway_shadow_mirror_i/dma_gateway_hybrid_0/inst/u_device_dna_reader/dna_clk
    BUFGCTRL_X0Y16       BUFG (Prop_bufg_I_O)         0.029     2.692 r                       udp_gateway_shadow_mirror_i/dma_gateway_hybrid_0/inst/u_device_dna_reader/dna_clk_BUFG_inst/O
                         net (fo=69, routed)          0.889     3.581                         udp_gateway_shadow_mirror_i/dma_gateway_hybrid_0/inst/u_device_dna_reader/dna_clk_BUFG
    SLICE_X106Y75        FDCE                                         r  shadow_ctrl_region   udp_gateway_shadow_mirror_i/dma_gateway_hybrid_0/inst/u_device_dna_reader/dna_shift_value_reg[19]/C
                         clock pessimism             -0.703     2.878                           
    SLICE_X106Y75        FDCE (Hold_fdce_C_D)         0.046     2.924    shadow_ctrl_region     udp_gateway_shadow_mirror_i/dma_gateway_hybrid_0/inst/u_device_dna_reader/dna_shift_value_reg[19]
  -------------------------------------------------------------------
                         required time                         -2.924                           
                         arrival time                           3.210                           
  -------------------------------------------------------------------
                         slack                                  0.286                           

Slack (MET) :             0.289ns  (arrival time - required time)
  Source:                 udp_gateway_shadow_mirror_i/dma_gateway_hybrid_0/inst/u_device_dna_reader/dna_busy_raw_reg/C
                            (rising edge-triggered cell FDPE clocked by shadow_dna_clk  {rise@0.000ns fall@320.000ns period=640.000ns})
  Destination:            udp_gateway_shadow_mirror_i/dma_gateway_hybrid_0/inst/u_device_dna_reader/dna_shift_reg/D
                            (rising edge-triggered cell FDCE clocked by shadow_dna_clk  {rise@0.000ns fall@320.000ns period=640.000ns})
  Path Group:             shadow_dna_clk
  Path Type:              Hold (Min at Fast Process Corner)
  Requirement:            0.000ns  (shadow_dna_clk rise@0.000ns - shadow_dna_clk rise@0.000ns)
  Data Path Delay:        0.381ns  (logic 0.186ns (48.861%)  route 0.195ns (51.139%))
  Logic Levels:           1  (LUT5=1)
  Clock Path Skew:        0.000ns (DCD - SCD - CPR)
    Destination Clock Delay (DCD):    3.569ns
    Source Clock Delay      (SCD):    2.830ns
    Clock Pessimism Removal (CPR):    0.739ns

    Location             Delay type                Incr(ns)  Path(ns)    PBlock               Netlist Resource(s)
  -------------------------------------------------------------------    ----------------------------------------
                         (clock shadow_dna_clk rise edge)
                                                      0.000     0.000 r                       
    PS7_X0Y0             PS7                          0.000     0.000 r                       udp_gateway_shadow_mirror_i/processing_system7_0/inst/PS7_i/FCLKCLK[0]
                         net (fo=1, routed)           0.310     0.310                         udp_gateway_shadow_mirror_i/processing_system7_0/inst/FCLK_CLK_unbuffered[0]
    BUFGCTRL_X0Y17       BUFG (Prop_bufg_I_O)         0.026     0.336 r                       udp_gateway_shadow_mirror_i/processing_system7_0/inst/buffer_fclk_clk_0.FCLK_CLK_0_BUFG/O
                         net (fo=42374, routed)       0.608     0.944                         udp_gateway_shadow_mirror_i/dma_gateway_hybrid_0/inst/u_device_dna_reader/clk
    SLICE_X103Y54        FDCE (Prop_fdce_C_Q)         0.141     1.085 r  shadow_ctrl_region   udp_gateway_shadow_mirror_i/dma_gateway_hybrid_0/inst/u_device_dna_reader/dna_clk_reg/Q
                         net (fo=1, routed)           1.113     2.198                         udp_gateway_shadow_mirror_i/dma_gateway_hybrid_0/inst/u_device_dna_reader/dna_clk
    BUFGCTRL_X0Y16       BUFG (Prop_bufg_I_O)         0.026     2.224 r                       udp_gateway_shadow_mirror_i/dma_gateway_hybrid_0/inst/u_device_dna_reader/dna_clk_BUFG_inst/O
                         net (fo=69, routed)          0.607     2.830                         udp_gateway_shadow_mirror_i/dma_gateway_hybrid_0/inst/u_device_dna_reader/dna_clk_BUFG
    SLICE_X99Y91         FDPE                                         r  shadow_ctrl_region   udp_gateway_shadow_mirror_i/dma_gateway_hybrid_0/inst/u_device_dna_reader/dna_busy_raw_reg/C
  -------------------------------------------------------------------    ----------------------------------------
    SLICE_X99Y91         FDPE (Prop_fdpe_C_Q)         0.141     2.971 r  shadow_ctrl_region   udp_gateway_shadow_mirror_i/dma_gateway_hybrid_0/inst/u_device_dna_reader/dna_busy_raw_reg/Q
                         net (fo=10, routed)          0.195     3.166                         udp_gateway_shadow_mirror_i/dma_gateway_hybrid_0/inst/u_device_dna_reader/dna_busy_raw
    SLICE_X99Y91         LUT5 (Prop_lut5_I4_O)        0.045     3.211 r  shadow_ctrl_region   udp_gateway_shadow_mirror_i/dma_gateway_hybrid_0/inst/u_device_dna_reader/dna_shift_i_1/O
                         net (fo=1, routed)           0.000     3.211                         udp_gateway_shadow_mirror_i/dma_gateway_hybrid_0/inst/u_device_dna_reader/dna_shift_i_1_n_0
    SLICE_X99Y91         FDCE                                         r  shadow_ctrl_region   udp_gateway_shadow_mirror_i/dma_gateway_hybrid_0/inst/u_device_dna_reader/dna_shift_reg/D
  -------------------------------------------------------------------    ----------------------------------------

                         (clock shadow_dna_clk rise edge)
                                                      0.000     0.000 r                       
    PS7_X0Y0             PS7                          0.000     0.000 r                       udp_gateway_shadow_mirror_i/processing_system7_0/inst/PS7_i/FCLKCLK[0]
                         net (fo=1, routed)           0.337     0.337                         udp_gateway_shadow_mirror_i/processing_system7_0/inst/FCLK_CLK_unbuffered[0]
    BUFGCTRL_X0Y17       BUFG (Prop_bufg_I_O)         0.029     0.366 r                       udp_gateway_shadow_mirror_i/processing_system7_0/inst/buffer_fclk_clk_0.FCLK_CLK_0_BUFG/O
                         net (fo=42374, routed)       0.878     1.244                         udp_gateway_shadow_mirror_i/dma_gateway_hybrid_0/inst/u_device_dna_reader/clk
    SLICE_X103Y54        FDCE (Prop_fdce_C_Q)         0.175     1.419 r  shadow_ctrl_region   udp_gateway_shadow_mirror_i/dma_gateway_hybrid_0/inst/u_device_dna_reader/dna_clk_reg/Q
                         net (fo=1, routed)           1.244     2.663                         udp_gateway_shadow_mirror_i/dma_gateway_hybrid_0/inst/u_device_dna_reader/dna_clk
    BUFGCTRL_X0Y16       BUFG (Prop_bufg_I_O)         0.029     2.692 r                       udp_gateway_shadow_mirror_i/dma_gateway_hybrid_0/inst/u_device_dna_reader/dna_clk_BUFG_inst/O
                         net (fo=69, routed)          0.877     3.569                         udp_gateway_shadow_mirror_i/dma_gateway_hybrid_0/inst/u_device_dna_reader/dna_clk_BUFG
    SLICE_X99Y91         FDCE                                         r  shadow_ctrl_region   udp_gateway_shadow_mirror_i/dma_gateway_hybrid_0/inst/u_device_dna_reader/dna_shift_reg/C
                         clock pessimism             -0.739     2.830                           
    SLICE_X99Y91         FDCE (Hold_fdce_C_D)         0.092     2.922    shadow_ctrl_region     udp_gateway_shadow_mirror_i/dma_gateway_hybrid_0/inst/u_device_dna_reader/dna_shift_reg
  -------------------------------------------------------------------
                         required time                         -2.922                           
                         arrival time                           3.211                           
  -------------------------------------------------------------------
                         slack                                  0.289                           

Slack (MET) :             0.290ns  (arrival time - required time)
  Source:                 udp_gateway_shadow_mirror_i/dma_gateway_hybrid_0/inst/u_device_dna_reader/dna_shift_value_reg[40]/C
                            (rising edge-triggered cell FDCE clocked by shadow_dna_clk  {rise@0.000ns fall@320.000ns period=640.000ns})
  Destination:            udp_gateway_shadow_mirror_i/dma_gateway_hybrid_0/inst/u_device_dna_reader/dna_shift_value_reg[41]/D
                            (rising edge-triggered cell FDCE clocked by shadow_dna_clk  {rise@0.000ns fall@320.000ns period=640.000ns})
  Path Group:             shadow_dna_clk
  Path Type:              Hold (Min at Fast Process Corner)
  Requirement:            0.000ns  (shadow_dna_clk rise@0.000ns - shadow_dna_clk rise@0.000ns)
  Data Path Delay:        0.350ns  (logic 0.164ns (46.858%)  route 0.186ns (53.142%))
  Logic Levels:           0  
  Clock Path Skew:        0.000ns (DCD - SCD - CPR)
    Destination Clock Delay (DCD):    3.561ns
    Source Clock Delay      (SCD):    2.823ns
    Clock Pessimism Removal (CPR):    0.738ns

    Location             Delay type                Incr(ns)  Path(ns)    PBlock               Netlist Resource(s)
  -------------------------------------------------------------------    ----------------------------------------
                         (clock shadow_dna_clk rise edge)
                                                      0.000     0.000 r                       
    PS7_X0Y0             PS7                          0.000     0.000 r                       udp_gateway_shadow_mirror_i/processing_system7_0/inst/PS7_i/FCLKCLK[0]
                         net (fo=1, routed)           0.310     0.310                         udp_gateway_shadow_mirror_i/processing_system7_0/inst/FCLK_CLK_unbuffered[0]
    BUFGCTRL_X0Y17       BUFG (Prop_bufg_I_O)         0.026     0.336 r                       udp_gateway_shadow_mirror_i/processing_system7_0/inst/buffer_fclk_clk_0.FCLK_CLK_0_BUFG/O
                         net (fo=42374, routed)       0.608     0.944                         udp_gateway_shadow_mirror_i/dma_gateway_hybrid_0/inst/u_device_dna_reader/clk
    SLICE_X103Y54        FDCE (Prop_fdce_C_Q)         0.141     1.085 r  shadow_ctrl_region   udp_gateway_shadow_mirror_i/dma_gateway_hybrid_0/inst/u_device_dna_reader/dna_clk_reg/Q
                         net (fo=1, routed)           1.113     2.198                         udp_gateway_shadow_mirror_i/dma_gateway_hybrid_0/inst/u_device_dna_reader/dna_clk
    BUFGCTRL_X0Y16       BUFG (Prop_bufg_I_O)         0.026     2.224 r                       udp_gateway_shadow_mirror_i/dma_gateway_hybrid_0/inst/u_device_dna_reader/dna_clk_BUFG_inst/O
                         net (fo=69, routed)          0.600     2.823                         udp_gateway_shadow_mirror_i/dma_gateway_hybrid_0/inst/u_device_dna_reader/dna_clk_BUFG
    SLICE_X104Y69        FDCE                                         r  shadow_ctrl_region   udp_gateway_shadow_mirror_i/dma_gateway_hybrid_0/inst/u_device_dna_reader/dna_shift_value_reg[40]/C
  -------------------------------------------------------------------    ----------------------------------------
    SLICE_X104Y69        FDCE (Prop_fdce_C_Q)         0.164     2.987 r  shadow_ctrl_region   udp_gateway_shadow_mirror_i/dma_gateway_hybrid_0/inst/u_device_dna_reader/dna_shift_value_reg[40]/Q
                         net (fo=2, routed)           0.186     3.173                         udp_gateway_shadow_mirror_i/dma_gateway_hybrid_0/inst/u_device_dna_reader/dna_shift_value[40]
    SLICE_X104Y69        FDCE                                         r  shadow_ctrl_region   udp_gateway_shadow_mirror_i/dma_gateway_hybrid_0/inst/u_device_dna_reader/dna_shift_value_reg[41]/D
  -------------------------------------------------------------------    ----------------------------------------

                         (clock shadow_dna_clk rise edge)
                                                      0.000     0.000 r                       
    PS7_X0Y0             PS7                          0.000     0.000 r                       udp_gateway_shadow_mirror_i/processing_system7_0/inst/PS7_i/FCLKCLK[0]
                         net (fo=1, routed)           0.337     0.337                         udp_gateway_shadow_mirror_i/processing_system7_0/inst/FCLK_CLK_unbuffered[0]
    BUFGCTRL_X0Y17       BUFG (Prop_bufg_I_O)         0.029     0.366 r                       udp_gateway_shadow_mirror_i/processing_system7_0/inst/buffer_fclk_clk_0.FCLK_CLK_0_BUFG/O
                         net (fo=42374, routed)       0.878     1.244                         udp_gateway_shadow_mirror_i/dma_gateway_hybrid_0/inst/u_device_dna_reader/clk
    SLICE_X103Y54        FDCE (Prop_fdce_C_Q)         0.175     1.419 r  shadow_ctrl_region   udp_gateway_shadow_mirror_i/dma_gateway_hybrid_0/inst/u_device_dna_reader/dna_clk_reg/Q
                         net (fo=1, routed)           1.244     2.663                         udp_gateway_shadow_mirror_i/dma_gateway_hybrid_0/inst/u_device_dna_reader/dna_clk
    BUFGCTRL_X0Y16       BUFG (Prop_bufg_I_O)         0.029     2.692 r                       udp_gateway_shadow_mirror_i/dma_gateway_hybrid_0/inst/u_device_dna_reader/dna_clk_BUFG_inst/O
                         net (fo=69, routed)          0.869     3.561                         udp_gateway_shadow_mirror_i/dma_gateway_hybrid_0/inst/u_device_dna_reader/dna_clk_BUFG
    SLICE_X104Y69        FDCE                                         r  shadow_ctrl_region   udp_gateway_shadow_mirror_i/dma_gateway_hybrid_0/inst/u_device_dna_reader/dna_shift_value_reg[41]/C
                         clock pessimism             -0.738     2.823                           
    SLICE_X104Y69        FDCE (Hold_fdce_C_D)         0.060     2.883    shadow_ctrl_region     udp_gateway_shadow_mirror_i/dma_gateway_hybrid_0/inst/u_device_dna_reader/dna_shift_value_reg[41]
  -------------------------------------------------------------------
                         required time                         -2.883                           
                         arrival time                           3.173                           
  -------------------------------------------------------------------
                         slack                                  0.290                           

Slack (MET) :             0.291ns  (arrival time - required time)
  Source:                 udp_gateway_shadow_mirror_i/dma_gateway_hybrid_0/inst/u_device_dna_reader/dna_shift_value_reg[54]/C
                            (rising edge-triggered cell FDCE clocked by shadow_dna_clk  {rise@0.000ns fall@320.000ns period=640.000ns})
  Destination:            udp_gateway_shadow_mirror_i/dma_gateway_hybrid_0/inst/u_device_dna_reader/dna_shift_value_reg[55]/D
                            (rising edge-triggered cell FDCE clocked by shadow_dna_clk  {rise@0.000ns fall@320.000ns period=640.000ns})
  Path Group:             shadow_dna_clk
  Path Type:              Hold (Min at Fast Process Corner)
  Requirement:            0.000ns  (shadow_dna_clk rise@0.000ns - shadow_dna_clk rise@0.000ns)
  Data Path Delay:        0.343ns  (logic 0.128ns (37.286%)  route 0.215ns (62.713%))
  Logic Levels:           0  
  Clock Path Skew:        0.034ns (DCD - SCD - CPR)
    Destination Clock Delay (DCD):    3.556ns
    Source Clock Delay      (SCD):    2.819ns
    Clock Pessimism Removal (CPR):    0.703ns

    Location             Delay type                Incr(ns)  Path(ns)    PBlock               Netlist Resource(s)
  -------------------------------------------------------------------    ----------------------------------------
                         (clock shadow_dna_clk rise edge)
                                                      0.000     0.000 r                       
    PS7_X0Y0             PS7                          0.000     0.000 r                       udp_gateway_shadow_mirror_i/processing_system7_0/inst/PS7_i/FCLKCLK[0]
                         net (fo=1, routed)           0.310     0.310                         udp_gateway_shadow_mirror_i/processing_system7_0/inst/FCLK_CLK_unbuffered[0]
    BUFGCTRL_X0Y17       BUFG (Prop_bufg_I_O)         0.026     0.336 r                       udp_gateway_shadow_mirror_i/processing_system7_0/inst/buffer_fclk_clk_0.FCLK_CLK_0_BUFG/O
                         net (fo=42374, routed)       0.608     0.944                         udp_gateway_shadow_mirror_i/dma_gateway_hybrid_0/inst/u_device_dna_reader/clk
    SLICE_X103Y54        FDCE (Prop_fdce_C_Q)         0.141     1.085 r  shadow_ctrl_region   udp_gateway_shadow_mirror_i/dma_gateway_hybrid_0/inst/u_device_dna_reader/dna_clk_reg/Q
                         net (fo=1, routed)           1.113     2.198                         udp_gateway_shadow_mirror_i/dma_gateway_hybrid_0/inst/u_device_dna_reader/dna_clk
    BUFGCTRL_X0Y16       BUFG (Prop_bufg_I_O)         0.026     2.224 r                       udp_gateway_shadow_mirror_i/dma_gateway_hybrid_0/inst/u_device_dna_reader/dna_clk_BUFG_inst/O
                         net (fo=69, routed)          0.596     2.819                         udp_gateway_shadow_mirror_i/dma_gateway_hybrid_0/inst/u_device_dna_reader/dna_clk_BUFG
    SLICE_X105Y73        FDCE                                         r  shadow_ctrl_region   udp_gateway_shadow_mirror_i/dma_gateway_hybrid_0/inst/u_device_dna_reader/dna_shift_value_reg[54]/C
  -------------------------------------------------------------------    ----------------------------------------
    SLICE_X105Y73        FDCE (Prop_fdce_C_Q)         0.128     2.947 r  shadow_ctrl_region   udp_gateway_shadow_mirror_i/dma_gateway_hybrid_0/inst/u_device_dna_reader/dna_shift_value_reg[54]/Q
                         net (fo=2, routed)           0.215     3.163                         udp_gateway_shadow_mirror_i/dma_gateway_hybrid_0/inst/u_device_dna_reader/dna_shift_value[54]
    SLICE_X105Y76        FDCE                                         r  shadow_ctrl_region   udp_gateway_shadow_mirror_i/dma_gateway_hybrid_0/inst/u_device_dna_reader/dna_shift_value_reg[55]/D
  -------------------------------------------------------------------    ----------------------------------------

                         (clock shadow_dna_clk rise edge)
                                                      0.000     0.000 r                       
    PS7_X0Y0             PS7                          0.000     0.000 r                       udp_gateway_shadow_mirror_i/processing_system7_0/inst/PS7_i/FCLKCLK[0]
                         net (fo=1, routed)           0.337     0.337                         udp_gateway_shadow_mirror_i/processing_system7_0/inst/FCLK_CLK_unbuffered[0]
    BUFGCTRL_X0Y17       BUFG (Prop_bufg_I_O)         0.029     0.366 r                       udp_gateway_shadow_mirror_i/processing_system7_0/inst/buffer_fclk_clk_0.FCLK_CLK_0_BUFG/O
                         net (fo=42374, routed)       0.878     1.244                         udp_gateway_shadow_mirror_i/dma_gateway_hybrid_0/inst/u_device_dna_reader/clk
    SLICE_X103Y54        FDCE (Prop_fdce_C_Q)         0.175     1.419 r  shadow_ctrl_region   udp_gateway_shadow_mirror_i/dma_gateway_hybrid_0/inst/u_device_dna_reader/dna_clk_reg/Q
                         net (fo=1, routed)           1.244     2.663                         udp_gateway_shadow_mirror_i/dma_gateway_hybrid_0/inst/u_device_dna_reader/dna_clk
    BUFGCTRL_X0Y16       BUFG (Prop_bufg_I_O)         0.029     2.692 r                       udp_gateway_shadow_mirror_i/dma_gateway_hybrid_0/inst/u_device_dna_reader/dna_clk_BUFG_inst/O
                         net (fo=69, routed)          0.864     3.556                         udp_gateway_shadow_mirror_i/dma_gateway_hybrid_0/inst/u_device_dna_reader/dna_clk_BUFG
    SLICE_X105Y76        FDCE                                         r  shadow_ctrl_region   udp_gateway_shadow_mirror_i/dma_gateway_hybrid_0/inst/u_device_dna_reader/dna_shift_value_reg[55]/C
                         clock pessimism             -0.703     2.853                           
    SLICE_X105Y76        FDCE (Hold_fdce_C_D)         0.018     2.871    shadow_ctrl_region     udp_gateway_shadow_mirror_i/dma_gateway_hybrid_0/inst/u_device_dna_reader/dna_shift_value_reg[55]
  -------------------------------------------------------------------
                         required time                         -2.871                           
                         arrival time                           3.163                           
  -------------------------------------------------------------------
                         slack                                  0.291                           

Slack (MET) :             0.294ns  (arrival time - required time)
  Source:                 udp_gateway_shadow_mirror_i/dma_gateway_hybrid_0/inst/u_device_dna_reader/dna_shift_value_reg[53]/C
                            (rising edge-triggered cell FDCE clocked by shadow_dna_clk  {rise@0.000ns fall@320.000ns period=640.000ns})
  Destination:            udp_gateway_shadow_mirror_i/dma_gateway_hybrid_0/inst/u_device_dna_reader/dna_shift_value_reg[54]/D
                            (rising edge-triggered cell FDCE clocked by shadow_dna_clk  {rise@0.000ns fall@320.000ns period=640.000ns})
  Path Group:             shadow_dna_clk
  Path Type:              Hold (Min at Fast Process Corner)
  Requirement:            0.000ns  (shadow_dna_clk rise@0.000ns - shadow_dna_clk rise@0.000ns)
  Data Path Delay:        0.319ns  (logic 0.128ns (40.092%)  route 0.191ns (59.908%))
  Logic Levels:           0  
  Clock Path Skew:        0.000ns (DCD - SCD - CPR)
    Destination Clock Delay (DCD):    3.556ns
    Source Clock Delay      (SCD):    2.819ns
    Clock Pessimism Removal (CPR):    0.737ns

    Location             Delay type                Incr(ns)  Path(ns)    PBlock               Netlist Resource(s)
  -------------------------------------------------------------------    ----------------------------------------
                         (clock shadow_dna_clk rise edge)
                                                      0.000     0.000 r                       
    PS7_X0Y0             PS7                          0.000     0.000 r                       udp_gateway_shadow_mirror_i/processing_system7_0/inst/PS7_i/FCLKCLK[0]
                         net (fo=1, routed)           0.310     0.310                         udp_gateway_shadow_mirror_i/processing_system7_0/inst/FCLK_CLK_unbuffered[0]
    BUFGCTRL_X0Y17       BUFG (Prop_bufg_I_O)         0.026     0.336 r                       udp_gateway_shadow_mirror_i/processing_system7_0/inst/buffer_fclk_clk_0.FCLK_CLK_0_BUFG/O
                         net (fo=42374, routed)       0.608     0.944                         udp_gateway_shadow_mirror_i/dma_gateway_hybrid_0/inst/u_device_dna_reader/clk
    SLICE_X103Y54        FDCE (Prop_fdce_C_Q)         0.141     1.085 r  shadow_ctrl_region   udp_gateway_shadow_mirror_i/dma_gateway_hybrid_0/inst/u_device_dna_reader/dna_clk_reg/Q
                         net (fo=1, routed)           1.113     2.198                         udp_gateway_shadow_mirror_i/dma_gateway_hybrid_0/inst/u_device_dna_reader/dna_clk
    BUFGCTRL_X0Y16       BUFG (Prop_bufg_I_O)         0.026     2.224 r                       udp_gateway_shadow_mirror_i/dma_gateway_hybrid_0/inst/u_device_dna_reader/dna_clk_BUFG_inst/O
                         net (fo=69, routed)          0.596     2.819                         udp_gateway_shadow_mirror_i/dma_gateway_hybrid_0/inst/u_device_dna_reader/dna_clk_BUFG
    SLICE_X105Y73        FDCE                                         r  shadow_ctrl_region   udp_gateway_shadow_mirror_i/dma_gateway_hybrid_0/inst/u_device_dna_reader/dna_shift_value_reg[53]/C
  -------------------------------------------------------------------    ----------------------------------------
    SLICE_X105Y73        FDCE (Prop_fdce_C_Q)         0.128     2.947 r  shadow_ctrl_region   udp_gateway_shadow_mirror_i/dma_gateway_hybrid_0/inst/u_device_dna_reader/dna_shift_value_reg[53]/Q
                         net (fo=2, routed)           0.191     3.139                         udp_gateway_shadow_mirror_i/dma_gateway_hybrid_0/inst/u_device_dna_reader/dna_shift_value[53]
    SLICE_X105Y73        FDCE                                         r  shadow_ctrl_region   udp_gateway_shadow_mirror_i/dma_gateway_hybrid_0/inst/u_device_dna_reader/dna_shift_value_reg[54]/D
  -------------------------------------------------------------------    ----------------------------------------

                         (clock shadow_dna_clk rise edge)
                                                      0.000     0.000 r                       
    PS7_X0Y0             PS7                          0.000     0.000 r                       udp_gateway_shadow_mirror_i/processing_system7_0/inst/PS7_i/FCLKCLK[0]
                         net (fo=1, routed)           0.337     0.337                         udp_gateway_shadow_mirror_i/processing_system7_0/inst/FCLK_CLK_unbuffered[0]
    BUFGCTRL_X0Y17       BUFG (Prop_bufg_I_O)         0.029     0.366 r                       udp_gateway_shadow_mirror_i/processing_system7_0/inst/buffer_fclk_clk_0.FCLK_CLK_0_BUFG/O
                         net (fo=42374, routed)       0.878     1.244                         udp_gateway_shadow_mirror_i/dma_gateway_hybrid_0/inst/u_device_dna_reader/clk
    SLICE_X103Y54        FDCE (Prop_fdce_C_Q)         0.175     1.419 r  shadow_ctrl_region   udp_gateway_shadow_mirror_i/dma_gateway_hybrid_0/inst/u_device_dna_reader/dna_clk_reg/Q
                         net (fo=1, routed)           1.244     2.663                         udp_gateway_shadow_mirror_i/dma_gateway_hybrid_0/inst/u_device_dna_reader/dna_clk
    BUFGCTRL_X0Y16       BUFG (Prop_bufg_I_O)         0.029     2.692 r                       udp_gateway_shadow_mirror_i/dma_gateway_hybrid_0/inst/u_device_dna_reader/dna_clk_BUFG_inst/O
                         net (fo=69, routed)          0.864     3.556                         udp_gateway_shadow_mirror_i/dma_gateway_hybrid_0/inst/u_device_dna_reader/dna_clk_BUFG
    SLICE_X105Y73        FDCE                                         r  shadow_ctrl_region   udp_gateway_shadow_mirror_i/dma_gateway_hybrid_0/inst/u_device_dna_reader/dna_shift_value_reg[54]/C
                         clock pessimism             -0.737     2.819                           
    SLICE_X105Y73        FDCE (Hold_fdce_C_D)         0.025     2.844    shadow_ctrl_region     udp_gateway_shadow_mirror_i/dma_gateway_hybrid_0/inst/u_device_dna_reader/dna_shift_value_reg[54]
  -------------------------------------------------------------------
                         required time                         -2.844                           
                         arrival time                           3.139                           
  -------------------------------------------------------------------
                         slack                                  0.294                           

Slack (MET) :             0.294ns  (arrival time - required time)
  Source:                 udp_gateway_shadow_mirror_i/dma_gateway_hybrid_0/inst/u_device_dna_reader/dna_shift_value_reg[1]/C
                            (rising edge-triggered cell FDCE clocked by shadow_dna_clk  {rise@0.000ns fall@320.000ns period=640.000ns})
  Destination:            udp_gateway_shadow_mirror_i/dma_gateway_hybrid_0/inst/u_device_dna_reader/dna_shift_value_reg[2]/D
                            (rising edge-triggered cell FDCE clocked by shadow_dna_clk  {rise@0.000ns fall@320.000ns period=640.000ns})
  Path Group:             shadow_dna_clk
  Path Type:              Hold (Min at Fast Process Corner)
  Requirement:            0.000ns  (shadow_dna_clk rise@0.000ns - shadow_dna_clk rise@0.000ns)
  Data Path Delay:        0.346ns  (logic 0.164ns (47.334%)  route 0.182ns (52.666%))
  Logic Levels:           0  
  Clock Path Skew:        0.000ns (DCD - SCD - CPR)
    Destination Clock Delay (DCD):    3.560ns
    Source Clock Delay      (SCD):    2.823ns
    Clock Pessimism Removal (CPR):    0.737ns

    Location             Delay type                Incr(ns)  Path(ns)    PBlock               Netlist Resource(s)
  -------------------------------------------------------------------    ----------------------------------------
                         (clock shadow_dna_clk rise edge)
                                                      0.000     0.000 r                       
    PS7_X0Y0             PS7                          0.000     0.000 r                       udp_gateway_shadow_mirror_i/processing_system7_0/inst/PS7_i/FCLKCLK[0]
                         net (fo=1, routed)           0.310     0.310                         udp_gateway_shadow_mirror_i/processing_system7_0/inst/FCLK_CLK_unbuffered[0]
    BUFGCTRL_X0Y17       BUFG (Prop_bufg_I_O)         0.026     0.336 r                       udp_gateway_shadow_mirror_i/processing_system7_0/inst/buffer_fclk_clk_0.FCLK_CLK_0_BUFG/O
                         net (fo=42374, routed)       0.608     0.944                         udp_gateway_shadow_mirror_i/dma_gateway_hybrid_0/inst/u_device_dna_reader/clk
    SLICE_X103Y54        FDCE (Prop_fdce_C_Q)         0.141     1.085 r  shadow_ctrl_region   udp_gateway_shadow_mirror_i/dma_gateway_hybrid_0/inst/u_device_dna_reader/dna_clk_reg/Q
                         net (fo=1, routed)           1.113     2.198                         udp_gateway_shadow_mirror_i/dma_gateway_hybrid_0/inst/u_device_dna_reader/dna_clk
    BUFGCTRL_X0Y16       BUFG (Prop_bufg_I_O)         0.026     2.224 r                       udp_gateway_shadow_mirror_i/dma_gateway_hybrid_0/inst/u_device_dna_reader/dna_clk_BUFG_inst/O
                         net (fo=69, routed)          0.600     2.823                         udp_gateway_shadow_mirror_i/dma_gateway_hybrid_0/inst/u_device_dna_reader/dna_clk_BUFG
    SLICE_X102Y69        FDCE                                         r  shadow_ctrl_region   udp_gateway_shadow_mirror_i/dma_gateway_hybrid_0/inst/u_device_dna_reader/dna_shift_value_reg[1]/C
  -------------------------------------------------------------------    ----------------------------------------
    SLICE_X102Y69        FDCE (Prop_fdce_C_Q)         0.164     2.987 r  shadow_ctrl_region   udp_gateway_shadow_mirror_i/dma_gateway_hybrid_0/inst/u_device_dna_reader/dna_shift_value_reg[1]/Q
                         net (fo=2, routed)           0.182     3.170                         udp_gateway_shadow_mirror_i/dma_gateway_hybrid_0/inst/u_device_dna_reader/dna_shift_value[1]
    SLICE_X102Y69        FDCE                                         r  shadow_ctrl_region   udp_gateway_shadow_mirror_i/dma_gateway_hybrid_0/inst/u_device_dna_reader/dna_shift_value_reg[2]/D
  -------------------------------------------------------------------    ----------------------------------------

                         (clock shadow_dna_clk rise edge)
                                                      0.000     0.000 r                       
    PS7_X0Y0             PS7                          0.000     0.000 r                       udp_gateway_shadow_mirror_i/processing_system7_0/inst/PS7_i/FCLKCLK[0]
                         net (fo=1, routed)           0.337     0.337                         udp_gateway_shadow_mirror_i/processing_system7_0/inst/FCLK_CLK_unbuffered[0]
    BUFGCTRL_X0Y17       BUFG (Prop_bufg_I_O)         0.029     0.366 r                       udp_gateway_shadow_mirror_i/processing_system7_0/inst/buffer_fclk_clk_0.FCLK_CLK_0_BUFG/O
                         net (fo=42374, routed)       0.878     1.244                         udp_gateway_shadow_mirror_i/dma_gateway_hybrid_0/inst/u_device_dna_reader/clk
    SLICE_X103Y54        FDCE (Prop_fdce_C_Q)         0.175     1.419 r  shadow_ctrl_region   udp_gateway_shadow_mirror_i/dma_gateway_hybrid_0/inst/u_device_dna_reader/dna_clk_reg/Q
                         net (fo=1, routed)           1.244     2.663                         udp_gateway_shadow_mirror_i/dma_gateway_hybrid_0/inst/u_device_dna_reader/dna_clk
    BUFGCTRL_X0Y16       BUFG (Prop_bufg_I_O)         0.029     2.692 r                       udp_gateway_shadow_mirror_i/dma_gateway_hybrid_0/inst/u_device_dna_reader/dna_clk_BUFG_inst/O
                         net (fo=69, routed)          0.868     3.560                         udp_gateway_shadow_mirror_i/dma_gateway_hybrid_0/inst/u_device_dna_reader/dna_clk_BUFG
    SLICE_X102Y69        FDCE                                         r  shadow_ctrl_region   udp_gateway_shadow_mirror_i/dma_gateway_hybrid_0/inst/u_device_dna_reader/dna_shift_value_reg[2]/C
                         clock pessimism             -0.737     2.823                           
    SLICE_X102Y69        FDCE (Hold_fdce_C_D)         0.052     2.875    shadow_ctrl_region     udp_gateway_shadow_mirror_i/dma_gateway_hybrid_0/inst/u_device_dna_reader/dna_shift_value_reg[2]
  -------------------------------------------------------------------
                         required time                         -2.875                           
                         arrival time                           3.170                           
  -------------------------------------------------------------------
                         slack                                  0.294                           

Slack (MET) :             0.295ns  (arrival time - required time)
  Source:                 udp_gateway_shadow_mirror_i/dma_gateway_hybrid_0/inst/u_device_dna_reader/dna_bit_count_reg[1]/C
                            (rising edge-triggered cell FDCE clocked by shadow_dna_clk  {rise@0.000ns fall@320.000ns period=640.000ns})
  Destination:            udp_gateway_shadow_mirror_i/dma_gateway_hybrid_0/inst/u_device_dna_reader/dna_bit_count_reg[2]/D
                            (rising edge-triggered cell FDCE clocked by shadow_dna_clk  {rise@0.000ns fall@320.000ns period=640.000ns})
  Path Group:             shadow_dna_clk
  Path Type:              Hold (Min at Fast Process Corner)
  Requirement:            0.000ns  (shadow_dna_clk rise@0.000ns - shadow_dna_clk rise@0.000ns)
  Data Path Delay:        0.416ns  (logic 0.246ns (59.126%)  route 0.170ns (40.874%))
  Logic Levels:           1  (LUT3=1)
  Clock Path Skew:        0.000ns (DCD - SCD - CPR)
    Destination Clock Delay (DCD):    3.565ns
    Source Clock Delay      (SCD):    2.827ns
    Clock Pessimism Removal (CPR):    0.738ns

    Location             Delay type                Incr(ns)  Path(ns)    PBlock               Netlist Resource(s)
  -------------------------------------------------------------------    ----------------------------------------
                         (clock shadow_dna_clk rise edge)
                                                      0.000     0.000 r                       
    PS7_X0Y0             PS7                          0.000     0.000 r                       udp_gateway_shadow_mirror_i/processing_system7_0/inst/PS7_i/FCLKCLK[0]
                         net (fo=1, routed)           0.310     0.310                         udp_gateway_shadow_mirror_i/processing_system7_0/inst/FCLK_CLK_unbuffered[0]
    BUFGCTRL_X0Y17       BUFG (Prop_bufg_I_O)         0.026     0.336 r                       udp_gateway_shadow_mirror_i/processing_system7_0/inst/buffer_fclk_clk_0.FCLK_CLK_0_BUFG/O
                         net (fo=42374, routed)       0.608     0.944                         udp_gateway_shadow_mirror_i/dma_gateway_hybrid_0/inst/u_device_dna_reader/clk
    SLICE_X103Y54        FDCE (Prop_fdce_C_Q)         0.141     1.085 r  shadow_ctrl_region   udp_gateway_shadow_mirror_i/dma_gateway_hybrid_0/inst/u_device_dna_reader/dna_clk_reg/Q
                         net (fo=1, routed)           1.113     2.198                         udp_gateway_shadow_mirror_i/dma_gateway_hybrid_0/inst/u_device_dna_reader/dna_clk
    BUFGCTRL_X0Y16       BUFG (Prop_bufg_I_O)         0.026     2.224 r                       udp_gateway_shadow_mirror_i/dma_gateway_hybrid_0/inst/u_device_dna_reader/dna_clk_BUFG_inst/O
                         net (fo=69, routed)          0.604     2.827                         udp_gateway_shadow_mirror_i/dma_gateway_hybrid_0/inst/u_device_dna_reader/dna_clk_BUFG
    SLICE_X102Y86        FDCE                                         r  shadow_ctrl_region   udp_gateway_shadow_mirror_i/dma_gateway_hybrid_0/inst/u_device_dna_reader/dna_bit_count_reg[1]/C
  -------------------------------------------------------------------    ----------------------------------------
    SLICE_X102Y86        FDCE (Prop_fdce_C_Q)         0.148     2.975 r  shadow_ctrl_region   udp_gateway_shadow_mirror_i/dma_gateway_hybrid_0/inst/u_device_dna_reader/dna_bit_count_reg[1]/Q
                         net (fo=7, routed)           0.170     3.145                         udp_gateway_shadow_mirror_i/dma_gateway_hybrid_0/inst/u_device_dna_reader/dna_bit_count_reg[1]
    SLICE_X102Y86        LUT3 (Prop_lut3_I1_O)        0.098     3.243 r  shadow_ctrl_region   udp_gateway_shadow_mirror_i/dma_gateway_hybrid_0/inst/u_device_dna_reader/dna_bit_count[2]_i_1/O
                         net (fo=1, routed)           0.000     3.243                         udp_gateway_shadow_mirror_i/dma_gateway_hybrid_0/inst/u_device_dna_reader/p_0_in_0[2]
    SLICE_X102Y86        FDCE                                         r  shadow_ctrl_region   udp_gateway_shadow_mirror_i/dma_gateway_hybrid_0/inst/u_device_dna_reader/dna_bit_count_reg[2]/D
  -------------------------------------------------------------------    ----------------------------------------

                         (clock shadow_dna_clk rise edge)
                                                      0.000     0.000 r                       
    PS7_X0Y0             PS7                          0.000     0.000 r                       udp_gateway_shadow_mirror_i/processing_system7_0/inst/PS7_i/FCLKCLK[0]
                         net (fo=1, routed)           0.337     0.337                         udp_gateway_shadow_mirror_i/processing_system7_0/inst/FCLK_CLK_unbuffered[0]
    BUFGCTRL_X0Y17       BUFG (Prop_bufg_I_O)         0.029     0.366 r                       udp_gateway_shadow_mirror_i/processing_system7_0/inst/buffer_fclk_clk_0.FCLK_CLK_0_BUFG/O
                         net (fo=42374, routed)       0.878     1.244                         udp_gateway_shadow_mirror_i/dma_gateway_hybrid_0/inst/u_device_dna_reader/clk
    SLICE_X103Y54        FDCE (Prop_fdce_C_Q)         0.175     1.419 r  shadow_ctrl_region   udp_gateway_shadow_mirror_i/dma_gateway_hybrid_0/inst/u_device_dna_reader/dna_clk_reg/Q
                         net (fo=1, routed)           1.244     2.663                         udp_gateway_shadow_mirror_i/dma_gateway_hybrid_0/inst/u_device_dna_reader/dna_clk
    BUFGCTRL_X0Y16       BUFG (Prop_bufg_I_O)         0.029     2.692 r                       udp_gateway_shadow_mirror_i/dma_gateway_hybrid_0/inst/u_device_dna_reader/dna_clk_BUFG_inst/O
                         net (fo=69, routed)          0.873     3.565                         udp_gateway_shadow_mirror_i/dma_gateway_hybrid_0/inst/u_device_dna_reader/dna_clk_BUFG
    SLICE_X102Y86        FDCE                                         r  shadow_ctrl_region   udp_gateway_shadow_mirror_i/dma_gateway_hybrid_0/inst/u_device_dna_reader/dna_bit_count_reg[2]/C
                         clock pessimism             -0.738     2.827                           
    SLICE_X102Y86        FDCE (Hold_fdce_C_D)         0.121     2.948    shadow_ctrl_region     udp_gateway_shadow_mirror_i/dma_gateway_hybrid_0/inst/u_device_dna_reader/dna_bit_count_reg[2]
  -------------------------------------------------------------------
                         required time                         -2.948                           
                         arrival time                           3.243                           
  -------------------------------------------------------------------
                         slack                                  0.295                           

Slack (MET) :             0.297ns  (arrival time - required time)
  Source:                 udp_gateway_shadow_mirror_i/dma_gateway_hybrid_0/inst/u_device_dna_reader/dna_shift_value_reg[30]/C
                            (rising edge-triggered cell FDCE clocked by shadow_dna_clk  {rise@0.000ns fall@320.000ns period=640.000ns})
  Destination:            udp_gateway_shadow_mirror_i/dma_gateway_hybrid_0/inst/u_device_dna_reader/dna_shift_value_reg[31]/D
                            (rising edge-triggered cell FDCE clocked by shadow_dna_clk  {rise@0.000ns fall@320.000ns period=640.000ns})
  Path Group:             shadow_dna_clk
  Path Type:              Hold (Min at Fast Process Corner)
  Requirement:            0.000ns  (shadow_dna_clk rise@0.000ns - shadow_dna_clk rise@0.000ns)
  Data Path Delay:        0.400ns  (logic 0.164ns (41.033%)  route 0.236ns (58.967%))
  Logic Levels:           0  
  Clock Path Skew:        0.031ns (DCD - SCD - CPR)
    Destination Clock Delay (DCD):    3.556ns
    Source Clock Delay      (SCD):    2.822ns
    Clock Pessimism Removal (CPR):    0.703ns

    Location             Delay type                Incr(ns)  Path(ns)    PBlock               Netlist Resource(s)
  -------------------------------------------------------------------    ----------------------------------------
                         (clock shadow_dna_clk rise edge)
                                                      0.000     0.000 r                       
    PS7_X0Y0             PS7                          0.000     0.000 r                       udp_gateway_shadow_mirror_i/processing_system7_0/inst/PS7_i/FCLKCLK[0]
                         net (fo=1, routed)           0.310     0.310                         udp_gateway_shadow_mirror_i/processing_system7_0/inst/FCLK_CLK_unbuffered[0]
    BUFGCTRL_X0Y17       BUFG (Prop_bufg_I_O)         0.026     0.336 r                       udp_gateway_shadow_mirror_i/processing_system7_0/inst/buffer_fclk_clk_0.FCLK_CLK_0_BUFG/O
                         net (fo=42374, routed)       0.608     0.944                         udp_gateway_shadow_mirror_i/dma_gateway_hybrid_0/inst/u_device_dna_reader/clk
    SLICE_X103Y54        FDCE (Prop_fdce_C_Q)         0.141     1.085 r  shadow_ctrl_region   udp_gateway_shadow_mirror_i/dma_gateway_hybrid_0/inst/u_device_dna_reader/dna_clk_reg/Q
                         net (fo=1, routed)           1.113     2.198                         udp_gateway_shadow_mirror_i/dma_gateway_hybrid_0/inst/u_device_dna_reader/dna_clk
    BUFGCTRL_X0Y16       BUFG (Prop_bufg_I_O)         0.026     2.224 r                       udp_gateway_shadow_mirror_i/dma_gateway_hybrid_0/inst/u_device_dna_reader/dna_clk_BUFG_inst/O
                         net (fo=69, routed)          0.599     2.822                         udp_gateway_shadow_mirror_i/dma_gateway_hybrid_0/inst/u_device_dna_reader/dna_clk_BUFG
    SLICE_X104Y70        FDCE                                         r  shadow_ctrl_region   udp_gateway_shadow_mirror_i/dma_gateway_hybrid_0/inst/u_device_dna_reader/dna_shift_value_reg[30]/C
  -------------------------------------------------------------------    ----------------------------------------
    SLICE_X104Y70        FDCE (Prop_fdce_C_Q)         0.164     2.986 r  shadow_ctrl_region   udp_gateway_shadow_mirror_i/dma_gateway_hybrid_0/inst/u_device_dna_reader/dna_shift_value_reg[30]/Q
                         net (fo=2, routed)           0.236     3.222                         udp_gateway_shadow_mirror_i/dma_gateway_hybrid_0/inst/u_device_dna_reader/dna_shift_value[30]
    SLICE_X105Y76        FDCE                                         r  shadow_ctrl_region   udp_gateway_shadow_mirror_i/dma_gateway_hybrid_0/inst/u_device_dna_reader/dna_shift_value_reg[31]/D
  -------------------------------------------------------------------    ----------------------------------------

                         (clock shadow_dna_clk rise edge)
                                                      0.000     0.000 r                       
    PS7_X0Y0             PS7                          0.000     0.000 r                       udp_gateway_shadow_mirror_i/processing_system7_0/inst/PS7_i/FCLKCLK[0]
                         net (fo=1, routed)           0.337     0.337                         udp_gateway_shadow_mirror_i/processing_system7_0/inst/FCLK_CLK_unbuffered[0]
    BUFGCTRL_X0Y17       BUFG (Prop_bufg_I_O)         0.029     0.366 r                       udp_gateway_shadow_mirror_i/processing_system7_0/inst/buffer_fclk_clk_0.FCLK_CLK_0_BUFG/O
                         net (fo=42374, routed)       0.878     1.244                         udp_gateway_shadow_mirror_i/dma_gateway_hybrid_0/inst/u_device_dna_reader/clk
    SLICE_X103Y54        FDCE (Prop_fdce_C_Q)         0.175     1.419 r  shadow_ctrl_region   udp_gateway_shadow_mirror_i/dma_gateway_hybrid_0/inst/u_device_dna_reader/dna_clk_reg/Q
                         net (fo=1, routed)           1.244     2.663                         udp_gateway_shadow_mirror_i/dma_gateway_hybrid_0/inst/u_device_dna_reader/dna_clk
    BUFGCTRL_X0Y16       BUFG (Prop_bufg_I_O)         0.029     2.692 r                       udp_gateway_shadow_mirror_i/dma_gateway_hybrid_0/inst/u_device_dna_reader/dna_clk_BUFG_inst/O
                         net (fo=69, routed)          0.864     3.556                         udp_gateway_shadow_mirror_i/dma_gateway_hybrid_0/inst/u_device_dna_reader/dna_clk_BUFG
    SLICE_X105Y76        FDCE                                         r  shadow_ctrl_region   udp_gateway_shadow_mirror_i/dma_gateway_hybrid_0/inst/u_device_dna_reader/dna_shift_value_reg[31]/C
                         clock pessimism             -0.703     2.853                           
    SLICE_X105Y76        FDCE (Hold_fdce_C_D)         0.072     2.925    shadow_ctrl_region     udp_gateway_shadow_mirror_i/dma_gateway_hybrid_0/inst/u_device_dna_reader/dna_shift_value_reg[31]
  -------------------------------------------------------------------
                         required time                         -2.925                           
                         arrival time                           3.222                           
  -------------------------------------------------------------------
                         slack                                  0.297                           





Pulse Width Checks
--------------------------------------------------------------------------------------
Clock Name:         shadow_dna_clk
Waveform(ns):       { 0.000 320.000 }
Period(ns):         640.000
Sources:            { udp_gateway_shadow_mirror_i/dma_gateway_hybrid_0/inst/u_device_dna_reader/dna_clk_reg/Q }

Check Type        Corner  Lib Pin       Reference Pin  Required(ns)  Actual(ns)  Slack(ns)  Location        Pin
Min Period        n/a     DNA_PORT/CLK  n/a            10.000        640.000     630.000    DNA_PORT_X0Y0   udp_gateway_shadow_mirror_i/dma_gateway_hybrid_0/inst/u_device_dna_reader/u_dna/CLK
Min Period        n/a     BUFG/I        n/a            2.155         640.000     637.845    BUFGCTRL_X0Y16  udp_gateway_shadow_mirror_i/dma_gateway_hybrid_0/inst/u_device_dna_reader/dna_clk_BUFG_inst/I
Min Period        n/a     FDCE/C        n/a            1.000         640.000     639.000    SLICE_X102Y86   udp_gateway_shadow_mirror_i/dma_gateway_hybrid_0/inst/u_device_dna_reader/dna_bit_count_reg[0]/C
Min Period        n/a     FDCE/C        n/a            1.000         640.000     639.000    SLICE_X102Y86   udp_gateway_shadow_mirror_i/dma_gateway_hybrid_0/inst/u_device_dna_reader/dna_bit_count_reg[1]/C
Min Period        n/a     FDCE/C        n/a            1.000         640.000     639.000    SLICE_X102Y86   udp_gateway_shadow_mirror_i/dma_gateway_hybrid_0/inst/u_device_dna_reader/dna_bit_count_reg[2]/C
Min Period        n/a     FDCE/C        n/a            1.000         640.000     639.000    SLICE_X103Y91   udp_gateway_shadow_mirror_i/dma_gateway_hybrid_0/inst/u_device_dna_reader/dna_bit_count_reg[3]/C
Min Period        n/a     FDCE/C        n/a            1.000         640.000     639.000    SLICE_X103Y91   udp_gateway_shadow_mirror_i/dma_gateway_hybrid_0/inst/u_device_dna_reader/dna_bit_count_reg[4]/C
Min Period        n/a     FDCE/C        n/a            1.000         640.000     639.000    SLICE_X103Y91   udp_gateway_shadow_mirror_i/dma_gateway_hybrid_0/inst/u_device_dna_reader/dna_bit_count_reg[5]/C
Min Period        n/a     FDCE/C        n/a            1.000         640.000     639.000    SLICE_X103Y91   udp_gateway_shadow_mirror_i/dma_gateway_hybrid_0/inst/u_device_dna_reader/dna_bit_count_reg[6]/C
Min Period        n/a     FDPE/C        n/a            1.000         640.000     639.000    SLICE_X99Y91    udp_gateway_shadow_mirror_i/dma_gateway_hybrid_0/inst/u_device_dna_reader/dna_busy_raw_reg/C
Low Pulse Width   Slow    FDCE/C        n/a            0.500         320.000     319.500    SLICE_X102Y86   udp_gateway_shadow_mirror_i/dma_gateway_hybrid_0/inst/u_device_dna_reader/dna_bit_count_reg[0]/C
Low Pulse Width   Fast    FDCE/C        n/a            0.500         320.000     319.500    SLICE_X102Y86   udp_gateway_shadow_mirror_i/dma_gateway_hybrid_0/inst/u_device_dna_reader/dna_bit_count_reg[0]/C
Low Pulse Width   Slow    FDCE/C        n/a            0.500         320.000     319.500    SLICE_X102Y86   udp_gateway_shadow_mirror_i/dma_gateway_hybrid_0/inst/u_device_dna_reader/dna_bit_count_reg[1]/C
Low Pulse Width   Fast    FDCE/C        n/a            0.500         320.000     319.500    SLICE_X102Y86   udp_gateway_shadow_mirror_i/dma_gateway_hybrid_0/inst/u_device_dna_reader/dna_bit_count_reg[1]/C
Low Pulse Width   Slow    FDCE/C        n/a            0.500         320.000     319.500    SLICE_X102Y86   udp_gateway_shadow_mirror_i/dma_gateway_hybrid_0/inst/u_device_dna_reader/dna_bit_count_reg[2]/C
Low Pulse Width   Fast    FDCE/C        n/a            0.500         320.000     319.500    SLICE_X102Y86   udp_gateway_shadow_mirror_i/dma_gateway_hybrid_0/inst/u_device_dna_reader/dna_bit_count_reg[2]/C
Low Pulse Width   Slow    FDCE/C        n/a            0.500         320.000     319.500    SLICE_X103Y91   udp_gateway_shadow_mirror_i/dma_gateway_hybrid_0/inst/u_device_dna_reader/dna_bit_count_reg[3]/C
Low Pulse Width   Fast    FDCE/C        n/a            0.500         320.000     319.500    SLICE_X103Y91   udp_gateway_shadow_mirror_i/dma_gateway_hybrid_0/inst/u_device_dna_reader/dna_bit_count_reg[3]/C
Low Pulse Width   Slow    FDCE/C        n/a            0.500         320.000     319.500    SLICE_X103Y91   udp_gateway_shadow_mirror_i/dma_gateway_hybrid_0/inst/u_device_dna_reader/dna_bit_count_reg[4]/C
Low Pulse Width   Fast    FDCE/C        n/a            0.500         320.000     319.500    SLICE_X103Y91   udp_gateway_shadow_mirror_i/dma_gateway_hybrid_0/inst/u_device_dna_reader/dna_bit_count_reg[4]/C
High Pulse Width  Slow    FDCE/C        n/a            0.500         320.000     319.500    SLICE_X102Y86   udp_gateway_shadow_mirror_i/dma_gateway_hybrid_0/inst/u_device_dna_reader/dna_bit_count_reg[0]/C
High Pulse Width  Fast    FDCE/C        n/a            0.500         320.000     319.500    SLICE_X102Y86   udp_gateway_shadow_mirror_i/dma_gateway_hybrid_0/inst/u_device_dna_reader/dna_bit_count_reg[0]/C
High Pulse Width  Slow    FDCE/C        n/a            0.500         320.000     319.500    SLICE_X102Y86   udp_gateway_shadow_mirror_i/dma_gateway_hybrid_0/inst/u_device_dna_reader/dna_bit_count_reg[1]/C
High Pulse Width  Fast    FDCE/C        n/a            0.500         320.000     319.500    SLICE_X102Y86   udp_gateway_shadow_mirror_i/dma_gateway_hybrid_0/inst/u_device_dna_reader/dna_bit_count_reg[1]/C
High Pulse Width  Slow    FDCE/C        n/a            0.500         320.000     319.500    SLICE_X102Y86   udp_gateway_shadow_mirror_i/dma_gateway_hybrid_0/inst/u_device_dna_reader/dna_bit_count_reg[2]/C
High Pulse Width  Fast    FDCE/C        n/a            0.500         320.000     319.500    SLICE_X102Y86   udp_gateway_shadow_mirror_i/dma_gateway_hybrid_0/inst/u_device_dna_reader/dna_bit_count_reg[2]/C
High Pulse Width  Slow    FDCE/C        n/a            0.500         320.000     319.500    SLICE_X103Y91   udp_gateway_shadow_mirror_i/dma_gateway_hybrid_0/inst/u_device_dna_reader/dna_bit_count_reg[3]/C
High Pulse Width  Fast    FDCE/C        n/a            0.500         320.000     319.500    SLICE_X103Y91   udp_gateway_shadow_mirror_i/dma_gateway_hybrid_0/inst/u_device_dna_reader/dna_bit_count_reg[3]/C
High Pulse Width  Slow    FDCE/C        n/a            0.500         320.000     319.500    SLICE_X103Y91   udp_gateway_shadow_mirror_i/dma_gateway_hybrid_0/inst/u_device_dna_reader/dna_bit_count_reg[4]/C
High Pulse Width  Fast    FDCE/C        n/a            0.500         320.000     319.500    SLICE_X103Y91   udp_gateway_shadow_mirror_i/dma_gateway_hybrid_0/inst/u_device_dna_reader/dna_bit_count_reg[4]/C



---------------------------------------------------------------------------------------------------
From Clock:  shadow_dna_clk
  To Clock:  clk_fpga_0

Setup :            0  Failing Endpoints,  Worst Slack       11.521ns,  Total Violation        0.000ns
Hold  :            0  Failing Endpoints,  Worst Slack        1.622ns,  Total Violation        0.000ns
---------------------------------------------------------------------------------------------------


Max Delay Paths
--------------------------------------------------------------------------------------
Slack (MET) :             11.521ns  (required time - arrival time)
  Source:                 udp_gateway_shadow_mirror_i/dma_gateway_hybrid_0/inst/u_device_dna_reader/dna_busy_raw_reg/C
                            (rising edge-triggered cell FDPE clocked by shadow_dna_clk  {rise@0.000ns fall@320.000ns period=640.000ns})
  Destination:            udp_gateway_shadow_mirror_i/dma_gateway_hybrid_0/inst/u_device_dna_reader/dna_clk_reg/D
                            (rising edge-triggered cell FDCE clocked by clk_fpga_0  {rise@0.000ns fall@10.000ns period=20.000ns})
  Path Group:             clk_fpga_0
  Path Type:              Setup (Max at Slow Process Corner)
  Requirement:            20.000ns  (clk_fpga_0 rise@20.000ns - shadow_dna_clk rise@0.000ns)
  Data Path Delay:        3.282ns  (logic 0.580ns (17.672%)  route 2.702ns (82.328%))
  Logic Levels:           1  (LUT6=1)
  Clock Path Skew:        -4.926ns (DCD - SCD + CPR)
    Destination Clock Delay (DCD):    2.788ns = ( 22.788 - 20.000 ) 
    Source Clock Delay      (SCD):    7.829ns
    Clock Pessimism Removal (CPR):    0.115ns
  Clock Uncertainty:      0.302ns  ((TSJ^2 + TIJ^2)^1/2 + DJ) / 2 + PE
    Total System Jitter     (TSJ):    0.071ns
    Total Input Jitter      (TIJ):    0.600ns
    Discrete Jitter          (DJ):    0.000ns
    Phase Error              (PE):    0.000ns

    Location             Delay type                Incr(ns)  Path(ns)    PBlock               Netlist Resource(s)
  -------------------------------------------------------------------    ----------------------------------------
                         (clock shadow_dna_clk rise edge)
                                                      0.000     0.000 r                       
    PS7_X0Y0             PS7                          0.000     0.000 r                       udp_gateway_shadow_mirror_i/processing_system7_0/inst/PS7_i/FCLKCLK[0]
                         net (fo=1, routed)           1.193     1.193                         udp_gateway_shadow_mirror_i/processing_system7_0/inst/FCLK_CLK_unbuffered[0]
    BUFGCTRL_X0Y17       BUFG (Prop_bufg_I_O)         0.101     1.294 r                       udp_gateway_shadow_mirror_i/processing_system7_0/inst/buffer_fclk_clk_0.FCLK_CLK_0_BUFG/O
                         net (fo=42374, routed)       1.785     3.079                         udp_gateway_shadow_mirror_i/dma_gateway_hybrid_0/inst/u_device_dna_reader/clk
    SLICE_X103Y54        FDCE (Prop_fdce_C_Q)         0.456     3.535 r  shadow_ctrl_region   udp_gateway_shadow_mirror_i/dma_gateway_hybrid_0/inst/u_device_dna_reader/dna_clk_reg/Q
                         net (fo=1, routed)           2.409     5.944                         udp_gateway_shadow_mirror_i/dma_gateway_hybrid_0/inst/u_device_dna_reader/dna_clk
    BUFGCTRL_X0Y16       BUFG (Prop_bufg_I_O)         0.101     6.045 r                       udp_gateway_shadow_mirror_i/dma_gateway_hybrid_0/inst/u_device_dna_reader/dna_clk_BUFG_inst/O
                         net (fo=69, routed)          1.784     7.829                         udp_gateway_shadow_mirror_i/dma_gateway_hybrid_0/inst/u_device_dna_reader/dna_clk_BUFG
    SLICE_X99Y91         FDPE                                         r  shadow_ctrl_region   udp_gateway_shadow_mirror_i/dma_gateway_hybrid_0/inst/u_device_dna_reader/dna_busy_raw_reg/C
  -------------------------------------------------------------------    ----------------------------------------
    SLICE_X99Y91         FDPE (Prop_fdpe_C_Q)         0.456     8.285 r  shadow_ctrl_region   udp_gateway_shadow_mirror_i/dma_gateway_hybrid_0/inst/u_device_dna_reader/dna_busy_raw_reg/Q
                         net (fo=10, routed)          2.702    10.987                         udp_gateway_shadow_mirror_i/dma_gateway_hybrid_0/inst/u_device_dna_reader/dna_busy_raw
    SLICE_X103Y54        LUT6 (Prop_lut6_I4_O)        0.124    11.111 r  shadow_ctrl_region   udp_gateway_shadow_mirror_i/dma_gateway_hybrid_0/inst/u_device_dna_reader/dna_clk_i_1/O
                         net (fo=1, routed)           0.000    11.111                         udp_gateway_shadow_mirror_i/dma_gateway_hybrid_0/inst/u_device_dna_reader/dna_clk_i_1_n_0
    SLICE_X103Y54        FDCE                                         r  shadow_ctrl_region   udp_gateway_shadow_mirror_i/dma_gateway_hybrid_0/inst/u_device_dna_reader/dna_clk_reg/D
  -------------------------------------------------------------------    ----------------------------------------

                         (clock clk_fpga_0 rise edge)
                                                     20.000    20.000 r                       
    PS7_X0Y0             PS7                          0.000    20.000 r                       udp_gateway_shadow_mirror_i/processing_system7_0/inst/PS7_i/FCLKCLK[0]
                         net (fo=1, routed)           1.088    21.088                         udp_gateway_shadow_mirror_i/processing_system7_0/inst/FCLK_CLK_unbuffered[0]
    BUFGCTRL_X0Y17       BUFG (Prop_bufg_I_O)         0.091    21.179 r                       udp_gateway_shadow_mirror_i/processing_system7_0/inst/buffer_fclk_clk_0.FCLK_CLK_0_BUFG/O
                         net (fo=42374, routed)       1.609    22.788                         udp_gateway_shadow_mirror_i/dma_gateway_hybrid_0/inst/u_device_dna_reader/clk
    SLICE_X103Y54        FDCE                                         r  shadow_ctrl_region   udp_gateway_shadow_mirror_i/dma_gateway_hybrid_0/inst/u_device_dna_reader/dna_clk_reg/C
                         clock pessimism              0.115    22.903                           
                         clock uncertainty           -0.302    22.601                           
    SLICE_X103Y54        FDCE (Setup_fdce_C_D)        0.031    22.632    shadow_ctrl_region     udp_gateway_shadow_mirror_i/dma_gateway_hybrid_0/inst/u_device_dna_reader/dna_clk_reg
  -------------------------------------------------------------------
                         required time                         22.632                           
                         arrival time                         -11.111                           
  -------------------------------------------------------------------
                         slack                                 11.521                           

Slack (MET) :             11.666ns  (required time - arrival time)
  Source:                 udp_gateway_shadow_mirror_i/dma_gateway_hybrid_0/inst/u_device_dna_reader/dna_busy_raw_reg/C
                            (rising edge-triggered cell FDPE clocked by shadow_dna_clk  {rise@0.000ns fall@320.000ns period=640.000ns})
  Destination:            udp_gateway_shadow_mirror_i/dma_gateway_hybrid_0/inst/u_device_dna_reader/dna_done_sync_ff1_reg/D
                            (rising edge-triggered cell FDCE clocked by clk_fpga_0  {rise@0.000ns fall@10.000ns period=20.000ns})
  Path Group:             clk_fpga_0
  Path Type:              Setup (Max at Slow Process Corner)
  Requirement:            20.000ns  (clk_fpga_0 rise@20.000ns - shadow_dna_clk rise@0.000ns)
  Data Path Delay:        3.075ns  (logic 0.580ns (18.862%)  route 2.495ns (81.138%))
  Logic Levels:           1  (LUT1=1)
  Clock Path Skew:        -4.862ns (DCD - SCD + CPR)
    Destination Clock Delay (DCD):    2.852ns = ( 22.852 - 20.000 ) 
    Source Clock Delay      (SCD):    7.829ns
    Clock Pessimism Removal (CPR):    0.115ns
  Clock Uncertainty:      0.302ns  ((TSJ^2 + TIJ^2)^1/2 + DJ) / 2 + PE
    Total System Jitter     (TSJ):    0.071ns
    Total Input Jitter      (TIJ):    0.600ns
    Discrete Jitter          (DJ):    0.000ns
    Phase Error              (PE):    0.000ns

    Location             Delay type                Incr(ns)  Path(ns)    PBlock               Netlist Resource(s)
  -------------------------------------------------------------------    ----------------------------------------
                         (clock shadow_dna_clk rise edge)
                                                      0.000     0.000 r                       
    PS7_X0Y0             PS7                          0.000     0.000 r                       udp_gateway_shadow_mirror_i/processing_system7_0/inst/PS7_i/FCLKCLK[0]
                         net (fo=1, routed)           1.193     1.193                         udp_gateway_shadow_mirror_i/processing_system7_0/inst/FCLK_CLK_unbuffered[0]
    BUFGCTRL_X0Y17       BUFG (Prop_bufg_I_O)         0.101     1.294 r                       udp_gateway_shadow_mirror_i/processing_system7_0/inst/buffer_fclk_clk_0.FCLK_CLK_0_BUFG/O
                         net (fo=42374, routed)       1.785     3.079                         udp_gateway_shadow_mirror_i/dma_gateway_hybrid_0/inst/u_device_dna_reader/clk
    SLICE_X103Y54        FDCE (Prop_fdce_C_Q)         0.456     3.535 r  shadow_ctrl_region   udp_gateway_shadow_mirror_i/dma_gateway_hybrid_0/inst/u_device_dna_reader/dna_clk_reg/Q
                         net (fo=1, routed)           2.409     5.944                         udp_gateway_shadow_mirror_i/dma_gateway_hybrid_0/inst/u_device_dna_reader/dna_clk
    BUFGCTRL_X0Y16       BUFG (Prop_bufg_I_O)         0.101     6.045 r                       udp_gateway_shadow_mirror_i/dma_gateway_hybrid_0/inst/u_device_dna_reader/dna_clk_BUFG_inst/O
                         net (fo=69, routed)          1.784     7.829                         udp_gateway_shadow_mirror_i/dma_gateway_hybrid_0/inst/u_device_dna_reader/dna_clk_BUFG
    SLICE_X99Y91         FDPE                                         r  shadow_ctrl_region   udp_gateway_shadow_mirror_i/dma_gateway_hybrid_0/inst/u_device_dna_reader/dna_busy_raw_reg/C
  -------------------------------------------------------------------    ----------------------------------------
    SLICE_X99Y91         FDPE (Prop_fdpe_C_Q)         0.456     8.285 f  shadow_ctrl_region   udp_gateway_shadow_mirror_i/dma_gateway_hybrid_0/inst/u_device_dna_reader/dna_busy_raw_reg/Q
                         net (fo=10, routed)          1.991    10.277                         udp_gateway_shadow_mirror_i/dma_gateway_hybrid_0/inst/u_device_dna_reader/dna_busy_raw
    SLICE_X106Y68        LUT1 (Prop_lut1_I0_O)        0.124    10.401 r  shadow_ctrl_region   udp_gateway_shadow_mirror_i/dma_gateway_hybrid_0/inst/u_device_dna_reader/dna_done_sync_ff1_i_1/O
                         net (fo=1, routed)           0.504    10.904                         udp_gateway_shadow_mirror_i/dma_gateway_hybrid_0/inst/u_device_dna_reader/dna_done_sync_ff1_i_1_n_0
    SLICE_X107Y68        FDCE                                         r  shadow_ctrl_region   udp_gateway_shadow_mirror_i/dma_gateway_hybrid_0/inst/u_device_dna_reader/dna_done_sync_ff1_reg/D
  -------------------------------------------------------------------    ----------------------------------------

                         (clock clk_fpga_0 rise edge)
                                                     20.000    20.000 r                       
    PS7_X0Y0             PS7                          0.000    20.000 r                       udp_gateway_shadow_mirror_i/processing_system7_0/inst/PS7_i/FCLKCLK[0]
                         net (fo=1, routed)           1.088    21.088                         udp_gateway_shadow_mirror_i/processing_system7_0/inst/FCLK_CLK_unbuffered[0]
    BUFGCTRL_X0Y17       BUFG (Prop_bufg_I_O)         0.091    21.179 r                       udp_gateway_shadow_mirror_i/processing_system7_0/inst/buffer_fclk_clk_0.FCLK_CLK_0_BUFG/O
                         net (fo=42374, routed)       1.673    22.852                         udp_gateway_shadow_mirror_i/dma_gateway_hybrid_0/inst/u_device_dna_reader/clk
    SLICE_X107Y68        FDCE                                         r  shadow_ctrl_region   udp_gateway_shadow_mirror_i/dma_gateway_hybrid_0/inst/u_device_dna_reader/dna_done_sync_ff1_reg/C
                         clock pessimism              0.115    22.967                           
                         clock uncertainty           -0.302    22.665                           
    SLICE_X107Y68        FDCE (Setup_fdce_C_D)       -0.095    22.570    shadow_ctrl_region     udp_gateway_shadow_mirror_i/dma_gateway_hybrid_0/inst/u_device_dna_reader/dna_done_sync_ff1_reg
  -------------------------------------------------------------------
                         required time                         22.570                           
                         arrival time                         -10.904                           
  -------------------------------------------------------------------
                         slack                                 11.666                           

Slack (MET) :             11.689ns  (required time - arrival time)
  Source:                 udp_gateway_shadow_mirror_i/dma_gateway_hybrid_0/inst/u_device_dna_reader/dna_busy_raw_reg/C
                            (rising edge-triggered cell FDPE clocked by shadow_dna_clk  {rise@0.000ns fall@320.000ns period=640.000ns})
  Destination:            udp_gateway_shadow_mirror_i/dma_gateway_hybrid_0/inst/u_device_dna_reader/dna_clk_div_ctr_reg[2]/D
                            (rising edge-triggered cell FDCE clocked by clk_fpga_0  {rise@0.000ns fall@10.000ns period=20.000ns})
  Path Group:             clk_fpga_0
  Path Type:              Setup (Max at Slow Process Corner)
  Requirement:            20.000ns  (clk_fpga_0 rise@20.000ns - shadow_dna_clk rise@0.000ns)
  Data Path Delay:        3.114ns  (logic 0.580ns (18.626%)  route 2.534ns (81.374%))
  Logic Levels:           1  (LUT4=1)
  Clock Path Skew:        -4.926ns (DCD - SCD + CPR)
    Destination Clock Delay (DCD):    2.788ns = ( 22.788 - 20.000 ) 
    Source Clock Delay      (SCD):    7.829ns
    Clock Pessimism Removal (CPR):    0.115ns
  Clock Uncertainty:      0.302ns  ((TSJ^2 + TIJ^2)^1/2 + DJ) / 2 + PE
    Total System Jitter     (TSJ):    0.071ns
    Total Input Jitter      (TIJ):    0.600ns
    Discrete Jitter          (DJ):    0.000ns
    Phase Error              (PE):    0.000ns

    Location             Delay type                Incr(ns)  Path(ns)    PBlock               Netlist Resource(s)
  -------------------------------------------------------------------    ----------------------------------------
                         (clock shadow_dna_clk rise edge)
                                                      0.000     0.000 r                       
    PS7_X0Y0             PS7                          0.000     0.000 r                       udp_gateway_shadow_mirror_i/processing_system7_0/inst/PS7_i/FCLKCLK[0]
                         net (fo=1, routed)           1.193     1.193                         udp_gateway_shadow_mirror_i/processing_system7_0/inst/FCLK_CLK_unbuffered[0]
    BUFGCTRL_X0Y17       BUFG (Prop_bufg_I_O)         0.101     1.294 r                       udp_gateway_shadow_mirror_i/processing_system7_0/inst/buffer_fclk_clk_0.FCLK_CLK_0_BUFG/O
                         net (fo=42374, routed)       1.785     3.079                         udp_gateway_shadow_mirror_i/dma_gateway_hybrid_0/inst/u_device_dna_reader/clk
    SLICE_X103Y54        FDCE (Prop_fdce_C_Q)         0.456     3.535 r  shadow_ctrl_region   udp_gateway_shadow_mirror_i/dma_gateway_hybrid_0/inst/u_device_dna_reader/dna_clk_reg/Q
                         net (fo=1, routed)           2.409     5.944                         udp_gateway_shadow_mirror_i/dma_gateway_hybrid_0/inst/u_device_dna_reader/dna_clk
    BUFGCTRL_X0Y16       BUFG (Prop_bufg_I_O)         0.101     6.045 r                       udp_gateway_shadow_mirror_i/dma_gateway_hybrid_0/inst/u_device_dna_reader/dna_clk_BUFG_inst/O
                         net (fo=69, routed)          1.784     7.829                         udp_gateway_shadow_mirror_i/dma_gateway_hybrid_0/inst/u_device_dna_reader/dna_clk_BUFG
    SLICE_X99Y91         FDPE                                         r  shadow_ctrl_region   udp_gateway_shadow_mirror_i/dma_gateway_hybrid_0/inst/u_device_dna_reader/dna_busy_raw_reg/C
  -------------------------------------------------------------------    ----------------------------------------
    SLICE_X99Y91         FDPE (Prop_fdpe_C_Q)         0.456     8.285 r  shadow_ctrl_region   udp_gateway_shadow_mirror_i/dma_gateway_hybrid_0/inst/u_device_dna_reader/dna_busy_raw_reg/Q
                         net (fo=10, routed)          2.534    10.819                         udp_gateway_shadow_mirror_i/dma_gateway_hybrid_0/inst/u_device_dna_reader/dna_busy_raw
    SLICE_X103Y54        LUT4 (Prop_lut4_I0_O)        0.124    10.943 r  shadow_ctrl_region   udp_gateway_shadow_mirror_i/dma_gateway_hybrid_0/inst/u_device_dna_reader/dna_clk_div_ctr[2]_i_1/O
                         net (fo=1, routed)           0.000    10.943                         udp_gateway_shadow_mirror_i/dma_gateway_hybrid_0/inst/u_device_dna_reader/dna_clk_div_ctr[2]_i_1_n_0
    SLICE_X103Y54        FDCE                                         r  shadow_ctrl_region   udp_gateway_shadow_mirror_i/dma_gateway_hybrid_0/inst/u_device_dna_reader/dna_clk_div_ctr_reg[2]/D
  -------------------------------------------------------------------    ----------------------------------------

                         (clock clk_fpga_0 rise edge)
                                                     20.000    20.000 r                       
    PS7_X0Y0             PS7                          0.000    20.000 r                       udp_gateway_shadow_mirror_i/processing_system7_0/inst/PS7_i/FCLKCLK[0]
                         net (fo=1, routed)           1.088    21.088                         udp_gateway_shadow_mirror_i/processing_system7_0/inst/FCLK_CLK_unbuffered[0]
    BUFGCTRL_X0Y17       BUFG (Prop_bufg_I_O)         0.091    21.179 r                       udp_gateway_shadow_mirror_i/processing_system7_0/inst/buffer_fclk_clk_0.FCLK_CLK_0_BUFG/O
                         net (fo=42374, routed)       1.609    22.788                         udp_gateway_shadow_mirror_i/dma_gateway_hybrid_0/inst/u_device_dna_reader/clk
    SLICE_X103Y54        FDCE                                         r  shadow_ctrl_region   udp_gateway_shadow_mirror_i/dma_gateway_hybrid_0/inst/u_device_dna_reader/dna_clk_div_ctr_reg[2]/C
                         clock pessimism              0.115    22.903                           
                         clock uncertainty           -0.302    22.601                           
    SLICE_X103Y54        FDCE (Setup_fdce_C_D)        0.031    22.632    shadow_ctrl_region     udp_gateway_shadow_mirror_i/dma_gateway_hybrid_0/inst/u_device_dna_reader/dna_clk_div_ctr_reg[2]
  -------------------------------------------------------------------
                         required time                         22.632                           
                         arrival time                         -10.943                           
  -------------------------------------------------------------------
                         slack                                 11.689                           

Slack (MET) :             11.705ns  (required time - arrival time)
  Source:                 udp_gateway_shadow_mirror_i/dma_gateway_hybrid_0/inst/u_device_dna_reader/dna_busy_raw_reg/C
                            (rising edge-triggered cell FDPE clocked by shadow_dna_clk  {rise@0.000ns fall@320.000ns period=640.000ns})
  Destination:            udp_gateway_shadow_mirror_i/dma_gateway_hybrid_0/inst/u_device_dna_reader/dna_clk_div_ctr_reg[3]/D
                            (rising edge-triggered cell FDCE clocked by clk_fpga_0  {rise@0.000ns fall@10.000ns period=20.000ns})
  Path Group:             clk_fpga_0
  Path Type:              Setup (Max at Slow Process Corner)
  Requirement:            20.000ns  (clk_fpga_0 rise@20.000ns - shadow_dna_clk rise@0.000ns)
  Data Path Delay:        3.142ns  (logic 0.608ns (19.351%)  route 2.534ns (80.649%))
  Logic Levels:           1  (LUT5=1)
  Clock Path Skew:        -4.926ns (DCD - SCD + CPR)
    Destination Clock Delay (DCD):    2.788ns = ( 22.788 - 20.000 ) 
    Source Clock Delay      (SCD):    7.829ns
    Clock Pessimism Removal (CPR):    0.115ns
  Clock Uncertainty:      0.302ns  ((TSJ^2 + TIJ^2)^1/2 + DJ) / 2 + PE
    Total System Jitter     (TSJ):    0.071ns
    Total Input Jitter      (TIJ):    0.600ns
    Discrete Jitter          (DJ):    0.000ns
    Phase Error              (PE):    0.000ns

    Location             Delay type                Incr(ns)  Path(ns)    PBlock               Netlist Resource(s)
  -------------------------------------------------------------------    ----------------------------------------
                         (clock shadow_dna_clk rise edge)
                                                      0.000     0.000 r                       
    PS7_X0Y0             PS7                          0.000     0.000 r                       udp_gateway_shadow_mirror_i/processing_system7_0/inst/PS7_i/FCLKCLK[0]
                         net (fo=1, routed)           1.193     1.193                         udp_gateway_shadow_mirror_i/processing_system7_0/inst/FCLK_CLK_unbuffered[0]
    BUFGCTRL_X0Y17       BUFG (Prop_bufg_I_O)         0.101     1.294 r                       udp_gateway_shadow_mirror_i/processing_system7_0/inst/buffer_fclk_clk_0.FCLK_CLK_0_BUFG/O
                         net (fo=42374, routed)       1.785     3.079                         udp_gateway_shadow_mirror_i/dma_gateway_hybrid_0/inst/u_device_dna_reader/clk
    SLICE_X103Y54        FDCE (Prop_fdce_C_Q)         0.456     3.535 r  shadow_ctrl_region   udp_gateway_shadow_mirror_i/dma_gateway_hybrid_0/inst/u_device_dna_reader/dna_clk_reg/Q
                         net (fo=1, routed)           2.409     5.944                         udp_gateway_shadow_mirror_i/dma_gateway_hybrid_0/inst/u_device_dna_reader/dna_clk
    BUFGCTRL_X0Y16       BUFG (Prop_bufg_I_O)         0.101     6.045 r                       udp_gateway_shadow_mirror_i/dma_gateway_hybrid_0/inst/u_device_dna_reader/dna_clk_BUFG_inst/O
                         net (fo=69, routed)          1.784     7.829                         udp_gateway_shadow_mirror_i/dma_gateway_hybrid_0/inst/u_device_dna_reader/dna_clk_BUFG
    SLICE_X99Y91         FDPE                                         r  shadow_ctrl_region   udp_gateway_shadow_mirror_i/dma_gateway_hybrid_0/inst/u_device_dna_reader/dna_busy_raw_reg/C
  -------------------------------------------------------------------    ----------------------------------------
    SLICE_X99Y91         FDPE (Prop_fdpe_C_Q)         0.456     8.285 r  shadow_ctrl_region   udp_gateway_shadow_mirror_i/dma_gateway_hybrid_0/inst/u_device_dna_reader/dna_busy_raw_reg/Q
                         net (fo=10, routed)          2.534    10.819                         udp_gateway_shadow_mirror_i/dma_gateway_hybrid_0/inst/u_device_dna_reader/dna_busy_raw
    SLICE_X103Y54        LUT5 (Prop_lut5_I0_O)        0.152    10.971 r  shadow_ctrl_region   udp_gateway_shadow_mirror_i/dma_gateway_hybrid_0/inst/u_device_dna_reader/dna_clk_div_ctr[3]_i_1/O
                         net (fo=1, routed)           0.000    10.971                         udp_gateway_shadow_mirror_i/dma_gateway_hybrid_0/inst/u_device_dna_reader/dna_clk_div_ctr[3]_i_1_n_0
    SLICE_X103Y54        FDCE                                         r  shadow_ctrl_region   udp_gateway_shadow_mirror_i/dma_gateway_hybrid_0/inst/u_device_dna_reader/dna_clk_div_ctr_reg[3]/D
  -------------------------------------------------------------------    ----------------------------------------

                         (clock clk_fpga_0 rise edge)
                                                     20.000    20.000 r                       
    PS7_X0Y0             PS7                          0.000    20.000 r                       udp_gateway_shadow_mirror_i/processing_system7_0/inst/PS7_i/FCLKCLK[0]
                         net (fo=1, routed)           1.088    21.088                         udp_gateway_shadow_mirror_i/processing_system7_0/inst/FCLK_CLK_unbuffered[0]
    BUFGCTRL_X0Y17       BUFG (Prop_bufg_I_O)         0.091    21.179 r                       udp_gateway_shadow_mirror_i/processing_system7_0/inst/buffer_fclk_clk_0.FCLK_CLK_0_BUFG/O
                         net (fo=42374, routed)       1.609    22.788                         udp_gateway_shadow_mirror_i/dma_gateway_hybrid_0/inst/u_device_dna_reader/clk
    SLICE_X103Y54        FDCE                                         r  shadow_ctrl_region   udp_gateway_shadow_mirror_i/dma_gateway_hybrid_0/inst/u_device_dna_reader/dna_clk_div_ctr_reg[3]/C
                         clock pessimism              0.115    22.903                           
                         clock uncertainty           -0.302    22.601                           
    SLICE_X103Y54        FDCE (Setup_fdce_C_D)        0.075    22.676    shadow_ctrl_region     udp_gateway_shadow_mirror_i/dma_gateway_hybrid_0/inst/u_device_dna_reader/dna_clk_div_ctr_reg[3]
  -------------------------------------------------------------------
                         required time                         22.676                           
                         arrival time                         -10.971                           
  -------------------------------------------------------------------
                         slack                                 11.705                           

Slack (MET) :             11.924ns  (required time - arrival time)
  Source:                 udp_gateway_shadow_mirror_i/dma_gateway_hybrid_0/inst/u_device_dna_reader/dna_busy_raw_reg/C
                            (rising edge-triggered cell FDPE clocked by shadow_dna_clk  {rise@0.000ns fall@320.000ns period=640.000ns})
  Destination:            udp_gateway_shadow_mirror_i/dma_gateway_hybrid_0/inst/u_device_dna_reader/dna_clk_div_ctr_reg[0]/D
                            (rising edge-triggered cell FDCE clocked by clk_fpga_0  {rise@0.000ns fall@10.000ns period=20.000ns})
  Path Group:             clk_fpga_0
  Path Type:              Setup (Max at Slow Process Corner)
  Requirement:            20.000ns  (clk_fpga_0 rise@20.000ns - shadow_dna_clk rise@0.000ns)
  Data Path Delay:        2.877ns  (logic 0.580ns (20.160%)  route 2.297ns (79.840%))
  Logic Levels:           1  (LUT2=1)
  Clock Path Skew:        -4.926ns (DCD - SCD + CPR)
    Destination Clock Delay (DCD):    2.788ns = ( 22.788 - 20.000 ) 
    Source Clock Delay      (SCD):    7.829ns
    Clock Pessimism Removal (CPR):    0.115ns
  Clock Uncertainty:      0.302ns  ((TSJ^2 + TIJ^2)^1/2 + DJ) / 2 + PE
    Total System Jitter     (TSJ):    0.071ns
    Total Input Jitter      (TIJ):    0.600ns
    Discrete Jitter          (DJ):    0.000ns
    Phase Error              (PE):    0.000ns

    Location             Delay type                Incr(ns)  Path(ns)    PBlock               Netlist Resource(s)
  -------------------------------------------------------------------    ----------------------------------------
                         (clock shadow_dna_clk rise edge)
                                                      0.000     0.000 r                       
    PS7_X0Y0             PS7                          0.000     0.000 r                       udp_gateway_shadow_mirror_i/processing_system7_0/inst/PS7_i/FCLKCLK[0]
                         net (fo=1, routed)           1.193     1.193                         udp_gateway_shadow_mirror_i/processing_system7_0/inst/FCLK_CLK_unbuffered[0]
    BUFGCTRL_X0Y17       BUFG (Prop_bufg_I_O)         0.101     1.294 r                       udp_gateway_shadow_mirror_i/processing_system7_0/inst/buffer_fclk_clk_0.FCLK_CLK_0_BUFG/O
                         net (fo=42374, routed)       1.785     3.079                         udp_gateway_shadow_mirror_i/dma_gateway_hybrid_0/inst/u_device_dna_reader/clk
    SLICE_X103Y54        FDCE (Prop_fdce_C_Q)         0.456     3.535 r  shadow_ctrl_region   udp_gateway_shadow_mirror_i/dma_gateway_hybrid_0/inst/u_device_dna_reader/dna_clk_reg/Q
                         net (fo=1, routed)           2.409     5.944                         udp_gateway_shadow_mirror_i/dma_gateway_hybrid_0/inst/u_device_dna_reader/dna_clk
    BUFGCTRL_X0Y16       BUFG (Prop_bufg_I_O)         0.101     6.045 r                       udp_gateway_shadow_mirror_i/dma_gateway_hybrid_0/inst/u_device_dna_reader/dna_clk_BUFG_inst/O
                         net (fo=69, routed)          1.784     7.829                         udp_gateway_shadow_mirror_i/dma_gateway_hybrid_0/inst/u_device_dna_reader/dna_clk_BUFG
    SLICE_X99Y91         FDPE                                         r  shadow_ctrl_region   udp_gateway_shadow_mirror_i/dma_gateway_hybrid_0/inst/u_device_dna_reader/dna_busy_raw_reg/C
  -------------------------------------------------------------------    ----------------------------------------
    SLICE_X99Y91         FDPE (Prop_fdpe_C_Q)         0.456     8.285 r  shadow_ctrl_region   udp_gateway_shadow_mirror_i/dma_gateway_hybrid_0/inst/u_device_dna_reader/dna_busy_raw_reg/Q
                         net (fo=10, routed)          2.297    10.582                         udp_gateway_shadow_mirror_i/dma_gateway_hybrid_0/inst/u_device_dna_reader/dna_busy_raw
    SLICE_X103Y54        LUT2 (Prop_lut2_I0_O)        0.124    10.706 r  shadow_ctrl_region   udp_gateway_shadow_mirror_i/dma_gateway_hybrid_0/inst/u_device_dna_reader/dna_clk_div_ctr[0]_i_1/O
                         net (fo=1, routed)           0.000    10.706                         udp_gateway_shadow_mirror_i/dma_gateway_hybrid_0/inst/u_device_dna_reader/dna_clk_div_ctr[0]_i_1_n_0
    SLICE_X103Y54        FDCE                                         r  shadow_ctrl_region   udp_gateway_shadow_mirror_i/dma_gateway_hybrid_0/inst/u_device_dna_reader/dna_clk_div_ctr_reg[0]/D
  -------------------------------------------------------------------    ----------------------------------------

                         (clock clk_fpga_0 rise edge)
                                                     20.000    20.000 r                       
    PS7_X0Y0             PS7                          0.000    20.000 r                       udp_gateway_shadow_mirror_i/processing_system7_0/inst/PS7_i/FCLKCLK[0]
                         net (fo=1, routed)           1.088    21.088                         udp_gateway_shadow_mirror_i/processing_system7_0/inst/FCLK_CLK_unbuffered[0]
    BUFGCTRL_X0Y17       BUFG (Prop_bufg_I_O)         0.091    21.179 r                       udp_gateway_shadow_mirror_i/processing_system7_0/inst/buffer_fclk_clk_0.FCLK_CLK_0_BUFG/O
                         net (fo=42374, routed)       1.609    22.788                         udp_gateway_shadow_mirror_i/dma_gateway_hybrid_0/inst/u_device_dna_reader/clk
    SLICE_X103Y54        FDCE                                         r  shadow_ctrl_region   udp_gateway_shadow_mirror_i/dma_gateway_hybrid_0/inst/u_device_dna_reader/dna_clk_div_ctr_reg[0]/C
                         clock pessimism              0.115    22.903                           
                         clock uncertainty           -0.302    22.601                           
    SLICE_X103Y54        FDCE (Setup_fdce_C_D)        0.029    22.630    shadow_ctrl_region     udp_gateway_shadow_mirror_i/dma_gateway_hybrid_0/inst/u_device_dna_reader/dna_clk_div_ctr_reg[0]
  -------------------------------------------------------------------
                         required time                         22.630                           
                         arrival time                         -10.706                           
  -------------------------------------------------------------------
                         slack                                 11.924                           

Slack (MET) :             11.976ns  (required time - arrival time)
  Source:                 udp_gateway_shadow_mirror_i/dma_gateway_hybrid_0/inst/u_device_dna_reader/dna_busy_raw_reg/C
                            (rising edge-triggered cell FDPE clocked by shadow_dna_clk  {rise@0.000ns fall@320.000ns period=640.000ns})
  Destination:            udp_gateway_shadow_mirror_i/dma_gateway_hybrid_0/inst/u_device_dna_reader/dna_clk_div_ctr_reg[1]/D
                            (rising edge-triggered cell FDCE clocked by clk_fpga_0  {rise@0.000ns fall@10.000ns period=20.000ns})
  Path Group:             clk_fpga_0
  Path Type:              Setup (Max at Slow Process Corner)
  Requirement:            20.000ns  (clk_fpga_0 rise@20.000ns - shadow_dna_clk rise@0.000ns)
  Data Path Delay:        2.871ns  (logic 0.574ns (19.993%)  route 2.297ns (80.007%))
  Logic Levels:           1  (LUT3=1)
  Clock Path Skew:        -4.926ns (DCD - SCD + CPR)
    Destination Clock Delay (DCD):    2.788ns = ( 22.788 - 20.000 ) 
    Source Clock Delay      (SCD):    7.829ns
    Clock Pessimism Removal (CPR):    0.115ns
  Clock Uncertainty:      0.302ns  ((TSJ^2 + TIJ^2)^1/2 + DJ) / 2 + PE
    Total System Jitter     (TSJ):    0.071ns
    Total Input Jitter      (TIJ):    0.600ns
    Discrete Jitter          (DJ):    0.000ns
    Phase Error              (PE):    0.000ns

    Location             Delay type                Incr(ns)  Path(ns)    PBlock               Netlist Resource(s)
  -------------------------------------------------------------------    ----------------------------------------
                         (clock shadow_dna_clk rise edge)
                                                      0.000     0.000 r                       
    PS7_X0Y0             PS7                          0.000     0.000 r                       udp_gateway_shadow_mirror_i/processing_system7_0/inst/PS7_i/FCLKCLK[0]
                         net (fo=1, routed)           1.193     1.193                         udp_gateway_shadow_mirror_i/processing_system7_0/inst/FCLK_CLK_unbuffered[0]
    BUFGCTRL_X0Y17       BUFG (Prop_bufg_I_O)         0.101     1.294 r                       udp_gateway_shadow_mirror_i/processing_system7_0/inst/buffer_fclk_clk_0.FCLK_CLK_0_BUFG/O
                         net (fo=42374, routed)       1.785     3.079                         udp_gateway_shadow_mirror_i/dma_gateway_hybrid_0/inst/u_device_dna_reader/clk
    SLICE_X103Y54        FDCE (Prop_fdce_C_Q)         0.456     3.535 r  shadow_ctrl_region   udp_gateway_shadow_mirror_i/dma_gateway_hybrid_0/inst/u_device_dna_reader/dna_clk_reg/Q
                         net (fo=1, routed)           2.409     5.944                         udp_gateway_shadow_mirror_i/dma_gateway_hybrid_0/inst/u_device_dna_reader/dna_clk
    BUFGCTRL_X0Y16       BUFG (Prop_bufg_I_O)         0.101     6.045 r                       udp_gateway_shadow_mirror_i/dma_gateway_hybrid_0/inst/u_device_dna_reader/dna_clk_BUFG_inst/O
                         net (fo=69, routed)          1.784     7.829                         udp_gateway_shadow_mirror_i/dma_gateway_hybrid_0/inst/u_device_dna_reader/dna_clk_BUFG
    SLICE_X99Y91         FDPE                                         r  shadow_ctrl_region   udp_gateway_shadow_mirror_i/dma_gateway_hybrid_0/inst/u_device_dna_reader/dna_busy_raw_reg/C
  -------------------------------------------------------------------    ----------------------------------------
    SLICE_X99Y91         FDPE (Prop_fdpe_C_Q)         0.456     8.285 r  shadow_ctrl_region   udp_gateway_shadow_mirror_i/dma_gateway_hybrid_0/inst/u_device_dna_reader/dna_busy_raw_reg/Q
                         net (fo=10, routed)          2.297    10.582                         udp_gateway_shadow_mirror_i/dma_gateway_hybrid_0/inst/u_device_dna_reader/dna_busy_raw
    SLICE_X103Y54        LUT3 (Prop_lut3_I0_O)        0.118    10.700 r  shadow_ctrl_region   udp_gateway_shadow_mirror_i/dma_gateway_hybrid_0/inst/u_device_dna_reader/dna_clk_div_ctr[1]_i_1/O
                         net (fo=1, routed)           0.000    10.700                         udp_gateway_shadow_mirror_i/dma_gateway_hybrid_0/inst/u_device_dna_reader/dna_clk_div_ctr[1]_i_1_n_0
    SLICE_X103Y54        FDCE                                         r  shadow_ctrl_region   udp_gateway_shadow_mirror_i/dma_gateway_hybrid_0/inst/u_device_dna_reader/dna_clk_div_ctr_reg[1]/D
  -------------------------------------------------------------------    ----------------------------------------

                         (clock clk_fpga_0 rise edge)
                                                     20.000    20.000 r                       
    PS7_X0Y0             PS7                          0.000    20.000 r                       udp_gateway_shadow_mirror_i/processing_system7_0/inst/PS7_i/FCLKCLK[0]
                         net (fo=1, routed)           1.088    21.088                         udp_gateway_shadow_mirror_i/processing_system7_0/inst/FCLK_CLK_unbuffered[0]
    BUFGCTRL_X0Y17       BUFG (Prop_bufg_I_O)         0.091    21.179 r                       udp_gateway_shadow_mirror_i/processing_system7_0/inst/buffer_fclk_clk_0.FCLK_CLK_0_BUFG/O
                         net (fo=42374, routed)       1.609    22.788                         udp_gateway_shadow_mirror_i/dma_gateway_hybrid_0/inst/u_device_dna_reader/clk
    SLICE_X103Y54        FDCE                                         r  shadow_ctrl_region   udp_gateway_shadow_mirror_i/dma_gateway_hybrid_0/inst/u_device_dna_reader/dna_clk_div_ctr_reg[1]/C
                         clock pessimism              0.115    22.903                           
                         clock uncertainty           -0.302    22.601                           
    SLICE_X103Y54        FDCE (Setup_fdce_C_D)        0.075    22.676    shadow_ctrl_region     udp_gateway_shadow_mirror_i/dma_gateway_hybrid_0/inst/u_device_dna_reader/dna_clk_div_ctr_reg[1]
  -------------------------------------------------------------------
                         required time                         22.676                           
                         arrival time                         -10.700                           
  -------------------------------------------------------------------
                         slack                                 11.976                           

Slack (MET) :             12.157ns  (required time - arrival time)
  Source:                 udp_gateway_shadow_mirror_i/dma_gateway_hybrid_0/inst/u_device_dna_reader/dna_shift_value_reg[4]/C
                            (rising edge-triggered cell FDCE clocked by shadow_dna_clk  {rise@0.000ns fall@320.000ns period=640.000ns})
  Destination:            udp_gateway_shadow_mirror_i/dma_gateway_hybrid_0/inst/u_device_dna_reader/o_dna_value_reg[4]/D
                            (rising edge-triggered cell FDCE clocked by clk_fpga_0  {rise@0.000ns fall@10.000ns period=20.000ns})
  Path Group:             clk_fpga_0
  Path Type:              Setup (Max at Slow Process Corner)
  Requirement:            20.000ns  (clk_fpga_0 rise@20.000ns - shadow_dna_clk rise@0.000ns)
  Data Path Delay:        2.553ns  (logic 0.518ns (20.293%)  route 2.035ns (79.707%))
  Logic Levels:           0  
  Clock Path Skew:        -4.926ns (DCD - SCD + CPR)
    Destination Clock Delay (DCD):    2.777ns = ( 22.777 - 20.000 ) 
    Source Clock Delay      (SCD):    7.818ns
    Clock Pessimism Removal (CPR):    0.115ns
  Clock Uncertainty:      0.302ns  ((TSJ^2 + TIJ^2)^1/2 + DJ) / 2 + PE
    Total System Jitter     (TSJ):    0.071ns
    Total Input Jitter      (TIJ):    0.600ns
    Discrete Jitter          (DJ):    0.000ns
    Phase Error              (PE):    0.000ns

    Location             Delay type                Incr(ns)  Path(ns)    PBlock               Netlist Resource(s)
  -------------------------------------------------------------------    ----------------------------------------
                         (clock shadow_dna_clk rise edge)
                                                      0.000     0.000 r                       
    PS7_X0Y0             PS7                          0.000     0.000 r                       udp_gateway_shadow_mirror_i/processing_system7_0/inst/PS7_i/FCLKCLK[0]
                         net (fo=1, routed)           1.193     1.193                         udp_gateway_shadow_mirror_i/processing_system7_0/inst/FCLK_CLK_unbuffered[0]
    BUFGCTRL_X0Y17       BUFG (Prop_bufg_I_O)         0.101     1.294 r                       udp_gateway_shadow_mirror_i/processing_system7_0/inst/buffer_fclk_clk_0.FCLK_CLK_0_BUFG/O
                         net (fo=42374, routed)       1.785     3.079                         udp_gateway_shadow_mirror_i/dma_gateway_hybrid_0/inst/u_device_dna_reader/clk
    SLICE_X103Y54        FDCE (Prop_fdce_C_Q)         0.456     3.535 r  shadow_ctrl_region   udp_gateway_shadow_mirror_i/dma_gateway_hybrid_0/inst/u_device_dna_reader/dna_clk_reg/Q
                         net (fo=1, routed)           2.409     5.944                         udp_gateway_shadow_mirror_i/dma_gateway_hybrid_0/inst/u_device_dna_reader/dna_clk
    BUFGCTRL_X0Y16       BUFG (Prop_bufg_I_O)         0.101     6.045 r                       udp_gateway_shadow_mirror_i/dma_gateway_hybrid_0/inst/u_device_dna_reader/dna_clk_BUFG_inst/O
                         net (fo=69, routed)          1.773     7.818                         udp_gateway_shadow_mirror_i/dma_gateway_hybrid_0/inst/u_device_dna_reader/dna_clk_BUFG
    SLICE_X102Y69        FDCE                                         r  shadow_ctrl_region   udp_gateway_shadow_mirror_i/dma_gateway_hybrid_0/inst/u_device_dna_reader/dna_shift_value_reg[4]/C
  -------------------------------------------------------------------    ----------------------------------------
    SLICE_X102Y69        FDCE (Prop_fdce_C_Q)         0.518     8.336 r  shadow_ctrl_region   udp_gateway_shadow_mirror_i/dma_gateway_hybrid_0/inst/u_device_dna_reader/dna_shift_value_reg[4]/Q
                         net (fo=2, routed)           2.035    10.371                         udp_gateway_shadow_mirror_i/dma_gateway_hybrid_0/inst/u_device_dna_reader/dna_shift_value[4]
    SLICE_X103Y69        FDCE                                         r  shadow_ctrl_region   udp_gateway_shadow_mirror_i/dma_gateway_hybrid_0/inst/u_device_dna_reader/o_dna_value_reg[4]/D
  -------------------------------------------------------------------    ----------------------------------------

                         (clock clk_fpga_0 rise edge)
                                                     20.000    20.000 r                       
    PS7_X0Y0             PS7                          0.000    20.000 r                       udp_gateway_shadow_mirror_i/processing_system7_0/inst/PS7_i/FCLKCLK[0]
                         net (fo=1, routed)           1.088    21.088                         udp_gateway_shadow_mirror_i/processing_system7_0/inst/FCLK_CLK_unbuffered[0]
    BUFGCTRL_X0Y17       BUFG (Prop_bufg_I_O)         0.091    21.179 r                       udp_gateway_shadow_mirror_i/processing_system7_0/inst/buffer_fclk_clk_0.FCLK_CLK_0_BUFG/O
                         net (fo=42374, routed)       1.598    22.777                         udp_gateway_shadow_mirror_i/dma_gateway_hybrid_0/inst/u_device_dna_reader/clk
    SLICE_X103Y69        FDCE                                         r  shadow_ctrl_region   udp_gateway_shadow_mirror_i/dma_gateway_hybrid_0/inst/u_device_dna_reader/o_dna_value_reg[4]/C
                         clock pessimism              0.115    22.892                           
                         clock uncertainty           -0.302    22.590                           
    SLICE_X103Y69        FDCE (Setup_fdce_C_D)       -0.062    22.528    shadow_ctrl_region     udp_gateway_shadow_mirror_i/dma_gateway_hybrid_0/inst/u_device_dna_reader/o_dna_value_reg[4]
  -------------------------------------------------------------------
                         required time                         22.528                           
                         arrival time                         -10.371                           
  -------------------------------------------------------------------
                         slack                                 12.157                           

Slack (MET) :             12.979ns  (required time - arrival time)
  Source:                 udp_gateway_shadow_mirror_i/dma_gateway_hybrid_0/inst/u_device_dna_reader/dna_shift_value_reg[47]/C
                            (rising edge-triggered cell FDCE clocked by shadow_dna_clk  {rise@0.000ns fall@320.000ns period=640.000ns})
  Destination:            udp_gateway_shadow_mirror_i/dma_gateway_hybrid_0/inst/u_device_dna_reader/o_dna_value_reg[47]/D
                            (rising edge-triggered cell FDCE clocked by clk_fpga_0  {rise@0.000ns fall@10.000ns period=20.000ns})
  Path Group:             clk_fpga_0
  Path Type:              Setup (Max at Slow Process Corner)
  Requirement:            20.000ns  (clk_fpga_0 rise@20.000ns - shadow_dna_clk rise@0.000ns)
  Data Path Delay:        1.536ns  (logic 0.419ns (27.285%)  route 1.117ns (72.715%))
  Logic Levels:           0  
  Clock Path Skew:        -4.927ns (DCD - SCD + CPR)
    Destination Clock Delay (DCD):    2.848ns = ( 22.848 - 20.000 ) 
    Source Clock Delay      (SCD):    7.890ns
    Clock Pessimism Removal (CPR):    0.115ns
  Clock Uncertainty:      0.302ns  ((TSJ^2 + TIJ^2)^1/2 + DJ) / 2 + PE
    Total System Jitter     (TSJ):    0.071ns
    Total Input Jitter      (TIJ):    0.600ns
    Discrete Jitter          (DJ):    0.000ns
    Phase Error              (PE):    0.000ns

    Location             Delay type                Incr(ns)  Path(ns)    PBlock               Netlist Resource(s)
  -------------------------------------------------------------------    ----------------------------------------
                         (clock shadow_dna_clk rise edge)
                                                      0.000     0.000 r                       
    PS7_X0Y0             PS7                          0.000     0.000 r                       udp_gateway_shadow_mirror_i/processing_system7_0/inst/PS7_i/FCLKCLK[0]
                         net (fo=1, routed)           1.193     1.193                         udp_gateway_shadow_mirror_i/processing_system7_0/inst/FCLK_CLK_unbuffered[0]
    BUFGCTRL_X0Y17       BUFG (Prop_bufg_I_O)         0.101     1.294 r                       udp_gateway_shadow_mirror_i/processing_system7_0/inst/buffer_fclk_clk_0.FCLK_CLK_0_BUFG/O
                         net (fo=42374, routed)       1.785     3.079                         udp_gateway_shadow_mirror_i/dma_gateway_hybrid_0/inst/u_device_dna_reader/clk
    SLICE_X103Y54        FDCE (Prop_fdce_C_Q)         0.456     3.535 r  shadow_ctrl_region   udp_gateway_shadow_mirror_i/dma_gateway_hybrid_0/inst/u_device_dna_reader/dna_clk_reg/Q
                         net (fo=1, routed)           2.409     5.944                         udp_gateway_shadow_mirror_i/dma_gateway_hybrid_0/inst/u_device_dna_reader/dna_clk
    BUFGCTRL_X0Y16       BUFG (Prop_bufg_I_O)         0.101     6.045 r                       udp_gateway_shadow_mirror_i/dma_gateway_hybrid_0/inst/u_device_dna_reader/dna_clk_BUFG_inst/O
                         net (fo=69, routed)          1.845     7.890                         udp_gateway_shadow_mirror_i/dma_gateway_hybrid_0/inst/u_device_dna_reader/dna_clk_BUFG
    SLICE_X106Y73        FDCE                                         r  shadow_ctrl_region   udp_gateway_shadow_mirror_i/dma_gateway_hybrid_0/inst/u_device_dna_reader/dna_shift_value_reg[47]/C
  -------------------------------------------------------------------    ----------------------------------------
    SLICE_X106Y73        FDCE (Prop_fdce_C_Q)         0.419     8.309 r  shadow_ctrl_region   udp_gateway_shadow_mirror_i/dma_gateway_hybrid_0/inst/u_device_dna_reader/dna_shift_value_reg[47]/Q
                         net (fo=2, routed)           1.117     9.426                         udp_gateway_shadow_mirror_i/dma_gateway_hybrid_0/inst/u_device_dna_reader/dna_shift_value[47]
    SLICE_X106Y72        FDCE                                         r  shadow_ctrl_region   udp_gateway_shadow_mirror_i/dma_gateway_hybrid_0/inst/u_device_dna_reader/o_dna_value_reg[47]/D
  -------------------------------------------------------------------    ----------------------------------------

                         (clock clk_fpga_0 rise edge)
                                                     20.000    20.000 r                       
    PS7_X0Y0             PS7                          0.000    20.000 r                       udp_gateway_shadow_mirror_i/processing_system7_0/inst/PS7_i/FCLKCLK[0]
                         net (fo=1, routed)           1.088    21.088                         udp_gateway_shadow_mirror_i/processing_system7_0/inst/FCLK_CLK_unbuffered[0]
    BUFGCTRL_X0Y17       BUFG (Prop_bufg_I_O)         0.091    21.179 r                       udp_gateway_shadow_mirror_i/processing_system7_0/inst/buffer_fclk_clk_0.FCLK_CLK_0_BUFG/O
                         net (fo=42374, routed)       1.669    22.848                         udp_gateway_shadow_mirror_i/dma_gateway_hybrid_0/inst/u_device_dna_reader/clk
    SLICE_X106Y72        FDCE                                         r  shadow_ctrl_region   udp_gateway_shadow_mirror_i/dma_gateway_hybrid_0/inst/u_device_dna_reader/o_dna_value_reg[47]/C
                         clock pessimism              0.115    22.963                           
                         clock uncertainty           -0.302    22.661                           
    SLICE_X106Y72        FDCE (Setup_fdce_C_D)       -0.256    22.405    shadow_ctrl_region     udp_gateway_shadow_mirror_i/dma_gateway_hybrid_0/inst/u_device_dna_reader/o_dna_value_reg[47]
  -------------------------------------------------------------------
                         required time                         22.405                           
                         arrival time                          -9.426                           
  -------------------------------------------------------------------
                         slack                                 12.979                           

Slack (MET) :             13.145ns  (required time - arrival time)
  Source:                 udp_gateway_shadow_mirror_i/dma_gateway_hybrid_0/inst/u_device_dna_reader/dna_shift_value_reg[11]/C
                            (rising edge-triggered cell FDCE clocked by shadow_dna_clk  {rise@0.000ns fall@320.000ns period=640.000ns})
  Destination:            udp_gateway_shadow_mirror_i/dma_gateway_hybrid_0/inst/u_device_dna_reader/o_dna_value_reg[11]/D
                            (rising edge-triggered cell FDCE clocked by clk_fpga_0  {rise@0.000ns fall@10.000ns period=20.000ns})
  Path Group:             clk_fpga_0
  Path Type:              Setup (Max at Slow Process Corner)
  Requirement:            20.000ns  (clk_fpga_0 rise@20.000ns - shadow_dna_clk rise@0.000ns)
  Data Path Delay:        1.538ns  (logic 0.456ns (29.642%)  route 1.082ns (70.358%))
  Logic Levels:           0  
  Clock Path Skew:        -4.921ns (DCD - SCD + CPR)
    Destination Clock Delay (DCD):    2.776ns = ( 22.776 - 20.000 ) 
    Source Clock Delay      (SCD):    7.812ns
    Clock Pessimism Removal (CPR):    0.115ns
  Clock Uncertainty:      0.302ns  ((TSJ^2 + TIJ^2)^1/2 + DJ) / 2 + PE
    Total System Jitter     (TSJ):    0.071ns
    Total Input Jitter      (TIJ):    0.600ns
    Discrete Jitter          (DJ):    0.000ns
    Phase Error              (PE):    0.000ns

    Location             Delay type                Incr(ns)  Path(ns)    PBlock               Netlist Resource(s)
  -------------------------------------------------------------------    ----------------------------------------
                         (clock shadow_dna_clk rise edge)
                                                      0.000     0.000 r                       
    PS7_X0Y0             PS7                          0.000     0.000 r                       udp_gateway_shadow_mirror_i/processing_system7_0/inst/PS7_i/FCLKCLK[0]
                         net (fo=1, routed)           1.193     1.193                         udp_gateway_shadow_mirror_i/processing_system7_0/inst/FCLK_CLK_unbuffered[0]
    BUFGCTRL_X0Y17       BUFG (Prop_bufg_I_O)         0.101     1.294 r                       udp_gateway_shadow_mirror_i/processing_system7_0/inst/buffer_fclk_clk_0.FCLK_CLK_0_BUFG/O
                         net (fo=42374, routed)       1.785     3.079                         udp_gateway_shadow_mirror_i/dma_gateway_hybrid_0/inst/u_device_dna_reader/clk
    SLICE_X103Y54        FDCE (Prop_fdce_C_Q)         0.456     3.535 r  shadow_ctrl_region   udp_gateway_shadow_mirror_i/dma_gateway_hybrid_0/inst/u_device_dna_reader/dna_clk_reg/Q
                         net (fo=1, routed)           2.409     5.944                         udp_gateway_shadow_mirror_i/dma_gateway_hybrid_0/inst/u_device_dna_reader/dna_clk
    BUFGCTRL_X0Y16       BUFG (Prop_bufg_I_O)         0.101     6.045 r                       udp_gateway_shadow_mirror_i/dma_gateway_hybrid_0/inst/u_device_dna_reader/dna_clk_BUFG_inst/O
                         net (fo=69, routed)          1.767     7.812                         udp_gateway_shadow_mirror_i/dma_gateway_hybrid_0/inst/u_device_dna_reader/dna_clk_BUFG
    SLICE_X105Y73        FDCE                                         r  shadow_ctrl_region   udp_gateway_shadow_mirror_i/dma_gateway_hybrid_0/inst/u_device_dna_reader/dna_shift_value_reg[11]/C
  -------------------------------------------------------------------    ----------------------------------------
    SLICE_X105Y73        FDCE (Prop_fdce_C_Q)         0.456     8.268 r  shadow_ctrl_region   udp_gateway_shadow_mirror_i/dma_gateway_hybrid_0/inst/u_device_dna_reader/dna_shift_value_reg[11]/Q
                         net (fo=2, routed)           1.082     9.351                         udp_gateway_shadow_mirror_i/dma_gateway_hybrid_0/inst/u_device_dna_reader/dna_shift_value[11]
    SLICE_X105Y71        FDCE                                         r  shadow_ctrl_region   udp_gateway_shadow_mirror_i/dma_gateway_hybrid_0/inst/u_device_dna_reader/o_dna_value_reg[11]/D
  -------------------------------------------------------------------    ----------------------------------------

                         (clock clk_fpga_0 rise edge)
                                                     20.000    20.000 r                       
    PS7_X0Y0             PS7                          0.000    20.000 r                       udp_gateway_shadow_mirror_i/processing_system7_0/inst/PS7_i/FCLKCLK[0]
                         net (fo=1, routed)           1.088    21.088                         udp_gateway_shadow_mirror_i/processing_system7_0/inst/FCLK_CLK_unbuffered[0]
    BUFGCTRL_X0Y17       BUFG (Prop_bufg_I_O)         0.091    21.179 r                       udp_gateway_shadow_mirror_i/processing_system7_0/inst/buffer_fclk_clk_0.FCLK_CLK_0_BUFG/O
                         net (fo=42374, routed)       1.597    22.776                         udp_gateway_shadow_mirror_i/dma_gateway_hybrid_0/inst/u_device_dna_reader/clk
    SLICE_X105Y71        FDCE                                         r  shadow_ctrl_region   udp_gateway_shadow_mirror_i/dma_gateway_hybrid_0/inst/u_device_dna_reader/o_dna_value_reg[11]/C
                         clock pessimism              0.115    22.891                           
                         clock uncertainty           -0.302    22.589                           
    SLICE_X105Y71        FDCE (Setup_fdce_C_D)       -0.093    22.496    shadow_ctrl_region     udp_gateway_shadow_mirror_i/dma_gateway_hybrid_0/inst/u_device_dna_reader/o_dna_value_reg[11]
  -------------------------------------------------------------------
                         required time                         22.496                           
                         arrival time                          -9.351                           
  -------------------------------------------------------------------
                         slack                                 13.145                           

Slack (MET) :             13.240ns  (required time - arrival time)
  Source:                 udp_gateway_shadow_mirror_i/dma_gateway_hybrid_0/inst/u_device_dna_reader/dna_shift_value_reg[9]/C
                            (rising edge-triggered cell FDCE clocked by shadow_dna_clk  {rise@0.000ns fall@320.000ns period=640.000ns})
  Destination:            udp_gateway_shadow_mirror_i/dma_gateway_hybrid_0/inst/u_device_dna_reader/o_dna_value_reg[9]/D
                            (rising edge-triggered cell FDCE clocked by clk_fpga_0  {rise@0.000ns fall@10.000ns period=20.000ns})
  Path Group:             clk_fpga_0
  Path Type:              Setup (Max at Slow Process Corner)
  Requirement:            20.000ns  (clk_fpga_0 rise@20.000ns - shadow_dna_clk rise@0.000ns)
  Data Path Delay:        1.240ns  (logic 0.419ns (33.789%)  route 0.821ns (66.211%))
  Logic Levels:           0  
  Clock Path Skew:        -5.004ns (DCD - SCD + CPR)
    Destination Clock Delay (DCD):    2.776ns = ( 22.776 - 20.000 ) 
    Source Clock Delay      (SCD):    7.895ns
    Clock Pessimism Removal (CPR):    0.115ns
  Clock Uncertainty:      0.302ns  ((TSJ^2 + TIJ^2)^1/2 + DJ) / 2 + PE
    Total System Jitter     (TSJ):    0.071ns
    Total Input Jitter      (TIJ):    0.600ns
    Discrete Jitter          (DJ):    0.000ns
    Phase Error              (PE):    0.000ns

    Location             Delay type                Incr(ns)  Path(ns)    PBlock               Netlist Resource(s)
  -------------------------------------------------------------------    ----------------------------------------
                         (clock shadow_dna_clk rise edge)
                                                      0.000     0.000 r                       
    PS7_X0Y0             PS7                          0.000     0.000 r                       udp_gateway_shadow_mirror_i/processing_system7_0/inst/PS7_i/FCLKCLK[0]
                         net (fo=1, routed)           1.193     1.193                         udp_gateway_shadow_mirror_i/processing_system7_0/inst/FCLK_CLK_unbuffered[0]
    BUFGCTRL_X0Y17       BUFG (Prop_bufg_I_O)         0.101     1.294 r                       udp_gateway_shadow_mirror_i/processing_system7_0/inst/buffer_fclk_clk_0.FCLK_CLK_0_BUFG/O
                         net (fo=42374, routed)       1.785     3.079                         udp_gateway_shadow_mirror_i/dma_gateway_hybrid_0/inst/u_device_dna_reader/clk
    SLICE_X103Y54        FDCE (Prop_fdce_C_Q)         0.456     3.535 r  shadow_ctrl_region   udp_gateway_shadow_mirror_i/dma_gateway_hybrid_0/inst/u_device_dna_reader/dna_clk_reg/Q
                         net (fo=1, routed)           2.409     5.944                         udp_gateway_shadow_mirror_i/dma_gateway_hybrid_0/inst/u_device_dna_reader/dna_clk
    BUFGCTRL_X0Y16       BUFG (Prop_bufg_I_O)         0.101     6.045 r                       udp_gateway_shadow_mirror_i/dma_gateway_hybrid_0/inst/u_device_dna_reader/dna_clk_BUFG_inst/O
                         net (fo=69, routed)          1.850     7.895                         udp_gateway_shadow_mirror_i/dma_gateway_hybrid_0/inst/u_device_dna_reader/dna_clk_BUFG
    SLICE_X106Y70        FDCE                                         r  shadow_ctrl_region   udp_gateway_shadow_mirror_i/dma_gateway_hybrid_0/inst/u_device_dna_reader/dna_shift_value_reg[9]/C
  -------------------------------------------------------------------    ----------------------------------------
    SLICE_X106Y70        FDCE (Prop_fdce_C_Q)         0.419     8.314 r  shadow_ctrl_region   udp_gateway_shadow_mirror_i/dma_gateway_hybrid_0/inst/u_device_dna_reader/dna_shift_value_reg[9]/Q
                         net (fo=2, routed)           0.821     9.135                         udp_gateway_shadow_mirror_i/dma_gateway_hybrid_0/inst/u_device_dna_reader/dna_shift_value[9]
    SLICE_X105Y71        FDCE                                         r  shadow_ctrl_region   udp_gateway_shadow_mirror_i/dma_gateway_hybrid_0/inst/u_device_dna_reader/o_dna_value_reg[9]/D
  -------------------------------------------------------------------    ----------------------------------------

                         (clock clk_fpga_0 rise edge)
                                                     20.000    20.000 r                       
    PS7_X0Y0             PS7                          0.000    20.000 r                       udp_gateway_shadow_mirror_i/processing_system7_0/inst/PS7_i/FCLKCLK[0]
                         net (fo=1, routed)           1.088    21.088                         udp_gateway_shadow_mirror_i/processing_system7_0/inst/FCLK_CLK_unbuffered[0]
    BUFGCTRL_X0Y17       BUFG (Prop_bufg_I_O)         0.091    21.179 r                       udp_gateway_shadow_mirror_i/processing_system7_0/inst/buffer_fclk_clk_0.FCLK_CLK_0_BUFG/O
                         net (fo=42374, routed)       1.597    22.776                         udp_gateway_shadow_mirror_i/dma_gateway_hybrid_0/inst/u_device_dna_reader/clk
    SLICE_X105Y71        FDCE                                         r  shadow_ctrl_region   udp_gateway_shadow_mirror_i/dma_gateway_hybrid_0/inst/u_device_dna_reader/o_dna_value_reg[9]/C
                         clock pessimism              0.115    22.891                           
                         clock uncertainty           -0.302    22.589                           
    SLICE_X105Y71        FDCE (Setup_fdce_C_D)       -0.213    22.376    shadow_ctrl_region     udp_gateway_shadow_mirror_i/dma_gateway_hybrid_0/inst/u_device_dna_reader/o_dna_value_reg[9]
  -------------------------------------------------------------------
                         required time                         22.376                           
                         arrival time                          -9.135                           
  -------------------------------------------------------------------
                         slack                                 13.240                           





Min Delay Paths
--------------------------------------------------------------------------------------
Slack (MET) :             1.622ns  (arrival time - required time)
  Source:                 udp_gateway_shadow_mirror_i/dma_gateway_hybrid_0/inst/u_device_dna_reader/dna_clk_reg/Q
                            (clock source 'shadow_dna_clk'  {rise@0.000ns fall@320.000ns period=640.000ns})
  Destination:            udp_gateway_shadow_mirror_i/dma_gateway_hybrid_0/inst/u_device_dna_reader/dna_clk_reg/D
                            (rising edge-triggered cell FDCE clocked by clk_fpga_0  {rise@0.000ns fall@10.000ns period=20.000ns})
  Path Group:             clk_fpga_0
  Path Type:              Hold (Min at Fast Process Corner)
  Requirement:            0.000ns  (clk_fpga_0 rise@0.000ns - shadow_dna_clk rise@0.000ns)
  Data Path Delay:        1.844ns  (logic 0.071ns (3.851%)  route 1.773ns (96.149%))
  Logic Levels:           2  (BUFG=1 LUT6=1)
  Clock Path Skew:        0.129ns (DCD - SCD - CPR)
    Destination Clock Delay (DCD):    1.244ns
    Source Clock Delay      (SCD):    1.085ns
    Clock Pessimism Removal (CPR):    0.030ns

    Location             Delay type                Incr(ns)  Path(ns)    PBlock               Netlist Resource(s)
  -------------------------------------------------------------------    ----------------------------------------
                         (clock shadow_dna_clk rise edge)
                                                      0.000     0.000 r                       
    PS7_X0Y0             PS7                          0.000     0.000 r                       udp_gateway_shadow_mirror_i/processing_system7_0/inst/PS7_i/FCLKCLK[0]
                         net (fo=1, routed)           0.310     0.310                         udp_gateway_shadow_mirror_i/processing_system7_0/inst/FCLK_CLK_unbuffered[0]
    BUFGCTRL_X0Y17       BUFG (Prop_bufg_I_O)         0.026     0.336 r                       udp_gateway_shadow_mirror_i/processing_system7_0/inst/buffer_fclk_clk_0.FCLK_CLK_0_BUFG/O
                         net (fo=42374, routed)       0.608     0.944                         udp_gateway_shadow_mirror_i/dma_gateway_hybrid_0/inst/u_device_dna_reader/clk
  -------------------------------------------------------------------    ----------------------------------------
    SLICE_X103Y54        FDCE (Prop_fdce_C_Q)         0.141     1.085 r  shadow_ctrl_region   udp_gateway_shadow_mirror_i/dma_gateway_hybrid_0/inst/u_device_dna_reader/dna_clk_reg/Q
                         net (fo=1, routed)           1.113     2.198                         udp_gateway_shadow_mirror_i/dma_gateway_hybrid_0/inst/u_device_dna_reader/dna_clk
    BUFGCTRL_X0Y16       BUFG (Prop_bufg_I_O)         0.026     2.224 r                       udp_gateway_shadow_mirror_i/dma_gateway_hybrid_0/inst/u_device_dna_reader/dna_clk_BUFG_inst/O
                         net (fo=69, routed)          0.659     2.883                         udp_gateway_shadow_mirror_i/dma_gateway_hybrid_0/inst/u_device_dna_reader/dna_clk_BUFG
    SLICE_X103Y54        LUT6 (Prop_lut6_I5_O)        0.045     2.928 r  shadow_ctrl_region   udp_gateway_shadow_mirror_i/dma_gateway_hybrid_0/inst/u_device_dna_reader/dna_clk_i_1/O
                         net (fo=1, routed)           0.000     2.928                         udp_gateway_shadow_mirror_i/dma_gateway_hybrid_0/inst/u_device_dna_reader/dna_clk_i_1_n_0
    SLICE_X103Y54        FDCE                                         r  shadow_ctrl_region   udp_gateway_shadow_mirror_i/dma_gateway_hybrid_0/inst/u_device_dna_reader/dna_clk_reg/D
  -------------------------------------------------------------------    ----------------------------------------

                         (clock clk_fpga_0 rise edge)
                                                      0.000     0.000 r                       
    PS7_X0Y0             PS7                          0.000     0.000 r                       udp_gateway_shadow_mirror_i/processing_system7_0/inst/PS7_i/FCLKCLK[0]
                         net (fo=1, routed)           0.337     0.337                         udp_gateway_shadow_mirror_i/processing_system7_0/inst/FCLK_CLK_unbuffered[0]
    BUFGCTRL_X0Y17       BUFG (Prop_bufg_I_O)         0.029     0.366 r                       udp_gateway_shadow_mirror_i/processing_system7_0/inst/buffer_fclk_clk_0.FCLK_CLK_0_BUFG/O
                         net (fo=42374, routed)       0.878     1.244                         udp_gateway_shadow_mirror_i/dma_gateway_hybrid_0/inst/u_device_dna_reader/clk
    SLICE_X103Y54        FDCE                                         r  shadow_ctrl_region   udp_gateway_shadow_mirror_i/dma_gateway_hybrid_0/inst/u_device_dna_reader/dna_clk_reg/C
                         clock pessimism             -0.030     1.214                           
    SLICE_X103Y54        FDCE (Hold_fdce_C_D)         0.092     1.306    shadow_ctrl_region     udp_gateway_shadow_mirror_i/dma_gateway_hybrid_0/inst/u_device_dna_reader/dna_clk_reg
  -------------------------------------------------------------------
                         required time                         -1.306                           
                         arrival time                           2.928                           
  -------------------------------------------------------------------
                         slack                                  1.622                           

Slack (MET) :             1.819ns  (arrival time - required time)
  Source:                 udp_gateway_shadow_mirror_i/dma_gateway_hybrid_0/inst/u_device_dna_reader/dna_shift_value_reg[17]/C
                            (rising edge-triggered cell FDCE clocked by shadow_dna_clk  {rise@0.000ns fall@320.000ns period=640.000ns})
  Destination:            udp_gateway_shadow_mirror_i/dma_gateway_hybrid_0/inst/u_device_dna_reader/o_dna_value_reg[17]/D
                            (rising edge-triggered cell FDCE clocked by clk_fpga_0  {rise@0.000ns fall@10.000ns period=20.000ns})
  Path Group:             clk_fpga_0
  Path Type:              Hold (Min at Fast Process Corner)
  Requirement:            0.000ns  (clk_fpga_0 rise@0.000ns - shadow_dna_clk rise@0.000ns)
  Data Path Delay:        0.264ns  (logic 0.141ns (53.463%)  route 0.123ns (46.537%))
  Logic Levels:           0  
  Clock Path Skew:        -1.622ns (DCD - SCD - CPR)
    Destination Clock Delay (DCD):    1.255ns
    Source Clock Delay      (SCD):    2.846ns
    Clock Pessimism Removal (CPR):    0.030ns

    Location             Delay type                Incr(ns)  Path(ns)    PBlock               Netlist Resource(s)
  -------------------------------------------------------------------    ----------------------------------------
                         (clock shadow_dna_clk rise edge)
                                                      0.000     0.000 r                       
    PS7_X0Y0             PS7                          0.000     0.000 r                       udp_gateway_shadow_mirror_i/processing_system7_0/inst/PS7_i/FCLKCLK[0]
                         net (fo=1, routed)           0.310     0.310                         udp_gateway_shadow_mirror_i/processing_system7_0/inst/FCLK_CLK_unbuffered[0]
    BUFGCTRL_X0Y17       BUFG (Prop_bufg_I_O)         0.026     0.336 r                       udp_gateway_shadow_mirror_i/processing_system7_0/inst/buffer_fclk_clk_0.FCLK_CLK_0_BUFG/O
                         net (fo=42374, routed)       0.608     0.944                         udp_gateway_shadow_mirror_i/dma_gateway_hybrid_0/inst/u_device_dna_reader/clk
    SLICE_X103Y54        FDCE (Prop_fdce_C_Q)         0.141     1.085 r  shadow_ctrl_region   udp_gateway_shadow_mirror_i/dma_gateway_hybrid_0/inst/u_device_dna_reader/dna_clk_reg/Q
                         net (fo=1, routed)           1.113     2.198                         udp_gateway_shadow_mirror_i/dma_gateway_hybrid_0/inst/u_device_dna_reader/dna_clk
    BUFGCTRL_X0Y16       BUFG (Prop_bufg_I_O)         0.026     2.224 r                       udp_gateway_shadow_mirror_i/dma_gateway_hybrid_0/inst/u_device_dna_reader/dna_clk_BUFG_inst/O
                         net (fo=69, routed)          0.623     2.846                         udp_gateway_shadow_mirror_i/dma_gateway_hybrid_0/inst/u_device_dna_reader/dna_clk_BUFG
    SLICE_X106Y73        FDCE                                         r  shadow_ctrl_region   udp_gateway_shadow_mirror_i/dma_gateway_hybrid_0/inst/u_device_dna_reader/dna_shift_value_reg[17]/C
  -------------------------------------------------------------------    ----------------------------------------
    SLICE_X106Y73        FDCE (Prop_fdce_C_Q)         0.141     2.987 r  shadow_ctrl_region   udp_gateway_shadow_mirror_i/dma_gateway_hybrid_0/inst/u_device_dna_reader/dna_shift_value_reg[17]/Q
                         net (fo=2, routed)           0.123     3.110                         udp_gateway_shadow_mirror_i/dma_gateway_hybrid_0/inst/u_device_dna_reader/dna_shift_value[17]
    SLICE_X106Y74        FDCE                                         r  shadow_ctrl_region   udp_gateway_shadow_mirror_i/dma_gateway_hybrid_0/inst/u_device_dna_reader/o_dna_value_reg[17]/D
  -------------------------------------------------------------------    ----------------------------------------

                         (clock clk_fpga_0 rise edge)
                                                      0.000     0.000 r                       
    PS7_X0Y0             PS7                          0.000     0.000 r                       udp_gateway_shadow_mirror_i/processing_system7_0/inst/PS7_i/FCLKCLK[0]
                         net (fo=1, routed)           0.337     0.337                         udp_gateway_shadow_mirror_i/processing_system7_0/inst/FCLK_CLK_unbuffered[0]
    BUFGCTRL_X0Y17       BUFG (Prop_bufg_I_O)         0.029     0.366 r                       udp_gateway_shadow_mirror_i/processing_system7_0/inst/buffer_fclk_clk_0.FCLK_CLK_0_BUFG/O
                         net (fo=42374, routed)       0.889     1.255                         udp_gateway_shadow_mirror_i/dma_gateway_hybrid_0/inst/u_device_dna_reader/clk
    SLICE_X106Y74        FDCE                                         r  shadow_ctrl_region   udp_gateway_shadow_mirror_i/dma_gateway_hybrid_0/inst/u_device_dna_reader/o_dna_value_reg[17]/C
                         clock pessimism             -0.030     1.225                           
    SLICE_X106Y74        FDCE (Hold_fdce_C_D)         0.066     1.291    shadow_ctrl_region     udp_gateway_shadow_mirror_i/dma_gateway_hybrid_0/inst/u_device_dna_reader/o_dna_value_reg[17]
  -------------------------------------------------------------------
                         required time                         -1.291                           
                         arrival time                           3.110                           
  -------------------------------------------------------------------
                         slack                                  1.819                           

Slack (MET) :             1.821ns  (arrival time - required time)
  Source:                 udp_gateway_shadow_mirror_i/dma_gateway_hybrid_0/inst/u_device_dna_reader/dna_shift_value_reg[15]/C
                            (rising edge-triggered cell FDCE clocked by shadow_dna_clk  {rise@0.000ns fall@320.000ns period=640.000ns})
  Destination:            udp_gateway_shadow_mirror_i/dma_gateway_hybrid_0/inst/u_device_dna_reader/o_dna_value_reg[15]/D
                            (rising edge-triggered cell FDCE clocked by clk_fpga_0  {rise@0.000ns fall@10.000ns period=20.000ns})
  Path Group:             clk_fpga_0
  Path Type:              Hold (Min at Fast Process Corner)
  Requirement:            0.000ns  (clk_fpga_0 rise@0.000ns - shadow_dna_clk rise@0.000ns)
  Data Path Delay:        0.273ns  (logic 0.141ns (51.729%)  route 0.132ns (48.271%))
  Logic Levels:           0  
  Clock Path Skew:        -1.619ns (DCD - SCD - CPR)
    Destination Clock Delay (DCD):    1.258ns
    Source Clock Delay      (SCD):    2.846ns
    Clock Pessimism Removal (CPR):    0.030ns

    Location             Delay type                Incr(ns)  Path(ns)    PBlock               Netlist Resource(s)
  -------------------------------------------------------------------    ----------------------------------------
                         (clock shadow_dna_clk rise edge)
                                                      0.000     0.000 r                       
    PS7_X0Y0             PS7                          0.000     0.000 r                       udp_gateway_shadow_mirror_i/processing_system7_0/inst/PS7_i/FCLKCLK[0]
                         net (fo=1, routed)           0.310     0.310                         udp_gateway_shadow_mirror_i/processing_system7_0/inst/FCLK_CLK_unbuffered[0]
    BUFGCTRL_X0Y17       BUFG (Prop_bufg_I_O)         0.026     0.336 r                       udp_gateway_shadow_mirror_i/processing_system7_0/inst/buffer_fclk_clk_0.FCLK_CLK_0_BUFG/O
                         net (fo=42374, routed)       0.608     0.944                         udp_gateway_shadow_mirror_i/dma_gateway_hybrid_0/inst/u_device_dna_reader/clk
    SLICE_X103Y54        FDCE (Prop_fdce_C_Q)         0.141     1.085 r  shadow_ctrl_region   udp_gateway_shadow_mirror_i/dma_gateway_hybrid_0/inst/u_device_dna_reader/dna_clk_reg/Q
                         net (fo=1, routed)           1.113     2.198                         udp_gateway_shadow_mirror_i/dma_gateway_hybrid_0/inst/u_device_dna_reader/dna_clk
    BUFGCTRL_X0Y16       BUFG (Prop_bufg_I_O)         0.026     2.224 r                       udp_gateway_shadow_mirror_i/dma_gateway_hybrid_0/inst/u_device_dna_reader/dna_clk_BUFG_inst/O
                         net (fo=69, routed)          0.623     2.846                         udp_gateway_shadow_mirror_i/dma_gateway_hybrid_0/inst/u_device_dna_reader/dna_clk_BUFG
    SLICE_X106Y73        FDCE                                         r  shadow_ctrl_region   udp_gateway_shadow_mirror_i/dma_gateway_hybrid_0/inst/u_device_dna_reader/dna_shift_value_reg[15]/C
  -------------------------------------------------------------------    ----------------------------------------
    SLICE_X106Y73        FDCE (Prop_fdce_C_Q)         0.141     2.987 r  shadow_ctrl_region   udp_gateway_shadow_mirror_i/dma_gateway_hybrid_0/inst/u_device_dna_reader/dna_shift_value_reg[15]/Q
                         net (fo=2, routed)           0.132     3.119                         udp_gateway_shadow_mirror_i/dma_gateway_hybrid_0/inst/u_device_dna_reader/dna_shift_value[15]
    SLICE_X106Y72        FDCE                                         r  shadow_ctrl_region   udp_gateway_shadow_mirror_i/dma_gateway_hybrid_0/inst/u_device_dna_reader/o_dna_value_reg[15]/D
  -------------------------------------------------------------------    ----------------------------------------

                         (clock clk_fpga_0 rise edge)
                                                      0.000     0.000 r                       
    PS7_X0Y0             PS7                          0.000     0.000 r                       udp_gateway_shadow_mirror_i/processing_system7_0/inst/PS7_i/FCLKCLK[0]
                         net (fo=1, routed)           0.337     0.337                         udp_gateway_shadow_mirror_i/processing_system7_0/inst/FCLK_CLK_unbuffered[0]
    BUFGCTRL_X0Y17       BUFG (Prop_bufg_I_O)         0.029     0.366 r                       udp_gateway_shadow_mirror_i/processing_system7_0/inst/buffer_fclk_clk_0.FCLK_CLK_0_BUFG/O
                         net (fo=42374, routed)       0.892     1.258                         udp_gateway_shadow_mirror_i/dma_gateway_hybrid_0/inst/u_device_dna_reader/clk
    SLICE_X106Y72        FDCE                                         r  shadow_ctrl_region   udp_gateway_shadow_mirror_i/dma_gateway_hybrid_0/inst/u_device_dna_reader/o_dna_value_reg[15]/C
                         clock pessimism             -0.030     1.228                           
    SLICE_X106Y72        FDCE (Hold_fdce_C_D)         0.070     1.298    shadow_ctrl_region     udp_gateway_shadow_mirror_i/dma_gateway_hybrid_0/inst/u_device_dna_reader/o_dna_value_reg[15]
  -------------------------------------------------------------------
                         required time                         -1.298                           
                         arrival time                           3.119                           
  -------------------------------------------------------------------
                         slack                                  1.821                           

Slack (MET) :             1.840ns  (arrival time - required time)
  Source:                 udp_gateway_shadow_mirror_i/dma_gateway_hybrid_0/inst/u_device_dna_reader/dna_shift_value_reg[56]/C
                            (rising edge-triggered cell FDCE clocked by shadow_dna_clk  {rise@0.000ns fall@320.000ns period=640.000ns})
  Destination:            udp_gateway_shadow_mirror_i/dma_gateway_hybrid_0/inst/u_device_dna_reader/o_dna_value_reg[56]/D
                            (rising edge-triggered cell FDCE clocked by clk_fpga_0  {rise@0.000ns fall@10.000ns period=20.000ns})
  Path Group:             clk_fpga_0
  Path Type:              Hold (Min at Fast Process Corner)
  Requirement:            0.000ns  (clk_fpga_0 rise@0.000ns - shadow_dna_clk rise@0.000ns)
  Data Path Delay:        0.248ns  (logic 0.128ns (51.686%)  route 0.120ns (48.314%))
  Logic Levels:           0  
  Clock Path Skew:        -1.618ns (DCD - SCD - CPR)
    Destination Clock Delay (DCD):    1.232ns
    Source Clock Delay      (SCD):    2.819ns
    Clock Pessimism Removal (CPR):    0.030ns

    Location             Delay type                Incr(ns)  Path(ns)    PBlock               Netlist Resource(s)
  -------------------------------------------------------------------    ----------------------------------------
                         (clock shadow_dna_clk rise edge)
                                                      0.000     0.000 r                       
    PS7_X0Y0             PS7                          0.000     0.000 r                       udp_gateway_shadow_mirror_i/processing_system7_0/inst/PS7_i/FCLKCLK[0]
                         net (fo=1, routed)           0.310     0.310                         udp_gateway_shadow_mirror_i/processing_system7_0/inst/FCLK_CLK_unbuffered[0]
    BUFGCTRL_X0Y17       BUFG (Prop_bufg_I_O)         0.026     0.336 r                       udp_gateway_shadow_mirror_i/processing_system7_0/inst/buffer_fclk_clk_0.FCLK_CLK_0_BUFG/O
                         net (fo=42374, routed)       0.608     0.944                         udp_gateway_shadow_mirror_i/dma_gateway_hybrid_0/inst/u_device_dna_reader/clk
    SLICE_X103Y54        FDCE (Prop_fdce_C_Q)         0.141     1.085 r  shadow_ctrl_region   udp_gateway_shadow_mirror_i/dma_gateway_hybrid_0/inst/u_device_dna_reader/dna_clk_reg/Q
                         net (fo=1, routed)           1.113     2.198                         udp_gateway_shadow_mirror_i/dma_gateway_hybrid_0/inst/u_device_dna_reader/dna_clk
    BUFGCTRL_X0Y16       BUFG (Prop_bufg_I_O)         0.026     2.224 r                       udp_gateway_shadow_mirror_i/dma_gateway_hybrid_0/inst/u_device_dna_reader/dna_clk_BUFG_inst/O
                         net (fo=69, routed)          0.596     2.819                         udp_gateway_shadow_mirror_i/dma_gateway_hybrid_0/inst/u_device_dna_reader/dna_clk_BUFG
    SLICE_X105Y76        FDCE                                         r  shadow_ctrl_region   udp_gateway_shadow_mirror_i/dma_gateway_hybrid_0/inst/u_device_dna_reader/dna_shift_value_reg[56]/C
  -------------------------------------------------------------------    ----------------------------------------
    SLICE_X105Y76        FDCE (Prop_fdce_C_Q)         0.128     2.947 r  shadow_ctrl_region   udp_gateway_shadow_mirror_i/dma_gateway_hybrid_0/inst/u_device_dna_reader/dna_shift_value_reg[56]/Q
                         net (fo=1, routed)           0.120     3.067                         udp_gateway_shadow_mirror_i/dma_gateway_hybrid_0/inst/u_device_dna_reader/dna_shift_value[56]
    SLICE_X105Y77        FDCE                                         r  shadow_ctrl_region   udp_gateway_shadow_mirror_i/dma_gateway_hybrid_0/inst/u_device_dna_reader/o_dna_value_reg[56]/D
  -------------------------------------------------------------------    ----------------------------------------

                         (clock clk_fpga_0 rise edge)
                                                      0.000     0.000 r                       
    PS7_X0Y0             PS7                          0.000     0.000 r                       udp_gateway_shadow_mirror_i/processing_system7_0/inst/PS7_i/FCLKCLK[0]
                         net (fo=1, routed)           0.337     0.337                         udp_gateway_shadow_mirror_i/processing_system7_0/inst/FCLK_CLK_unbuffered[0]
    BUFGCTRL_X0Y17       BUFG (Prop_bufg_I_O)         0.029     0.366 r                       udp_gateway_shadow_mirror_i/processing_system7_0/inst/buffer_fclk_clk_0.FCLK_CLK_0_BUFG/O
                         net (fo=42374, routed)       0.866     1.232                         udp_gateway_shadow_mirror_i/dma_gateway_hybrid_0/inst/u_device_dna_reader/clk
    SLICE_X105Y77        FDCE                                         r  shadow_ctrl_region   udp_gateway_shadow_mirror_i/dma_gateway_hybrid_0/inst/u_device_dna_reader/o_dna_value_reg[56]/C
                         clock pessimism             -0.030     1.202                           
    SLICE_X105Y77        FDCE (Hold_fdce_C_D)         0.025     1.227    shadow_ctrl_region     udp_gateway_shadow_mirror_i/dma_gateway_hybrid_0/inst/u_device_dna_reader/o_dna_value_reg[56]
  -------------------------------------------------------------------
                         required time                         -1.227                           
                         arrival time                           3.067                           
  -------------------------------------------------------------------
                         slack                                  1.840                           

Slack (MET) :             1.846ns  (arrival time - required time)
  Source:                 udp_gateway_shadow_mirror_i/dma_gateway_hybrid_0/inst/u_device_dna_reader/dna_shift_value_reg[55]/C
                            (rising edge-triggered cell FDCE clocked by shadow_dna_clk  {rise@0.000ns fall@320.000ns period=640.000ns})
  Destination:            udp_gateway_shadow_mirror_i/dma_gateway_hybrid_0/inst/u_device_dna_reader/o_dna_value_reg[55]/D
                            (rising edge-triggered cell FDCE clocked by clk_fpga_0  {rise@0.000ns fall@10.000ns period=20.000ns})
  Path Group:             clk_fpga_0
  Path Type:              Hold (Min at Fast Process Corner)
  Requirement:            0.000ns  (clk_fpga_0 rise@0.000ns - shadow_dna_clk rise@0.000ns)
  Data Path Delay:        0.252ns  (logic 0.128ns (50.868%)  route 0.124ns (49.132%))
  Logic Levels:           0  
  Clock Path Skew:        -1.618ns (DCD - SCD - CPR)
    Destination Clock Delay (DCD):    1.232ns
    Source Clock Delay      (SCD):    2.819ns
    Clock Pessimism Removal (CPR):    0.030ns

    Location             Delay type                Incr(ns)  Path(ns)    PBlock               Netlist Resource(s)
  -------------------------------------------------------------------    ----------------------------------------
                         (clock shadow_dna_clk rise edge)
                                                      0.000     0.000 r                       
    PS7_X0Y0             PS7                          0.000     0.000 r                       udp_gateway_shadow_mirror_i/processing_system7_0/inst/PS7_i/FCLKCLK[0]
                         net (fo=1, routed)           0.310     0.310                         udp_gateway_shadow_mirror_i/processing_system7_0/inst/FCLK_CLK_unbuffered[0]
    BUFGCTRL_X0Y17       BUFG (Prop_bufg_I_O)         0.026     0.336 r                       udp_gateway_shadow_mirror_i/processing_system7_0/inst/buffer_fclk_clk_0.FCLK_CLK_0_BUFG/O
                         net (fo=42374, routed)       0.608     0.944                         udp_gateway_shadow_mirror_i/dma_gateway_hybrid_0/inst/u_device_dna_reader/clk
    SLICE_X103Y54        FDCE (Prop_fdce_C_Q)         0.141     1.085 r  shadow_ctrl_region   udp_gateway_shadow_mirror_i/dma_gateway_hybrid_0/inst/u_device_dna_reader/dna_clk_reg/Q
                         net (fo=1, routed)           1.113     2.198                         udp_gateway_shadow_mirror_i/dma_gateway_hybrid_0/inst/u_device_dna_reader/dna_clk
    BUFGCTRL_X0Y16       BUFG (Prop_bufg_I_O)         0.026     2.224 r                       udp_gateway_shadow_mirror_i/dma_gateway_hybrid_0/inst/u_device_dna_reader/dna_clk_BUFG_inst/O
                         net (fo=69, routed)          0.596     2.819                         udp_gateway_shadow_mirror_i/dma_gateway_hybrid_0/inst/u_device_dna_reader/dna_clk_BUFG
    SLICE_X105Y76        FDCE                                         r  shadow_ctrl_region   udp_gateway_shadow_mirror_i/dma_gateway_hybrid_0/inst/u_device_dna_reader/dna_shift_value_reg[55]/C
  -------------------------------------------------------------------    ----------------------------------------
    SLICE_X105Y76        FDCE (Prop_fdce_C_Q)         0.128     2.947 r  shadow_ctrl_region   udp_gateway_shadow_mirror_i/dma_gateway_hybrid_0/inst/u_device_dna_reader/dna_shift_value_reg[55]/Q
                         net (fo=2, routed)           0.124     3.071                         udp_gateway_shadow_mirror_i/dma_gateway_hybrid_0/inst/u_device_dna_reader/dna_shift_value[55]
    SLICE_X105Y77        FDCE                                         r  shadow_ctrl_region   udp_gateway_shadow_mirror_i/dma_gateway_hybrid_0/inst/u_device_dna_reader/o_dna_value_reg[55]/D
  -------------------------------------------------------------------    ----------------------------------------

                         (clock clk_fpga_0 rise edge)
                                                      0.000     0.000 r                       
    PS7_X0Y0             PS7                          0.000     0.000 r                       udp_gateway_shadow_mirror_i/processing_system7_0/inst/PS7_i/FCLKCLK[0]
                         net (fo=1, routed)           0.337     0.337                         udp_gateway_shadow_mirror_i/processing_system7_0/inst/FCLK_CLK_unbuffered[0]
    BUFGCTRL_X0Y17       BUFG (Prop_bufg_I_O)         0.029     0.366 r                       udp_gateway_shadow_mirror_i/processing_system7_0/inst/buffer_fclk_clk_0.FCLK_CLK_0_BUFG/O
                         net (fo=42374, routed)       0.866     1.232                         udp_gateway_shadow_mirror_i/dma_gateway_hybrid_0/inst/u_device_dna_reader/clk
    SLICE_X105Y77        FDCE                                         r  shadow_ctrl_region   udp_gateway_shadow_mirror_i/dma_gateway_hybrid_0/inst/u_device_dna_reader/o_dna_value_reg[55]/C
                         clock pessimism             -0.030     1.202                           
    SLICE_X105Y77        FDCE (Hold_fdce_C_D)         0.023     1.225    shadow_ctrl_region     udp_gateway_shadow_mirror_i/dma_gateway_hybrid_0/inst/u_device_dna_reader/o_dna_value_reg[55]
  -------------------------------------------------------------------
                         required time                         -1.225                           
                         arrival time                           3.071                           
  -------------------------------------------------------------------
                         slack                                  1.846                           

Slack (MET) :             1.850ns  (arrival time - required time)
  Source:                 udp_gateway_shadow_mirror_i/dma_gateway_hybrid_0/inst/u_device_dna_reader/dna_shift_value_reg[29]/C
                            (rising edge-triggered cell FDCE clocked by shadow_dna_clk  {rise@0.000ns fall@320.000ns period=640.000ns})
  Destination:            udp_gateway_shadow_mirror_i/dma_gateway_hybrid_0/inst/u_device_dna_reader/o_dna_value_reg[29]/D
                            (rising edge-triggered cell FDCE clocked by clk_fpga_0  {rise@0.000ns fall@10.000ns period=20.000ns})
  Path Group:             clk_fpga_0
  Path Type:              Hold (Min at Fast Process Corner)
  Requirement:            0.000ns  (clk_fpga_0 rise@0.000ns - shadow_dna_clk rise@0.000ns)
  Data Path Delay:        0.278ns  (logic 0.164ns (58.982%)  route 0.114ns (41.018%))
  Logic Levels:           0  
  Clock Path Skew:        -1.619ns (DCD - SCD - CPR)
    Destination Clock Delay (DCD):    1.234ns
    Source Clock Delay      (SCD):    2.822ns
    Clock Pessimism Removal (CPR):    0.030ns

    Location             Delay type                Incr(ns)  Path(ns)    PBlock               Netlist Resource(s)
  -------------------------------------------------------------------    ----------------------------------------
                         (clock shadow_dna_clk rise edge)
                                                      0.000     0.000 r                       
    PS7_X0Y0             PS7                          0.000     0.000 r                       udp_gateway_shadow_mirror_i/processing_system7_0/inst/PS7_i/FCLKCLK[0]
                         net (fo=1, routed)           0.310     0.310                         udp_gateway_shadow_mirror_i/processing_system7_0/inst/FCLK_CLK_unbuffered[0]
    BUFGCTRL_X0Y17       BUFG (Prop_bufg_I_O)         0.026     0.336 r                       udp_gateway_shadow_mirror_i/processing_system7_0/inst/buffer_fclk_clk_0.FCLK_CLK_0_BUFG/O
                         net (fo=42374, routed)       0.608     0.944                         udp_gateway_shadow_mirror_i/dma_gateway_hybrid_0/inst/u_device_dna_reader/clk
    SLICE_X103Y54        FDCE (Prop_fdce_C_Q)         0.141     1.085 r  shadow_ctrl_region   udp_gateway_shadow_mirror_i/dma_gateway_hybrid_0/inst/u_device_dna_reader/dna_clk_reg/Q
                         net (fo=1, routed)           1.113     2.198                         udp_gateway_shadow_mirror_i/dma_gateway_hybrid_0/inst/u_device_dna_reader/dna_clk
    BUFGCTRL_X0Y16       BUFG (Prop_bufg_I_O)         0.026     2.224 r                       udp_gateway_shadow_mirror_i/dma_gateway_hybrid_0/inst/u_device_dna_reader/dna_clk_BUFG_inst/O
                         net (fo=69, routed)          0.599     2.822                         udp_gateway_shadow_mirror_i/dma_gateway_hybrid_0/inst/u_device_dna_reader/dna_clk_BUFG
    SLICE_X104Y70        FDCE                                         r  shadow_ctrl_region   udp_gateway_shadow_mirror_i/dma_gateway_hybrid_0/inst/u_device_dna_reader/dna_shift_value_reg[29]/C
  -------------------------------------------------------------------    ----------------------------------------
    SLICE_X104Y70        FDCE (Prop_fdce_C_Q)         0.164     2.986 r  shadow_ctrl_region   udp_gateway_shadow_mirror_i/dma_gateway_hybrid_0/inst/u_device_dna_reader/dna_shift_value_reg[29]/Q
                         net (fo=2, routed)           0.114     3.100                         udp_gateway_shadow_mirror_i/dma_gateway_hybrid_0/inst/u_device_dna_reader/dna_shift_value[29]
    SLICE_X105Y70        FDCE                                         r  shadow_ctrl_region   udp_gateway_shadow_mirror_i/dma_gateway_hybrid_0/inst/u_device_dna_reader/o_dna_value_reg[29]/D
  -------------------------------------------------------------------    ----------------------------------------

                         (clock clk_fpga_0 rise edge)
                                                      0.000     0.000 r                       
    PS7_X0Y0             PS7                          0.000     0.000 r                       udp_gateway_shadow_mirror_i/processing_system7_0/inst/PS7_i/FCLKCLK[0]
                         net (fo=1, routed)           0.337     0.337                         udp_gateway_shadow_mirror_i/processing_system7_0/inst/FCLK_CLK_unbuffered[0]
    BUFGCTRL_X0Y17       BUFG (Prop_bufg_I_O)         0.029     0.366 r                       udp_gateway_shadow_mirror_i/processing_system7_0/inst/buffer_fclk_clk_0.FCLK_CLK_0_BUFG/O
                         net (fo=42374, routed)       0.868     1.234                         udp_gateway_shadow_mirror_i/dma_gateway_hybrid_0/inst/u_device_dna_reader/clk
    SLICE_X105Y70        FDCE                                         r  shadow_ctrl_region   udp_gateway_shadow_mirror_i/dma_gateway_hybrid_0/inst/u_device_dna_reader/o_dna_value_reg[29]/C
                         clock pessimism             -0.030     1.204                           
    SLICE_X105Y70        FDCE (Hold_fdce_C_D)         0.047     1.251    shadow_ctrl_region     udp_gateway_shadow_mirror_i/dma_gateway_hybrid_0/inst/u_device_dna_reader/o_dna_value_reg[29]
  -------------------------------------------------------------------
                         required time                         -1.251                           
                         arrival time                           3.100                           
  -------------------------------------------------------------------
                         slack                                  1.850                           

Slack (MET) :             1.862ns  (arrival time - required time)
  Source:                 udp_gateway_shadow_mirror_i/dma_gateway_hybrid_0/inst/u_device_dna_reader/dna_shift_value_reg[46]/C
                            (rising edge-triggered cell FDCE clocked by shadow_dna_clk  {rise@0.000ns fall@320.000ns period=640.000ns})
  Destination:            udp_gateway_shadow_mirror_i/dma_gateway_hybrid_0/inst/u_device_dna_reader/o_dna_value_reg[46]/D
                            (rising edge-triggered cell FDCE clocked by clk_fpga_0  {rise@0.000ns fall@10.000ns period=20.000ns})
  Path Group:             clk_fpga_0
  Path Type:              Hold (Min at Fast Process Corner)
  Requirement:            0.000ns  (clk_fpga_0 rise@0.000ns - shadow_dna_clk rise@0.000ns)
  Data Path Delay:        0.257ns  (logic 0.128ns (49.727%)  route 0.129ns (50.273%))
  Logic Levels:           0  
  Clock Path Skew:        -1.621ns (DCD - SCD - CPR)
    Destination Clock Delay (DCD):    1.259ns
    Source Clock Delay      (SCD):    2.849ns
    Clock Pessimism Removal (CPR):    0.030ns

    Location             Delay type                Incr(ns)  Path(ns)    PBlock               Netlist Resource(s)
  -------------------------------------------------------------------    ----------------------------------------
                         (clock shadow_dna_clk rise edge)
                                                      0.000     0.000 r                       
    PS7_X0Y0             PS7                          0.000     0.000 r                       udp_gateway_shadow_mirror_i/processing_system7_0/inst/PS7_i/FCLKCLK[0]
                         net (fo=1, routed)           0.310     0.310                         udp_gateway_shadow_mirror_i/processing_system7_0/inst/FCLK_CLK_unbuffered[0]
    BUFGCTRL_X0Y17       BUFG (Prop_bufg_I_O)         0.026     0.336 r                       udp_gateway_shadow_mirror_i/processing_system7_0/inst/buffer_fclk_clk_0.FCLK_CLK_0_BUFG/O
                         net (fo=42374, routed)       0.608     0.944                         udp_gateway_shadow_mirror_i/dma_gateway_hybrid_0/inst/u_device_dna_reader/clk
    SLICE_X103Y54        FDCE (Prop_fdce_C_Q)         0.141     1.085 r  shadow_ctrl_region   udp_gateway_shadow_mirror_i/dma_gateway_hybrid_0/inst/u_device_dna_reader/dna_clk_reg/Q
                         net (fo=1, routed)           1.113     2.198                         udp_gateway_shadow_mirror_i/dma_gateway_hybrid_0/inst/u_device_dna_reader/dna_clk
    BUFGCTRL_X0Y16       BUFG (Prop_bufg_I_O)         0.026     2.224 r                       udp_gateway_shadow_mirror_i/dma_gateway_hybrid_0/inst/u_device_dna_reader/dna_clk_BUFG_inst/O
                         net (fo=69, routed)          0.626     2.849                         udp_gateway_shadow_mirror_i/dma_gateway_hybrid_0/inst/u_device_dna_reader/dna_clk_BUFG
    SLICE_X106Y70        FDCE                                         r  shadow_ctrl_region   udp_gateway_shadow_mirror_i/dma_gateway_hybrid_0/inst/u_device_dna_reader/dna_shift_value_reg[46]/C
  -------------------------------------------------------------------    ----------------------------------------
    SLICE_X106Y70        FDCE (Prop_fdce_C_Q)         0.128     2.977 r  shadow_ctrl_region   udp_gateway_shadow_mirror_i/dma_gateway_hybrid_0/inst/u_device_dna_reader/dna_shift_value_reg[46]/Q
                         net (fo=2, routed)           0.129     3.107                         udp_gateway_shadow_mirror_i/dma_gateway_hybrid_0/inst/u_device_dna_reader/dna_shift_value[46]
    SLICE_X106Y71        FDCE                                         r  shadow_ctrl_region   udp_gateway_shadow_mirror_i/dma_gateway_hybrid_0/inst/u_device_dna_reader/o_dna_value_reg[46]/D
  -------------------------------------------------------------------    ----------------------------------------

                         (clock clk_fpga_0 rise edge)
                                                      0.000     0.000 r                       
    PS7_X0Y0             PS7                          0.000     0.000 r                       udp_gateway_shadow_mirror_i/processing_system7_0/inst/PS7_i/FCLKCLK[0]
                         net (fo=1, routed)           0.337     0.337                         udp_gateway_shadow_mirror_i/processing_system7_0/inst/FCLK_CLK_unbuffered[0]
    BUFGCTRL_X0Y17       BUFG (Prop_bufg_I_O)         0.029     0.366 r                       udp_gateway_shadow_mirror_i/processing_system7_0/inst/buffer_fclk_clk_0.FCLK_CLK_0_BUFG/O
                         net (fo=42374, routed)       0.893     1.259                         udp_gateway_shadow_mirror_i/dma_gateway_hybrid_0/inst/u_device_dna_reader/clk
    SLICE_X106Y71        FDCE                                         r  shadow_ctrl_region   udp_gateway_shadow_mirror_i/dma_gateway_hybrid_0/inst/u_device_dna_reader/o_dna_value_reg[46]/C
                         clock pessimism             -0.030     1.229                           
    SLICE_X106Y71        FDCE (Hold_fdce_C_D)         0.016     1.245    shadow_ctrl_region     udp_gateway_shadow_mirror_i/dma_gateway_hybrid_0/inst/u_device_dna_reader/o_dna_value_reg[46]
  -------------------------------------------------------------------
                         required time                         -1.245                           
                         arrival time                           3.107                           
  -------------------------------------------------------------------
                         slack                                  1.862                           

Slack (MET) :             1.871ns  (arrival time - required time)
  Source:                 udp_gateway_shadow_mirror_i/dma_gateway_hybrid_0/inst/u_device_dna_reader/dna_shift_value_reg[42]/C
                            (rising edge-triggered cell FDCE clocked by shadow_dna_clk  {rise@0.000ns fall@320.000ns period=640.000ns})
  Destination:            udp_gateway_shadow_mirror_i/dma_gateway_hybrid_0/inst/u_device_dna_reader/o_dna_value_reg[42]/D
                            (rising edge-triggered cell FDCE clocked by clk_fpga_0  {rise@0.000ns fall@10.000ns period=20.000ns})
  Path Group:             clk_fpga_0
  Path Type:              Hold (Min at Fast Process Corner)
  Requirement:            0.000ns  (clk_fpga_0 rise@0.000ns - shadow_dna_clk rise@0.000ns)
  Data Path Delay:        0.273ns  (logic 0.148ns (54.148%)  route 0.125ns (45.852%))
  Logic Levels:           0  
  Clock Path Skew:        -1.620ns (DCD - SCD - CPR)
    Destination Clock Delay (DCD):    1.233ns
    Source Clock Delay      (SCD):    2.822ns
    Clock Pessimism Removal (CPR):    0.030ns

    Location             Delay type                Incr(ns)  Path(ns)    PBlock               Netlist Resource(s)
  -------------------------------------------------------------------    ----------------------------------------
                         (clock shadow_dna_clk rise edge)
                                                      0.000     0.000 r                       
    PS7_X0Y0             PS7                          0.000     0.000 r                       udp_gateway_shadow_mirror_i/processing_system7_0/inst/PS7_i/FCLKCLK[0]
                         net (fo=1, routed)           0.310     0.310                         udp_gateway_shadow_mirror_i/processing_system7_0/inst/FCLK_CLK_unbuffered[0]
    BUFGCTRL_X0Y17       BUFG (Prop_bufg_I_O)         0.026     0.336 r                       udp_gateway_shadow_mirror_i/processing_system7_0/inst/buffer_fclk_clk_0.FCLK_CLK_0_BUFG/O
                         net (fo=42374, routed)       0.608     0.944                         udp_gateway_shadow_mirror_i/dma_gateway_hybrid_0/inst/u_device_dna_reader/clk
    SLICE_X103Y54        FDCE (Prop_fdce_C_Q)         0.141     1.085 r  shadow_ctrl_region   udp_gateway_shadow_mirror_i/dma_gateway_hybrid_0/inst/u_device_dna_reader/dna_clk_reg/Q
                         net (fo=1, routed)           1.113     2.198                         udp_gateway_shadow_mirror_i/dma_gateway_hybrid_0/inst/u_device_dna_reader/dna_clk
    BUFGCTRL_X0Y16       BUFG (Prop_bufg_I_O)         0.026     2.224 r                       udp_gateway_shadow_mirror_i/dma_gateway_hybrid_0/inst/u_device_dna_reader/dna_clk_BUFG_inst/O
                         net (fo=69, routed)          0.599     2.822                         udp_gateway_shadow_mirror_i/dma_gateway_hybrid_0/inst/u_device_dna_reader/dna_clk_BUFG
    SLICE_X104Y70        FDCE                                         r  shadow_ctrl_region   udp_gateway_shadow_mirror_i/dma_gateway_hybrid_0/inst/u_device_dna_reader/dna_shift_value_reg[42]/C
  -------------------------------------------------------------------    ----------------------------------------
    SLICE_X104Y70        FDCE (Prop_fdce_C_Q)         0.148     2.970 r  shadow_ctrl_region   udp_gateway_shadow_mirror_i/dma_gateway_hybrid_0/inst/u_device_dna_reader/dna_shift_value_reg[42]/Q
                         net (fo=2, routed)           0.125     3.096                         udp_gateway_shadow_mirror_i/dma_gateway_hybrid_0/inst/u_device_dna_reader/dna_shift_value[42]
    SLICE_X105Y71        FDCE                                         r  shadow_ctrl_region   udp_gateway_shadow_mirror_i/dma_gateway_hybrid_0/inst/u_device_dna_reader/o_dna_value_reg[42]/D
  -------------------------------------------------------------------    ----------------------------------------

                         (clock clk_fpga_0 rise edge)
                                                      0.000     0.000 r                       
    PS7_X0Y0             PS7                          0.000     0.000 r                       udp_gateway_shadow_mirror_i/processing_system7_0/inst/PS7_i/FCLKCLK[0]
                         net (fo=1, routed)           0.337     0.337                         udp_gateway_shadow_mirror_i/processing_system7_0/inst/FCLK_CLK_unbuffered[0]
    BUFGCTRL_X0Y17       BUFG (Prop_bufg_I_O)         0.029     0.366 r                       udp_gateway_shadow_mirror_i/processing_system7_0/inst/buffer_fclk_clk_0.FCLK_CLK_0_BUFG/O
                         net (fo=42374, routed)       0.867     1.233                         udp_gateway_shadow_mirror_i/dma_gateway_hybrid_0/inst/u_device_dna_reader/clk
    SLICE_X105Y71        FDCE                                         r  shadow_ctrl_region   udp_gateway_shadow_mirror_i/dma_gateway_hybrid_0/inst/u_device_dna_reader/o_dna_value_reg[42]/C
                         clock pessimism             -0.030     1.203                           
    SLICE_X105Y71        FDCE (Hold_fdce_C_D)         0.022     1.225    shadow_ctrl_region     udp_gateway_shadow_mirror_i/dma_gateway_hybrid_0/inst/u_device_dna_reader/o_dna_value_reg[42]
  -------------------------------------------------------------------
                         required time                         -1.225                           
                         arrival time                           3.096                           
  -------------------------------------------------------------------
                         slack                                  1.871                           

Slack (MET) :             1.875ns  (arrival time - required time)
  Source:                 udp_gateway_shadow_mirror_i/dma_gateway_hybrid_0/inst/u_device_dna_reader/dna_shift_value_reg[22]/C
                            (rising edge-triggered cell FDCE clocked by shadow_dna_clk  {rise@0.000ns fall@320.000ns period=640.000ns})
  Destination:            udp_gateway_shadow_mirror_i/dma_gateway_hybrid_0/inst/u_device_dna_reader/o_dna_value_reg[22]/D
                            (rising edge-triggered cell FDCE clocked by clk_fpga_0  {rise@0.000ns fall@10.000ns period=20.000ns})
  Path Group:             clk_fpga_0
  Path Type:              Hold (Min at Fast Process Corner)
  Requirement:            0.000ns  (clk_fpga_0 rise@0.000ns - shadow_dna_clk rise@0.000ns)
  Data Path Delay:        0.330ns  (logic 0.141ns (42.730%)  route 0.189ns (57.270%))
  Logic Levels:           0  
  Clock Path Skew:        -1.621ns (DCD - SCD - CPR)
    Destination Clock Delay (DCD):    1.255ns
    Source Clock Delay      (SCD):    2.845ns
    Clock Pessimism Removal (CPR):    0.030ns

    Location             Delay type                Incr(ns)  Path(ns)    PBlock               Netlist Resource(s)
  -------------------------------------------------------------------    ----------------------------------------
                         (clock shadow_dna_clk rise edge)
                                                      0.000     0.000 r                       
    PS7_X0Y0             PS7                          0.000     0.000 r                       udp_gateway_shadow_mirror_i/processing_system7_0/inst/PS7_i/FCLKCLK[0]
                         net (fo=1, routed)           0.310     0.310                         udp_gateway_shadow_mirror_i/processing_system7_0/inst/FCLK_CLK_unbuffered[0]
    BUFGCTRL_X0Y17       BUFG (Prop_bufg_I_O)         0.026     0.336 r                       udp_gateway_shadow_mirror_i/processing_system7_0/inst/buffer_fclk_clk_0.FCLK_CLK_0_BUFG/O
                         net (fo=42374, routed)       0.608     0.944                         udp_gateway_shadow_mirror_i/dma_gateway_hybrid_0/inst/u_device_dna_reader/clk
    SLICE_X103Y54        FDCE (Prop_fdce_C_Q)         0.141     1.085 r  shadow_ctrl_region   udp_gateway_shadow_mirror_i/dma_gateway_hybrid_0/inst/u_device_dna_reader/dna_clk_reg/Q
                         net (fo=1, routed)           1.113     2.198                         udp_gateway_shadow_mirror_i/dma_gateway_hybrid_0/inst/u_device_dna_reader/dna_clk
    BUFGCTRL_X0Y16       BUFG (Prop_bufg_I_O)         0.026     2.224 r                       udp_gateway_shadow_mirror_i/dma_gateway_hybrid_0/inst/u_device_dna_reader/dna_clk_BUFG_inst/O
                         net (fo=69, routed)          0.622     2.845                         udp_gateway_shadow_mirror_i/dma_gateway_hybrid_0/inst/u_device_dna_reader/dna_clk_BUFG
    SLICE_X106Y75        FDCE                                         r  shadow_ctrl_region   udp_gateway_shadow_mirror_i/dma_gateway_hybrid_0/inst/u_device_dna_reader/dna_shift_value_reg[22]/C
  -------------------------------------------------------------------    ----------------------------------------
    SLICE_X106Y75        FDCE (Prop_fdce_C_Q)         0.141     2.986 r  shadow_ctrl_region   udp_gateway_shadow_mirror_i/dma_gateway_hybrid_0/inst/u_device_dna_reader/dna_shift_value_reg[22]/Q
                         net (fo=2, routed)           0.189     3.175                         udp_gateway_shadow_mirror_i/dma_gateway_hybrid_0/inst/u_device_dna_reader/dna_shift_value[22]
    SLICE_X106Y74        FDCE                                         r  shadow_ctrl_region   udp_gateway_shadow_mirror_i/dma_gateway_hybrid_0/inst/u_device_dna_reader/o_dna_value_reg[22]/D
  -------------------------------------------------------------------    ----------------------------------------

                         (clock clk_fpga_0 rise edge)
                                                      0.000     0.000 r                       
    PS7_X0Y0             PS7                          0.000     0.000 r                       udp_gateway_shadow_mirror_i/processing_system7_0/inst/PS7_i/FCLKCLK[0]
                         net (fo=1, routed)           0.337     0.337                         udp_gateway_shadow_mirror_i/processing_system7_0/inst/FCLK_CLK_unbuffered[0]
    BUFGCTRL_X0Y17       BUFG (Prop_bufg_I_O)         0.029     0.366 r                       udp_gateway_shadow_mirror_i/processing_system7_0/inst/buffer_fclk_clk_0.FCLK_CLK_0_BUFG/O
                         net (fo=42374, routed)       0.889     1.255                         udp_gateway_shadow_mirror_i/dma_gateway_hybrid_0/inst/u_device_dna_reader/clk
    SLICE_X106Y74        FDCE                                         r  shadow_ctrl_region   udp_gateway_shadow_mirror_i/dma_gateway_hybrid_0/inst/u_device_dna_reader/o_dna_value_reg[22]/C
                         clock pessimism             -0.030     1.225                           
    SLICE_X106Y74        FDCE (Hold_fdce_C_D)         0.076     1.301    shadow_ctrl_region     udp_gateway_shadow_mirror_i/dma_gateway_hybrid_0/inst/u_device_dna_reader/o_dna_value_reg[22]
  -------------------------------------------------------------------
                         required time                         -1.301                           
                         arrival time                           3.175                           
  -------------------------------------------------------------------
                         slack                                  1.875                           

Slack (MET) :             1.881ns  (arrival time - required time)
  Source:                 udp_gateway_shadow_mirror_i/dma_gateway_hybrid_0/inst/u_device_dna_reader/dna_shift_value_reg[6]/C
                            (rising edge-triggered cell FDCE clocked by shadow_dna_clk  {rise@0.000ns fall@320.000ns period=640.000ns})
  Destination:            udp_gateway_shadow_mirror_i/dma_gateway_hybrid_0/inst/u_device_dna_reader/o_dna_value_reg[6]/D
                            (rising edge-triggered cell FDCE clocked by clk_fpga_0  {rise@0.000ns fall@10.000ns period=20.000ns})
  Path Group:             clk_fpga_0
  Path Type:              Hold (Min at Fast Process Corner)
  Requirement:            0.000ns  (clk_fpga_0 rise@0.000ns - shadow_dna_clk rise@0.000ns)
  Data Path Delay:        0.284ns  (logic 0.148ns (52.159%)  route 0.136ns (47.841%))
  Logic Levels:           0  
  Clock Path Skew:        -1.620ns (DCD - SCD - CPR)
    Destination Clock Delay (DCD):    1.234ns
    Source Clock Delay      (SCD):    2.823ns
    Clock Pessimism Removal (CPR):    0.030ns

    Location             Delay type                Incr(ns)  Path(ns)    PBlock               Netlist Resource(s)
  -------------------------------------------------------------------    ----------------------------------------
                         (clock shadow_dna_clk rise edge)
                                                      0.000     0.000 r                       
    PS7_X0Y0             PS7                          0.000     0.000 r                       udp_gateway_shadow_mirror_i/processing_system7_0/inst/PS7_i/FCLKCLK[0]
                         net (fo=1, routed)           0.310     0.310                         udp_gateway_shadow_mirror_i/processing_system7_0/inst/FCLK_CLK_unbuffered[0]
    BUFGCTRL_X0Y17       BUFG (Prop_bufg_I_O)         0.026     0.336 r                       udp_gateway_shadow_mirror_i/processing_system7_0/inst/buffer_fclk_clk_0.FCLK_CLK_0_BUFG/O
                         net (fo=42374, routed)       0.608     0.944                         udp_gateway_shadow_mirror_i/dma_gateway_hybrid_0/inst/u_device_dna_reader/clk
    SLICE_X103Y54        FDCE (Prop_fdce_C_Q)         0.141     1.085 r  shadow_ctrl_region   udp_gateway_shadow_mirror_i/dma_gateway_hybrid_0/inst/u_device_dna_reader/dna_clk_reg/Q
                         net (fo=1, routed)           1.113     2.198                         udp_gateway_shadow_mirror_i/dma_gateway_hybrid_0/inst/u_device_dna_reader/dna_clk
    BUFGCTRL_X0Y16       BUFG (Prop_bufg_I_O)         0.026     2.224 r                       udp_gateway_shadow_mirror_i/dma_gateway_hybrid_0/inst/u_device_dna_reader/dna_clk_BUFG_inst/O
                         net (fo=69, routed)          0.600     2.823                         udp_gateway_shadow_mirror_i/dma_gateway_hybrid_0/inst/u_device_dna_reader/dna_clk_BUFG
    SLICE_X104Y69        FDCE                                         r  shadow_ctrl_region   udp_gateway_shadow_mirror_i/dma_gateway_hybrid_0/inst/u_device_dna_reader/dna_shift_value_reg[6]/C
  -------------------------------------------------------------------    ----------------------------------------
    SLICE_X104Y69        FDCE (Prop_fdce_C_Q)         0.148     2.971 r  shadow_ctrl_region   udp_gateway_shadow_mirror_i/dma_gateway_hybrid_0/inst/u_device_dna_reader/dna_shift_value_reg[6]/Q
                         net (fo=2, routed)           0.136     3.107                         udp_gateway_shadow_mirror_i/dma_gateway_hybrid_0/inst/u_device_dna_reader/dna_shift_value[6]
    SLICE_X103Y69        FDCE                                         r  shadow_ctrl_region   udp_gateway_shadow_mirror_i/dma_gateway_hybrid_0/inst/u_device_dna_reader/o_dna_value_reg[6]/D
  -------------------------------------------------------------------    ----------------------------------------

                         (clock clk_fpga_0 rise edge)
                                                      0.000     0.000 r                       
    PS7_X0Y0             PS7                          0.000     0.000 r                       udp_gateway_shadow_mirror_i/processing_system7_0/inst/PS7_i/FCLKCLK[0]
                         net (fo=1, routed)           0.337     0.337                         udp_gateway_shadow_mirror_i/processing_system7_0/inst/FCLK_CLK_unbuffered[0]
    BUFGCTRL_X0Y17       BUFG (Prop_bufg_I_O)         0.029     0.366 r                       udp_gateway_shadow_mirror_i/processing_system7_0/inst/buffer_fclk_clk_0.FCLK_CLK_0_BUFG/O
                         net (fo=42374, routed)       0.868     1.234                         udp_gateway_shadow_mirror_i/dma_gateway_hybrid_0/inst/u_device_dna_reader/clk
    SLICE_X103Y69        FDCE                                         r  shadow_ctrl_region   udp_gateway_shadow_mirror_i/dma_gateway_hybrid_0/inst/u_device_dna_reader/o_dna_value_reg[6]/C
                         clock pessimism             -0.030     1.204                           
    SLICE_X103Y69        FDCE (Hold_fdce_C_D)         0.022     1.226    shadow_ctrl_region     udp_gateway_shadow_mirror_i/dma_gateway_hybrid_0/inst/u_device_dna_reader/o_dna_value_reg[6]
  -------------------------------------------------------------------
                         required time                         -1.226                           
                         arrival time                           3.107                           
  -------------------------------------------------------------------
                         slack                                  1.881                           





---------------------------------------------------------------------------------------------------
Path Group:  **async_default**
From Clock:  clk_fpga_0
  To Clock:  clk_fpga_0

Setup :            0  Failing Endpoints,  Worst Slack        6.336ns,  Total Violation        0.000ns
Hold  :            0  Failing Endpoints,  Worst Slack        0.977ns,  Total Violation        0.000ns
---------------------------------------------------------------------------------------------------


Max Delay Paths
--------------------------------------------------------------------------------------
Slack (MET) :             6.336ns  (required time - arrival time)
  Source:                 udp_gateway_shadow_mirror_i/rst_ps7_0_100M/U0/ACTIVE_LOW_PR_OUT_DFF[0].FDRE_PER_N/C
                            (rising edge-triggered cell FDRE clocked by clk_fpga_0  {rise@0.000ns fall@10.000ns period=20.000ns})
  Destination:            udp_gateway_shadow_mirror_i/dma_gateway_hybrid_0/inst/i_hybrid_dma/u_crypto_bridge/gen_crypto_cores[0].u_aes/keymem/key_mem_reg[12][104]/CLR
                            (recovery check against rising-edge clock clk_fpga_0  {rise@0.000ns fall@10.000ns period=20.000ns})
  Path Group:             **async_default**
  Path Type:              Recovery (Max at Slow Process Corner)
  Requirement:            20.000ns  (clk_fpga_0 rise@20.000ns - clk_fpga_0 rise@0.000ns)
  Data Path Delay:        12.788ns  (logic 0.580ns (4.535%)  route 12.208ns (95.465%))
  Logic Levels:           1  (LUT1=1)
  Clock Path Skew:        -0.169ns (DCD - SCD + CPR)
    Destination Clock Delay (DCD):    2.720ns = ( 22.720 - 20.000 ) 
    Source Clock Delay      (SCD):    3.004ns
    Clock Pessimism Removal (CPR):    0.115ns
  Clock Uncertainty:      0.302ns  ((TSJ^2 + TIJ^2)^1/2 + DJ) / 2 + PE
    Total System Jitter     (TSJ):    0.071ns
    Total Input Jitter      (TIJ):    0.600ns
    Discrete Jitter          (DJ):    0.000ns
    Phase Error              (PE):    0.000ns

    Location             Delay type                Incr(ns)  Path(ns)    PBlock               Netlist Resource(s)
  -------------------------------------------------------------------    ----------------------------------------
                         (clock clk_fpga_0 rise edge)
                                                      0.000     0.000 r                       
    PS7_X0Y0             PS7                          0.000     0.000 r                       udp_gateway_shadow_mirror_i/processing_system7_0/inst/PS7_i/FCLKCLK[0]
                         net (fo=1, routed)           1.193     1.193                         udp_gateway_shadow_mirror_i/processing_system7_0/inst/FCLK_CLK_unbuffered[0]
    BUFGCTRL_X0Y17       BUFG (Prop_bufg_I_O)         0.101     1.294 r                       udp_gateway_shadow_mirror_i/processing_system7_0/inst/buffer_fclk_clk_0.FCLK_CLK_0_BUFG/O
                         net (fo=42374, routed)       1.710     3.004                         udp_gateway_shadow_mirror_i/rst_ps7_0_100M/U0/slowest_sync_clk
    SLICE_X65Y85         FDRE                                         r                       udp_gateway_shadow_mirror_i/rst_ps7_0_100M/U0/ACTIVE_LOW_PR_OUT_DFF[0].FDRE_PER_N/C
  -------------------------------------------------------------------    ----------------------------------------
    SLICE_X65Y85         FDRE (Prop_fdre_C_Q)         0.456     3.460 r                       udp_gateway_shadow_mirror_i/rst_ps7_0_100M/U0/ACTIVE_LOW_PR_OUT_DFF[0].FDRE_PER_N/Q
                         net (fo=85, routed)          4.462     7.922                         udp_gateway_shadow_mirror_i/dma_gateway_hybrid_0/inst/i_hybrid_dma/u_crypto_bridge/gen_crypto_cores[0].u_aes/keymem/rst_n
    SLICE_X25Y49         LUT1 (Prop_lut1_I0_O)        0.124     8.046 f  shadow_data_region   udp_gateway_shadow_mirror_i/dma_gateway_hybrid_0/inst/i_hybrid_dma/u_crypto_bridge/gen_crypto_cores[0].u_aes/keymem/debug_last_plaintext_q[127]_i_2/O
                         net (fo=9554, routed)        7.746    15.792                         udp_gateway_shadow_mirror_i/dma_gateway_hybrid_0/inst/i_hybrid_dma/u_crypto_bridge/gen_crypto_cores[0].u_aes/keymem/rst_n_0
    SLICE_X70Y24         FDCE                                         f  shadow_data_region   udp_gateway_shadow_mirror_i/dma_gateway_hybrid_0/inst/i_hybrid_dma/u_crypto_bridge/gen_crypto_cores[0].u_aes/keymem/key_mem_reg[12][104]/CLR
  -------------------------------------------------------------------    ----------------------------------------

                         (clock clk_fpga_0 rise edge)
                                                     20.000    20.000 r                       
    PS7_X0Y0             PS7                          0.000    20.000 r                       udp_gateway_shadow_mirror_i/processing_system7_0/inst/PS7_i/FCLKCLK[0]
                         net (fo=1, routed)           1.088    21.088                         udp_gateway_shadow_mirror_i/processing_system7_0/inst/FCLK_CLK_unbuffered[0]
    BUFGCTRL_X0Y17       BUFG (Prop_bufg_I_O)         0.091    21.179 r                       udp_gateway_shadow_mirror_i/processing_system7_0/inst/buffer_fclk_clk_0.FCLK_CLK_0_BUFG/O
                         net (fo=42374, routed)       1.541    22.721                         udp_gateway_shadow_mirror_i/dma_gateway_hybrid_0/inst/i_hybrid_dma/u_crypto_bridge/gen_crypto_cores[0].u_aes/keymem/clk
    SLICE_X70Y24         FDCE                                         r  shadow_data_region   udp_gateway_shadow_mirror_i/dma_gateway_hybrid_0/inst/i_hybrid_dma/u_crypto_bridge/gen_crypto_cores[0].u_aes/keymem/key_mem_reg[12][104]/C
                         clock pessimism              0.115    22.835                           
                         clock uncertainty           -0.302    22.533                           
    SLICE_X70Y24         FDCE (Recov_fdce_C_CLR)     -0.405    22.128    shadow_data_region     udp_gateway_shadow_mirror_i/dma_gateway_hybrid_0/inst/i_hybrid_dma/u_crypto_bridge/gen_crypto_cores[0].u_aes/keymem/key_mem_reg[12][104]
  -------------------------------------------------------------------
                         required time                         22.128                           
                         arrival time                         -15.792                           
  -------------------------------------------------------------------
                         slack                                  6.336                           

Slack (MET) :             6.336ns  (required time - arrival time)
  Source:                 udp_gateway_shadow_mirror_i/rst_ps7_0_100M/U0/ACTIVE_LOW_PR_OUT_DFF[0].FDRE_PER_N/C
                            (rising edge-triggered cell FDRE clocked by clk_fpga_0  {rise@0.000ns fall@10.000ns period=20.000ns})
  Destination:            udp_gateway_shadow_mirror_i/dma_gateway_hybrid_0/inst/i_hybrid_dma/u_crypto_bridge/gen_crypto_cores[0].u_aes/keymem/key_mem_reg[12][110]/CLR
                            (recovery check against rising-edge clock clk_fpga_0  {rise@0.000ns fall@10.000ns period=20.000ns})
  Path Group:             **async_default**
  Path Type:              Recovery (Max at Slow Process Corner)
  Requirement:            20.000ns  (clk_fpga_0 rise@20.000ns - clk_fpga_0 rise@0.000ns)
  Data Path Delay:        12.788ns  (logic 0.580ns (4.535%)  route 12.208ns (95.465%))
  Logic Levels:           1  (LUT1=1)
  Clock Path Skew:        -0.169ns (DCD - SCD + CPR)
    Destination Clock Delay (DCD):    2.720ns = ( 22.720 - 20.000 ) 
    Source Clock Delay      (SCD):    3.004ns
    Clock Pessimism Removal (CPR):    0.115ns
  Clock Uncertainty:      0.302ns  ((TSJ^2 + TIJ^2)^1/2 + DJ) / 2 + PE
    Total System Jitter     (TSJ):    0.071ns
    Total Input Jitter      (TIJ):    0.600ns
    Discrete Jitter          (DJ):    0.000ns
    Phase Error              (PE):    0.000ns

    Location             Delay type                Incr(ns)  Path(ns)    PBlock               Netlist Resource(s)
  -------------------------------------------------------------------    ----------------------------------------
                         (clock clk_fpga_0 rise edge)
                                                      0.000     0.000 r                       
    PS7_X0Y0             PS7                          0.000     0.000 r                       udp_gateway_shadow_mirror_i/processing_system7_0/inst/PS7_i/FCLKCLK[0]
                         net (fo=1, routed)           1.193     1.193                         udp_gateway_shadow_mirror_i/processing_system7_0/inst/FCLK_CLK_unbuffered[0]
    BUFGCTRL_X0Y17       BUFG (Prop_bufg_I_O)         0.101     1.294 r                       udp_gateway_shadow_mirror_i/processing_system7_0/inst/buffer_fclk_clk_0.FCLK_CLK_0_BUFG/O
                         net (fo=42374, routed)       1.710     3.004                         udp_gateway_shadow_mirror_i/rst_ps7_0_100M/U0/slowest_sync_clk
    SLICE_X65Y85         FDRE                                         r                       udp_gateway_shadow_mirror_i/rst_ps7_0_100M/U0/ACTIVE_LOW_PR_OUT_DFF[0].FDRE_PER_N/C
  -------------------------------------------------------------------    ----------------------------------------
    SLICE_X65Y85         FDRE (Prop_fdre_C_Q)         0.456     3.460 r                       udp_gateway_shadow_mirror_i/rst_ps7_0_100M/U0/ACTIVE_LOW_PR_OUT_DFF[0].FDRE_PER_N/Q
                         net (fo=85, routed)          4.462     7.922                         udp_gateway_shadow_mirror_i/dma_gateway_hybrid_0/inst/i_hybrid_dma/u_crypto_bridge/gen_crypto_cores[0].u_aes/keymem/rst_n
    SLICE_X25Y49         LUT1 (Prop_lut1_I0_O)        0.124     8.046 f  shadow_data_region   udp_gateway_shadow_mirror_i/dma_gateway_hybrid_0/inst/i_hybrid_dma/u_crypto_bridge/gen_crypto_cores[0].u_aes/keymem/debug_last_plaintext_q[127]_i_2/O
                         net (fo=9554, routed)        7.746    15.792                         udp_gateway_shadow_mirror_i/dma_gateway_hybrid_0/inst/i_hybrid_dma/u_crypto_bridge/gen_crypto_cores[0].u_aes/keymem/rst_n_0
    SLICE_X70Y24         FDCE                                         f  shadow_data_region   udp_gateway_shadow_mirror_i/dma_gateway_hybrid_0/inst/i_hybrid_dma/u_crypto_bridge/gen_crypto_cores[0].u_aes/keymem/key_mem_reg[12][110]/CLR
  -------------------------------------------------------------------    ----------------------------------------

                         (clock clk_fpga_0 rise edge)
                                                     20.000    20.000 r                       
    PS7_X0Y0             PS7                          0.000    20.000 r                       udp_gateway_shadow_mirror_i/processing_system7_0/inst/PS7_i/FCLKCLK[0]
                         net (fo=1, routed)           1.088    21.088                         udp_gateway_shadow_mirror_i/processing_system7_0/inst/FCLK_CLK_unbuffered[0]
    BUFGCTRL_X0Y17       BUFG (Prop_bufg_I_O)         0.091    21.179 r                       udp_gateway_shadow_mirror_i/processing_system7_0/inst/buffer_fclk_clk_0.FCLK_CLK_0_BUFG/O
                         net (fo=42374, routed)       1.541    22.721                         udp_gateway_shadow_mirror_i/dma_gateway_hybrid_0/inst/i_hybrid_dma/u_crypto_bridge/gen_crypto_cores[0].u_aes/keymem/clk
    SLICE_X70Y24         FDCE                                         r  shadow_data_region   udp_gateway_shadow_mirror_i/dma_gateway_hybrid_0/inst/i_hybrid_dma/u_crypto_bridge/gen_crypto_cores[0].u_aes/keymem/key_mem_reg[12][110]/C
                         clock pessimism              0.115    22.835                           
                         clock uncertainty           -0.302    22.533                           
    SLICE_X70Y24         FDCE (Recov_fdce_C_CLR)     -0.405    22.128    shadow_data_region     udp_gateway_shadow_mirror_i/dma_gateway_hybrid_0/inst/i_hybrid_dma/u_crypto_bridge/gen_crypto_cores[0].u_aes/keymem/key_mem_reg[12][110]
  -------------------------------------------------------------------
                         required time                         22.128                           
                         arrival time                         -15.792                           
  -------------------------------------------------------------------
                         slack                                  6.336                           

Slack (MET) :             6.336ns  (required time - arrival time)
  Source:                 udp_gateway_shadow_mirror_i/rst_ps7_0_100M/U0/ACTIVE_LOW_PR_OUT_DFF[0].FDRE_PER_N/C
                            (rising edge-triggered cell FDRE clocked by clk_fpga_0  {rise@0.000ns fall@10.000ns period=20.000ns})
  Destination:            udp_gateway_shadow_mirror_i/dma_gateway_hybrid_0/inst/i_hybrid_dma/u_crypto_bridge/gen_crypto_cores[0].u_aes/keymem/key_mem_reg[12][36]/CLR
                            (recovery check against rising-edge clock clk_fpga_0  {rise@0.000ns fall@10.000ns period=20.000ns})
  Path Group:             **async_default**
  Path Type:              Recovery (Max at Slow Process Corner)
  Requirement:            20.000ns  (clk_fpga_0 rise@20.000ns - clk_fpga_0 rise@0.000ns)
  Data Path Delay:        12.788ns  (logic 0.580ns (4.535%)  route 12.208ns (95.465%))
  Logic Levels:           1  (LUT1=1)
  Clock Path Skew:        -0.169ns (DCD - SCD + CPR)
    Destination Clock Delay (DCD):    2.720ns = ( 22.720 - 20.000 ) 
    Source Clock Delay      (SCD):    3.004ns
    Clock Pessimism Removal (CPR):    0.115ns
  Clock Uncertainty:      0.302ns  ((TSJ^2 + TIJ^2)^1/2 + DJ) / 2 + PE
    Total System Jitter     (TSJ):    0.071ns
    Total Input Jitter      (TIJ):    0.600ns
    Discrete Jitter          (DJ):    0.000ns
    Phase Error              (PE):    0.000ns

    Location             Delay type                Incr(ns)  Path(ns)    PBlock               Netlist Resource(s)
  -------------------------------------------------------------------    ----------------------------------------
                         (clock clk_fpga_0 rise edge)
                                                      0.000     0.000 r                       
    PS7_X0Y0             PS7                          0.000     0.000 r                       udp_gateway_shadow_mirror_i/processing_system7_0/inst/PS7_i/FCLKCLK[0]
                         net (fo=1, routed)           1.193     1.193                         udp_gateway_shadow_mirror_i/processing_system7_0/inst/FCLK_CLK_unbuffered[0]
    BUFGCTRL_X0Y17       BUFG (Prop_bufg_I_O)         0.101     1.294 r                       udp_gateway_shadow_mirror_i/processing_system7_0/inst/buffer_fclk_clk_0.FCLK_CLK_0_BUFG/O
                         net (fo=42374, routed)       1.710     3.004                         udp_gateway_shadow_mirror_i/rst_ps7_0_100M/U0/slowest_sync_clk
    SLICE_X65Y85         FDRE                                         r                       udp_gateway_shadow_mirror_i/rst_ps7_0_100M/U0/ACTIVE_LOW_PR_OUT_DFF[0].FDRE_PER_N/C
  -------------------------------------------------------------------    ----------------------------------------
    SLICE_X65Y85         FDRE (Prop_fdre_C_Q)         0.456     3.460 r                       udp_gateway_shadow_mirror_i/rst_ps7_0_100M/U0/ACTIVE_LOW_PR_OUT_DFF[0].FDRE_PER_N/Q
                         net (fo=85, routed)          4.462     7.922                         udp_gateway_shadow_mirror_i/dma_gateway_hybrid_0/inst/i_hybrid_dma/u_crypto_bridge/gen_crypto_cores[0].u_aes/keymem/rst_n
    SLICE_X25Y49         LUT1 (Prop_lut1_I0_O)        0.124     8.046 f  shadow_data_region   udp_gateway_shadow_mirror_i/dma_gateway_hybrid_0/inst/i_hybrid_dma/u_crypto_bridge/gen_crypto_cores[0].u_aes/keymem/debug_last_plaintext_q[127]_i_2/O
                         net (fo=9554, routed)        7.746    15.792                         udp_gateway_shadow_mirror_i/dma_gateway_hybrid_0/inst/i_hybrid_dma/u_crypto_bridge/gen_crypto_cores[0].u_aes/keymem/rst_n_0
    SLICE_X70Y24         FDCE                                         f  shadow_data_region   udp_gateway_shadow_mirror_i/dma_gateway_hybrid_0/inst/i_hybrid_dma/u_crypto_bridge/gen_crypto_cores[0].u_aes/keymem/key_mem_reg[12][36]/CLR
  -------------------------------------------------------------------    ----------------------------------------

                         (clock clk_fpga_0 rise edge)
                                                     20.000    20.000 r                       
    PS7_X0Y0             PS7                          0.000    20.000 r                       udp_gateway_shadow_mirror_i/processing_system7_0/inst/PS7_i/FCLKCLK[0]
                         net (fo=1, routed)           1.088    21.088                         udp_gateway_shadow_mirror_i/processing_system7_0/inst/FCLK_CLK_unbuffered[0]
    BUFGCTRL_X0Y17       BUFG (Prop_bufg_I_O)         0.091    21.179 r                       udp_gateway_shadow_mirror_i/processing_system7_0/inst/buffer_fclk_clk_0.FCLK_CLK_0_BUFG/O
                         net (fo=42374, routed)       1.541    22.721                         udp_gateway_shadow_mirror_i/dma_gateway_hybrid_0/inst/i_hybrid_dma/u_crypto_bridge/gen_crypto_cores[0].u_aes/keymem/clk
    SLICE_X70Y24         FDCE                                         r  shadow_data_region   udp_gateway_shadow_mirror_i/dma_gateway_hybrid_0/inst/i_hybrid_dma/u_crypto_bridge/gen_crypto_cores[0].u_aes/keymem/key_mem_reg[12][36]/C
                         clock pessimism              0.115    22.835                           
                         clock uncertainty           -0.302    22.533                           
    SLICE_X70Y24         FDCE (Recov_fdce_C_CLR)     -0.405    22.128    shadow_data_region     udp_gateway_shadow_mirror_i/dma_gateway_hybrid_0/inst/i_hybrid_dma/u_crypto_bridge/gen_crypto_cores[0].u_aes/keymem/key_mem_reg[12][36]
  -------------------------------------------------------------------
                         required time                         22.128                           
                         arrival time                         -15.792                           
  -------------------------------------------------------------------
                         slack                                  6.336                           

Slack (MET) :             6.336ns  (required time - arrival time)
  Source:                 udp_gateway_shadow_mirror_i/rst_ps7_0_100M/U0/ACTIVE_LOW_PR_OUT_DFF[0].FDRE_PER_N/C
                            (rising edge-triggered cell FDRE clocked by clk_fpga_0  {rise@0.000ns fall@10.000ns period=20.000ns})
  Destination:            udp_gateway_shadow_mirror_i/dma_gateway_hybrid_0/inst/i_hybrid_dma/u_crypto_bridge/gen_crypto_cores[0].u_aes/keymem/key_mem_reg[12][38]/CLR
                            (recovery check against rising-edge clock clk_fpga_0  {rise@0.000ns fall@10.000ns period=20.000ns})
  Path Group:             **async_default**
  Path Type:              Recovery (Max at Slow Process Corner)
  Requirement:            20.000ns  (clk_fpga_0 rise@20.000ns - clk_fpga_0 rise@0.000ns)
  Data Path Delay:        12.788ns  (logic 0.580ns (4.535%)  route 12.208ns (95.465%))
  Logic Levels:           1  (LUT1=1)
  Clock Path Skew:        -0.169ns (DCD - SCD + CPR)
    Destination Clock Delay (DCD):    2.720ns = ( 22.720 - 20.000 ) 
    Source Clock Delay      (SCD):    3.004ns
    Clock Pessimism Removal (CPR):    0.115ns
  Clock Uncertainty:      0.302ns  ((TSJ^2 + TIJ^2)^1/2 + DJ) / 2 + PE
    Total System Jitter     (TSJ):    0.071ns
    Total Input Jitter      (TIJ):    0.600ns
    Discrete Jitter          (DJ):    0.000ns
    Phase Error              (PE):    0.000ns

    Location             Delay type                Incr(ns)  Path(ns)    PBlock               Netlist Resource(s)
  -------------------------------------------------------------------    ----------------------------------------
                         (clock clk_fpga_0 rise edge)
                                                      0.000     0.000 r                       
    PS7_X0Y0             PS7                          0.000     0.000 r                       udp_gateway_shadow_mirror_i/processing_system7_0/inst/PS7_i/FCLKCLK[0]
                         net (fo=1, routed)           1.193     1.193                         udp_gateway_shadow_mirror_i/processing_system7_0/inst/FCLK_CLK_unbuffered[0]
    BUFGCTRL_X0Y17       BUFG (Prop_bufg_I_O)         0.101     1.294 r                       udp_gateway_shadow_mirror_i/processing_system7_0/inst/buffer_fclk_clk_0.FCLK_CLK_0_BUFG/O
                         net (fo=42374, routed)       1.710     3.004                         udp_gateway_shadow_mirror_i/rst_ps7_0_100M/U0/slowest_sync_clk
    SLICE_X65Y85         FDRE                                         r                       udp_gateway_shadow_mirror_i/rst_ps7_0_100M/U0/ACTIVE_LOW_PR_OUT_DFF[0].FDRE_PER_N/C
  -------------------------------------------------------------------    ----------------------------------------
    SLICE_X65Y85         FDRE (Prop_fdre_C_Q)         0.456     3.460 r                       udp_gateway_shadow_mirror_i/rst_ps7_0_100M/U0/ACTIVE_LOW_PR_OUT_DFF[0].FDRE_PER_N/Q
                         net (fo=85, routed)          4.462     7.922                         udp_gateway_shadow_mirror_i/dma_gateway_hybrid_0/inst/i_hybrid_dma/u_crypto_bridge/gen_crypto_cores[0].u_aes/keymem/rst_n
    SLICE_X25Y49         LUT1 (Prop_lut1_I0_O)        0.124     8.046 f  shadow_data_region   udp_gateway_shadow_mirror_i/dma_gateway_hybrid_0/inst/i_hybrid_dma/u_crypto_bridge/gen_crypto_cores[0].u_aes/keymem/debug_last_plaintext_q[127]_i_2/O
                         net (fo=9554, routed)        7.746    15.792                         udp_gateway_shadow_mirror_i/dma_gateway_hybrid_0/inst/i_hybrid_dma/u_crypto_bridge/gen_crypto_cores[0].u_aes/keymem/rst_n_0
    SLICE_X70Y24         FDCE                                         f  shadow_data_region   udp_gateway_shadow_mirror_i/dma_gateway_hybrid_0/inst/i_hybrid_dma/u_crypto_bridge/gen_crypto_cores[0].u_aes/keymem/key_mem_reg[12][38]/CLR
  -------------------------------------------------------------------    ----------------------------------------

                         (clock clk_fpga_0 rise edge)
                                                     20.000    20.000 r                       
    PS7_X0Y0             PS7                          0.000    20.000 r                       udp_gateway_shadow_mirror_i/processing_system7_0/inst/PS7_i/FCLKCLK[0]
                         net (fo=1, routed)           1.088    21.088                         udp_gateway_shadow_mirror_i/processing_system7_0/inst/FCLK_CLK_unbuffered[0]
    BUFGCTRL_X0Y17       BUFG (Prop_bufg_I_O)         0.091    21.179 r                       udp_gateway_shadow_mirror_i/processing_system7_0/inst/buffer_fclk_clk_0.FCLK_CLK_0_BUFG/O
                         net (fo=42374, routed)       1.541    22.721                         udp_gateway_shadow_mirror_i/dma_gateway_hybrid_0/inst/i_hybrid_dma/u_crypto_bridge/gen_crypto_cores[0].u_aes/keymem/clk
    SLICE_X70Y24         FDCE                                         r  shadow_data_region   udp_gateway_shadow_mirror_i/dma_gateway_hybrid_0/inst/i_hybrid_dma/u_crypto_bridge/gen_crypto_cores[0].u_aes/keymem/key_mem_reg[12][38]/C
                         clock pessimism              0.115    22.835                           
                         clock uncertainty           -0.302    22.533                           
    SLICE_X70Y24         FDCE (Recov_fdce_C_CLR)     -0.405    22.128    shadow_data_region     udp_gateway_shadow_mirror_i/dma_gateway_hybrid_0/inst/i_hybrid_dma/u_crypto_bridge/gen_crypto_cores[0].u_aes/keymem/key_mem_reg[12][38]
  -------------------------------------------------------------------
                         required time                         22.128                           
                         arrival time                         -15.792                           
  -------------------------------------------------------------------
                         slack                                  6.336                           

Slack (MET) :             6.336ns  (required time - arrival time)
  Source:                 udp_gateway_shadow_mirror_i/rst_ps7_0_100M/U0/ACTIVE_LOW_PR_OUT_DFF[0].FDRE_PER_N/C
                            (rising edge-triggered cell FDRE clocked by clk_fpga_0  {rise@0.000ns fall@10.000ns period=20.000ns})
  Destination:            udp_gateway_shadow_mirror_i/dma_gateway_hybrid_0/inst/i_hybrid_dma/u_crypto_bridge/gen_crypto_cores[0].u_aes/keymem/key_mem_reg[12][3]/CLR
                            (recovery check against rising-edge clock clk_fpga_0  {rise@0.000ns fall@10.000ns period=20.000ns})
  Path Group:             **async_default**
  Path Type:              Recovery (Max at Slow Process Corner)
  Requirement:            20.000ns  (clk_fpga_0 rise@20.000ns - clk_fpga_0 rise@0.000ns)
  Data Path Delay:        12.788ns  (logic 0.580ns (4.535%)  route 12.208ns (95.465%))
  Logic Levels:           1  (LUT1=1)
  Clock Path Skew:        -0.169ns (DCD - SCD + CPR)
    Destination Clock Delay (DCD):    2.720ns = ( 22.720 - 20.000 ) 
    Source Clock Delay      (SCD):    3.004ns
    Clock Pessimism Removal (CPR):    0.115ns
  Clock Uncertainty:      0.302ns  ((TSJ^2 + TIJ^2)^1/2 + DJ) / 2 + PE
    Total System Jitter     (TSJ):    0.071ns
    Total Input Jitter      (TIJ):    0.600ns
    Discrete Jitter          (DJ):    0.000ns
    Phase Error              (PE):    0.000ns

    Location             Delay type                Incr(ns)  Path(ns)    PBlock               Netlist Resource(s)
  -------------------------------------------------------------------    ----------------------------------------
                         (clock clk_fpga_0 rise edge)
                                                      0.000     0.000 r                       
    PS7_X0Y0             PS7                          0.000     0.000 r                       udp_gateway_shadow_mirror_i/processing_system7_0/inst/PS7_i/FCLKCLK[0]
                         net (fo=1, routed)           1.193     1.193                         udp_gateway_shadow_mirror_i/processing_system7_0/inst/FCLK_CLK_unbuffered[0]
    BUFGCTRL_X0Y17       BUFG (Prop_bufg_I_O)         0.101     1.294 r                       udp_gateway_shadow_mirror_i/processing_system7_0/inst/buffer_fclk_clk_0.FCLK_CLK_0_BUFG/O
                         net (fo=42374, routed)       1.710     3.004                         udp_gateway_shadow_mirror_i/rst_ps7_0_100M/U0/slowest_sync_clk
    SLICE_X65Y85         FDRE                                         r                       udp_gateway_shadow_mirror_i/rst_ps7_0_100M/U0/ACTIVE_LOW_PR_OUT_DFF[0].FDRE_PER_N/C
  -------------------------------------------------------------------    ----------------------------------------
    SLICE_X65Y85         FDRE (Prop_fdre_C_Q)         0.456     3.460 r                       udp_gateway_shadow_mirror_i/rst_ps7_0_100M/U0/ACTIVE_LOW_PR_OUT_DFF[0].FDRE_PER_N/Q
                         net (fo=85, routed)          4.462     7.922                         udp_gateway_shadow_mirror_i/dma_gateway_hybrid_0/inst/i_hybrid_dma/u_crypto_bridge/gen_crypto_cores[0].u_aes/keymem/rst_n
    SLICE_X25Y49         LUT1 (Prop_lut1_I0_O)        0.124     8.046 f  shadow_data_region   udp_gateway_shadow_mirror_i/dma_gateway_hybrid_0/inst/i_hybrid_dma/u_crypto_bridge/gen_crypto_cores[0].u_aes/keymem/debug_last_plaintext_q[127]_i_2/O
                         net (fo=9554, routed)        7.746    15.792                         udp_gateway_shadow_mirror_i/dma_gateway_hybrid_0/inst/i_hybrid_dma/u_crypto_bridge/gen_crypto_cores[0].u_aes/keymem/rst_n_0
    SLICE_X70Y24         FDCE                                         f  shadow_data_region   udp_gateway_shadow_mirror_i/dma_gateway_hybrid_0/inst/i_hybrid_dma/u_crypto_bridge/gen_crypto_cores[0].u_aes/keymem/key_mem_reg[12][3]/CLR
  -------------------------------------------------------------------    ----------------------------------------

                         (clock clk_fpga_0 rise edge)
                                                     20.000    20.000 r                       
    PS7_X0Y0             PS7                          0.000    20.000 r                       udp_gateway_shadow_mirror_i/processing_system7_0/inst/PS7_i/FCLKCLK[0]
                         net (fo=1, routed)           1.088    21.088                         udp_gateway_shadow_mirror_i/processing_system7_0/inst/FCLK_CLK_unbuffered[0]
    BUFGCTRL_X0Y17       BUFG (Prop_bufg_I_O)         0.091    21.179 r                       udp_gateway_shadow_mirror_i/processing_system7_0/inst/buffer_fclk_clk_0.FCLK_CLK_0_BUFG/O
                         net (fo=42374, routed)       1.541    22.721                         udp_gateway_shadow_mirror_i/dma_gateway_hybrid_0/inst/i_hybrid_dma/u_crypto_bridge/gen_crypto_cores[0].u_aes/keymem/clk
    SLICE_X70Y24         FDCE                                         r  shadow_data_region   udp_gateway_shadow_mirror_i/dma_gateway_hybrid_0/inst/i_hybrid_dma/u_crypto_bridge/gen_crypto_cores[0].u_aes/keymem/key_mem_reg[12][3]/C
                         clock pessimism              0.115    22.835                           
                         clock uncertainty           -0.302    22.533                           
    SLICE_X70Y24         FDCE (Recov_fdce_C_CLR)     -0.405    22.128    shadow_data_region     udp_gateway_shadow_mirror_i/dma_gateway_hybrid_0/inst/i_hybrid_dma/u_crypto_bridge/gen_crypto_cores[0].u_aes/keymem/key_mem_reg[12][3]
  -------------------------------------------------------------------
                         required time                         22.128                           
                         arrival time                         -15.792                           
  -------------------------------------------------------------------
                         slack                                  6.336                           

Slack (MET) :             6.340ns  (required time - arrival time)
  Source:                 udp_gateway_shadow_mirror_i/rst_ps7_0_100M/U0/ACTIVE_LOW_PR_OUT_DFF[0].FDRE_PER_N/C
                            (rising edge-triggered cell FDRE clocked by clk_fpga_0  {rise@0.000ns fall@10.000ns period=20.000ns})
  Destination:            udp_gateway_shadow_mirror_i/dma_gateway_hybrid_0/inst/i_hybrid_dma/u_crypto_bridge/gen_crypto_cores[0].u_aes/keymem/key_mem_reg[13][104]/CLR
                            (recovery check against rising-edge clock clk_fpga_0  {rise@0.000ns fall@10.000ns period=20.000ns})
  Path Group:             **async_default**
  Path Type:              Recovery (Max at Slow Process Corner)
  Requirement:            20.000ns  (clk_fpga_0 rise@20.000ns - clk_fpga_0 rise@0.000ns)
  Data Path Delay:        12.784ns  (logic 0.580ns (4.537%)  route 12.204ns (95.463%))
  Logic Levels:           1  (LUT1=1)
  Clock Path Skew:        -0.169ns (DCD - SCD + CPR)
    Destination Clock Delay (DCD):    2.720ns = ( 22.720 - 20.000 ) 
    Source Clock Delay      (SCD):    3.004ns
    Clock Pessimism Removal (CPR):    0.115ns
  Clock Uncertainty:      0.302ns  ((TSJ^2 + TIJ^2)^1/2 + DJ) / 2 + PE
    Total System Jitter     (TSJ):    0.071ns
    Total Input Jitter      (TIJ):    0.600ns
    Discrete Jitter          (DJ):    0.000ns
    Phase Error              (PE):    0.000ns

    Location             Delay type                Incr(ns)  Path(ns)    PBlock               Netlist Resource(s)
  -------------------------------------------------------------------    ----------------------------------------
                         (clock clk_fpga_0 rise edge)
                                                      0.000     0.000 r                       
    PS7_X0Y0             PS7                          0.000     0.000 r                       udp_gateway_shadow_mirror_i/processing_system7_0/inst/PS7_i/FCLKCLK[0]
                         net (fo=1, routed)           1.193     1.193                         udp_gateway_shadow_mirror_i/processing_system7_0/inst/FCLK_CLK_unbuffered[0]
    BUFGCTRL_X0Y17       BUFG (Prop_bufg_I_O)         0.101     1.294 r                       udp_gateway_shadow_mirror_i/processing_system7_0/inst/buffer_fclk_clk_0.FCLK_CLK_0_BUFG/O
                         net (fo=42374, routed)       1.710     3.004                         udp_gateway_shadow_mirror_i/rst_ps7_0_100M/U0/slowest_sync_clk
    SLICE_X65Y85         FDRE                                         r                       udp_gateway_shadow_mirror_i/rst_ps7_0_100M/U0/ACTIVE_LOW_PR_OUT_DFF[0].FDRE_PER_N/C
  -------------------------------------------------------------------    ----------------------------------------
    SLICE_X65Y85         FDRE (Prop_fdre_C_Q)         0.456     3.460 r                       udp_gateway_shadow_mirror_i/rst_ps7_0_100M/U0/ACTIVE_LOW_PR_OUT_DFF[0].FDRE_PER_N/Q
                         net (fo=85, routed)          4.462     7.922                         udp_gateway_shadow_mirror_i/dma_gateway_hybrid_0/inst/i_hybrid_dma/u_crypto_bridge/gen_crypto_cores[0].u_aes/keymem/rst_n
    SLICE_X25Y49         LUT1 (Prop_lut1_I0_O)        0.124     8.046 f  shadow_data_region   udp_gateway_shadow_mirror_i/dma_gateway_hybrid_0/inst/i_hybrid_dma/u_crypto_bridge/gen_crypto_cores[0].u_aes/keymem/debug_last_plaintext_q[127]_i_2/O
                         net (fo=9554, routed)        7.742    15.788                         udp_gateway_shadow_mirror_i/dma_gateway_hybrid_0/inst/i_hybrid_dma/u_crypto_bridge/gen_crypto_cores[0].u_aes/keymem/rst_n_0
    SLICE_X71Y24         FDCE                                         f  shadow_data_region   udp_gateway_shadow_mirror_i/dma_gateway_hybrid_0/inst/i_hybrid_dma/u_crypto_bridge/gen_crypto_cores[0].u_aes/keymem/key_mem_reg[13][104]/CLR
  -------------------------------------------------------------------    ----------------------------------------

                         (clock clk_fpga_0 rise edge)
                                                     20.000    20.000 r                       
    PS7_X0Y0             PS7                          0.000    20.000 r                       udp_gateway_shadow_mirror_i/processing_system7_0/inst/PS7_i/FCLKCLK[0]
                         net (fo=1, routed)           1.088    21.088                         udp_gateway_shadow_mirror_i/processing_system7_0/inst/FCLK_CLK_unbuffered[0]
    BUFGCTRL_X0Y17       BUFG (Prop_bufg_I_O)         0.091    21.179 r                       udp_gateway_shadow_mirror_i/processing_system7_0/inst/buffer_fclk_clk_0.FCLK_CLK_0_BUFG/O
                         net (fo=42374, routed)       1.541    22.721                         udp_gateway_shadow_mirror_i/dma_gateway_hybrid_0/inst/i_hybrid_dma/u_crypto_bridge/gen_crypto_cores[0].u_aes/keymem/clk
    SLICE_X71Y24         FDCE                                         r  shadow_data_region   udp_gateway_shadow_mirror_i/dma_gateway_hybrid_0/inst/i_hybrid_dma/u_crypto_bridge/gen_crypto_cores[0].u_aes/keymem/key_mem_reg[13][104]/C
                         clock pessimism              0.115    22.835                           
                         clock uncertainty           -0.302    22.533                           
    SLICE_X71Y24         FDCE (Recov_fdce_C_CLR)     -0.405    22.128    shadow_data_region     udp_gateway_shadow_mirror_i/dma_gateway_hybrid_0/inst/i_hybrid_dma/u_crypto_bridge/gen_crypto_cores[0].u_aes/keymem/key_mem_reg[13][104]
  -------------------------------------------------------------------
                         required time                         22.128                           
                         arrival time                         -15.788                           
  -------------------------------------------------------------------
                         slack                                  6.340                           

Slack (MET) :             6.340ns  (required time - arrival time)
  Source:                 udp_gateway_shadow_mirror_i/rst_ps7_0_100M/U0/ACTIVE_LOW_PR_OUT_DFF[0].FDRE_PER_N/C
                            (rising edge-triggered cell FDRE clocked by clk_fpga_0  {rise@0.000ns fall@10.000ns period=20.000ns})
  Destination:            udp_gateway_shadow_mirror_i/dma_gateway_hybrid_0/inst/i_hybrid_dma/u_crypto_bridge/gen_crypto_cores[0].u_aes/keymem/key_mem_reg[13][110]/CLR
                            (recovery check against rising-edge clock clk_fpga_0  {rise@0.000ns fall@10.000ns period=20.000ns})
  Path Group:             **async_default**
  Path Type:              Recovery (Max at Slow Process Corner)
  Requirement:            20.000ns  (clk_fpga_0 rise@20.000ns - clk_fpga_0 rise@0.000ns)
  Data Path Delay:        12.784ns  (logic 0.580ns (4.537%)  route 12.204ns (95.463%))
  Logic Levels:           1  (LUT1=1)
  Clock Path Skew:        -0.169ns (DCD - SCD + CPR)
    Destination Clock Delay (DCD):    2.720ns = ( 22.720 - 20.000 ) 
    Source Clock Delay      (SCD):    3.004ns
    Clock Pessimism Removal (CPR):    0.115ns
  Clock Uncertainty:      0.302ns  ((TSJ^2 + TIJ^2)^1/2 + DJ) / 2 + PE
    Total System Jitter     (TSJ):    0.071ns
    Total Input Jitter      (TIJ):    0.600ns
    Discrete Jitter          (DJ):    0.000ns
    Phase Error              (PE):    0.000ns

    Location             Delay type                Incr(ns)  Path(ns)    PBlock               Netlist Resource(s)
  -------------------------------------------------------------------    ----------------------------------------
                         (clock clk_fpga_0 rise edge)
                                                      0.000     0.000 r                       
    PS7_X0Y0             PS7                          0.000     0.000 r                       udp_gateway_shadow_mirror_i/processing_system7_0/inst/PS7_i/FCLKCLK[0]
                         net (fo=1, routed)           1.193     1.193                         udp_gateway_shadow_mirror_i/processing_system7_0/inst/FCLK_CLK_unbuffered[0]
    BUFGCTRL_X0Y17       BUFG (Prop_bufg_I_O)         0.101     1.294 r                       udp_gateway_shadow_mirror_i/processing_system7_0/inst/buffer_fclk_clk_0.FCLK_CLK_0_BUFG/O
                         net (fo=42374, routed)       1.710     3.004                         udp_gateway_shadow_mirror_i/rst_ps7_0_100M/U0/slowest_sync_clk
    SLICE_X65Y85         FDRE                                         r                       udp_gateway_shadow_mirror_i/rst_ps7_0_100M/U0/ACTIVE_LOW_PR_OUT_DFF[0].FDRE_PER_N/C
  -------------------------------------------------------------------    ----------------------------------------
    SLICE_X65Y85         FDRE (Prop_fdre_C_Q)         0.456     3.460 r                       udp_gateway_shadow_mirror_i/rst_ps7_0_100M/U0/ACTIVE_LOW_PR_OUT_DFF[0].FDRE_PER_N/Q
                         net (fo=85, routed)          4.462     7.922                         udp_gateway_shadow_mirror_i/dma_gateway_hybrid_0/inst/i_hybrid_dma/u_crypto_bridge/gen_crypto_cores[0].u_aes/keymem/rst_n
    SLICE_X25Y49         LUT1 (Prop_lut1_I0_O)        0.124     8.046 f  shadow_data_region   udp_gateway_shadow_mirror_i/dma_gateway_hybrid_0/inst/i_hybrid_dma/u_crypto_bridge/gen_crypto_cores[0].u_aes/keymem/debug_last_plaintext_q[127]_i_2/O
                         net (fo=9554, routed)        7.742    15.788                         udp_gateway_shadow_mirror_i/dma_gateway_hybrid_0/inst/i_hybrid_dma/u_crypto_bridge/gen_crypto_cores[0].u_aes/keymem/rst_n_0
    SLICE_X71Y24         FDCE                                         f  shadow_data_region   udp_gateway_shadow_mirror_i/dma_gateway_hybrid_0/inst/i_hybrid_dma/u_crypto_bridge/gen_crypto_cores[0].u_aes/keymem/key_mem_reg[13][110]/CLR
  -------------------------------------------------------------------    ----------------------------------------

                         (clock clk_fpga_0 rise edge)
                                                     20.000    20.000 r                       
    PS7_X0Y0             PS7                          0.000    20.000 r                       udp_gateway_shadow_mirror_i/processing_system7_0/inst/PS7_i/FCLKCLK[0]
                         net (fo=1, routed)           1.088    21.088                         udp_gateway_shadow_mirror_i/processing_system7_0/inst/FCLK_CLK_unbuffered[0]
    BUFGCTRL_X0Y17       BUFG (Prop_bufg_I_O)         0.091    21.179 r                       udp_gateway_shadow_mirror_i/processing_system7_0/inst/buffer_fclk_clk_0.FCLK_CLK_0_BUFG/O
                         net (fo=42374, routed)       1.541    22.721                         udp_gateway_shadow_mirror_i/dma_gateway_hybrid_0/inst/i_hybrid_dma/u_crypto_bridge/gen_crypto_cores[0].u_aes/keymem/clk
    SLICE_X71Y24         FDCE                                         r  shadow_data_region   udp_gateway_shadow_mirror_i/dma_gateway_hybrid_0/inst/i_hybrid_dma/u_crypto_bridge/gen_crypto_cores[0].u_aes/keymem/key_mem_reg[13][110]/C
                         clock pessimism              0.115    22.835                           
                         clock uncertainty           -0.302    22.533                           
    SLICE_X71Y24         FDCE (Recov_fdce_C_CLR)     -0.405    22.128    shadow_data_region     udp_gateway_shadow_mirror_i/dma_gateway_hybrid_0/inst/i_hybrid_dma/u_crypto_bridge/gen_crypto_cores[0].u_aes/keymem/key_mem_reg[13][110]
  -------------------------------------------------------------------
                         required time                         22.128                           
                         arrival time                         -15.788                           
  -------------------------------------------------------------------
                         slack                                  6.340                           

Slack (MET) :             6.340ns  (required time - arrival time)
  Source:                 udp_gateway_shadow_mirror_i/rst_ps7_0_100M/U0/ACTIVE_LOW_PR_OUT_DFF[0].FDRE_PER_N/C
                            (rising edge-triggered cell FDRE clocked by clk_fpga_0  {rise@0.000ns fall@10.000ns period=20.000ns})
  Destination:            udp_gateway_shadow_mirror_i/dma_gateway_hybrid_0/inst/i_hybrid_dma/u_crypto_bridge/gen_crypto_cores[0].u_aes/keymem/key_mem_reg[13][36]/CLR
                            (recovery check against rising-edge clock clk_fpga_0  {rise@0.000ns fall@10.000ns period=20.000ns})
  Path Group:             **async_default**
  Path Type:              Recovery (Max at Slow Process Corner)
  Requirement:            20.000ns  (clk_fpga_0 rise@20.000ns - clk_fpga_0 rise@0.000ns)
  Data Path Delay:        12.784ns  (logic 0.580ns (4.537%)  route 12.204ns (95.463%))
  Logic Levels:           1  (LUT1=1)
  Clock Path Skew:        -0.169ns (DCD - SCD + CPR)
    Destination Clock Delay (DCD):    2.720ns = ( 22.720 - 20.000 ) 
    Source Clock Delay      (SCD):    3.004ns
    Clock Pessimism Removal (CPR):    0.115ns
  Clock Uncertainty:      0.302ns  ((TSJ^2 + TIJ^2)^1/2 + DJ) / 2 + PE
    Total System Jitter     (TSJ):    0.071ns
    Total Input Jitter      (TIJ):    0.600ns
    Discrete Jitter          (DJ):    0.000ns
    Phase Error              (PE):    0.000ns

    Location             Delay type                Incr(ns)  Path(ns)    PBlock               Netlist Resource(s)
  -------------------------------------------------------------------    ----------------------------------------
                         (clock clk_fpga_0 rise edge)
                                                      0.000     0.000 r                       
    PS7_X0Y0             PS7                          0.000     0.000 r                       udp_gateway_shadow_mirror_i/processing_system7_0/inst/PS7_i/FCLKCLK[0]
                         net (fo=1, routed)           1.193     1.193                         udp_gateway_shadow_mirror_i/processing_system7_0/inst/FCLK_CLK_unbuffered[0]
    BUFGCTRL_X0Y17       BUFG (Prop_bufg_I_O)         0.101     1.294 r                       udp_gateway_shadow_mirror_i/processing_system7_0/inst/buffer_fclk_clk_0.FCLK_CLK_0_BUFG/O
                         net (fo=42374, routed)       1.710     3.004                         udp_gateway_shadow_mirror_i/rst_ps7_0_100M/U0/slowest_sync_clk
    SLICE_X65Y85         FDRE                                         r                       udp_gateway_shadow_mirror_i/rst_ps7_0_100M/U0/ACTIVE_LOW_PR_OUT_DFF[0].FDRE_PER_N/C
  -------------------------------------------------------------------    ----------------------------------------
    SLICE_X65Y85         FDRE (Prop_fdre_C_Q)         0.456     3.460 r                       udp_gateway_shadow_mirror_i/rst_ps7_0_100M/U0/ACTIVE_LOW_PR_OUT_DFF[0].FDRE_PER_N/Q
                         net (fo=85, routed)          4.462     7.922                         udp_gateway_shadow_mirror_i/dma_gateway_hybrid_0/inst/i_hybrid_dma/u_crypto_bridge/gen_crypto_cores[0].u_aes/keymem/rst_n
    SLICE_X25Y49         LUT1 (Prop_lut1_I0_O)        0.124     8.046 f  shadow_data_region   udp_gateway_shadow_mirror_i/dma_gateway_hybrid_0/inst/i_hybrid_dma/u_crypto_bridge/gen_crypto_cores[0].u_aes/keymem/debug_last_plaintext_q[127]_i_2/O
                         net (fo=9554, routed)        7.742    15.788                         udp_gateway_shadow_mirror_i/dma_gateway_hybrid_0/inst/i_hybrid_dma/u_crypto_bridge/gen_crypto_cores[0].u_aes/keymem/rst_n_0
    SLICE_X71Y24         FDCE                                         f  shadow_data_region   udp_gateway_shadow_mirror_i/dma_gateway_hybrid_0/inst/i_hybrid_dma/u_crypto_bridge/gen_crypto_cores[0].u_aes/keymem/key_mem_reg[13][36]/CLR
  -------------------------------------------------------------------    ----------------------------------------

                         (clock clk_fpga_0 rise edge)
                                                     20.000    20.000 r                       
    PS7_X0Y0             PS7                          0.000    20.000 r                       udp_gateway_shadow_mirror_i/processing_system7_0/inst/PS7_i/FCLKCLK[0]
                         net (fo=1, routed)           1.088    21.088                         udp_gateway_shadow_mirror_i/processing_system7_0/inst/FCLK_CLK_unbuffered[0]
    BUFGCTRL_X0Y17       BUFG (Prop_bufg_I_O)         0.091    21.179 r                       udp_gateway_shadow_mirror_i/processing_system7_0/inst/buffer_fclk_clk_0.FCLK_CLK_0_BUFG/O
                         net (fo=42374, routed)       1.541    22.721                         udp_gateway_shadow_mirror_i/dma_gateway_hybrid_0/inst/i_hybrid_dma/u_crypto_bridge/gen_crypto_cores[0].u_aes/keymem/clk
    SLICE_X71Y24         FDCE                                         r  shadow_data_region   udp_gateway_shadow_mirror_i/dma_gateway_hybrid_0/inst/i_hybrid_dma/u_crypto_bridge/gen_crypto_cores[0].u_aes/keymem/key_mem_reg[13][36]/C
                         clock pessimism              0.115    22.835                           
                         clock uncertainty           -0.302    22.533                           
    SLICE_X71Y24         FDCE (Recov_fdce_C_CLR)     -0.405    22.128    shadow_data_region     udp_gateway_shadow_mirror_i/dma_gateway_hybrid_0/inst/i_hybrid_dma/u_crypto_bridge/gen_crypto_cores[0].u_aes/keymem/key_mem_reg[13][36]
  -------------------------------------------------------------------
                         required time                         22.128                           
                         arrival time                         -15.788                           
  -------------------------------------------------------------------
                         slack                                  6.340                           

Slack (MET) :             6.340ns  (required time - arrival time)
  Source:                 udp_gateway_shadow_mirror_i/rst_ps7_0_100M/U0/ACTIVE_LOW_PR_OUT_DFF[0].FDRE_PER_N/C
                            (rising edge-triggered cell FDRE clocked by clk_fpga_0  {rise@0.000ns fall@10.000ns period=20.000ns})
  Destination:            udp_gateway_shadow_mirror_i/dma_gateway_hybrid_0/inst/i_hybrid_dma/u_crypto_bridge/gen_crypto_cores[0].u_aes/keymem/key_mem_reg[13][38]/CLR
                            (recovery check against rising-edge clock clk_fpga_0  {rise@0.000ns fall@10.000ns period=20.000ns})
  Path Group:             **async_default**
  Path Type:              Recovery (Max at Slow Process Corner)
  Requirement:            20.000ns  (clk_fpga_0 rise@20.000ns - clk_fpga_0 rise@0.000ns)
  Data Path Delay:        12.784ns  (logic 0.580ns (4.537%)  route 12.204ns (95.463%))
  Logic Levels:           1  (LUT1=1)
  Clock Path Skew:        -0.169ns (DCD - SCD + CPR)
    Destination Clock Delay (DCD):    2.720ns = ( 22.720 - 20.000 ) 
    Source Clock Delay      (SCD):    3.004ns
    Clock Pessimism Removal (CPR):    0.115ns
  Clock Uncertainty:      0.302ns  ((TSJ^2 + TIJ^2)^1/2 + DJ) / 2 + PE
    Total System Jitter     (TSJ):    0.071ns
    Total Input Jitter      (TIJ):    0.600ns
    Discrete Jitter          (DJ):    0.000ns
    Phase Error              (PE):    0.000ns

    Location             Delay type                Incr(ns)  Path(ns)    PBlock               Netlist Resource(s)
  -------------------------------------------------------------------    ----------------------------------------
                         (clock clk_fpga_0 rise edge)
                                                      0.000     0.000 r                       
    PS7_X0Y0             PS7                          0.000     0.000 r                       udp_gateway_shadow_mirror_i/processing_system7_0/inst/PS7_i/FCLKCLK[0]
                         net (fo=1, routed)           1.193     1.193                         udp_gateway_shadow_mirror_i/processing_system7_0/inst/FCLK_CLK_unbuffered[0]
    BUFGCTRL_X0Y17       BUFG (Prop_bufg_I_O)         0.101     1.294 r                       udp_gateway_shadow_mirror_i/processing_system7_0/inst/buffer_fclk_clk_0.FCLK_CLK_0_BUFG/O
                         net (fo=42374, routed)       1.710     3.004                         udp_gateway_shadow_mirror_i/rst_ps7_0_100M/U0/slowest_sync_clk
    SLICE_X65Y85         FDRE                                         r                       udp_gateway_shadow_mirror_i/rst_ps7_0_100M/U0/ACTIVE_LOW_PR_OUT_DFF[0].FDRE_PER_N/C
  -------------------------------------------------------------------    ----------------------------------------
    SLICE_X65Y85         FDRE (Prop_fdre_C_Q)         0.456     3.460 r                       udp_gateway_shadow_mirror_i/rst_ps7_0_100M/U0/ACTIVE_LOW_PR_OUT_DFF[0].FDRE_PER_N/Q
                         net (fo=85, routed)          4.462     7.922                         udp_gateway_shadow_mirror_i/dma_gateway_hybrid_0/inst/i_hybrid_dma/u_crypto_bridge/gen_crypto_cores[0].u_aes/keymem/rst_n
    SLICE_X25Y49         LUT1 (Prop_lut1_I0_O)        0.124     8.046 f  shadow_data_region   udp_gateway_shadow_mirror_i/dma_gateway_hybrid_0/inst/i_hybrid_dma/u_crypto_bridge/gen_crypto_cores[0].u_aes/keymem/debug_last_plaintext_q[127]_i_2/O
                         net (fo=9554, routed)        7.742    15.788                         udp_gateway_shadow_mirror_i/dma_gateway_hybrid_0/inst/i_hybrid_dma/u_crypto_bridge/gen_crypto_cores[0].u_aes/keymem/rst_n_0
    SLICE_X71Y24         FDCE                                         f  shadow_data_region   udp_gateway_shadow_mirror_i/dma_gateway_hybrid_0/inst/i_hybrid_dma/u_crypto_bridge/gen_crypto_cores[0].u_aes/keymem/key_mem_reg[13][38]/CLR
  -------------------------------------------------------------------    ----------------------------------------

                         (clock clk_fpga_0 rise edge)
                                                     20.000    20.000 r                       
    PS7_X0Y0             PS7                          0.000    20.000 r                       udp_gateway_shadow_mirror_i/processing_system7_0/inst/PS7_i/FCLKCLK[0]
                         net (fo=1, routed)           1.088    21.088                         udp_gateway_shadow_mirror_i/processing_system7_0/inst/FCLK_CLK_unbuffered[0]
    BUFGCTRL_X0Y17       BUFG (Prop_bufg_I_O)         0.091    21.179 r                       udp_gateway_shadow_mirror_i/processing_system7_0/inst/buffer_fclk_clk_0.FCLK_CLK_0_BUFG/O
                         net (fo=42374, routed)       1.541    22.721                         udp_gateway_shadow_mirror_i/dma_gateway_hybrid_0/inst/i_hybrid_dma/u_crypto_bridge/gen_crypto_cores[0].u_aes/keymem/clk
    SLICE_X71Y24         FDCE                                         r  shadow_data_region   udp_gateway_shadow_mirror_i/dma_gateway_hybrid_0/inst/i_hybrid_dma/u_crypto_bridge/gen_crypto_cores[0].u_aes/keymem/key_mem_reg[13][38]/C
                         clock pessimism              0.115    22.835                           
                         clock uncertainty           -0.302    22.533                           
    SLICE_X71Y24         FDCE (Recov_fdce_C_CLR)     -0.405    22.128    shadow_data_region     udp_gateway_shadow_mirror_i/dma_gateway_hybrid_0/inst/i_hybrid_dma/u_crypto_bridge/gen_crypto_cores[0].u_aes/keymem/key_mem_reg[13][38]
  -------------------------------------------------------------------
                         required time                         22.128                           
                         arrival time                         -15.788                           
  -------------------------------------------------------------------
                         slack                                  6.340                           

Slack (MET) :             6.340ns  (required time - arrival time)
  Source:                 udp_gateway_shadow_mirror_i/rst_ps7_0_100M/U0/ACTIVE_LOW_PR_OUT_DFF[0].FDRE_PER_N/C
                            (rising edge-triggered cell FDRE clocked by clk_fpga_0  {rise@0.000ns fall@10.000ns period=20.000ns})
  Destination:            udp_gateway_shadow_mirror_i/dma_gateway_hybrid_0/inst/i_hybrid_dma/u_crypto_bridge/gen_crypto_cores[0].u_aes/keymem/key_mem_reg[13][3]/CLR
                            (recovery check against rising-edge clock clk_fpga_0  {rise@0.000ns fall@10.000ns period=20.000ns})
  Path Group:             **async_default**
  Path Type:              Recovery (Max at Slow Process Corner)
  Requirement:            20.000ns  (clk_fpga_0 rise@20.000ns - clk_fpga_0 rise@0.000ns)
  Data Path Delay:        12.784ns  (logic 0.580ns (4.537%)  route 12.204ns (95.463%))
  Logic Levels:           1  (LUT1=1)
  Clock Path Skew:        -0.169ns (DCD - SCD + CPR)
    Destination Clock Delay (DCD):    2.720ns = ( 22.720 - 20.000 ) 
    Source Clock Delay      (SCD):    3.004ns
    Clock Pessimism Removal (CPR):    0.115ns
  Clock Uncertainty:      0.302ns  ((TSJ^2 + TIJ^2)^1/2 + DJ) / 2 + PE
    Total System Jitter     (TSJ):    0.071ns
    Total Input Jitter      (TIJ):    0.600ns
    Discrete Jitter          (DJ):    0.000ns
    Phase Error              (PE):    0.000ns

    Location             Delay type                Incr(ns)  Path(ns)    PBlock               Netlist Resource(s)
  -------------------------------------------------------------------    ----------------------------------------
                         (clock clk_fpga_0 rise edge)
                                                      0.000     0.000 r                       
    PS7_X0Y0             PS7                          0.000     0.000 r                       udp_gateway_shadow_mirror_i/processing_system7_0/inst/PS7_i/FCLKCLK[0]
                         net (fo=1, routed)           1.193     1.193                         udp_gateway_shadow_mirror_i/processing_system7_0/inst/FCLK_CLK_unbuffered[0]
    BUFGCTRL_X0Y17       BUFG (Prop_bufg_I_O)         0.101     1.294 r                       udp_gateway_shadow_mirror_i/processing_system7_0/inst/buffer_fclk_clk_0.FCLK_CLK_0_BUFG/O
                         net (fo=42374, routed)       1.710     3.004                         udp_gateway_shadow_mirror_i/rst_ps7_0_100M/U0/slowest_sync_clk
    SLICE_X65Y85         FDRE                                         r                       udp_gateway_shadow_mirror_i/rst_ps7_0_100M/U0/ACTIVE_LOW_PR_OUT_DFF[0].FDRE_PER_N/C
  -------------------------------------------------------------------    ----------------------------------------
    SLICE_X65Y85         FDRE (Prop_fdre_C_Q)         0.456     3.460 r                       udp_gateway_shadow_mirror_i/rst_ps7_0_100M/U0/ACTIVE_LOW_PR_OUT_DFF[0].FDRE_PER_N/Q
                         net (fo=85, routed)          4.462     7.922                         udp_gateway_shadow_mirror_i/dma_gateway_hybrid_0/inst/i_hybrid_dma/u_crypto_bridge/gen_crypto_cores[0].u_aes/keymem/rst_n
    SLICE_X25Y49         LUT1 (Prop_lut1_I0_O)        0.124     8.046 f  shadow_data_region   udp_gateway_shadow_mirror_i/dma_gateway_hybrid_0/inst/i_hybrid_dma/u_crypto_bridge/gen_crypto_cores[0].u_aes/keymem/debug_last_plaintext_q[127]_i_2/O
                         net (fo=9554, routed)        7.742    15.788                         udp_gateway_shadow_mirror_i/dma_gateway_hybrid_0/inst/i_hybrid_dma/u_crypto_bridge/gen_crypto_cores[0].u_aes/keymem/rst_n_0
    SLICE_X71Y24         FDCE                                         f  shadow_data_region   udp_gateway_shadow_mirror_i/dma_gateway_hybrid_0/inst/i_hybrid_dma/u_crypto_bridge/gen_crypto_cores[0].u_aes/keymem/key_mem_reg[13][3]/CLR
  -------------------------------------------------------------------    ----------------------------------------

                         (clock clk_fpga_0 rise edge)
                                                     20.000    20.000 r                       
    PS7_X0Y0             PS7                          0.000    20.000 r                       udp_gateway_shadow_mirror_i/processing_system7_0/inst/PS7_i/FCLKCLK[0]
                         net (fo=1, routed)           1.088    21.088                         udp_gateway_shadow_mirror_i/processing_system7_0/inst/FCLK_CLK_unbuffered[0]
    BUFGCTRL_X0Y17       BUFG (Prop_bufg_I_O)         0.091    21.179 r                       udp_gateway_shadow_mirror_i/processing_system7_0/inst/buffer_fclk_clk_0.FCLK_CLK_0_BUFG/O
                         net (fo=42374, routed)       1.541    22.721                         udp_gateway_shadow_mirror_i/dma_gateway_hybrid_0/inst/i_hybrid_dma/u_crypto_bridge/gen_crypto_cores[0].u_aes/keymem/clk
    SLICE_X71Y24         FDCE                                         r  shadow_data_region   udp_gateway_shadow_mirror_i/dma_gateway_hybrid_0/inst/i_hybrid_dma/u_crypto_bridge/gen_crypto_cores[0].u_aes/keymem/key_mem_reg[13][3]/C
                         clock pessimism              0.115    22.835                           
                         clock uncertainty           -0.302    22.533                           
    SLICE_X71Y24         FDCE (Recov_fdce_C_CLR)     -0.405    22.128    shadow_data_region     udp_gateway_shadow_mirror_i/dma_gateway_hybrid_0/inst/i_hybrid_dma/u_crypto_bridge/gen_crypto_cores[0].u_aes/keymem/key_mem_reg[13][3]
  -------------------------------------------------------------------
                         required time                         22.128                           
                         arrival time                         -15.788                           
  -------------------------------------------------------------------
                         slack                                  6.340                           





Min Delay Paths
--------------------------------------------------------------------------------------
Slack (MET) :             0.977ns  (arrival time - required time)
  Source:                 udp_gateway_shadow_mirror_i/rst_ps7_0_100M/U0/ACTIVE_LOW_PR_OUT_DFF[0].FDRE_PER_N/C
                            (rising edge-triggered cell FDRE clocked by clk_fpga_0  {rise@0.000ns fall@10.000ns period=20.000ns})
  Destination:            udp_gateway_shadow_mirror_i/dma_gateway_hybrid_0/inst/i_hybrid_dma/sink_progress_sticky_q_reg[10]/CLR
                            (removal check against rising-edge clock clk_fpga_0  {rise@0.000ns fall@10.000ns period=20.000ns})
  Path Group:             **async_default**
  Path Type:              Removal (Min at Fast Process Corner)
  Requirement:            0.000ns  (clk_fpga_0 rise@0.000ns - clk_fpga_0 rise@0.000ns)
  Data Path Delay:        0.923ns  (logic 0.186ns (20.159%)  route 0.737ns (79.841%))
  Logic Levels:           1  (LUT1=1)
  Clock Path Skew:        0.038ns (DCD - SCD - CPR)
    Destination Clock Delay (DCD):    1.213ns
    Source Clock Delay      (SCD):    0.911ns
    Clock Pessimism Removal (CPR):    0.264ns

    Location             Delay type                Incr(ns)  Path(ns)    PBlock               Netlist Resource(s)
  -------------------------------------------------------------------    ----------------------------------------
                         (clock clk_fpga_0 rise edge)
                                                      0.000     0.000 r                       
    PS7_X0Y0             PS7                          0.000     0.000 r                       udp_gateway_shadow_mirror_i/processing_system7_0/inst/PS7_i/FCLKCLK[0]
                         net (fo=1, routed)           0.310     0.310                         udp_gateway_shadow_mirror_i/processing_system7_0/inst/FCLK_CLK_unbuffered[0]
    BUFGCTRL_X0Y17       BUFG (Prop_bufg_I_O)         0.026     0.336 r                       udp_gateway_shadow_mirror_i/processing_system7_0/inst/buffer_fclk_clk_0.FCLK_CLK_0_BUFG/O
                         net (fo=42374, routed)       0.575     0.911                         udp_gateway_shadow_mirror_i/rst_ps7_0_100M/U0/slowest_sync_clk
    SLICE_X65Y85         FDRE                                         r                       udp_gateway_shadow_mirror_i/rst_ps7_0_100M/U0/ACTIVE_LOW_PR_OUT_DFF[0].FDRE_PER_N/C
  -------------------------------------------------------------------    ----------------------------------------
    SLICE_X65Y85         FDRE (Prop_fdre_C_Q)         0.141     1.052 r                       udp_gateway_shadow_mirror_i/rst_ps7_0_100M/U0/ACTIVE_LOW_PR_OUT_DFF[0].FDRE_PER_N/Q
                         net (fo=85, routed)          0.590     1.642                         udp_gateway_shadow_mirror_i/dma_gateway_hybrid_0/inst/i_hybrid_dma/u_s2mm_mm2s/rst_n
    SLICE_X61Y60         LUT1 (Prop_lut1_I0_O)        0.045     1.687 f  shadow_data_region   udp_gateway_shadow_mirror_i/dma_gateway_hybrid_0/inst/i_hybrid_dma/u_s2mm_mm2s/FSM_onehot_state[5]_i_2/O
                         net (fo=146, routed)         0.147     1.833                         udp_gateway_shadow_mirror_i/dma_gateway_hybrid_0/inst/i_hybrid_dma/u_s2mm_mm2s_n_101
    SLICE_X60Y59         FDCE                                         f  shadow_data_region   udp_gateway_shadow_mirror_i/dma_gateway_hybrid_0/inst/i_hybrid_dma/sink_progress_sticky_q_reg[10]/CLR
  -------------------------------------------------------------------    ----------------------------------------

                         (clock clk_fpga_0 rise edge)
                                                      0.000     0.000 r                       
    PS7_X0Y0             PS7                          0.000     0.000 r                       udp_gateway_shadow_mirror_i/processing_system7_0/inst/PS7_i/FCLKCLK[0]
                         net (fo=1, routed)           0.337     0.337                         udp_gateway_shadow_mirror_i/processing_system7_0/inst/FCLK_CLK_unbuffered[0]
    BUFGCTRL_X0Y17       BUFG (Prop_bufg_I_O)         0.029     0.366 r                       udp_gateway_shadow_mirror_i/processing_system7_0/inst/buffer_fclk_clk_0.FCLK_CLK_0_BUFG/O
                         net (fo=42374, routed)       0.847     1.213                         udp_gateway_shadow_mirror_i/dma_gateway_hybrid_0/inst/i_hybrid_dma/clk
    SLICE_X60Y59         FDCE                                         r  shadow_data_region   udp_gateway_shadow_mirror_i/dma_gateway_hybrid_0/inst/i_hybrid_dma/sink_progress_sticky_q_reg[10]/C
                         clock pessimism             -0.264     0.949                           
    SLICE_X60Y59         FDCE (Remov_fdce_C_CLR)     -0.092     0.857    shadow_data_region     udp_gateway_shadow_mirror_i/dma_gateway_hybrid_0/inst/i_hybrid_dma/sink_progress_sticky_q_reg[10]
  -------------------------------------------------------------------
                         required time                         -0.857                           
                         arrival time                           1.833                           
  -------------------------------------------------------------------
                         slack                                  0.977                           

Slack (MET) :             0.977ns  (arrival time - required time)
  Source:                 udp_gateway_shadow_mirror_i/rst_ps7_0_100M/U0/ACTIVE_LOW_PR_OUT_DFF[0].FDRE_PER_N/C
                            (rising edge-triggered cell FDRE clocked by clk_fpga_0  {rise@0.000ns fall@10.000ns period=20.000ns})
  Destination:            udp_gateway_shadow_mirror_i/dma_gateway_hybrid_0/inst/i_hybrid_dma/sink_progress_sticky_q_reg[11]/CLR
                            (removal check against rising-edge clock clk_fpga_0  {rise@0.000ns fall@10.000ns period=20.000ns})
  Path Group:             **async_default**
  Path Type:              Removal (Min at Fast Process Corner)
  Requirement:            0.000ns  (clk_fpga_0 rise@0.000ns - clk_fpga_0 rise@0.000ns)
  Data Path Delay:        0.923ns  (logic 0.186ns (20.159%)  route 0.737ns (79.841%))
  Logic Levels:           1  (LUT1=1)
  Clock Path Skew:        0.038ns (DCD - SCD - CPR)
    Destination Clock Delay (DCD):    1.213ns
    Source Clock Delay      (SCD):    0.911ns
    Clock Pessimism Removal (CPR):    0.264ns

    Location             Delay type                Incr(ns)  Path(ns)    PBlock               Netlist Resource(s)
  -------------------------------------------------------------------    ----------------------------------------
                         (clock clk_fpga_0 rise edge)
                                                      0.000     0.000 r                       
    PS7_X0Y0             PS7                          0.000     0.000 r                       udp_gateway_shadow_mirror_i/processing_system7_0/inst/PS7_i/FCLKCLK[0]
                         net (fo=1, routed)           0.310     0.310                         udp_gateway_shadow_mirror_i/processing_system7_0/inst/FCLK_CLK_unbuffered[0]
    BUFGCTRL_X0Y17       BUFG (Prop_bufg_I_O)         0.026     0.336 r                       udp_gateway_shadow_mirror_i/processing_system7_0/inst/buffer_fclk_clk_0.FCLK_CLK_0_BUFG/O
                         net (fo=42374, routed)       0.575     0.911                         udp_gateway_shadow_mirror_i/rst_ps7_0_100M/U0/slowest_sync_clk
    SLICE_X65Y85         FDRE                                         r                       udp_gateway_shadow_mirror_i/rst_ps7_0_100M/U0/ACTIVE_LOW_PR_OUT_DFF[0].FDRE_PER_N/C
  -------------------------------------------------------------------    ----------------------------------------
    SLICE_X65Y85         FDRE (Prop_fdre_C_Q)         0.141     1.052 r                       udp_gateway_shadow_mirror_i/rst_ps7_0_100M/U0/ACTIVE_LOW_PR_OUT_DFF[0].FDRE_PER_N/Q
                         net (fo=85, routed)          0.590     1.642                         udp_gateway_shadow_mirror_i/dma_gateway_hybrid_0/inst/i_hybrid_dma/u_s2mm_mm2s/rst_n
    SLICE_X61Y60         LUT1 (Prop_lut1_I0_O)        0.045     1.687 f  shadow_data_region   udp_gateway_shadow_mirror_i/dma_gateway_hybrid_0/inst/i_hybrid_dma/u_s2mm_mm2s/FSM_onehot_state[5]_i_2/O
                         net (fo=146, routed)         0.147     1.833                         udp_gateway_shadow_mirror_i/dma_gateway_hybrid_0/inst/i_hybrid_dma/u_s2mm_mm2s_n_101
    SLICE_X60Y59         FDCE                                         f  shadow_data_region   udp_gateway_shadow_mirror_i/dma_gateway_hybrid_0/inst/i_hybrid_dma/sink_progress_sticky_q_reg[11]/CLR
  -------------------------------------------------------------------    ----------------------------------------

                         (clock clk_fpga_0 rise edge)
                                                      0.000     0.000 r                       
    PS7_X0Y0             PS7                          0.000     0.000 r                       udp_gateway_shadow_mirror_i/processing_system7_0/inst/PS7_i/FCLKCLK[0]
                         net (fo=1, routed)           0.337     0.337                         udp_gateway_shadow_mirror_i/processing_system7_0/inst/FCLK_CLK_unbuffered[0]
    BUFGCTRL_X0Y17       BUFG (Prop_bufg_I_O)         0.029     0.366 r                       udp_gateway_shadow_mirror_i/processing_system7_0/inst/buffer_fclk_clk_0.FCLK_CLK_0_BUFG/O
                         net (fo=42374, routed)       0.847     1.213                         udp_gateway_shadow_mirror_i/dma_gateway_hybrid_0/inst/i_hybrid_dma/clk
    SLICE_X60Y59         FDCE                                         r  shadow_data_region   udp_gateway_shadow_mirror_i/dma_gateway_hybrid_0/inst/i_hybrid_dma/sink_progress_sticky_q_reg[11]/C
                         clock pessimism             -0.264     0.949                           
    SLICE_X60Y59         FDCE (Remov_fdce_C_CLR)     -0.092     0.857    shadow_data_region     udp_gateway_shadow_mirror_i/dma_gateway_hybrid_0/inst/i_hybrid_dma/sink_progress_sticky_q_reg[11]
  -------------------------------------------------------------------
                         required time                         -0.857                           
                         arrival time                           1.833                           
  -------------------------------------------------------------------
                         slack                                  0.977                           

Slack (MET) :             0.977ns  (arrival time - required time)
  Source:                 udp_gateway_shadow_mirror_i/rst_ps7_0_100M/U0/ACTIVE_LOW_PR_OUT_DFF[0].FDRE_PER_N/C
                            (rising edge-triggered cell FDRE clocked by clk_fpga_0  {rise@0.000ns fall@10.000ns period=20.000ns})
  Destination:            udp_gateway_shadow_mirror_i/dma_gateway_hybrid_0/inst/i_hybrid_dma/sink_progress_sticky_q_reg[20]/CLR
                            (removal check against rising-edge clock clk_fpga_0  {rise@0.000ns fall@10.000ns period=20.000ns})
  Path Group:             **async_default**
  Path Type:              Removal (Min at Fast Process Corner)
  Requirement:            0.000ns  (clk_fpga_0 rise@0.000ns - clk_fpga_0 rise@0.000ns)
  Data Path Delay:        0.923ns  (logic 0.186ns (20.159%)  route 0.737ns (79.841%))
  Logic Levels:           1  (LUT1=1)
  Clock Path Skew:        0.038ns (DCD - SCD - CPR)
    Destination Clock Delay (DCD):    1.213ns
    Source Clock Delay      (SCD):    0.911ns
    Clock Pessimism Removal (CPR):    0.264ns

    Location             Delay type                Incr(ns)  Path(ns)    PBlock               Netlist Resource(s)
  -------------------------------------------------------------------    ----------------------------------------
                         (clock clk_fpga_0 rise edge)
                                                      0.000     0.000 r                       
    PS7_X0Y0             PS7                          0.000     0.000 r                       udp_gateway_shadow_mirror_i/processing_system7_0/inst/PS7_i/FCLKCLK[0]
                         net (fo=1, routed)           0.310     0.310                         udp_gateway_shadow_mirror_i/processing_system7_0/inst/FCLK_CLK_unbuffered[0]
    BUFGCTRL_X0Y17       BUFG (Prop_bufg_I_O)         0.026     0.336 r                       udp_gateway_shadow_mirror_i/processing_system7_0/inst/buffer_fclk_clk_0.FCLK_CLK_0_BUFG/O
                         net (fo=42374, routed)       0.575     0.911                         udp_gateway_shadow_mirror_i/rst_ps7_0_100M/U0/slowest_sync_clk
    SLICE_X65Y85         FDRE                                         r                       udp_gateway_shadow_mirror_i/rst_ps7_0_100M/U0/ACTIVE_LOW_PR_OUT_DFF[0].FDRE_PER_N/C
  -------------------------------------------------------------------    ----------------------------------------
    SLICE_X65Y85         FDRE (Prop_fdre_C_Q)         0.141     1.052 r                       udp_gateway_shadow_mirror_i/rst_ps7_0_100M/U0/ACTIVE_LOW_PR_OUT_DFF[0].FDRE_PER_N/Q
                         net (fo=85, routed)          0.590     1.642                         udp_gateway_shadow_mirror_i/dma_gateway_hybrid_0/inst/i_hybrid_dma/u_s2mm_mm2s/rst_n
    SLICE_X61Y60         LUT1 (Prop_lut1_I0_O)        0.045     1.687 f  shadow_data_region   udp_gateway_shadow_mirror_i/dma_gateway_hybrid_0/inst/i_hybrid_dma/u_s2mm_mm2s/FSM_onehot_state[5]_i_2/O
                         net (fo=146, routed)         0.147     1.833                         udp_gateway_shadow_mirror_i/dma_gateway_hybrid_0/inst/i_hybrid_dma/u_s2mm_mm2s_n_101
    SLICE_X60Y59         FDCE                                         f  shadow_data_region   udp_gateway_shadow_mirror_i/dma_gateway_hybrid_0/inst/i_hybrid_dma/sink_progress_sticky_q_reg[20]/CLR
  -------------------------------------------------------------------    ----------------------------------------

                         (clock clk_fpga_0 rise edge)
                                                      0.000     0.000 r                       
    PS7_X0Y0             PS7                          0.000     0.000 r                       udp_gateway_shadow_mirror_i/processing_system7_0/inst/PS7_i/FCLKCLK[0]
                         net (fo=1, routed)           0.337     0.337                         udp_gateway_shadow_mirror_i/processing_system7_0/inst/FCLK_CLK_unbuffered[0]
    BUFGCTRL_X0Y17       BUFG (Prop_bufg_I_O)         0.029     0.366 r                       udp_gateway_shadow_mirror_i/processing_system7_0/inst/buffer_fclk_clk_0.FCLK_CLK_0_BUFG/O
                         net (fo=42374, routed)       0.847     1.213                         udp_gateway_shadow_mirror_i/dma_gateway_hybrid_0/inst/i_hybrid_dma/clk
    SLICE_X60Y59         FDCE                                         r  shadow_data_region   udp_gateway_shadow_mirror_i/dma_gateway_hybrid_0/inst/i_hybrid_dma/sink_progress_sticky_q_reg[20]/C
                         clock pessimism             -0.264     0.949                           
    SLICE_X60Y59         FDCE (Remov_fdce_C_CLR)     -0.092     0.857    shadow_data_region     udp_gateway_shadow_mirror_i/dma_gateway_hybrid_0/inst/i_hybrid_dma/sink_progress_sticky_q_reg[20]
  -------------------------------------------------------------------
                         required time                         -0.857                           
                         arrival time                           1.833                           
  -------------------------------------------------------------------
                         slack                                  0.977                           

Slack (MET) :             0.977ns  (arrival time - required time)
  Source:                 udp_gateway_shadow_mirror_i/rst_ps7_0_100M/U0/ACTIVE_LOW_PR_OUT_DFF[0].FDRE_PER_N/C
                            (rising edge-triggered cell FDRE clocked by clk_fpga_0  {rise@0.000ns fall@10.000ns period=20.000ns})
  Destination:            udp_gateway_shadow_mirror_i/dma_gateway_hybrid_0/inst/i_hybrid_dma/sink_progress_sticky_q_reg[21]/CLR
                            (removal check against rising-edge clock clk_fpga_0  {rise@0.000ns fall@10.000ns period=20.000ns})
  Path Group:             **async_default**
  Path Type:              Removal (Min at Fast Process Corner)
  Requirement:            0.000ns  (clk_fpga_0 rise@0.000ns - clk_fpga_0 rise@0.000ns)
  Data Path Delay:        0.923ns  (logic 0.186ns (20.159%)  route 0.737ns (79.841%))
  Logic Levels:           1  (LUT1=1)
  Clock Path Skew:        0.038ns (DCD - SCD - CPR)
    Destination Clock Delay (DCD):    1.213ns
    Source Clock Delay      (SCD):    0.911ns
    Clock Pessimism Removal (CPR):    0.264ns

    Location             Delay type                Incr(ns)  Path(ns)    PBlock               Netlist Resource(s)
  -------------------------------------------------------------------    ----------------------------------------
                         (clock clk_fpga_0 rise edge)
                                                      0.000     0.000 r                       
    PS7_X0Y0             PS7                          0.000     0.000 r                       udp_gateway_shadow_mirror_i/processing_system7_0/inst/PS7_i/FCLKCLK[0]
                         net (fo=1, routed)           0.310     0.310                         udp_gateway_shadow_mirror_i/processing_system7_0/inst/FCLK_CLK_unbuffered[0]
    BUFGCTRL_X0Y17       BUFG (Prop_bufg_I_O)         0.026     0.336 r                       udp_gateway_shadow_mirror_i/processing_system7_0/inst/buffer_fclk_clk_0.FCLK_CLK_0_BUFG/O
                         net (fo=42374, routed)       0.575     0.911                         udp_gateway_shadow_mirror_i/rst_ps7_0_100M/U0/slowest_sync_clk
    SLICE_X65Y85         FDRE                                         r                       udp_gateway_shadow_mirror_i/rst_ps7_0_100M/U0/ACTIVE_LOW_PR_OUT_DFF[0].FDRE_PER_N/C
  -------------------------------------------------------------------    ----------------------------------------
    SLICE_X65Y85         FDRE (Prop_fdre_C_Q)         0.141     1.052 r                       udp_gateway_shadow_mirror_i/rst_ps7_0_100M/U0/ACTIVE_LOW_PR_OUT_DFF[0].FDRE_PER_N/Q
                         net (fo=85, routed)          0.590     1.642                         udp_gateway_shadow_mirror_i/dma_gateway_hybrid_0/inst/i_hybrid_dma/u_s2mm_mm2s/rst_n
    SLICE_X61Y60         LUT1 (Prop_lut1_I0_O)        0.045     1.687 f  shadow_data_region   udp_gateway_shadow_mirror_i/dma_gateway_hybrid_0/inst/i_hybrid_dma/u_s2mm_mm2s/FSM_onehot_state[5]_i_2/O
                         net (fo=146, routed)         0.147     1.833                         udp_gateway_shadow_mirror_i/dma_gateway_hybrid_0/inst/i_hybrid_dma/u_s2mm_mm2s_n_101
    SLICE_X60Y59         FDCE                                         f  shadow_data_region   udp_gateway_shadow_mirror_i/dma_gateway_hybrid_0/inst/i_hybrid_dma/sink_progress_sticky_q_reg[21]/CLR
  -------------------------------------------------------------------    ----------------------------------------

                         (clock clk_fpga_0 rise edge)
                                                      0.000     0.000 r                       
    PS7_X0Y0             PS7                          0.000     0.000 r                       udp_gateway_shadow_mirror_i/processing_system7_0/inst/PS7_i/FCLKCLK[0]
                         net (fo=1, routed)           0.337     0.337                         udp_gateway_shadow_mirror_i/processing_system7_0/inst/FCLK_CLK_unbuffered[0]
    BUFGCTRL_X0Y17       BUFG (Prop_bufg_I_O)         0.029     0.366 r                       udp_gateway_shadow_mirror_i/processing_system7_0/inst/buffer_fclk_clk_0.FCLK_CLK_0_BUFG/O
                         net (fo=42374, routed)       0.847     1.213                         udp_gateway_shadow_mirror_i/dma_gateway_hybrid_0/inst/i_hybrid_dma/clk
    SLICE_X60Y59         FDCE                                         r  shadow_data_region   udp_gateway_shadow_mirror_i/dma_gateway_hybrid_0/inst/i_hybrid_dma/sink_progress_sticky_q_reg[21]/C
                         clock pessimism             -0.264     0.949                           
    SLICE_X60Y59         FDCE (Remov_fdce_C_CLR)     -0.092     0.857    shadow_data_region     udp_gateway_shadow_mirror_i/dma_gateway_hybrid_0/inst/i_hybrid_dma/sink_progress_sticky_q_reg[21]
  -------------------------------------------------------------------
                         required time                         -0.857                           
                         arrival time                           1.833                           
  -------------------------------------------------------------------
                         slack                                  0.977                           

Slack (MET) :             1.042ns  (arrival time - required time)
  Source:                 udp_gateway_shadow_mirror_i/rst_ps7_0_100M/U0/ACTIVE_LOW_PR_OUT_DFF[0].FDRE_PER_N/C
                            (rising edge-triggered cell FDRE clocked by clk_fpga_0  {rise@0.000ns fall@10.000ns period=20.000ns})
  Destination:            udp_gateway_shadow_mirror_i/dma_gateway_hybrid_0/inst/i_hybrid_dma/sink_progress_sticky_q_reg[24]/CLR
                            (removal check against rising-edge clock clk_fpga_0  {rise@0.000ns fall@10.000ns period=20.000ns})
  Path Group:             **async_default**
  Path Type:              Removal (Min at Fast Process Corner)
  Requirement:            0.000ns  (clk_fpga_0 rise@0.000ns - clk_fpga_0 rise@0.000ns)
  Data Path Delay:        0.986ns  (logic 0.186ns (18.860%)  route 0.800ns (81.140%))
  Logic Levels:           1  (LUT1=1)
  Clock Path Skew:        0.036ns (DCD - SCD - CPR)
    Destination Clock Delay (DCD):    1.211ns
    Source Clock Delay      (SCD):    0.911ns
    Clock Pessimism Removal (CPR):    0.264ns

    Location             Delay type                Incr(ns)  Path(ns)    PBlock               Netlist Resource(s)
  -------------------------------------------------------------------    ----------------------------------------
                         (clock clk_fpga_0 rise edge)
                                                      0.000     0.000 r                       
    PS7_X0Y0             PS7                          0.000     0.000 r                       udp_gateway_shadow_mirror_i/processing_system7_0/inst/PS7_i/FCLKCLK[0]
                         net (fo=1, routed)           0.310     0.310                         udp_gateway_shadow_mirror_i/processing_system7_0/inst/FCLK_CLK_unbuffered[0]
    BUFGCTRL_X0Y17       BUFG (Prop_bufg_I_O)         0.026     0.336 r                       udp_gateway_shadow_mirror_i/processing_system7_0/inst/buffer_fclk_clk_0.FCLK_CLK_0_BUFG/O
                         net (fo=42374, routed)       0.575     0.911                         udp_gateway_shadow_mirror_i/rst_ps7_0_100M/U0/slowest_sync_clk
    SLICE_X65Y85         FDRE                                         r                       udp_gateway_shadow_mirror_i/rst_ps7_0_100M/U0/ACTIVE_LOW_PR_OUT_DFF[0].FDRE_PER_N/C
  -------------------------------------------------------------------    ----------------------------------------
    SLICE_X65Y85         FDRE (Prop_fdre_C_Q)         0.141     1.052 r                       udp_gateway_shadow_mirror_i/rst_ps7_0_100M/U0/ACTIVE_LOW_PR_OUT_DFF[0].FDRE_PER_N/Q
                         net (fo=85, routed)          0.590     1.642                         udp_gateway_shadow_mirror_i/dma_gateway_hybrid_0/inst/i_hybrid_dma/u_s2mm_mm2s/rst_n
    SLICE_X61Y60         LUT1 (Prop_lut1_I0_O)        0.045     1.687 f  shadow_data_region   udp_gateway_shadow_mirror_i/dma_gateway_hybrid_0/inst/i_hybrid_dma/u_s2mm_mm2s/FSM_onehot_state[5]_i_2/O
                         net (fo=146, routed)         0.210     1.897                         udp_gateway_shadow_mirror_i/dma_gateway_hybrid_0/inst/i_hybrid_dma/u_s2mm_mm2s_n_101
    SLICE_X57Y60         FDCE                                         f  shadow_data_region   udp_gateway_shadow_mirror_i/dma_gateway_hybrid_0/inst/i_hybrid_dma/sink_progress_sticky_q_reg[24]/CLR
  -------------------------------------------------------------------    ----------------------------------------

                         (clock clk_fpga_0 rise edge)
                                                      0.000     0.000 r                       
    PS7_X0Y0             PS7                          0.000     0.000 r                       udp_gateway_shadow_mirror_i/processing_system7_0/inst/PS7_i/FCLKCLK[0]
                         net (fo=1, routed)           0.337     0.337                         udp_gateway_shadow_mirror_i/processing_system7_0/inst/FCLK_CLK_unbuffered[0]
    BUFGCTRL_X0Y17       BUFG (Prop_bufg_I_O)         0.029     0.366 r                       udp_gateway_shadow_mirror_i/processing_system7_0/inst/buffer_fclk_clk_0.FCLK_CLK_0_BUFG/O
                         net (fo=42374, routed)       0.845     1.211                         udp_gateway_shadow_mirror_i/dma_gateway_hybrid_0/inst/i_hybrid_dma/clk
    SLICE_X57Y60         FDCE                                         r  shadow_data_region   udp_gateway_shadow_mirror_i/dma_gateway_hybrid_0/inst/i_hybrid_dma/sink_progress_sticky_q_reg[24]/C
                         clock pessimism             -0.264     0.947                           
    SLICE_X57Y60         FDCE (Remov_fdce_C_CLR)     -0.092     0.855    shadow_data_region     udp_gateway_shadow_mirror_i/dma_gateway_hybrid_0/inst/i_hybrid_dma/sink_progress_sticky_q_reg[24]
  -------------------------------------------------------------------
                         required time                         -0.855                           
                         arrival time                           1.897                           
  -------------------------------------------------------------------
                         slack                                  1.042                           

Slack (MET) :             1.042ns  (arrival time - required time)
  Source:                 udp_gateway_shadow_mirror_i/rst_ps7_0_100M/U0/ACTIVE_LOW_PR_OUT_DFF[0].FDRE_PER_N/C
                            (rising edge-triggered cell FDRE clocked by clk_fpga_0  {rise@0.000ns fall@10.000ns period=20.000ns})
  Destination:            udp_gateway_shadow_mirror_i/dma_gateway_hybrid_0/inst/i_hybrid_dma/sink_progress_sticky_q_reg[25]/CLR
                            (removal check against rising-edge clock clk_fpga_0  {rise@0.000ns fall@10.000ns period=20.000ns})
  Path Group:             **async_default**
  Path Type:              Removal (Min at Fast Process Corner)
  Requirement:            0.000ns  (clk_fpga_0 rise@0.000ns - clk_fpga_0 rise@0.000ns)
  Data Path Delay:        0.986ns  (logic 0.186ns (18.860%)  route 0.800ns (81.140%))
  Logic Levels:           1  (LUT1=1)
  Clock Path Skew:        0.036ns (DCD - SCD - CPR)
    Destination Clock Delay (DCD):    1.211ns
    Source Clock Delay      (SCD):    0.911ns
    Clock Pessimism Removal (CPR):    0.264ns

    Location             Delay type                Incr(ns)  Path(ns)    PBlock               Netlist Resource(s)
  -------------------------------------------------------------------    ----------------------------------------
                         (clock clk_fpga_0 rise edge)
                                                      0.000     0.000 r                       
    PS7_X0Y0             PS7                          0.000     0.000 r                       udp_gateway_shadow_mirror_i/processing_system7_0/inst/PS7_i/FCLKCLK[0]
                         net (fo=1, routed)           0.310     0.310                         udp_gateway_shadow_mirror_i/processing_system7_0/inst/FCLK_CLK_unbuffered[0]
    BUFGCTRL_X0Y17       BUFG (Prop_bufg_I_O)         0.026     0.336 r                       udp_gateway_shadow_mirror_i/processing_system7_0/inst/buffer_fclk_clk_0.FCLK_CLK_0_BUFG/O
                         net (fo=42374, routed)       0.575     0.911                         udp_gateway_shadow_mirror_i/rst_ps7_0_100M/U0/slowest_sync_clk
    SLICE_X65Y85         FDRE                                         r                       udp_gateway_shadow_mirror_i/rst_ps7_0_100M/U0/ACTIVE_LOW_PR_OUT_DFF[0].FDRE_PER_N/C
  -------------------------------------------------------------------    ----------------------------------------
    SLICE_X65Y85         FDRE (Prop_fdre_C_Q)         0.141     1.052 r                       udp_gateway_shadow_mirror_i/rst_ps7_0_100M/U0/ACTIVE_LOW_PR_OUT_DFF[0].FDRE_PER_N/Q
                         net (fo=85, routed)          0.590     1.642                         udp_gateway_shadow_mirror_i/dma_gateway_hybrid_0/inst/i_hybrid_dma/u_s2mm_mm2s/rst_n
    SLICE_X61Y60         LUT1 (Prop_lut1_I0_O)        0.045     1.687 f  shadow_data_region   udp_gateway_shadow_mirror_i/dma_gateway_hybrid_0/inst/i_hybrid_dma/u_s2mm_mm2s/FSM_onehot_state[5]_i_2/O
                         net (fo=146, routed)         0.210     1.897                         udp_gateway_shadow_mirror_i/dma_gateway_hybrid_0/inst/i_hybrid_dma/u_s2mm_mm2s_n_101
    SLICE_X57Y60         FDCE                                         f  shadow_data_region   udp_gateway_shadow_mirror_i/dma_gateway_hybrid_0/inst/i_hybrid_dma/sink_progress_sticky_q_reg[25]/CLR
  -------------------------------------------------------------------    ----------------------------------------

                         (clock clk_fpga_0 rise edge)
                                                      0.000     0.000 r                       
    PS7_X0Y0             PS7                          0.000     0.000 r                       udp_gateway_shadow_mirror_i/processing_system7_0/inst/PS7_i/FCLKCLK[0]
                         net (fo=1, routed)           0.337     0.337                         udp_gateway_shadow_mirror_i/processing_system7_0/inst/FCLK_CLK_unbuffered[0]
    BUFGCTRL_X0Y17       BUFG (Prop_bufg_I_O)         0.029     0.366 r                       udp_gateway_shadow_mirror_i/processing_system7_0/inst/buffer_fclk_clk_0.FCLK_CLK_0_BUFG/O
                         net (fo=42374, routed)       0.845     1.211                         udp_gateway_shadow_mirror_i/dma_gateway_hybrid_0/inst/i_hybrid_dma/clk
    SLICE_X57Y60         FDCE                                         r  shadow_data_region   udp_gateway_shadow_mirror_i/dma_gateway_hybrid_0/inst/i_hybrid_dma/sink_progress_sticky_q_reg[25]/C
                         clock pessimism             -0.264     0.947                           
    SLICE_X57Y60         FDCE (Remov_fdce_C_CLR)     -0.092     0.855    shadow_data_region     udp_gateway_shadow_mirror_i/dma_gateway_hybrid_0/inst/i_hybrid_dma/sink_progress_sticky_q_reg[25]
  -------------------------------------------------------------------
                         required time                         -0.855                           
                         arrival time                           1.897                           
  -------------------------------------------------------------------
                         slack                                  1.042                           

Slack (MET) :             1.042ns  (arrival time - required time)
  Source:                 udp_gateway_shadow_mirror_i/rst_ps7_0_100M/U0/ACTIVE_LOW_PR_OUT_DFF[0].FDRE_PER_N/C
                            (rising edge-triggered cell FDRE clocked by clk_fpga_0  {rise@0.000ns fall@10.000ns period=20.000ns})
  Destination:            udp_gateway_shadow_mirror_i/dma_gateway_hybrid_0/inst/i_hybrid_dma/sink_progress_sticky_q_reg[26]/CLR
                            (removal check against rising-edge clock clk_fpga_0  {rise@0.000ns fall@10.000ns period=20.000ns})
  Path Group:             **async_default**
  Path Type:              Removal (Min at Fast Process Corner)
  Requirement:            0.000ns  (clk_fpga_0 rise@0.000ns - clk_fpga_0 rise@0.000ns)
  Data Path Delay:        0.986ns  (logic 0.186ns (18.860%)  route 0.800ns (81.140%))
  Logic Levels:           1  (LUT1=1)
  Clock Path Skew:        0.036ns (DCD - SCD - CPR)
    Destination Clock Delay (DCD):    1.211ns
    Source Clock Delay      (SCD):    0.911ns
    Clock Pessimism Removal (CPR):    0.264ns

    Location             Delay type                Incr(ns)  Path(ns)    PBlock               Netlist Resource(s)
  -------------------------------------------------------------------    ----------------------------------------
                         (clock clk_fpga_0 rise edge)
                                                      0.000     0.000 r                       
    PS7_X0Y0             PS7                          0.000     0.000 r                       udp_gateway_shadow_mirror_i/processing_system7_0/inst/PS7_i/FCLKCLK[0]
                         net (fo=1, routed)           0.310     0.310                         udp_gateway_shadow_mirror_i/processing_system7_0/inst/FCLK_CLK_unbuffered[0]
    BUFGCTRL_X0Y17       BUFG (Prop_bufg_I_O)         0.026     0.336 r                       udp_gateway_shadow_mirror_i/processing_system7_0/inst/buffer_fclk_clk_0.FCLK_CLK_0_BUFG/O
                         net (fo=42374, routed)       0.575     0.911                         udp_gateway_shadow_mirror_i/rst_ps7_0_100M/U0/slowest_sync_clk
    SLICE_X65Y85         FDRE                                         r                       udp_gateway_shadow_mirror_i/rst_ps7_0_100M/U0/ACTIVE_LOW_PR_OUT_DFF[0].FDRE_PER_N/C
  -------------------------------------------------------------------    ----------------------------------------
    SLICE_X65Y85         FDRE (Prop_fdre_C_Q)         0.141     1.052 r                       udp_gateway_shadow_mirror_i/rst_ps7_0_100M/U0/ACTIVE_LOW_PR_OUT_DFF[0].FDRE_PER_N/Q
                         net (fo=85, routed)          0.590     1.642                         udp_gateway_shadow_mirror_i/dma_gateway_hybrid_0/inst/i_hybrid_dma/u_s2mm_mm2s/rst_n
    SLICE_X61Y60         LUT1 (Prop_lut1_I0_O)        0.045     1.687 f  shadow_data_region   udp_gateway_shadow_mirror_i/dma_gateway_hybrid_0/inst/i_hybrid_dma/u_s2mm_mm2s/FSM_onehot_state[5]_i_2/O
                         net (fo=146, routed)         0.210     1.897                         udp_gateway_shadow_mirror_i/dma_gateway_hybrid_0/inst/i_hybrid_dma/u_s2mm_mm2s_n_101
    SLICE_X57Y60         FDCE                                         f  shadow_data_region   udp_gateway_shadow_mirror_i/dma_gateway_hybrid_0/inst/i_hybrid_dma/sink_progress_sticky_q_reg[26]/CLR
  -------------------------------------------------------------------    ----------------------------------------

                         (clock clk_fpga_0 rise edge)
                                                      0.000     0.000 r                       
    PS7_X0Y0             PS7                          0.000     0.000 r                       udp_gateway_shadow_mirror_i/processing_system7_0/inst/PS7_i/FCLKCLK[0]
                         net (fo=1, routed)           0.337     0.337                         udp_gateway_shadow_mirror_i/processing_system7_0/inst/FCLK_CLK_unbuffered[0]
    BUFGCTRL_X0Y17       BUFG (Prop_bufg_I_O)         0.029     0.366 r                       udp_gateway_shadow_mirror_i/processing_system7_0/inst/buffer_fclk_clk_0.FCLK_CLK_0_BUFG/O
                         net (fo=42374, routed)       0.845     1.211                         udp_gateway_shadow_mirror_i/dma_gateway_hybrid_0/inst/i_hybrid_dma/clk
    SLICE_X57Y60         FDCE                                         r  shadow_data_region   udp_gateway_shadow_mirror_i/dma_gateway_hybrid_0/inst/i_hybrid_dma/sink_progress_sticky_q_reg[26]/C
                         clock pessimism             -0.264     0.947                           
    SLICE_X57Y60         FDCE (Remov_fdce_C_CLR)     -0.092     0.855    shadow_data_region     udp_gateway_shadow_mirror_i/dma_gateway_hybrid_0/inst/i_hybrid_dma/sink_progress_sticky_q_reg[26]
  -------------------------------------------------------------------
                         required time                         -0.855                           
                         arrival time                           1.897                           
  -------------------------------------------------------------------
                         slack                                  1.042                           

Slack (MET) :             1.042ns  (arrival time - required time)
  Source:                 udp_gateway_shadow_mirror_i/rst_ps7_0_100M/U0/ACTIVE_LOW_PR_OUT_DFF[0].FDRE_PER_N/C
                            (rising edge-triggered cell FDRE clocked by clk_fpga_0  {rise@0.000ns fall@10.000ns period=20.000ns})
  Destination:            udp_gateway_shadow_mirror_i/dma_gateway_hybrid_0/inst/i_hybrid_dma/sink_progress_sticky_q_reg[27]/CLR
                            (removal check against rising-edge clock clk_fpga_0  {rise@0.000ns fall@10.000ns period=20.000ns})
  Path Group:             **async_default**
  Path Type:              Removal (Min at Fast Process Corner)
  Requirement:            0.000ns  (clk_fpga_0 rise@0.000ns - clk_fpga_0 rise@0.000ns)
  Data Path Delay:        0.986ns  (logic 0.186ns (18.860%)  route 0.800ns (81.140%))
  Logic Levels:           1  (LUT1=1)
  Clock Path Skew:        0.036ns (DCD - SCD - CPR)
    Destination Clock Delay (DCD):    1.211ns
    Source Clock Delay      (SCD):    0.911ns
    Clock Pessimism Removal (CPR):    0.264ns

    Location             Delay type                Incr(ns)  Path(ns)    PBlock               Netlist Resource(s)
  -------------------------------------------------------------------    ----------------------------------------
                         (clock clk_fpga_0 rise edge)
                                                      0.000     0.000 r                       
    PS7_X0Y0             PS7                          0.000     0.000 r                       udp_gateway_shadow_mirror_i/processing_system7_0/inst/PS7_i/FCLKCLK[0]
                         net (fo=1, routed)           0.310     0.310                         udp_gateway_shadow_mirror_i/processing_system7_0/inst/FCLK_CLK_unbuffered[0]
    BUFGCTRL_X0Y17       BUFG (Prop_bufg_I_O)         0.026     0.336 r                       udp_gateway_shadow_mirror_i/processing_system7_0/inst/buffer_fclk_clk_0.FCLK_CLK_0_BUFG/O
                         net (fo=42374, routed)       0.575     0.911                         udp_gateway_shadow_mirror_i/rst_ps7_0_100M/U0/slowest_sync_clk
    SLICE_X65Y85         FDRE                                         r                       udp_gateway_shadow_mirror_i/rst_ps7_0_100M/U0/ACTIVE_LOW_PR_OUT_DFF[0].FDRE_PER_N/C
  -------------------------------------------------------------------    ----------------------------------------
    SLICE_X65Y85         FDRE (Prop_fdre_C_Q)         0.141     1.052 r                       udp_gateway_shadow_mirror_i/rst_ps7_0_100M/U0/ACTIVE_LOW_PR_OUT_DFF[0].FDRE_PER_N/Q
                         net (fo=85, routed)          0.590     1.642                         udp_gateway_shadow_mirror_i/dma_gateway_hybrid_0/inst/i_hybrid_dma/u_s2mm_mm2s/rst_n
    SLICE_X61Y60         LUT1 (Prop_lut1_I0_O)        0.045     1.687 f  shadow_data_region   udp_gateway_shadow_mirror_i/dma_gateway_hybrid_0/inst/i_hybrid_dma/u_s2mm_mm2s/FSM_onehot_state[5]_i_2/O
                         net (fo=146, routed)         0.210     1.897                         udp_gateway_shadow_mirror_i/dma_gateway_hybrid_0/inst/i_hybrid_dma/u_s2mm_mm2s_n_101
    SLICE_X57Y60         FDCE                                         f  shadow_data_region   udp_gateway_shadow_mirror_i/dma_gateway_hybrid_0/inst/i_hybrid_dma/sink_progress_sticky_q_reg[27]/CLR
  -------------------------------------------------------------------    ----------------------------------------

                         (clock clk_fpga_0 rise edge)
                                                      0.000     0.000 r                       
    PS7_X0Y0             PS7                          0.000     0.000 r                       udp_gateway_shadow_mirror_i/processing_system7_0/inst/PS7_i/FCLKCLK[0]
                         net (fo=1, routed)           0.337     0.337                         udp_gateway_shadow_mirror_i/processing_system7_0/inst/FCLK_CLK_unbuffered[0]
    BUFGCTRL_X0Y17       BUFG (Prop_bufg_I_O)         0.029     0.366 r                       udp_gateway_shadow_mirror_i/processing_system7_0/inst/buffer_fclk_clk_0.FCLK_CLK_0_BUFG/O
                         net (fo=42374, routed)       0.845     1.211                         udp_gateway_shadow_mirror_i/dma_gateway_hybrid_0/inst/i_hybrid_dma/clk
    SLICE_X57Y60         FDCE                                         r  shadow_data_region   udp_gateway_shadow_mirror_i/dma_gateway_hybrid_0/inst/i_hybrid_dma/sink_progress_sticky_q_reg[27]/C
                         clock pessimism             -0.264     0.947                           
    SLICE_X57Y60         FDCE (Remov_fdce_C_CLR)     -0.092     0.855    shadow_data_region     udp_gateway_shadow_mirror_i/dma_gateway_hybrid_0/inst/i_hybrid_dma/sink_progress_sticky_q_reg[27]
  -------------------------------------------------------------------
                         required time                         -0.855                           
                         arrival time                           1.897                           
  -------------------------------------------------------------------
                         slack                                  1.042                           

Slack (MET) :             1.042ns  (arrival time - required time)
  Source:                 udp_gateway_shadow_mirror_i/rst_ps7_0_100M/U0/ACTIVE_LOW_PR_OUT_DFF[0].FDRE_PER_N/C
                            (rising edge-triggered cell FDRE clocked by clk_fpga_0  {rise@0.000ns fall@10.000ns period=20.000ns})
  Destination:            udp_gateway_shadow_mirror_i/dma_gateway_hybrid_0/inst/i_hybrid_dma/sink_progress_sticky_q_reg[28]/CLR
                            (removal check against rising-edge clock clk_fpga_0  {rise@0.000ns fall@10.000ns period=20.000ns})
  Path Group:             **async_default**
  Path Type:              Removal (Min at Fast Process Corner)
  Requirement:            0.000ns  (clk_fpga_0 rise@0.000ns - clk_fpga_0 rise@0.000ns)
  Data Path Delay:        0.986ns  (logic 0.186ns (18.860%)  route 0.800ns (81.140%))
  Logic Levels:           1  (LUT1=1)
  Clock Path Skew:        0.036ns (DCD - SCD - CPR)
    Destination Clock Delay (DCD):    1.211ns
    Source Clock Delay      (SCD):    0.911ns
    Clock Pessimism Removal (CPR):    0.264ns

    Location             Delay type                Incr(ns)  Path(ns)    PBlock               Netlist Resource(s)
  -------------------------------------------------------------------    ----------------------------------------
                         (clock clk_fpga_0 rise edge)
                                                      0.000     0.000 r                       
    PS7_X0Y0             PS7                          0.000     0.000 r                       udp_gateway_shadow_mirror_i/processing_system7_0/inst/PS7_i/FCLKCLK[0]
                         net (fo=1, routed)           0.310     0.310                         udp_gateway_shadow_mirror_i/processing_system7_0/inst/FCLK_CLK_unbuffered[0]
    BUFGCTRL_X0Y17       BUFG (Prop_bufg_I_O)         0.026     0.336 r                       udp_gateway_shadow_mirror_i/processing_system7_0/inst/buffer_fclk_clk_0.FCLK_CLK_0_BUFG/O
                         net (fo=42374, routed)       0.575     0.911                         udp_gateway_shadow_mirror_i/rst_ps7_0_100M/U0/slowest_sync_clk
    SLICE_X65Y85         FDRE                                         r                       udp_gateway_shadow_mirror_i/rst_ps7_0_100M/U0/ACTIVE_LOW_PR_OUT_DFF[0].FDRE_PER_N/C
  -------------------------------------------------------------------    ----------------------------------------
    SLICE_X65Y85         FDRE (Prop_fdre_C_Q)         0.141     1.052 r                       udp_gateway_shadow_mirror_i/rst_ps7_0_100M/U0/ACTIVE_LOW_PR_OUT_DFF[0].FDRE_PER_N/Q
                         net (fo=85, routed)          0.590     1.642                         udp_gateway_shadow_mirror_i/dma_gateway_hybrid_0/inst/i_hybrid_dma/u_s2mm_mm2s/rst_n
    SLICE_X61Y60         LUT1 (Prop_lut1_I0_O)        0.045     1.687 f  shadow_data_region   udp_gateway_shadow_mirror_i/dma_gateway_hybrid_0/inst/i_hybrid_dma/u_s2mm_mm2s/FSM_onehot_state[5]_i_2/O
                         net (fo=146, routed)         0.210     1.897                         udp_gateway_shadow_mirror_i/dma_gateway_hybrid_0/inst/i_hybrid_dma/u_s2mm_mm2s_n_101
    SLICE_X57Y60         FDCE                                         f  shadow_data_region   udp_gateway_shadow_mirror_i/dma_gateway_hybrid_0/inst/i_hybrid_dma/sink_progress_sticky_q_reg[28]/CLR
  -------------------------------------------------------------------    ----------------------------------------

                         (clock clk_fpga_0 rise edge)
                                                      0.000     0.000 r                       
    PS7_X0Y0             PS7                          0.000     0.000 r                       udp_gateway_shadow_mirror_i/processing_system7_0/inst/PS7_i/FCLKCLK[0]
                         net (fo=1, routed)           0.337     0.337                         udp_gateway_shadow_mirror_i/processing_system7_0/inst/FCLK_CLK_unbuffered[0]
    BUFGCTRL_X0Y17       BUFG (Prop_bufg_I_O)         0.029     0.366 r                       udp_gateway_shadow_mirror_i/processing_system7_0/inst/buffer_fclk_clk_0.FCLK_CLK_0_BUFG/O
                         net (fo=42374, routed)       0.845     1.211                         udp_gateway_shadow_mirror_i/dma_gateway_hybrid_0/inst/i_hybrid_dma/clk
    SLICE_X57Y60         FDCE                                         r  shadow_data_region   udp_gateway_shadow_mirror_i/dma_gateway_hybrid_0/inst/i_hybrid_dma/sink_progress_sticky_q_reg[28]/C
                         clock pessimism             -0.264     0.947                           
    SLICE_X57Y60         FDCE (Remov_fdce_C_CLR)     -0.092     0.855    shadow_data_region     udp_gateway_shadow_mirror_i/dma_gateway_hybrid_0/inst/i_hybrid_dma/sink_progress_sticky_q_reg[28]
  -------------------------------------------------------------------
                         required time                         -0.855                           
                         arrival time                           1.897                           
  -------------------------------------------------------------------
                         slack                                  1.042                           

Slack (MET) :             1.042ns  (arrival time - required time)
  Source:                 udp_gateway_shadow_mirror_i/rst_ps7_0_100M/U0/ACTIVE_LOW_PR_OUT_DFF[0].FDRE_PER_N/C
                            (rising edge-triggered cell FDRE clocked by clk_fpga_0  {rise@0.000ns fall@10.000ns period=20.000ns})
  Destination:            udp_gateway_shadow_mirror_i/dma_gateway_hybrid_0/inst/i_hybrid_dma/sink_progress_sticky_q_reg[29]/CLR
                            (removal check against rising-edge clock clk_fpga_0  {rise@0.000ns fall@10.000ns period=20.000ns})
  Path Group:             **async_default**
  Path Type:              Removal (Min at Fast Process Corner)
  Requirement:            0.000ns  (clk_fpga_0 rise@0.000ns - clk_fpga_0 rise@0.000ns)
  Data Path Delay:        0.986ns  (logic 0.186ns (18.860%)  route 0.800ns (81.140%))
  Logic Levels:           1  (LUT1=1)
  Clock Path Skew:        0.036ns (DCD - SCD - CPR)
    Destination Clock Delay (DCD):    1.211ns
    Source Clock Delay      (SCD):    0.911ns
    Clock Pessimism Removal (CPR):    0.264ns

    Location             Delay type                Incr(ns)  Path(ns)    PBlock               Netlist Resource(s)
  -------------------------------------------------------------------    ----------------------------------------
                         (clock clk_fpga_0 rise edge)
                                                      0.000     0.000 r                       
    PS7_X0Y0             PS7                          0.000     0.000 r                       udp_gateway_shadow_mirror_i/processing_system7_0/inst/PS7_i/FCLKCLK[0]
                         net (fo=1, routed)           0.310     0.310                         udp_gateway_shadow_mirror_i/processing_system7_0/inst/FCLK_CLK_unbuffered[0]
    BUFGCTRL_X0Y17       BUFG (Prop_bufg_I_O)         0.026     0.336 r                       udp_gateway_shadow_mirror_i/processing_system7_0/inst/buffer_fclk_clk_0.FCLK_CLK_0_BUFG/O
                         net (fo=42374, routed)       0.575     0.911                         udp_gateway_shadow_mirror_i/rst_ps7_0_100M/U0/slowest_sync_clk
    SLICE_X65Y85         FDRE                                         r                       udp_gateway_shadow_mirror_i/rst_ps7_0_100M/U0/ACTIVE_LOW_PR_OUT_DFF[0].FDRE_PER_N/C
  -------------------------------------------------------------------    ----------------------------------------
    SLICE_X65Y85         FDRE (Prop_fdre_C_Q)         0.141     1.052 r                       udp_gateway_shadow_mirror_i/rst_ps7_0_100M/U0/ACTIVE_LOW_PR_OUT_DFF[0].FDRE_PER_N/Q
                         net (fo=85, routed)          0.590     1.642                         udp_gateway_shadow_mirror_i/dma_gateway_hybrid_0/inst/i_hybrid_dma/u_s2mm_mm2s/rst_n
    SLICE_X61Y60         LUT1 (Prop_lut1_I0_O)        0.045     1.687 f  shadow_data_region   udp_gateway_shadow_mirror_i/dma_gateway_hybrid_0/inst/i_hybrid_dma/u_s2mm_mm2s/FSM_onehot_state[5]_i_2/O
                         net (fo=146, routed)         0.210     1.897                         udp_gateway_shadow_mirror_i/dma_gateway_hybrid_0/inst/i_hybrid_dma/u_s2mm_mm2s_n_101
    SLICE_X57Y60         FDCE                                         f  shadow_data_region   udp_gateway_shadow_mirror_i/dma_gateway_hybrid_0/inst/i_hybrid_dma/sink_progress_sticky_q_reg[29]/CLR
  -------------------------------------------------------------------    ----------------------------------------

                         (clock clk_fpga_0 rise edge)
                                                      0.000     0.000 r                       
    PS7_X0Y0             PS7                          0.000     0.000 r                       udp_gateway_shadow_mirror_i/processing_system7_0/inst/PS7_i/FCLKCLK[0]
                         net (fo=1, routed)           0.337     0.337                         udp_gateway_shadow_mirror_i/processing_system7_0/inst/FCLK_CLK_unbuffered[0]
    BUFGCTRL_X0Y17       BUFG (Prop_bufg_I_O)         0.029     0.366 r                       udp_gateway_shadow_mirror_i/processing_system7_0/inst/buffer_fclk_clk_0.FCLK_CLK_0_BUFG/O
                         net (fo=42374, routed)       0.845     1.211                         udp_gateway_shadow_mirror_i/dma_gateway_hybrid_0/inst/i_hybrid_dma/clk
    SLICE_X57Y60         FDCE                                         r  shadow_data_region   udp_gateway_shadow_mirror_i/dma_gateway_hybrid_0/inst/i_hybrid_dma/sink_progress_sticky_q_reg[29]/C
                         clock pessimism             -0.264     0.947                           
    SLICE_X57Y60         FDCE (Remov_fdce_C_CLR)     -0.092     0.855    shadow_data_region     udp_gateway_shadow_mirror_i/dma_gateway_hybrid_0/inst/i_hybrid_dma/sink_progress_sticky_q_reg[29]
  -------------------------------------------------------------------
                         required time                         -0.855                           
                         arrival time                           1.897                           
  -------------------------------------------------------------------
                         slack                                  1.042                           





---------------------------------------------------------------------------------------------------
Path Group:  **async_default**
From Clock:  clk_fpga_0
  To Clock:  shadow_dna_clk

Setup :            0  Failing Endpoints,  Worst Slack       12.243ns,  Total Violation        0.000ns
Hold  :            0  Failing Endpoints,  Worst Slack        1.790ns,  Total Violation        0.000ns
---------------------------------------------------------------------------------------------------


Max Delay Paths
--------------------------------------------------------------------------------------
Slack (MET) :             12.243ns  (required time - arrival time)
  Source:                 udp_gateway_shadow_mirror_i/rst_ps7_0_100M/U0/ACTIVE_LOW_PR_OUT_DFF[0].FDRE_PER_N/C
                            (rising edge-triggered cell FDRE clocked by clk_fpga_0  {rise@0.000ns fall@10.000ns period=20.000ns})
  Destination:            udp_gateway_shadow_mirror_i/dma_gateway_hybrid_0/inst/u_device_dna_reader/dna_shift_reg/CLR
                            (recovery check against rising-edge clock shadow_dna_clk  {rise@0.000ns fall@320.000ns period=640.000ns})
  Path Group:             **async_default**
  Path Type:              Recovery (Max at Slow Process Corner)
  Requirement:            20.000ns  (shadow_dna_clk rise@640.000ns - clk_fpga_0 rise@620.000ns)
  Data Path Delay:        10.900ns  (logic 0.608ns (5.578%)  route 10.292ns (94.422%))
  Logic Levels:           1  (LUT1=1)
  Clock Path Skew:        4.059ns (DCD - SCD + CPR)
    Destination Clock Delay (DCD):    6.948ns = ( 646.948 - 640.000 ) 
    Source Clock Delay      (SCD):    3.004ns = ( 623.004 - 620.000 ) 
    Clock Pessimism Removal (CPR):    0.115ns
  Clock Uncertainty:      0.302ns  ((TSJ^2 + TIJ^2)^1/2 + DJ) / 2 + PE
    Total System Jitter     (TSJ):    0.071ns
    Total Input Jitter      (TIJ):    0.600ns
    Discrete Jitter          (DJ):    0.000ns
    Phase Error              (PE):    0.000ns

    Location             Delay type                Incr(ns)  Path(ns)    PBlock               Netlist Resource(s)
  -------------------------------------------------------------------    ----------------------------------------
                         (clock clk_fpga_0 rise edge)
                                                    620.000   620.000 r                       
    PS7_X0Y0             PS7                          0.000   620.000 r                       udp_gateway_shadow_mirror_i/processing_system7_0/inst/PS7_i/FCLKCLK[0]
                         net (fo=1, routed)           1.193   621.193                         udp_gateway_shadow_mirror_i/processing_system7_0/inst/FCLK_CLK_unbuffered[0]
    BUFGCTRL_X0Y17       BUFG (Prop_bufg_I_O)         0.101   621.294 r                       udp_gateway_shadow_mirror_i/processing_system7_0/inst/buffer_fclk_clk_0.FCLK_CLK_0_BUFG/O
                         net (fo=42374, routed)       1.710   623.004                         udp_gateway_shadow_mirror_i/rst_ps7_0_100M/U0/slowest_sync_clk
    SLICE_X65Y85         FDRE                                         r                       udp_gateway_shadow_mirror_i/rst_ps7_0_100M/U0/ACTIVE_LOW_PR_OUT_DFF[0].FDRE_PER_N/C
  -------------------------------------------------------------------    ----------------------------------------
    SLICE_X65Y85         FDRE (Prop_fdre_C_Q)         0.456   623.460 r                       udp_gateway_shadow_mirror_i/rst_ps7_0_100M/U0/ACTIVE_LOW_PR_OUT_DFF[0].FDRE_PER_N/Q
                         net (fo=85, routed)          4.462   627.922                         udp_gateway_shadow_mirror_i/dma_gateway_hybrid_0/inst/u_shadow_acl_filter/u_acl/rst_n
    SLICE_X25Y49         LUT1 (Prop_lut1_I0_O)        0.152   628.074 f  shadow_data_region   udp_gateway_shadow_mirror_i/dma_gateway_hybrid_0/inst/u_shadow_acl_filter/u_acl/s_axil_awready_i_1/O
                         net (fo=1907, routed)        5.830   633.904                         udp_gateway_shadow_mirror_i/dma_gateway_hybrid_0/inst/u_device_dna_reader/p_0_in
    SLICE_X99Y91         FDCE                                         f  shadow_ctrl_region   udp_gateway_shadow_mirror_i/dma_gateway_hybrid_0/inst/u_device_dna_reader/dna_shift_reg/CLR
  -------------------------------------------------------------------    ----------------------------------------

                         (clock shadow_dna_clk rise edge)
                                                    640.000   640.000 r                       
    PS7_X0Y0             PS7                          0.000   640.000 r                       udp_gateway_shadow_mirror_i/processing_system7_0/inst/PS7_i/FCLKCLK[0]
                         net (fo=1, routed)           1.088   641.088                         udp_gateway_shadow_mirror_i/processing_system7_0/inst/FCLK_CLK_unbuffered[0]
    BUFGCTRL_X0Y17       BUFG (Prop_bufg_I_O)         0.091   641.179 r                       udp_gateway_shadow_mirror_i/processing_system7_0/inst/buffer_fclk_clk_0.FCLK_CLK_0_BUFG/O
                         net (fo=42374, routed)       1.609   642.788                         udp_gateway_shadow_mirror_i/dma_gateway_hybrid_0/inst/u_device_dna_reader/clk
    SLICE_X103Y54        FDCE (Prop_fdce_C_Q)         0.367   643.155 r  shadow_ctrl_region   udp_gateway_shadow_mirror_i/dma_gateway_hybrid_0/inst/u_device_dna_reader/dna_clk_reg/Q
                         net (fo=1, routed)           2.095   645.250                         udp_gateway_shadow_mirror_i/dma_gateway_hybrid_0/inst/u_device_dna_reader/dna_clk
    BUFGCTRL_X0Y16       BUFG (Prop_bufg_I_O)         0.091   645.341 r                       udp_gateway_shadow_mirror_i/dma_gateway_hybrid_0/inst/u_device_dna_reader/dna_clk_BUFG_inst/O
                         net (fo=69, routed)          1.607   646.948                         udp_gateway_shadow_mirror_i/dma_gateway_hybrid_0/inst/u_device_dna_reader/dna_clk_BUFG
    SLICE_X99Y91         FDCE                                         r  shadow_ctrl_region   udp_gateway_shadow_mirror_i/dma_gateway_hybrid_0/inst/u_device_dna_reader/dna_shift_reg/C
                         clock pessimism              0.115   647.062                           
                         clock uncertainty           -0.302   646.760                           
    SLICE_X99Y91         FDCE (Recov_fdce_C_CLR)     -0.613   646.147    shadow_ctrl_region     udp_gateway_shadow_mirror_i/dma_gateway_hybrid_0/inst/u_device_dna_reader/dna_shift_reg
  -------------------------------------------------------------------
                         required time                        646.147                           
                         arrival time                        -633.904                           
  -------------------------------------------------------------------
                         slack                                 12.243                           

Slack (MET) :             12.289ns  (required time - arrival time)
  Source:                 udp_gateway_shadow_mirror_i/rst_ps7_0_100M/U0/ACTIVE_LOW_PR_OUT_DFF[0].FDRE_PER_N/C
                            (rising edge-triggered cell FDRE clocked by clk_fpga_0  {rise@0.000ns fall@10.000ns period=20.000ns})
  Destination:            udp_gateway_shadow_mirror_i/dma_gateway_hybrid_0/inst/u_device_dna_reader/dna_busy_raw_reg/PRE
                            (recovery check against rising-edge clock shadow_dna_clk  {rise@0.000ns fall@320.000ns period=640.000ns})
  Path Group:             **async_default**
  Path Type:              Recovery (Max at Slow Process Corner)
  Requirement:            20.000ns  (shadow_dna_clk rise@640.000ns - clk_fpga_0 rise@620.000ns)
  Data Path Delay:        10.900ns  (logic 0.608ns (5.578%)  route 10.292ns (94.422%))
  Logic Levels:           1  (LUT1=1)
  Clock Path Skew:        4.059ns (DCD - SCD + CPR)
    Destination Clock Delay (DCD):    6.948ns = ( 646.948 - 640.000 ) 
    Source Clock Delay      (SCD):    3.004ns = ( 623.004 - 620.000 ) 
    Clock Pessimism Removal (CPR):    0.115ns
  Clock Uncertainty:      0.302ns  ((TSJ^2 + TIJ^2)^1/2 + DJ) / 2 + PE
    Total System Jitter     (TSJ):    0.071ns
    Total Input Jitter      (TIJ):    0.600ns
    Discrete Jitter          (DJ):    0.000ns
    Phase Error              (PE):    0.000ns

    Location             Delay type                Incr(ns)  Path(ns)    PBlock               Netlist Resource(s)
  -------------------------------------------------------------------    ----------------------------------------
                         (clock clk_fpga_0 rise edge)
                                                    620.000   620.000 r                       
    PS7_X0Y0             PS7                          0.000   620.000 r                       udp_gateway_shadow_mirror_i/processing_system7_0/inst/PS7_i/FCLKCLK[0]
                         net (fo=1, routed)           1.193   621.193                         udp_gateway_shadow_mirror_i/processing_system7_0/inst/FCLK_CLK_unbuffered[0]
    BUFGCTRL_X0Y17       BUFG (Prop_bufg_I_O)         0.101   621.294 r                       udp_gateway_shadow_mirror_i/processing_system7_0/inst/buffer_fclk_clk_0.FCLK_CLK_0_BUFG/O
                         net (fo=42374, routed)       1.710   623.004                         udp_gateway_shadow_mirror_i/rst_ps7_0_100M/U0/slowest_sync_clk
    SLICE_X65Y85         FDRE                                         r                       udp_gateway_shadow_mirror_i/rst_ps7_0_100M/U0/ACTIVE_LOW_PR_OUT_DFF[0].FDRE_PER_N/C
  -------------------------------------------------------------------    ----------------------------------------
    SLICE_X65Y85         FDRE (Prop_fdre_C_Q)         0.456   623.460 r                       udp_gateway_shadow_mirror_i/rst_ps7_0_100M/U0/ACTIVE_LOW_PR_OUT_DFF[0].FDRE_PER_N/Q
                         net (fo=85, routed)          4.462   627.922                         udp_gateway_shadow_mirror_i/dma_gateway_hybrid_0/inst/u_shadow_acl_filter/u_acl/rst_n
    SLICE_X25Y49         LUT1 (Prop_lut1_I0_O)        0.152   628.074 f  shadow_data_region   udp_gateway_shadow_mirror_i/dma_gateway_hybrid_0/inst/u_shadow_acl_filter/u_acl/s_axil_awready_i_1/O
                         net (fo=1907, routed)        5.830   633.904                         udp_gateway_shadow_mirror_i/dma_gateway_hybrid_0/inst/u_device_dna_reader/p_0_in
    SLICE_X99Y91         FDPE                                         f  shadow_ctrl_region   udp_gateway_shadow_mirror_i/dma_gateway_hybrid_0/inst/u_device_dna_reader/dna_busy_raw_reg/PRE
  -------------------------------------------------------------------    ----------------------------------------

                         (clock shadow_dna_clk rise edge)
                                                    640.000   640.000 r                       
    PS7_X0Y0             PS7                          0.000   640.000 r                       udp_gateway_shadow_mirror_i/processing_system7_0/inst/PS7_i/FCLKCLK[0]
                         net (fo=1, routed)           1.088   641.088                         udp_gateway_shadow_mirror_i/processing_system7_0/inst/FCLK_CLK_unbuffered[0]
    BUFGCTRL_X0Y17       BUFG (Prop_bufg_I_O)         0.091   641.179 r                       udp_gateway_shadow_mirror_i/processing_system7_0/inst/buffer_fclk_clk_0.FCLK_CLK_0_BUFG/O
                         net (fo=42374, routed)       1.609   642.788                         udp_gateway_shadow_mirror_i/dma_gateway_hybrid_0/inst/u_device_dna_reader/clk
    SLICE_X103Y54        FDCE (Prop_fdce_C_Q)         0.367   643.155 r  shadow_ctrl_region   udp_gateway_shadow_mirror_i/dma_gateway_hybrid_0/inst/u_device_dna_reader/dna_clk_reg/Q
                         net (fo=1, routed)           2.095   645.250                         udp_gateway_shadow_mirror_i/dma_gateway_hybrid_0/inst/u_device_dna_reader/dna_clk
    BUFGCTRL_X0Y16       BUFG (Prop_bufg_I_O)         0.091   645.341 r                       udp_gateway_shadow_mirror_i/dma_gateway_hybrid_0/inst/u_device_dna_reader/dna_clk_BUFG_inst/O
                         net (fo=69, routed)          1.607   646.948                         udp_gateway_shadow_mirror_i/dma_gateway_hybrid_0/inst/u_device_dna_reader/dna_clk_BUFG
    SLICE_X99Y91         FDPE                                         r  shadow_ctrl_region   udp_gateway_shadow_mirror_i/dma_gateway_hybrid_0/inst/u_device_dna_reader/dna_busy_raw_reg/C
                         clock pessimism              0.115   647.062                           
                         clock uncertainty           -0.302   646.760                           
    SLICE_X99Y91         FDPE (Recov_fdpe_C_PRE)     -0.567   646.193    shadow_ctrl_region     udp_gateway_shadow_mirror_i/dma_gateway_hybrid_0/inst/u_device_dna_reader/dna_busy_raw_reg
  -------------------------------------------------------------------
                         required time                        646.193                           
                         arrival time                        -633.904                           
  -------------------------------------------------------------------
                         slack                                 12.289                           

Slack (MET) :             12.289ns  (required time - arrival time)
  Source:                 udp_gateway_shadow_mirror_i/rst_ps7_0_100M/U0/ACTIVE_LOW_PR_OUT_DFF[0].FDRE_PER_N/C
                            (rising edge-triggered cell FDRE clocked by clk_fpga_0  {rise@0.000ns fall@10.000ns period=20.000ns})
  Destination:            udp_gateway_shadow_mirror_i/dma_gateway_hybrid_0/inst/u_device_dna_reader/dna_read_reg/PRE
                            (recovery check against rising-edge clock shadow_dna_clk  {rise@0.000ns fall@320.000ns period=640.000ns})
  Path Group:             **async_default**
  Path Type:              Recovery (Max at Slow Process Corner)
  Requirement:            20.000ns  (shadow_dna_clk rise@640.000ns - clk_fpga_0 rise@620.000ns)
  Data Path Delay:        10.900ns  (logic 0.608ns (5.578%)  route 10.292ns (94.422%))
  Logic Levels:           1  (LUT1=1)
  Clock Path Skew:        4.059ns (DCD - SCD + CPR)
    Destination Clock Delay (DCD):    6.948ns = ( 646.948 - 640.000 ) 
    Source Clock Delay      (SCD):    3.004ns = ( 623.004 - 620.000 ) 
    Clock Pessimism Removal (CPR):    0.115ns
  Clock Uncertainty:      0.302ns  ((TSJ^2 + TIJ^2)^1/2 + DJ) / 2 + PE
    Total System Jitter     (TSJ):    0.071ns
    Total Input Jitter      (TIJ):    0.600ns
    Discrete Jitter          (DJ):    0.000ns
    Phase Error              (PE):    0.000ns

    Location             Delay type                Incr(ns)  Path(ns)    PBlock               Netlist Resource(s)
  -------------------------------------------------------------------    ----------------------------------------
                         (clock clk_fpga_0 rise edge)
                                                    620.000   620.000 r                       
    PS7_X0Y0             PS7                          0.000   620.000 r                       udp_gateway_shadow_mirror_i/processing_system7_0/inst/PS7_i/FCLKCLK[0]
                         net (fo=1, routed)           1.193   621.193                         udp_gateway_shadow_mirror_i/processing_system7_0/inst/FCLK_CLK_unbuffered[0]
    BUFGCTRL_X0Y17       BUFG (Prop_bufg_I_O)         0.101   621.294 r                       udp_gateway_shadow_mirror_i/processing_system7_0/inst/buffer_fclk_clk_0.FCLK_CLK_0_BUFG/O
                         net (fo=42374, routed)       1.710   623.004                         udp_gateway_shadow_mirror_i/rst_ps7_0_100M/U0/slowest_sync_clk
    SLICE_X65Y85         FDRE                                         r                       udp_gateway_shadow_mirror_i/rst_ps7_0_100M/U0/ACTIVE_LOW_PR_OUT_DFF[0].FDRE_PER_N/C
  -------------------------------------------------------------------    ----------------------------------------
    SLICE_X65Y85         FDRE (Prop_fdre_C_Q)         0.456   623.460 r                       udp_gateway_shadow_mirror_i/rst_ps7_0_100M/U0/ACTIVE_LOW_PR_OUT_DFF[0].FDRE_PER_N/Q
                         net (fo=85, routed)          4.462   627.922                         udp_gateway_shadow_mirror_i/dma_gateway_hybrid_0/inst/u_shadow_acl_filter/u_acl/rst_n
    SLICE_X25Y49         LUT1 (Prop_lut1_I0_O)        0.152   628.074 f  shadow_data_region   udp_gateway_shadow_mirror_i/dma_gateway_hybrid_0/inst/u_shadow_acl_filter/u_acl/s_axil_awready_i_1/O
                         net (fo=1907, routed)        5.830   633.904                         udp_gateway_shadow_mirror_i/dma_gateway_hybrid_0/inst/u_device_dna_reader/p_0_in
    SLICE_X99Y91         FDPE                                         f  shadow_ctrl_region   udp_gateway_shadow_mirror_i/dma_gateway_hybrid_0/inst/u_device_dna_reader/dna_read_reg/PRE
  -------------------------------------------------------------------    ----------------------------------------

                         (clock shadow_dna_clk rise edge)
                                                    640.000   640.000 r                       
    PS7_X0Y0             PS7                          0.000   640.000 r                       udp_gateway_shadow_mirror_i/processing_system7_0/inst/PS7_i/FCLKCLK[0]
                         net (fo=1, routed)           1.088   641.088                         udp_gateway_shadow_mirror_i/processing_system7_0/inst/FCLK_CLK_unbuffered[0]
    BUFGCTRL_X0Y17       BUFG (Prop_bufg_I_O)         0.091   641.179 r                       udp_gateway_shadow_mirror_i/processing_system7_0/inst/buffer_fclk_clk_0.FCLK_CLK_0_BUFG/O
                         net (fo=42374, routed)       1.609   642.788                         udp_gateway_shadow_mirror_i/dma_gateway_hybrid_0/inst/u_device_dna_reader/clk
    SLICE_X103Y54        FDCE (Prop_fdce_C_Q)         0.367   643.155 r  shadow_ctrl_region   udp_gateway_shadow_mirror_i/dma_gateway_hybrid_0/inst/u_device_dna_reader/dna_clk_reg/Q
                         net (fo=1, routed)           2.095   645.250                         udp_gateway_shadow_mirror_i/dma_gateway_hybrid_0/inst/u_device_dna_reader/dna_clk
    BUFGCTRL_X0Y16       BUFG (Prop_bufg_I_O)         0.091   645.341 r                       udp_gateway_shadow_mirror_i/dma_gateway_hybrid_0/inst/u_device_dna_reader/dna_clk_BUFG_inst/O
                         net (fo=69, routed)          1.607   646.948                         udp_gateway_shadow_mirror_i/dma_gateway_hybrid_0/inst/u_device_dna_reader/dna_clk_BUFG
    SLICE_X99Y91         FDPE                                         r  shadow_ctrl_region   udp_gateway_shadow_mirror_i/dma_gateway_hybrid_0/inst/u_device_dna_reader/dna_read_reg/C
                         clock pessimism              0.115   647.062                           
                         clock uncertainty           -0.302   646.760                           
    SLICE_X99Y91         FDPE (Recov_fdpe_C_PRE)     -0.567   646.193    shadow_ctrl_region     udp_gateway_shadow_mirror_i/dma_gateway_hybrid_0/inst/u_device_dna_reader/dna_read_reg
  -------------------------------------------------------------------
                         required time                        646.193                           
                         arrival time                        -633.904                           
  -------------------------------------------------------------------
                         slack                                 12.289                           

Slack (MET) :             12.306ns  (required time - arrival time)
  Source:                 udp_gateway_shadow_mirror_i/rst_ps7_0_100M/U0/ACTIVE_LOW_PR_OUT_DFF[0].FDRE_PER_N/C
                            (rising edge-triggered cell FDRE clocked by clk_fpga_0  {rise@0.000ns fall@10.000ns period=20.000ns})
  Destination:            udp_gateway_shadow_mirror_i/dma_gateway_hybrid_0/inst/u_device_dna_reader/dna_shift_value_reg[26]/CLR
                            (recovery check against rising-edge clock shadow_dna_clk  {rise@0.000ns fall@320.000ns period=640.000ns})
  Path Group:             **async_default**
  Path Type:              Recovery (Max at Slow Process Corner)
  Requirement:            20.000ns  (shadow_dna_clk rise@640.000ns - clk_fpga_0 rise@620.000ns)
  Data Path Delay:        10.825ns  (logic 0.608ns (5.617%)  route 10.217ns (94.383%))
  Logic Levels:           1  (LUT1=1)
  Clock Path Skew:        4.046ns (DCD - SCD + CPR)
    Destination Clock Delay (DCD):    6.935ns = ( 646.935 - 640.000 ) 
    Source Clock Delay      (SCD):    3.004ns = ( 623.004 - 620.000 ) 
    Clock Pessimism Removal (CPR):    0.115ns
  Clock Uncertainty:      0.302ns  ((TSJ^2 + TIJ^2)^1/2 + DJ) / 2 + PE
    Total System Jitter     (TSJ):    0.071ns
    Total Input Jitter      (TIJ):    0.600ns
    Discrete Jitter          (DJ):    0.000ns
    Phase Error              (PE):    0.000ns

    Location             Delay type                Incr(ns)  Path(ns)    PBlock               Netlist Resource(s)
  -------------------------------------------------------------------    ----------------------------------------
                         (clock clk_fpga_0 rise edge)
                                                    620.000   620.000 r                       
    PS7_X0Y0             PS7                          0.000   620.000 r                       udp_gateway_shadow_mirror_i/processing_system7_0/inst/PS7_i/FCLKCLK[0]
                         net (fo=1, routed)           1.193   621.193                         udp_gateway_shadow_mirror_i/processing_system7_0/inst/FCLK_CLK_unbuffered[0]
    BUFGCTRL_X0Y17       BUFG (Prop_bufg_I_O)         0.101   621.294 r                       udp_gateway_shadow_mirror_i/processing_system7_0/inst/buffer_fclk_clk_0.FCLK_CLK_0_BUFG/O
                         net (fo=42374, routed)       1.710   623.004                         udp_gateway_shadow_mirror_i/rst_ps7_0_100M/U0/slowest_sync_clk
    SLICE_X65Y85         FDRE                                         r                       udp_gateway_shadow_mirror_i/rst_ps7_0_100M/U0/ACTIVE_LOW_PR_OUT_DFF[0].FDRE_PER_N/C
  -------------------------------------------------------------------    ----------------------------------------
    SLICE_X65Y85         FDRE (Prop_fdre_C_Q)         0.456   623.460 r                       udp_gateway_shadow_mirror_i/rst_ps7_0_100M/U0/ACTIVE_LOW_PR_OUT_DFF[0].FDRE_PER_N/Q
                         net (fo=85, routed)          4.462   627.922                         udp_gateway_shadow_mirror_i/dma_gateway_hybrid_0/inst/u_shadow_acl_filter/u_acl/rst_n
    SLICE_X25Y49         LUT1 (Prop_lut1_I0_O)        0.152   628.074 f  shadow_data_region   udp_gateway_shadow_mirror_i/dma_gateway_hybrid_0/inst/u_shadow_acl_filter/u_acl/s_axil_awready_i_1/O
                         net (fo=1907, routed)        5.755   633.829                         udp_gateway_shadow_mirror_i/dma_gateway_hybrid_0/inst/u_device_dna_reader/p_0_in
    SLICE_X105Y76        FDCE                                         f  shadow_ctrl_region   udp_gateway_shadow_mirror_i/dma_gateway_hybrid_0/inst/u_device_dna_reader/dna_shift_value_reg[26]/CLR
  -------------------------------------------------------------------    ----------------------------------------

                         (clock shadow_dna_clk rise edge)
                                                    640.000   640.000 r                       
    PS7_X0Y0             PS7                          0.000   640.000 r                       udp_gateway_shadow_mirror_i/processing_system7_0/inst/PS7_i/FCLKCLK[0]
                         net (fo=1, routed)           1.088   641.088                         udp_gateway_shadow_mirror_i/processing_system7_0/inst/FCLK_CLK_unbuffered[0]
    BUFGCTRL_X0Y17       BUFG (Prop_bufg_I_O)         0.091   641.179 r                       udp_gateway_shadow_mirror_i/processing_system7_0/inst/buffer_fclk_clk_0.FCLK_CLK_0_BUFG/O
                         net (fo=42374, routed)       1.609   642.788                         udp_gateway_shadow_mirror_i/dma_gateway_hybrid_0/inst/u_device_dna_reader/clk
    SLICE_X103Y54        FDCE (Prop_fdce_C_Q)         0.367   643.155 r  shadow_ctrl_region   udp_gateway_shadow_mirror_i/dma_gateway_hybrid_0/inst/u_device_dna_reader/dna_clk_reg/Q
                         net (fo=1, routed)           2.095   645.250                         udp_gateway_shadow_mirror_i/dma_gateway_hybrid_0/inst/u_device_dna_reader/dna_clk
    BUFGCTRL_X0Y16       BUFG (Prop_bufg_I_O)         0.091   645.341 r                       udp_gateway_shadow_mirror_i/dma_gateway_hybrid_0/inst/u_device_dna_reader/dna_clk_BUFG_inst/O
                         net (fo=69, routed)          1.594   646.935                         udp_gateway_shadow_mirror_i/dma_gateway_hybrid_0/inst/u_device_dna_reader/dna_clk_BUFG
    SLICE_X105Y76        FDCE                                         r  shadow_ctrl_region   udp_gateway_shadow_mirror_i/dma_gateway_hybrid_0/inst/u_device_dna_reader/dna_shift_value_reg[26]/C
                         clock pessimism              0.115   647.049                           
                         clock uncertainty           -0.302   646.747                           
    SLICE_X105Y76        FDCE (Recov_fdce_C_CLR)     -0.613   646.134    shadow_ctrl_region     udp_gateway_shadow_mirror_i/dma_gateway_hybrid_0/inst/u_device_dna_reader/dna_shift_value_reg[26]
  -------------------------------------------------------------------
                         required time                        646.134                           
                         arrival time                        -633.829                           
  -------------------------------------------------------------------
                         slack                                 12.306                           

Slack (MET) :             12.306ns  (required time - arrival time)
  Source:                 udp_gateway_shadow_mirror_i/rst_ps7_0_100M/U0/ACTIVE_LOW_PR_OUT_DFF[0].FDRE_PER_N/C
                            (rising edge-triggered cell FDRE clocked by clk_fpga_0  {rise@0.000ns fall@10.000ns period=20.000ns})
  Destination:            udp_gateway_shadow_mirror_i/dma_gateway_hybrid_0/inst/u_device_dna_reader/dna_shift_value_reg[27]/CLR
                            (recovery check against rising-edge clock shadow_dna_clk  {rise@0.000ns fall@320.000ns period=640.000ns})
  Path Group:             **async_default**
  Path Type:              Recovery (Max at Slow Process Corner)
  Requirement:            20.000ns  (shadow_dna_clk rise@640.000ns - clk_fpga_0 rise@620.000ns)
  Data Path Delay:        10.825ns  (logic 0.608ns (5.617%)  route 10.217ns (94.383%))
  Logic Levels:           1  (LUT1=1)
  Clock Path Skew:        4.046ns (DCD - SCD + CPR)
    Destination Clock Delay (DCD):    6.935ns = ( 646.935 - 640.000 ) 
    Source Clock Delay      (SCD):    3.004ns = ( 623.004 - 620.000 ) 
    Clock Pessimism Removal (CPR):    0.115ns
  Clock Uncertainty:      0.302ns  ((TSJ^2 + TIJ^2)^1/2 + DJ) / 2 + PE
    Total System Jitter     (TSJ):    0.071ns
    Total Input Jitter      (TIJ):    0.600ns
    Discrete Jitter          (DJ):    0.000ns
    Phase Error              (PE):    0.000ns

    Location             Delay type                Incr(ns)  Path(ns)    PBlock               Netlist Resource(s)
  -------------------------------------------------------------------    ----------------------------------------
                         (clock clk_fpga_0 rise edge)
                                                    620.000   620.000 r                       
    PS7_X0Y0             PS7                          0.000   620.000 r                       udp_gateway_shadow_mirror_i/processing_system7_0/inst/PS7_i/FCLKCLK[0]
                         net (fo=1, routed)           1.193   621.193                         udp_gateway_shadow_mirror_i/processing_system7_0/inst/FCLK_CLK_unbuffered[0]
    BUFGCTRL_X0Y17       BUFG (Prop_bufg_I_O)         0.101   621.294 r                       udp_gateway_shadow_mirror_i/processing_system7_0/inst/buffer_fclk_clk_0.FCLK_CLK_0_BUFG/O
                         net (fo=42374, routed)       1.710   623.004                         udp_gateway_shadow_mirror_i/rst_ps7_0_100M/U0/slowest_sync_clk
    SLICE_X65Y85         FDRE                                         r                       udp_gateway_shadow_mirror_i/rst_ps7_0_100M/U0/ACTIVE_LOW_PR_OUT_DFF[0].FDRE_PER_N/C
  -------------------------------------------------------------------    ----------------------------------------
    SLICE_X65Y85         FDRE (Prop_fdre_C_Q)         0.456   623.460 r                       udp_gateway_shadow_mirror_i/rst_ps7_0_100M/U0/ACTIVE_LOW_PR_OUT_DFF[0].FDRE_PER_N/Q
                         net (fo=85, routed)          4.462   627.922                         udp_gateway_shadow_mirror_i/dma_gateway_hybrid_0/inst/u_shadow_acl_filter/u_acl/rst_n
    SLICE_X25Y49         LUT1 (Prop_lut1_I0_O)        0.152   628.074 f  shadow_data_region   udp_gateway_shadow_mirror_i/dma_gateway_hybrid_0/inst/u_shadow_acl_filter/u_acl/s_axil_awready_i_1/O
                         net (fo=1907, routed)        5.755   633.829                         udp_gateway_shadow_mirror_i/dma_gateway_hybrid_0/inst/u_device_dna_reader/p_0_in
    SLICE_X105Y76        FDCE                                         f  shadow_ctrl_region   udp_gateway_shadow_mirror_i/dma_gateway_hybrid_0/inst/u_device_dna_reader/dna_shift_value_reg[27]/CLR
  -------------------------------------------------------------------    ----------------------------------------

                         (clock shadow_dna_clk rise edge)
                                                    640.000   640.000 r                       
    PS7_X0Y0             PS7                          0.000   640.000 r                       udp_gateway_shadow_mirror_i/processing_system7_0/inst/PS7_i/FCLKCLK[0]
                         net (fo=1, routed)           1.088   641.088                         udp_gateway_shadow_mirror_i/processing_system7_0/inst/FCLK_CLK_unbuffered[0]
    BUFGCTRL_X0Y17       BUFG (Prop_bufg_I_O)         0.091   641.179 r                       udp_gateway_shadow_mirror_i/processing_system7_0/inst/buffer_fclk_clk_0.FCLK_CLK_0_BUFG/O
                         net (fo=42374, routed)       1.609   642.788                         udp_gateway_shadow_mirror_i/dma_gateway_hybrid_0/inst/u_device_dna_reader/clk
    SLICE_X103Y54        FDCE (Prop_fdce_C_Q)         0.367   643.155 r  shadow_ctrl_region   udp_gateway_shadow_mirror_i/dma_gateway_hybrid_0/inst/u_device_dna_reader/dna_clk_reg/Q
                         net (fo=1, routed)           2.095   645.250                         udp_gateway_shadow_mirror_i/dma_gateway_hybrid_0/inst/u_device_dna_reader/dna_clk
    BUFGCTRL_X0Y16       BUFG (Prop_bufg_I_O)         0.091   645.341 r                       udp_gateway_shadow_mirror_i/dma_gateway_hybrid_0/inst/u_device_dna_reader/dna_clk_BUFG_inst/O
                         net (fo=69, routed)          1.594   646.935                         udp_gateway_shadow_mirror_i/dma_gateway_hybrid_0/inst/u_device_dna_reader/dna_clk_BUFG
    SLICE_X105Y76        FDCE                                         r  shadow_ctrl_region   udp_gateway_shadow_mirror_i/dma_gateway_hybrid_0/inst/u_device_dna_reader/dna_shift_value_reg[27]/C
                         clock pessimism              0.115   647.049                           
                         clock uncertainty           -0.302   646.747                           
    SLICE_X105Y76        FDCE (Recov_fdce_C_CLR)     -0.613   646.134    shadow_ctrl_region     udp_gateway_shadow_mirror_i/dma_gateway_hybrid_0/inst/u_device_dna_reader/dna_shift_value_reg[27]
  -------------------------------------------------------------------
                         required time                        646.134                           
                         arrival time                        -633.829                           
  -------------------------------------------------------------------
                         slack                                 12.306                           

Slack (MET) :             12.306ns  (required time - arrival time)
  Source:                 udp_gateway_shadow_mirror_i/rst_ps7_0_100M/U0/ACTIVE_LOW_PR_OUT_DFF[0].FDRE_PER_N/C
                            (rising edge-triggered cell FDRE clocked by clk_fpga_0  {rise@0.000ns fall@10.000ns period=20.000ns})
  Destination:            udp_gateway_shadow_mirror_i/dma_gateway_hybrid_0/inst/u_device_dna_reader/dna_shift_value_reg[28]/CLR
                            (recovery check against rising-edge clock shadow_dna_clk  {rise@0.000ns fall@320.000ns period=640.000ns})
  Path Group:             **async_default**
  Path Type:              Recovery (Max at Slow Process Corner)
  Requirement:            20.000ns  (shadow_dna_clk rise@640.000ns - clk_fpga_0 rise@620.000ns)
  Data Path Delay:        10.825ns  (logic 0.608ns (5.617%)  route 10.217ns (94.383%))
  Logic Levels:           1  (LUT1=1)
  Clock Path Skew:        4.046ns (DCD - SCD + CPR)
    Destination Clock Delay (DCD):    6.935ns = ( 646.935 - 640.000 ) 
    Source Clock Delay      (SCD):    3.004ns = ( 623.004 - 620.000 ) 
    Clock Pessimism Removal (CPR):    0.115ns
  Clock Uncertainty:      0.302ns  ((TSJ^2 + TIJ^2)^1/2 + DJ) / 2 + PE
    Total System Jitter     (TSJ):    0.071ns
    Total Input Jitter      (TIJ):    0.600ns
    Discrete Jitter          (DJ):    0.000ns
    Phase Error              (PE):    0.000ns

    Location             Delay type                Incr(ns)  Path(ns)    PBlock               Netlist Resource(s)
  -------------------------------------------------------------------    ----------------------------------------
                         (clock clk_fpga_0 rise edge)
                                                    620.000   620.000 r                       
    PS7_X0Y0             PS7                          0.000   620.000 r                       udp_gateway_shadow_mirror_i/processing_system7_0/inst/PS7_i/FCLKCLK[0]
                         net (fo=1, routed)           1.193   621.193                         udp_gateway_shadow_mirror_i/processing_system7_0/inst/FCLK_CLK_unbuffered[0]
    BUFGCTRL_X0Y17       BUFG (Prop_bufg_I_O)         0.101   621.294 r                       udp_gateway_shadow_mirror_i/processing_system7_0/inst/buffer_fclk_clk_0.FCLK_CLK_0_BUFG/O
                         net (fo=42374, routed)       1.710   623.004                         udp_gateway_shadow_mirror_i/rst_ps7_0_100M/U0/slowest_sync_clk
    SLICE_X65Y85         FDRE                                         r                       udp_gateway_shadow_mirror_i/rst_ps7_0_100M/U0/ACTIVE_LOW_PR_OUT_DFF[0].FDRE_PER_N/C
  -------------------------------------------------------------------    ----------------------------------------
    SLICE_X65Y85         FDRE (Prop_fdre_C_Q)         0.456   623.460 r                       udp_gateway_shadow_mirror_i/rst_ps7_0_100M/U0/ACTIVE_LOW_PR_OUT_DFF[0].FDRE_PER_N/Q
                         net (fo=85, routed)          4.462   627.922                         udp_gateway_shadow_mirror_i/dma_gateway_hybrid_0/inst/u_shadow_acl_filter/u_acl/rst_n
    SLICE_X25Y49         LUT1 (Prop_lut1_I0_O)        0.152   628.074 f  shadow_data_region   udp_gateway_shadow_mirror_i/dma_gateway_hybrid_0/inst/u_shadow_acl_filter/u_acl/s_axil_awready_i_1/O
                         net (fo=1907, routed)        5.755   633.829                         udp_gateway_shadow_mirror_i/dma_gateway_hybrid_0/inst/u_device_dna_reader/p_0_in
    SLICE_X105Y76        FDCE                                         f  shadow_ctrl_region   udp_gateway_shadow_mirror_i/dma_gateway_hybrid_0/inst/u_device_dna_reader/dna_shift_value_reg[28]/CLR
  -------------------------------------------------------------------    ----------------------------------------

                         (clock shadow_dna_clk rise edge)
                                                    640.000   640.000 r                       
    PS7_X0Y0             PS7                          0.000   640.000 r                       udp_gateway_shadow_mirror_i/processing_system7_0/inst/PS7_i/FCLKCLK[0]
                         net (fo=1, routed)           1.088   641.088                         udp_gateway_shadow_mirror_i/processing_system7_0/inst/FCLK_CLK_unbuffered[0]
    BUFGCTRL_X0Y17       BUFG (Prop_bufg_I_O)         0.091   641.179 r                       udp_gateway_shadow_mirror_i/processing_system7_0/inst/buffer_fclk_clk_0.FCLK_CLK_0_BUFG/O
                         net (fo=42374, routed)       1.609   642.788                         udp_gateway_shadow_mirror_i/dma_gateway_hybrid_0/inst/u_device_dna_reader/clk
    SLICE_X103Y54        FDCE (Prop_fdce_C_Q)         0.367   643.155 r  shadow_ctrl_region   udp_gateway_shadow_mirror_i/dma_gateway_hybrid_0/inst/u_device_dna_reader/dna_clk_reg/Q
                         net (fo=1, routed)           2.095   645.250                         udp_gateway_shadow_mirror_i/dma_gateway_hybrid_0/inst/u_device_dna_reader/dna_clk
    BUFGCTRL_X0Y16       BUFG (Prop_bufg_I_O)         0.091   645.341 r                       udp_gateway_shadow_mirror_i/dma_gateway_hybrid_0/inst/u_device_dna_reader/dna_clk_BUFG_inst/O
                         net (fo=69, routed)          1.594   646.935                         udp_gateway_shadow_mirror_i/dma_gateway_hybrid_0/inst/u_device_dna_reader/dna_clk_BUFG
    SLICE_X105Y76        FDCE                                         r  shadow_ctrl_region   udp_gateway_shadow_mirror_i/dma_gateway_hybrid_0/inst/u_device_dna_reader/dna_shift_value_reg[28]/C
                         clock pessimism              0.115   647.049                           
                         clock uncertainty           -0.302   646.747                           
    SLICE_X105Y76        FDCE (Recov_fdce_C_CLR)     -0.613   646.134    shadow_ctrl_region     udp_gateway_shadow_mirror_i/dma_gateway_hybrid_0/inst/u_device_dna_reader/dna_shift_value_reg[28]
  -------------------------------------------------------------------
                         required time                        646.134                           
                         arrival time                        -633.829                           
  -------------------------------------------------------------------
                         slack                                 12.306                           

Slack (MET) :             12.306ns  (required time - arrival time)
  Source:                 udp_gateway_shadow_mirror_i/rst_ps7_0_100M/U0/ACTIVE_LOW_PR_OUT_DFF[0].FDRE_PER_N/C
                            (rising edge-triggered cell FDRE clocked by clk_fpga_0  {rise@0.000ns fall@10.000ns period=20.000ns})
  Destination:            udp_gateway_shadow_mirror_i/dma_gateway_hybrid_0/inst/u_device_dna_reader/dna_shift_value_reg[31]/CLR
                            (recovery check against rising-edge clock shadow_dna_clk  {rise@0.000ns fall@320.000ns period=640.000ns})
  Path Group:             **async_default**
  Path Type:              Recovery (Max at Slow Process Corner)
  Requirement:            20.000ns  (shadow_dna_clk rise@640.000ns - clk_fpga_0 rise@620.000ns)
  Data Path Delay:        10.825ns  (logic 0.608ns (5.617%)  route 10.217ns (94.383%))
  Logic Levels:           1  (LUT1=1)
  Clock Path Skew:        4.046ns (DCD - SCD + CPR)
    Destination Clock Delay (DCD):    6.935ns = ( 646.935 - 640.000 ) 
    Source Clock Delay      (SCD):    3.004ns = ( 623.004 - 620.000 ) 
    Clock Pessimism Removal (CPR):    0.115ns
  Clock Uncertainty:      0.302ns  ((TSJ^2 + TIJ^2)^1/2 + DJ) / 2 + PE
    Total System Jitter     (TSJ):    0.071ns
    Total Input Jitter      (TIJ):    0.600ns
    Discrete Jitter          (DJ):    0.000ns
    Phase Error              (PE):    0.000ns

    Location             Delay type                Incr(ns)  Path(ns)    PBlock               Netlist Resource(s)
  -------------------------------------------------------------------    ----------------------------------------
                         (clock clk_fpga_0 rise edge)
                                                    620.000   620.000 r                       
    PS7_X0Y0             PS7                          0.000   620.000 r                       udp_gateway_shadow_mirror_i/processing_system7_0/inst/PS7_i/FCLKCLK[0]
                         net (fo=1, routed)           1.193   621.193                         udp_gateway_shadow_mirror_i/processing_system7_0/inst/FCLK_CLK_unbuffered[0]
    BUFGCTRL_X0Y17       BUFG (Prop_bufg_I_O)         0.101   621.294 r                       udp_gateway_shadow_mirror_i/processing_system7_0/inst/buffer_fclk_clk_0.FCLK_CLK_0_BUFG/O
                         net (fo=42374, routed)       1.710   623.004                         udp_gateway_shadow_mirror_i/rst_ps7_0_100M/U0/slowest_sync_clk
    SLICE_X65Y85         FDRE                                         r                       udp_gateway_shadow_mirror_i/rst_ps7_0_100M/U0/ACTIVE_LOW_PR_OUT_DFF[0].FDRE_PER_N/C
  -------------------------------------------------------------------    ----------------------------------------
    SLICE_X65Y85         FDRE (Prop_fdre_C_Q)         0.456   623.460 r                       udp_gateway_shadow_mirror_i/rst_ps7_0_100M/U0/ACTIVE_LOW_PR_OUT_DFF[0].FDRE_PER_N/Q
                         net (fo=85, routed)          4.462   627.922                         udp_gateway_shadow_mirror_i/dma_gateway_hybrid_0/inst/u_shadow_acl_filter/u_acl/rst_n
    SLICE_X25Y49         LUT1 (Prop_lut1_I0_O)        0.152   628.074 f  shadow_data_region   udp_gateway_shadow_mirror_i/dma_gateway_hybrid_0/inst/u_shadow_acl_filter/u_acl/s_axil_awready_i_1/O
                         net (fo=1907, routed)        5.755   633.829                         udp_gateway_shadow_mirror_i/dma_gateway_hybrid_0/inst/u_device_dna_reader/p_0_in
    SLICE_X105Y76        FDCE                                         f  shadow_ctrl_region   udp_gateway_shadow_mirror_i/dma_gateway_hybrid_0/inst/u_device_dna_reader/dna_shift_value_reg[31]/CLR
  -------------------------------------------------------------------    ----------------------------------------

                         (clock shadow_dna_clk rise edge)
                                                    640.000   640.000 r                       
    PS7_X0Y0             PS7                          0.000   640.000 r                       udp_gateway_shadow_mirror_i/processing_system7_0/inst/PS7_i/FCLKCLK[0]
                         net (fo=1, routed)           1.088   641.088                         udp_gateway_shadow_mirror_i/processing_system7_0/inst/FCLK_CLK_unbuffered[0]
    BUFGCTRL_X0Y17       BUFG (Prop_bufg_I_O)         0.091   641.179 r                       udp_gateway_shadow_mirror_i/processing_system7_0/inst/buffer_fclk_clk_0.FCLK_CLK_0_BUFG/O
                         net (fo=42374, routed)       1.609   642.788                         udp_gateway_shadow_mirror_i/dma_gateway_hybrid_0/inst/u_device_dna_reader/clk
    SLICE_X103Y54        FDCE (Prop_fdce_C_Q)         0.367   643.155 r  shadow_ctrl_region   udp_gateway_shadow_mirror_i/dma_gateway_hybrid_0/inst/u_device_dna_reader/dna_clk_reg/Q
                         net (fo=1, routed)           2.095   645.250                         udp_gateway_shadow_mirror_i/dma_gateway_hybrid_0/inst/u_device_dna_reader/dna_clk
    BUFGCTRL_X0Y16       BUFG (Prop_bufg_I_O)         0.091   645.341 r                       udp_gateway_shadow_mirror_i/dma_gateway_hybrid_0/inst/u_device_dna_reader/dna_clk_BUFG_inst/O
                         net (fo=69, routed)          1.594   646.935                         udp_gateway_shadow_mirror_i/dma_gateway_hybrid_0/inst/u_device_dna_reader/dna_clk_BUFG
    SLICE_X105Y76        FDCE                                         r  shadow_ctrl_region   udp_gateway_shadow_mirror_i/dma_gateway_hybrid_0/inst/u_device_dna_reader/dna_shift_value_reg[31]/C
                         clock pessimism              0.115   647.049                           
                         clock uncertainty           -0.302   646.747                           
    SLICE_X105Y76        FDCE (Recov_fdce_C_CLR)     -0.613   646.134    shadow_ctrl_region     udp_gateway_shadow_mirror_i/dma_gateway_hybrid_0/inst/u_device_dna_reader/dna_shift_value_reg[31]
  -------------------------------------------------------------------
                         required time                        646.134                           
                         arrival time                        -633.829                           
  -------------------------------------------------------------------
                         slack                                 12.306                           

Slack (MET) :             12.306ns  (required time - arrival time)
  Source:                 udp_gateway_shadow_mirror_i/rst_ps7_0_100M/U0/ACTIVE_LOW_PR_OUT_DFF[0].FDRE_PER_N/C
                            (rising edge-triggered cell FDRE clocked by clk_fpga_0  {rise@0.000ns fall@10.000ns period=20.000ns})
  Destination:            udp_gateway_shadow_mirror_i/dma_gateway_hybrid_0/inst/u_device_dna_reader/dna_shift_value_reg[32]/CLR
                            (recovery check against rising-edge clock shadow_dna_clk  {rise@0.000ns fall@320.000ns period=640.000ns})
  Path Group:             **async_default**
  Path Type:              Recovery (Max at Slow Process Corner)
  Requirement:            20.000ns  (shadow_dna_clk rise@640.000ns - clk_fpga_0 rise@620.000ns)
  Data Path Delay:        10.825ns  (logic 0.608ns (5.617%)  route 10.217ns (94.383%))
  Logic Levels:           1  (LUT1=1)
  Clock Path Skew:        4.046ns (DCD - SCD + CPR)
    Destination Clock Delay (DCD):    6.935ns = ( 646.935 - 640.000 ) 
    Source Clock Delay      (SCD):    3.004ns = ( 623.004 - 620.000 ) 
    Clock Pessimism Removal (CPR):    0.115ns
  Clock Uncertainty:      0.302ns  ((TSJ^2 + TIJ^2)^1/2 + DJ) / 2 + PE
    Total System Jitter     (TSJ):    0.071ns
    Total Input Jitter      (TIJ):    0.600ns
    Discrete Jitter          (DJ):    0.000ns
    Phase Error              (PE):    0.000ns

    Location             Delay type                Incr(ns)  Path(ns)    PBlock               Netlist Resource(s)
  -------------------------------------------------------------------    ----------------------------------------
                         (clock clk_fpga_0 rise edge)
                                                    620.000   620.000 r                       
    PS7_X0Y0             PS7                          0.000   620.000 r                       udp_gateway_shadow_mirror_i/processing_system7_0/inst/PS7_i/FCLKCLK[0]
                         net (fo=1, routed)           1.193   621.193                         udp_gateway_shadow_mirror_i/processing_system7_0/inst/FCLK_CLK_unbuffered[0]
    BUFGCTRL_X0Y17       BUFG (Prop_bufg_I_O)         0.101   621.294 r                       udp_gateway_shadow_mirror_i/processing_system7_0/inst/buffer_fclk_clk_0.FCLK_CLK_0_BUFG/O
                         net (fo=42374, routed)       1.710   623.004                         udp_gateway_shadow_mirror_i/rst_ps7_0_100M/U0/slowest_sync_clk
    SLICE_X65Y85         FDRE                                         r                       udp_gateway_shadow_mirror_i/rst_ps7_0_100M/U0/ACTIVE_LOW_PR_OUT_DFF[0].FDRE_PER_N/C
  -------------------------------------------------------------------    ----------------------------------------
    SLICE_X65Y85         FDRE (Prop_fdre_C_Q)         0.456   623.460 r                       udp_gateway_shadow_mirror_i/rst_ps7_0_100M/U0/ACTIVE_LOW_PR_OUT_DFF[0].FDRE_PER_N/Q
                         net (fo=85, routed)          4.462   627.922                         udp_gateway_shadow_mirror_i/dma_gateway_hybrid_0/inst/u_shadow_acl_filter/u_acl/rst_n
    SLICE_X25Y49         LUT1 (Prop_lut1_I0_O)        0.152   628.074 f  shadow_data_region   udp_gateway_shadow_mirror_i/dma_gateway_hybrid_0/inst/u_shadow_acl_filter/u_acl/s_axil_awready_i_1/O
                         net (fo=1907, routed)        5.755   633.829                         udp_gateway_shadow_mirror_i/dma_gateway_hybrid_0/inst/u_device_dna_reader/p_0_in
    SLICE_X105Y76        FDCE                                         f  shadow_ctrl_region   udp_gateway_shadow_mirror_i/dma_gateway_hybrid_0/inst/u_device_dna_reader/dna_shift_value_reg[32]/CLR
  -------------------------------------------------------------------    ----------------------------------------

                         (clock shadow_dna_clk rise edge)
                                                    640.000   640.000 r                       
    PS7_X0Y0             PS7                          0.000   640.000 r                       udp_gateway_shadow_mirror_i/processing_system7_0/inst/PS7_i/FCLKCLK[0]
                         net (fo=1, routed)           1.088   641.088                         udp_gateway_shadow_mirror_i/processing_system7_0/inst/FCLK_CLK_unbuffered[0]
    BUFGCTRL_X0Y17       BUFG (Prop_bufg_I_O)         0.091   641.179 r                       udp_gateway_shadow_mirror_i/processing_system7_0/inst/buffer_fclk_clk_0.FCLK_CLK_0_BUFG/O
                         net (fo=42374, routed)       1.609   642.788                         udp_gateway_shadow_mirror_i/dma_gateway_hybrid_0/inst/u_device_dna_reader/clk
    SLICE_X103Y54        FDCE (Prop_fdce_C_Q)         0.367   643.155 r  shadow_ctrl_region   udp_gateway_shadow_mirror_i/dma_gateway_hybrid_0/inst/u_device_dna_reader/dna_clk_reg/Q
                         net (fo=1, routed)           2.095   645.250                         udp_gateway_shadow_mirror_i/dma_gateway_hybrid_0/inst/u_device_dna_reader/dna_clk
    BUFGCTRL_X0Y16       BUFG (Prop_bufg_I_O)         0.091   645.341 r                       udp_gateway_shadow_mirror_i/dma_gateway_hybrid_0/inst/u_device_dna_reader/dna_clk_BUFG_inst/O
                         net (fo=69, routed)          1.594   646.935                         udp_gateway_shadow_mirror_i/dma_gateway_hybrid_0/inst/u_device_dna_reader/dna_clk_BUFG
    SLICE_X105Y76        FDCE                                         r  shadow_ctrl_region   udp_gateway_shadow_mirror_i/dma_gateway_hybrid_0/inst/u_device_dna_reader/dna_shift_value_reg[32]/C
                         clock pessimism              0.115   647.049                           
                         clock uncertainty           -0.302   646.747                           
    SLICE_X105Y76        FDCE (Recov_fdce_C_CLR)     -0.613   646.134    shadow_ctrl_region     udp_gateway_shadow_mirror_i/dma_gateway_hybrid_0/inst/u_device_dna_reader/dna_shift_value_reg[32]
  -------------------------------------------------------------------
                         required time                        646.134                           
                         arrival time                        -633.829                           
  -------------------------------------------------------------------
                         slack                                 12.306                           

Slack (MET) :             12.306ns  (required time - arrival time)
  Source:                 udp_gateway_shadow_mirror_i/rst_ps7_0_100M/U0/ACTIVE_LOW_PR_OUT_DFF[0].FDRE_PER_N/C
                            (rising edge-triggered cell FDRE clocked by clk_fpga_0  {rise@0.000ns fall@10.000ns period=20.000ns})
  Destination:            udp_gateway_shadow_mirror_i/dma_gateway_hybrid_0/inst/u_device_dna_reader/dna_shift_value_reg[55]/CLR
                            (recovery check against rising-edge clock shadow_dna_clk  {rise@0.000ns fall@320.000ns period=640.000ns})
  Path Group:             **async_default**
  Path Type:              Recovery (Max at Slow Process Corner)
  Requirement:            20.000ns  (shadow_dna_clk rise@640.000ns - clk_fpga_0 rise@620.000ns)
  Data Path Delay:        10.825ns  (logic 0.608ns (5.617%)  route 10.217ns (94.383%))
  Logic Levels:           1  (LUT1=1)
  Clock Path Skew:        4.046ns (DCD - SCD + CPR)
    Destination Clock Delay (DCD):    6.935ns = ( 646.935 - 640.000 ) 
    Source Clock Delay      (SCD):    3.004ns = ( 623.004 - 620.000 ) 
    Clock Pessimism Removal (CPR):    0.115ns
  Clock Uncertainty:      0.302ns  ((TSJ^2 + TIJ^2)^1/2 + DJ) / 2 + PE
    Total System Jitter     (TSJ):    0.071ns
    Total Input Jitter      (TIJ):    0.600ns
    Discrete Jitter          (DJ):    0.000ns
    Phase Error              (PE):    0.000ns

    Location             Delay type                Incr(ns)  Path(ns)    PBlock               Netlist Resource(s)
  -------------------------------------------------------------------    ----------------------------------------
                         (clock clk_fpga_0 rise edge)
                                                    620.000   620.000 r                       
    PS7_X0Y0             PS7                          0.000   620.000 r                       udp_gateway_shadow_mirror_i/processing_system7_0/inst/PS7_i/FCLKCLK[0]
                         net (fo=1, routed)           1.193   621.193                         udp_gateway_shadow_mirror_i/processing_system7_0/inst/FCLK_CLK_unbuffered[0]
    BUFGCTRL_X0Y17       BUFG (Prop_bufg_I_O)         0.101   621.294 r                       udp_gateway_shadow_mirror_i/processing_system7_0/inst/buffer_fclk_clk_0.FCLK_CLK_0_BUFG/O
                         net (fo=42374, routed)       1.710   623.004                         udp_gateway_shadow_mirror_i/rst_ps7_0_100M/U0/slowest_sync_clk
    SLICE_X65Y85         FDRE                                         r                       udp_gateway_shadow_mirror_i/rst_ps7_0_100M/U0/ACTIVE_LOW_PR_OUT_DFF[0].FDRE_PER_N/C
  -------------------------------------------------------------------    ----------------------------------------
    SLICE_X65Y85         FDRE (Prop_fdre_C_Q)         0.456   623.460 r                       udp_gateway_shadow_mirror_i/rst_ps7_0_100M/U0/ACTIVE_LOW_PR_OUT_DFF[0].FDRE_PER_N/Q
                         net (fo=85, routed)          4.462   627.922                         udp_gateway_shadow_mirror_i/dma_gateway_hybrid_0/inst/u_shadow_acl_filter/u_acl/rst_n
    SLICE_X25Y49         LUT1 (Prop_lut1_I0_O)        0.152   628.074 f  shadow_data_region   udp_gateway_shadow_mirror_i/dma_gateway_hybrid_0/inst/u_shadow_acl_filter/u_acl/s_axil_awready_i_1/O
                         net (fo=1907, routed)        5.755   633.829                         udp_gateway_shadow_mirror_i/dma_gateway_hybrid_0/inst/u_device_dna_reader/p_0_in
    SLICE_X105Y76        FDCE                                         f  shadow_ctrl_region   udp_gateway_shadow_mirror_i/dma_gateway_hybrid_0/inst/u_device_dna_reader/dna_shift_value_reg[55]/CLR
  -------------------------------------------------------------------    ----------------------------------------

                         (clock shadow_dna_clk rise edge)
                                                    640.000   640.000 r                       
    PS7_X0Y0             PS7                          0.000   640.000 r                       udp_gateway_shadow_mirror_i/processing_system7_0/inst/PS7_i/FCLKCLK[0]
                         net (fo=1, routed)           1.088   641.088                         udp_gateway_shadow_mirror_i/processing_system7_0/inst/FCLK_CLK_unbuffered[0]
    BUFGCTRL_X0Y17       BUFG (Prop_bufg_I_O)         0.091   641.179 r                       udp_gateway_shadow_mirror_i/processing_system7_0/inst/buffer_fclk_clk_0.FCLK_CLK_0_BUFG/O
                         net (fo=42374, routed)       1.609   642.788                         udp_gateway_shadow_mirror_i/dma_gateway_hybrid_0/inst/u_device_dna_reader/clk
    SLICE_X103Y54        FDCE (Prop_fdce_C_Q)         0.367   643.155 r  shadow_ctrl_region   udp_gateway_shadow_mirror_i/dma_gateway_hybrid_0/inst/u_device_dna_reader/dna_clk_reg/Q
                         net (fo=1, routed)           2.095   645.250                         udp_gateway_shadow_mirror_i/dma_gateway_hybrid_0/inst/u_device_dna_reader/dna_clk
    BUFGCTRL_X0Y16       BUFG (Prop_bufg_I_O)         0.091   645.341 r                       udp_gateway_shadow_mirror_i/dma_gateway_hybrid_0/inst/u_device_dna_reader/dna_clk_BUFG_inst/O
                         net (fo=69, routed)          1.594   646.935                         udp_gateway_shadow_mirror_i/dma_gateway_hybrid_0/inst/u_device_dna_reader/dna_clk_BUFG
    SLICE_X105Y76        FDCE                                         r  shadow_ctrl_region   udp_gateway_shadow_mirror_i/dma_gateway_hybrid_0/inst/u_device_dna_reader/dna_shift_value_reg[55]/C
                         clock pessimism              0.115   647.049                           
                         clock uncertainty           -0.302   646.747                           
    SLICE_X105Y76        FDCE (Recov_fdce_C_CLR)     -0.613   646.134    shadow_ctrl_region     udp_gateway_shadow_mirror_i/dma_gateway_hybrid_0/inst/u_device_dna_reader/dna_shift_value_reg[55]
  -------------------------------------------------------------------
                         required time                        646.134                           
                         arrival time                        -633.829                           
  -------------------------------------------------------------------
                         slack                                 12.306                           

Slack (MET) :             12.306ns  (required time - arrival time)
  Source:                 udp_gateway_shadow_mirror_i/rst_ps7_0_100M/U0/ACTIVE_LOW_PR_OUT_DFF[0].FDRE_PER_N/C
                            (rising edge-triggered cell FDRE clocked by clk_fpga_0  {rise@0.000ns fall@10.000ns period=20.000ns})
  Destination:            udp_gateway_shadow_mirror_i/dma_gateway_hybrid_0/inst/u_device_dna_reader/dna_shift_value_reg[56]/CLR
                            (recovery check against rising-edge clock shadow_dna_clk  {rise@0.000ns fall@320.000ns period=640.000ns})
  Path Group:             **async_default**
  Path Type:              Recovery (Max at Slow Process Corner)
  Requirement:            20.000ns  (shadow_dna_clk rise@640.000ns - clk_fpga_0 rise@620.000ns)
  Data Path Delay:        10.825ns  (logic 0.608ns (5.617%)  route 10.217ns (94.383%))
  Logic Levels:           1  (LUT1=1)
  Clock Path Skew:        4.046ns (DCD - SCD + CPR)
    Destination Clock Delay (DCD):    6.935ns = ( 646.935 - 640.000 ) 
    Source Clock Delay      (SCD):    3.004ns = ( 623.004 - 620.000 ) 
    Clock Pessimism Removal (CPR):    0.115ns
  Clock Uncertainty:      0.302ns  ((TSJ^2 + TIJ^2)^1/2 + DJ) / 2 + PE
    Total System Jitter     (TSJ):    0.071ns
    Total Input Jitter      (TIJ):    0.600ns
    Discrete Jitter          (DJ):    0.000ns
    Phase Error              (PE):    0.000ns

    Location             Delay type                Incr(ns)  Path(ns)    PBlock               Netlist Resource(s)
  -------------------------------------------------------------------    ----------------------------------------
                         (clock clk_fpga_0 rise edge)
                                                    620.000   620.000 r                       
    PS7_X0Y0             PS7                          0.000   620.000 r                       udp_gateway_shadow_mirror_i/processing_system7_0/inst/PS7_i/FCLKCLK[0]
                         net (fo=1, routed)           1.193   621.193                         udp_gateway_shadow_mirror_i/processing_system7_0/inst/FCLK_CLK_unbuffered[0]
    BUFGCTRL_X0Y17       BUFG (Prop_bufg_I_O)         0.101   621.294 r                       udp_gateway_shadow_mirror_i/processing_system7_0/inst/buffer_fclk_clk_0.FCLK_CLK_0_BUFG/O
                         net (fo=42374, routed)       1.710   623.004                         udp_gateway_shadow_mirror_i/rst_ps7_0_100M/U0/slowest_sync_clk
    SLICE_X65Y85         FDRE                                         r                       udp_gateway_shadow_mirror_i/rst_ps7_0_100M/U0/ACTIVE_LOW_PR_OUT_DFF[0].FDRE_PER_N/C
  -------------------------------------------------------------------    ----------------------------------------
    SLICE_X65Y85         FDRE (Prop_fdre_C_Q)         0.456   623.460 r                       udp_gateway_shadow_mirror_i/rst_ps7_0_100M/U0/ACTIVE_LOW_PR_OUT_DFF[0].FDRE_PER_N/Q
                         net (fo=85, routed)          4.462   627.922                         udp_gateway_shadow_mirror_i/dma_gateway_hybrid_0/inst/u_shadow_acl_filter/u_acl/rst_n
    SLICE_X25Y49         LUT1 (Prop_lut1_I0_O)        0.152   628.074 f  shadow_data_region   udp_gateway_shadow_mirror_i/dma_gateway_hybrid_0/inst/u_shadow_acl_filter/u_acl/s_axil_awready_i_1/O
                         net (fo=1907, routed)        5.755   633.829                         udp_gateway_shadow_mirror_i/dma_gateway_hybrid_0/inst/u_device_dna_reader/p_0_in
    SLICE_X105Y76        FDCE                                         f  shadow_ctrl_region   udp_gateway_shadow_mirror_i/dma_gateway_hybrid_0/inst/u_device_dna_reader/dna_shift_value_reg[56]/CLR
  -------------------------------------------------------------------    ----------------------------------------

                         (clock shadow_dna_clk rise edge)
                                                    640.000   640.000 r                       
    PS7_X0Y0             PS7                          0.000   640.000 r                       udp_gateway_shadow_mirror_i/processing_system7_0/inst/PS7_i/FCLKCLK[0]
                         net (fo=1, routed)           1.088   641.088                         udp_gateway_shadow_mirror_i/processing_system7_0/inst/FCLK_CLK_unbuffered[0]
    BUFGCTRL_X0Y17       BUFG (Prop_bufg_I_O)         0.091   641.179 r                       udp_gateway_shadow_mirror_i/processing_system7_0/inst/buffer_fclk_clk_0.FCLK_CLK_0_BUFG/O
                         net (fo=42374, routed)       1.609   642.788                         udp_gateway_shadow_mirror_i/dma_gateway_hybrid_0/inst/u_device_dna_reader/clk
    SLICE_X103Y54        FDCE (Prop_fdce_C_Q)         0.367   643.155 r  shadow_ctrl_region   udp_gateway_shadow_mirror_i/dma_gateway_hybrid_0/inst/u_device_dna_reader/dna_clk_reg/Q
                         net (fo=1, routed)           2.095   645.250                         udp_gateway_shadow_mirror_i/dma_gateway_hybrid_0/inst/u_device_dna_reader/dna_clk
    BUFGCTRL_X0Y16       BUFG (Prop_bufg_I_O)         0.091   645.341 r                       udp_gateway_shadow_mirror_i/dma_gateway_hybrid_0/inst/u_device_dna_reader/dna_clk_BUFG_inst/O
                         net (fo=69, routed)          1.594   646.935                         udp_gateway_shadow_mirror_i/dma_gateway_hybrid_0/inst/u_device_dna_reader/dna_clk_BUFG
    SLICE_X105Y76        FDCE                                         r  shadow_ctrl_region   udp_gateway_shadow_mirror_i/dma_gateway_hybrid_0/inst/u_device_dna_reader/dna_shift_value_reg[56]/C
                         clock pessimism              0.115   647.049                           
                         clock uncertainty           -0.302   646.747                           
    SLICE_X105Y76        FDCE (Recov_fdce_C_CLR)     -0.613   646.134    shadow_ctrl_region     udp_gateway_shadow_mirror_i/dma_gateway_hybrid_0/inst/u_device_dna_reader/dna_shift_value_reg[56]
  -------------------------------------------------------------------
                         required time                        646.134                           
                         arrival time                        -633.829                           
  -------------------------------------------------------------------
                         slack                                 12.306                           





Min Delay Paths
--------------------------------------------------------------------------------------
Slack (MET) :             1.790ns  (arrival time - required time)
  Source:                 udp_gateway_shadow_mirror_i/rst_ps7_0_100M/U0/ACTIVE_LOW_PR_OUT_DFF[0].FDRE_PER_N/C
                            (rising edge-triggered cell FDRE clocked by clk_fpga_0  {rise@0.000ns fall@10.000ns period=20.000ns})
  Destination:            udp_gateway_shadow_mirror_i/dma_gateway_hybrid_0/inst/u_device_dna_reader/dna_shift_value_reg[14]/CLR
                            (removal check against rising-edge clock shadow_dna_clk  {rise@0.000ns fall@320.000ns period=640.000ns})
  Path Group:             **async_default**
  Path Type:              Removal (Min at Fast Process Corner)
  Requirement:            0.000ns  (shadow_dna_clk rise@0.000ns - clk_fpga_0 rise@0.000ns)
  Data Path Delay:        4.276ns  (logic 0.184ns (4.303%)  route 4.092ns (95.697%))
  Logic Levels:           1  (LUT1=1)
  Clock Path Skew:        2.645ns (DCD - SCD - CPR)
    Destination Clock Delay (DCD):    3.586ns
    Source Clock Delay      (SCD):    0.911ns
    Clock Pessimism Removal (CPR):    0.030ns

    Location             Delay type                Incr(ns)  Path(ns)    PBlock               Netlist Resource(s)
  -------------------------------------------------------------------    ----------------------------------------
                         (clock clk_fpga_0 rise edge)
                                                      0.000     0.000 r                       
    PS7_X0Y0             PS7                          0.000     0.000 r                       udp_gateway_shadow_mirror_i/processing_system7_0/inst/PS7_i/FCLKCLK[0]
                         net (fo=1, routed)           0.310     0.310                         udp_gateway_shadow_mirror_i/processing_system7_0/inst/FCLK_CLK_unbuffered[0]
    BUFGCTRL_X0Y17       BUFG (Prop_bufg_I_O)         0.026     0.336 r                       udp_gateway_shadow_mirror_i/processing_system7_0/inst/buffer_fclk_clk_0.FCLK_CLK_0_BUFG/O
                         net (fo=42374, routed)       0.575     0.911                         udp_gateway_shadow_mirror_i/rst_ps7_0_100M/U0/slowest_sync_clk
    SLICE_X65Y85         FDRE                                         r                       udp_gateway_shadow_mirror_i/rst_ps7_0_100M/U0/ACTIVE_LOW_PR_OUT_DFF[0].FDRE_PER_N/C
  -------------------------------------------------------------------    ----------------------------------------
    SLICE_X65Y85         FDRE (Prop_fdre_C_Q)         0.141     1.052 r                       udp_gateway_shadow_mirror_i/rst_ps7_0_100M/U0/ACTIVE_LOW_PR_OUT_DFF[0].FDRE_PER_N/Q
                         net (fo=85, routed)          1.944     2.995                         udp_gateway_shadow_mirror_i/dma_gateway_hybrid_0/inst/u_shadow_acl_filter/u_acl/rst_n
    SLICE_X25Y49         LUT1 (Prop_lut1_I0_O)        0.043     3.038 f  shadow_data_region   udp_gateway_shadow_mirror_i/dma_gateway_hybrid_0/inst/u_shadow_acl_filter/u_acl/s_axil_awready_i_1/O
                         net (fo=1907, routed)        2.148     5.187                         udp_gateway_shadow_mirror_i/dma_gateway_hybrid_0/inst/u_device_dna_reader/p_0_in
    SLICE_X106Y70        FDCE                                         f  shadow_ctrl_region   udp_gateway_shadow_mirror_i/dma_gateway_hybrid_0/inst/u_device_dna_reader/dna_shift_value_reg[14]/CLR
  -------------------------------------------------------------------    ----------------------------------------

                         (clock shadow_dna_clk rise edge)
                                                      0.000     0.000 r                       
    PS7_X0Y0             PS7                          0.000     0.000 r                       udp_gateway_shadow_mirror_i/processing_system7_0/inst/PS7_i/FCLKCLK[0]
                         net (fo=1, routed)           0.337     0.337                         udp_gateway_shadow_mirror_i/processing_system7_0/inst/FCLK_CLK_unbuffered[0]
    BUFGCTRL_X0Y17       BUFG (Prop_bufg_I_O)         0.029     0.366 r                       udp_gateway_shadow_mirror_i/processing_system7_0/inst/buffer_fclk_clk_0.FCLK_CLK_0_BUFG/O
                         net (fo=42374, routed)       0.878     1.244                         udp_gateway_shadow_mirror_i/dma_gateway_hybrid_0/inst/u_device_dna_reader/clk
    SLICE_X103Y54        FDCE (Prop_fdce_C_Q)         0.175     1.419 r  shadow_ctrl_region   udp_gateway_shadow_mirror_i/dma_gateway_hybrid_0/inst/u_device_dna_reader/dna_clk_reg/Q
                         net (fo=1, routed)           1.244     2.663                         udp_gateway_shadow_mirror_i/dma_gateway_hybrid_0/inst/u_device_dna_reader/dna_clk
    BUFGCTRL_X0Y16       BUFG (Prop_bufg_I_O)         0.029     2.692 r                       udp_gateway_shadow_mirror_i/dma_gateway_hybrid_0/inst/u_device_dna_reader/dna_clk_BUFG_inst/O
                         net (fo=69, routed)          0.894     3.586                         udp_gateway_shadow_mirror_i/dma_gateway_hybrid_0/inst/u_device_dna_reader/dna_clk_BUFG
    SLICE_X106Y70        FDCE                                         r  shadow_ctrl_region   udp_gateway_shadow_mirror_i/dma_gateway_hybrid_0/inst/u_device_dna_reader/dna_shift_value_reg[14]/C
                         clock pessimism             -0.030     3.556                           
    SLICE_X106Y70        FDCE (Remov_fdce_C_CLR)     -0.159     3.397    shadow_ctrl_region     udp_gateway_shadow_mirror_i/dma_gateway_hybrid_0/inst/u_device_dna_reader/dna_shift_value_reg[14]
  -------------------------------------------------------------------
                         required time                         -3.397                           
                         arrival time                           5.187                           
  -------------------------------------------------------------------
                         slack                                  1.790                           

Slack (MET) :             1.790ns  (arrival time - required time)
  Source:                 udp_gateway_shadow_mirror_i/rst_ps7_0_100M/U0/ACTIVE_LOW_PR_OUT_DFF[0].FDRE_PER_N/C
                            (rising edge-triggered cell FDRE clocked by clk_fpga_0  {rise@0.000ns fall@10.000ns period=20.000ns})
  Destination:            udp_gateway_shadow_mirror_i/dma_gateway_hybrid_0/inst/u_device_dna_reader/dna_shift_value_reg[43]/CLR
                            (removal check against rising-edge clock shadow_dna_clk  {rise@0.000ns fall@320.000ns period=640.000ns})
  Path Group:             **async_default**
  Path Type:              Removal (Min at Fast Process Corner)
  Requirement:            0.000ns  (shadow_dna_clk rise@0.000ns - clk_fpga_0 rise@0.000ns)
  Data Path Delay:        4.276ns  (logic 0.184ns (4.303%)  route 4.092ns (95.697%))
  Logic Levels:           1  (LUT1=1)
  Clock Path Skew:        2.645ns (DCD - SCD - CPR)
    Destination Clock Delay (DCD):    3.586ns
    Source Clock Delay      (SCD):    0.911ns
    Clock Pessimism Removal (CPR):    0.030ns

    Location             Delay type                Incr(ns)  Path(ns)    PBlock               Netlist Resource(s)
  -------------------------------------------------------------------    ----------------------------------------
                         (clock clk_fpga_0 rise edge)
                                                      0.000     0.000 r                       
    PS7_X0Y0             PS7                          0.000     0.000 r                       udp_gateway_shadow_mirror_i/processing_system7_0/inst/PS7_i/FCLKCLK[0]
                         net (fo=1, routed)           0.310     0.310                         udp_gateway_shadow_mirror_i/processing_system7_0/inst/FCLK_CLK_unbuffered[0]
    BUFGCTRL_X0Y17       BUFG (Prop_bufg_I_O)         0.026     0.336 r                       udp_gateway_shadow_mirror_i/processing_system7_0/inst/buffer_fclk_clk_0.FCLK_CLK_0_BUFG/O
                         net (fo=42374, routed)       0.575     0.911                         udp_gateway_shadow_mirror_i/rst_ps7_0_100M/U0/slowest_sync_clk
    SLICE_X65Y85         FDRE                                         r                       udp_gateway_shadow_mirror_i/rst_ps7_0_100M/U0/ACTIVE_LOW_PR_OUT_DFF[0].FDRE_PER_N/C
  -------------------------------------------------------------------    ----------------------------------------
    SLICE_X65Y85         FDRE (Prop_fdre_C_Q)         0.141     1.052 r                       udp_gateway_shadow_mirror_i/rst_ps7_0_100M/U0/ACTIVE_LOW_PR_OUT_DFF[0].FDRE_PER_N/Q
                         net (fo=85, routed)          1.944     2.995                         udp_gateway_shadow_mirror_i/dma_gateway_hybrid_0/inst/u_shadow_acl_filter/u_acl/rst_n
    SLICE_X25Y49         LUT1 (Prop_lut1_I0_O)        0.043     3.038 f  shadow_data_region   udp_gateway_shadow_mirror_i/dma_gateway_hybrid_0/inst/u_shadow_acl_filter/u_acl/s_axil_awready_i_1/O
                         net (fo=1907, routed)        2.148     5.187                         udp_gateway_shadow_mirror_i/dma_gateway_hybrid_0/inst/u_device_dna_reader/p_0_in
    SLICE_X106Y70        FDCE                                         f  shadow_ctrl_region   udp_gateway_shadow_mirror_i/dma_gateway_hybrid_0/inst/u_device_dna_reader/dna_shift_value_reg[43]/CLR
  -------------------------------------------------------------------    ----------------------------------------

                         (clock shadow_dna_clk rise edge)
                                                      0.000     0.000 r                       
    PS7_X0Y0             PS7                          0.000     0.000 r                       udp_gateway_shadow_mirror_i/processing_system7_0/inst/PS7_i/FCLKCLK[0]
                         net (fo=1, routed)           0.337     0.337                         udp_gateway_shadow_mirror_i/processing_system7_0/inst/FCLK_CLK_unbuffered[0]
    BUFGCTRL_X0Y17       BUFG (Prop_bufg_I_O)         0.029     0.366 r                       udp_gateway_shadow_mirror_i/processing_system7_0/inst/buffer_fclk_clk_0.FCLK_CLK_0_BUFG/O
                         net (fo=42374, routed)       0.878     1.244                         udp_gateway_shadow_mirror_i/dma_gateway_hybrid_0/inst/u_device_dna_reader/clk
    SLICE_X103Y54        FDCE (Prop_fdce_C_Q)         0.175     1.419 r  shadow_ctrl_region   udp_gateway_shadow_mirror_i/dma_gateway_hybrid_0/inst/u_device_dna_reader/dna_clk_reg/Q
                         net (fo=1, routed)           1.244     2.663                         udp_gateway_shadow_mirror_i/dma_gateway_hybrid_0/inst/u_device_dna_reader/dna_clk
    BUFGCTRL_X0Y16       BUFG (Prop_bufg_I_O)         0.029     2.692 r                       udp_gateway_shadow_mirror_i/dma_gateway_hybrid_0/inst/u_device_dna_reader/dna_clk_BUFG_inst/O
                         net (fo=69, routed)          0.894     3.586                         udp_gateway_shadow_mirror_i/dma_gateway_hybrid_0/inst/u_device_dna_reader/dna_clk_BUFG
    SLICE_X106Y70        FDCE                                         r  shadow_ctrl_region   udp_gateway_shadow_mirror_i/dma_gateway_hybrid_0/inst/u_device_dna_reader/dna_shift_value_reg[43]/C
                         clock pessimism             -0.030     3.556                           
    SLICE_X106Y70        FDCE (Remov_fdce_C_CLR)     -0.159     3.397    shadow_ctrl_region     udp_gateway_shadow_mirror_i/dma_gateway_hybrid_0/inst/u_device_dna_reader/dna_shift_value_reg[43]
  -------------------------------------------------------------------
                         required time                         -3.397                           
                         arrival time                           5.187                           
  -------------------------------------------------------------------
                         slack                                  1.790                           

Slack (MET) :             1.790ns  (arrival time - required time)
  Source:                 udp_gateway_shadow_mirror_i/rst_ps7_0_100M/U0/ACTIVE_LOW_PR_OUT_DFF[0].FDRE_PER_N/C
                            (rising edge-triggered cell FDRE clocked by clk_fpga_0  {rise@0.000ns fall@10.000ns period=20.000ns})
  Destination:            udp_gateway_shadow_mirror_i/dma_gateway_hybrid_0/inst/u_device_dna_reader/dna_shift_value_reg[44]/CLR
                            (removal check against rising-edge clock shadow_dna_clk  {rise@0.000ns fall@320.000ns period=640.000ns})
  Path Group:             **async_default**
  Path Type:              Removal (Min at Fast Process Corner)
  Requirement:            0.000ns  (shadow_dna_clk rise@0.000ns - clk_fpga_0 rise@0.000ns)
  Data Path Delay:        4.276ns  (logic 0.184ns (4.303%)  route 4.092ns (95.697%))
  Logic Levels:           1  (LUT1=1)
  Clock Path Skew:        2.645ns (DCD - SCD - CPR)
    Destination Clock Delay (DCD):    3.586ns
    Source Clock Delay      (SCD):    0.911ns
    Clock Pessimism Removal (CPR):    0.030ns

    Location             Delay type                Incr(ns)  Path(ns)    PBlock               Netlist Resource(s)
  -------------------------------------------------------------------    ----------------------------------------
                         (clock clk_fpga_0 rise edge)
                                                      0.000     0.000 r                       
    PS7_X0Y0             PS7                          0.000     0.000 r                       udp_gateway_shadow_mirror_i/processing_system7_0/inst/PS7_i/FCLKCLK[0]
                         net (fo=1, routed)           0.310     0.310                         udp_gateway_shadow_mirror_i/processing_system7_0/inst/FCLK_CLK_unbuffered[0]
    BUFGCTRL_X0Y17       BUFG (Prop_bufg_I_O)         0.026     0.336 r                       udp_gateway_shadow_mirror_i/processing_system7_0/inst/buffer_fclk_clk_0.FCLK_CLK_0_BUFG/O
                         net (fo=42374, routed)       0.575     0.911                         udp_gateway_shadow_mirror_i/rst_ps7_0_100M/U0/slowest_sync_clk
    SLICE_X65Y85         FDRE                                         r                       udp_gateway_shadow_mirror_i/rst_ps7_0_100M/U0/ACTIVE_LOW_PR_OUT_DFF[0].FDRE_PER_N/C
  -------------------------------------------------------------------    ----------------------------------------
    SLICE_X65Y85         FDRE (Prop_fdre_C_Q)         0.141     1.052 r                       udp_gateway_shadow_mirror_i/rst_ps7_0_100M/U0/ACTIVE_LOW_PR_OUT_DFF[0].FDRE_PER_N/Q
                         net (fo=85, routed)          1.944     2.995                         udp_gateway_shadow_mirror_i/dma_gateway_hybrid_0/inst/u_shadow_acl_filter/u_acl/rst_n
    SLICE_X25Y49         LUT1 (Prop_lut1_I0_O)        0.043     3.038 f  shadow_data_region   udp_gateway_shadow_mirror_i/dma_gateway_hybrid_0/inst/u_shadow_acl_filter/u_acl/s_axil_awready_i_1/O
                         net (fo=1907, routed)        2.148     5.187                         udp_gateway_shadow_mirror_i/dma_gateway_hybrid_0/inst/u_device_dna_reader/p_0_in
    SLICE_X106Y70        FDCE                                         f  shadow_ctrl_region   udp_gateway_shadow_mirror_i/dma_gateway_hybrid_0/inst/u_device_dna_reader/dna_shift_value_reg[44]/CLR
  -------------------------------------------------------------------    ----------------------------------------

                         (clock shadow_dna_clk rise edge)
                                                      0.000     0.000 r                       
    PS7_X0Y0             PS7                          0.000     0.000 r                       udp_gateway_shadow_mirror_i/processing_system7_0/inst/PS7_i/FCLKCLK[0]
                         net (fo=1, routed)           0.337     0.337                         udp_gateway_shadow_mirror_i/processing_system7_0/inst/FCLK_CLK_unbuffered[0]
    BUFGCTRL_X0Y17       BUFG (Prop_bufg_I_O)         0.029     0.366 r                       udp_gateway_shadow_mirror_i/processing_system7_0/inst/buffer_fclk_clk_0.FCLK_CLK_0_BUFG/O
                         net (fo=42374, routed)       0.878     1.244                         udp_gateway_shadow_mirror_i/dma_gateway_hybrid_0/inst/u_device_dna_reader/clk
    SLICE_X103Y54        FDCE (Prop_fdce_C_Q)         0.175     1.419 r  shadow_ctrl_region   udp_gateway_shadow_mirror_i/dma_gateway_hybrid_0/inst/u_device_dna_reader/dna_clk_reg/Q
                         net (fo=1, routed)           1.244     2.663                         udp_gateway_shadow_mirror_i/dma_gateway_hybrid_0/inst/u_device_dna_reader/dna_clk
    BUFGCTRL_X0Y16       BUFG (Prop_bufg_I_O)         0.029     2.692 r                       udp_gateway_shadow_mirror_i/dma_gateway_hybrid_0/inst/u_device_dna_reader/dna_clk_BUFG_inst/O
                         net (fo=69, routed)          0.894     3.586                         udp_gateway_shadow_mirror_i/dma_gateway_hybrid_0/inst/u_device_dna_reader/dna_clk_BUFG
    SLICE_X106Y70        FDCE                                         r  shadow_ctrl_region   udp_gateway_shadow_mirror_i/dma_gateway_hybrid_0/inst/u_device_dna_reader/dna_shift_value_reg[44]/C
                         clock pessimism             -0.030     3.556                           
    SLICE_X106Y70        FDCE (Remov_fdce_C_CLR)     -0.159     3.397    shadow_ctrl_region     udp_gateway_shadow_mirror_i/dma_gateway_hybrid_0/inst/u_device_dna_reader/dna_shift_value_reg[44]
  -------------------------------------------------------------------
                         required time                         -3.397                           
                         arrival time                           5.187                           
  -------------------------------------------------------------------
                         slack                                  1.790                           

Slack (MET) :             1.790ns  (arrival time - required time)
  Source:                 udp_gateway_shadow_mirror_i/rst_ps7_0_100M/U0/ACTIVE_LOW_PR_OUT_DFF[0].FDRE_PER_N/C
                            (rising edge-triggered cell FDRE clocked by clk_fpga_0  {rise@0.000ns fall@10.000ns period=20.000ns})
  Destination:            udp_gateway_shadow_mirror_i/dma_gateway_hybrid_0/inst/u_device_dna_reader/dna_shift_value_reg[45]/CLR
                            (removal check against rising-edge clock shadow_dna_clk  {rise@0.000ns fall@320.000ns period=640.000ns})
  Path Group:             **async_default**
  Path Type:              Removal (Min at Fast Process Corner)
  Requirement:            0.000ns  (shadow_dna_clk rise@0.000ns - clk_fpga_0 rise@0.000ns)
  Data Path Delay:        4.276ns  (logic 0.184ns (4.303%)  route 4.092ns (95.697%))
  Logic Levels:           1  (LUT1=1)
  Clock Path Skew:        2.645ns (DCD - SCD - CPR)
    Destination Clock Delay (DCD):    3.586ns
    Source Clock Delay      (SCD):    0.911ns
    Clock Pessimism Removal (CPR):    0.030ns

    Location             Delay type                Incr(ns)  Path(ns)    PBlock               Netlist Resource(s)
  -------------------------------------------------------------------    ----------------------------------------
                         (clock clk_fpga_0 rise edge)
                                                      0.000     0.000 r                       
    PS7_X0Y0             PS7                          0.000     0.000 r                       udp_gateway_shadow_mirror_i/processing_system7_0/inst/PS7_i/FCLKCLK[0]
                         net (fo=1, routed)           0.310     0.310                         udp_gateway_shadow_mirror_i/processing_system7_0/inst/FCLK_CLK_unbuffered[0]
    BUFGCTRL_X0Y17       BUFG (Prop_bufg_I_O)         0.026     0.336 r                       udp_gateway_shadow_mirror_i/processing_system7_0/inst/buffer_fclk_clk_0.FCLK_CLK_0_BUFG/O
                         net (fo=42374, routed)       0.575     0.911                         udp_gateway_shadow_mirror_i/rst_ps7_0_100M/U0/slowest_sync_clk
    SLICE_X65Y85         FDRE                                         r                       udp_gateway_shadow_mirror_i/rst_ps7_0_100M/U0/ACTIVE_LOW_PR_OUT_DFF[0].FDRE_PER_N/C
  -------------------------------------------------------------------    ----------------------------------------
    SLICE_X65Y85         FDRE (Prop_fdre_C_Q)         0.141     1.052 r                       udp_gateway_shadow_mirror_i/rst_ps7_0_100M/U0/ACTIVE_LOW_PR_OUT_DFF[0].FDRE_PER_N/Q
                         net (fo=85, routed)          1.944     2.995                         udp_gateway_shadow_mirror_i/dma_gateway_hybrid_0/inst/u_shadow_acl_filter/u_acl/rst_n
    SLICE_X25Y49         LUT1 (Prop_lut1_I0_O)        0.043     3.038 f  shadow_data_region   udp_gateway_shadow_mirror_i/dma_gateway_hybrid_0/inst/u_shadow_acl_filter/u_acl/s_axil_awready_i_1/O
                         net (fo=1907, routed)        2.148     5.187                         udp_gateway_shadow_mirror_i/dma_gateway_hybrid_0/inst/u_device_dna_reader/p_0_in
    SLICE_X106Y70        FDCE                                         f  shadow_ctrl_region   udp_gateway_shadow_mirror_i/dma_gateway_hybrid_0/inst/u_device_dna_reader/dna_shift_value_reg[45]/CLR
  -------------------------------------------------------------------    ----------------------------------------

                         (clock shadow_dna_clk rise edge)
                                                      0.000     0.000 r                       
    PS7_X0Y0             PS7                          0.000     0.000 r                       udp_gateway_shadow_mirror_i/processing_system7_0/inst/PS7_i/FCLKCLK[0]
                         net (fo=1, routed)           0.337     0.337                         udp_gateway_shadow_mirror_i/processing_system7_0/inst/FCLK_CLK_unbuffered[0]
    BUFGCTRL_X0Y17       BUFG (Prop_bufg_I_O)         0.029     0.366 r                       udp_gateway_shadow_mirror_i/processing_system7_0/inst/buffer_fclk_clk_0.FCLK_CLK_0_BUFG/O
                         net (fo=42374, routed)       0.878     1.244                         udp_gateway_shadow_mirror_i/dma_gateway_hybrid_0/inst/u_device_dna_reader/clk
    SLICE_X103Y54        FDCE (Prop_fdce_C_Q)         0.175     1.419 r  shadow_ctrl_region   udp_gateway_shadow_mirror_i/dma_gateway_hybrid_0/inst/u_device_dna_reader/dna_clk_reg/Q
                         net (fo=1, routed)           1.244     2.663                         udp_gateway_shadow_mirror_i/dma_gateway_hybrid_0/inst/u_device_dna_reader/dna_clk
    BUFGCTRL_X0Y16       BUFG (Prop_bufg_I_O)         0.029     2.692 r                       udp_gateway_shadow_mirror_i/dma_gateway_hybrid_0/inst/u_device_dna_reader/dna_clk_BUFG_inst/O
                         net (fo=69, routed)          0.894     3.586                         udp_gateway_shadow_mirror_i/dma_gateway_hybrid_0/inst/u_device_dna_reader/dna_clk_BUFG
    SLICE_X106Y70        FDCE                                         r  shadow_ctrl_region   udp_gateway_shadow_mirror_i/dma_gateway_hybrid_0/inst/u_device_dna_reader/dna_shift_value_reg[45]/C
                         clock pessimism             -0.030     3.556                           
    SLICE_X106Y70        FDCE (Remov_fdce_C_CLR)     -0.159     3.397    shadow_ctrl_region     udp_gateway_shadow_mirror_i/dma_gateway_hybrid_0/inst/u_device_dna_reader/dna_shift_value_reg[45]
  -------------------------------------------------------------------
                         required time                         -3.397                           
                         arrival time                           5.187                           
  -------------------------------------------------------------------
                         slack                                  1.790                           

Slack (MET) :             1.790ns  (arrival time - required time)
  Source:                 udp_gateway_shadow_mirror_i/rst_ps7_0_100M/U0/ACTIVE_LOW_PR_OUT_DFF[0].FDRE_PER_N/C
                            (rising edge-triggered cell FDRE clocked by clk_fpga_0  {rise@0.000ns fall@10.000ns period=20.000ns})
  Destination:            udp_gateway_shadow_mirror_i/dma_gateway_hybrid_0/inst/u_device_dna_reader/dna_shift_value_reg[46]/CLR
                            (removal check against rising-edge clock shadow_dna_clk  {rise@0.000ns fall@320.000ns period=640.000ns})
  Path Group:             **async_default**
  Path Type:              Removal (Min at Fast Process Corner)
  Requirement:            0.000ns  (shadow_dna_clk rise@0.000ns - clk_fpga_0 rise@0.000ns)
  Data Path Delay:        4.276ns  (logic 0.184ns (4.303%)  route 4.092ns (95.697%))
  Logic Levels:           1  (LUT1=1)
  Clock Path Skew:        2.645ns (DCD - SCD - CPR)
    Destination Clock Delay (DCD):    3.586ns
    Source Clock Delay      (SCD):    0.911ns
    Clock Pessimism Removal (CPR):    0.030ns

    Location             Delay type                Incr(ns)  Path(ns)    PBlock               Netlist Resource(s)
  -------------------------------------------------------------------    ----------------------------------------
                         (clock clk_fpga_0 rise edge)
                                                      0.000     0.000 r                       
    PS7_X0Y0             PS7                          0.000     0.000 r                       udp_gateway_shadow_mirror_i/processing_system7_0/inst/PS7_i/FCLKCLK[0]
                         net (fo=1, routed)           0.310     0.310                         udp_gateway_shadow_mirror_i/processing_system7_0/inst/FCLK_CLK_unbuffered[0]
    BUFGCTRL_X0Y17       BUFG (Prop_bufg_I_O)         0.026     0.336 r                       udp_gateway_shadow_mirror_i/processing_system7_0/inst/buffer_fclk_clk_0.FCLK_CLK_0_BUFG/O
                         net (fo=42374, routed)       0.575     0.911                         udp_gateway_shadow_mirror_i/rst_ps7_0_100M/U0/slowest_sync_clk
    SLICE_X65Y85         FDRE                                         r                       udp_gateway_shadow_mirror_i/rst_ps7_0_100M/U0/ACTIVE_LOW_PR_OUT_DFF[0].FDRE_PER_N/C
  -------------------------------------------------------------------    ----------------------------------------
    SLICE_X65Y85         FDRE (Prop_fdre_C_Q)         0.141     1.052 r                       udp_gateway_shadow_mirror_i/rst_ps7_0_100M/U0/ACTIVE_LOW_PR_OUT_DFF[0].FDRE_PER_N/Q
                         net (fo=85, routed)          1.944     2.995                         udp_gateway_shadow_mirror_i/dma_gateway_hybrid_0/inst/u_shadow_acl_filter/u_acl/rst_n
    SLICE_X25Y49         LUT1 (Prop_lut1_I0_O)        0.043     3.038 f  shadow_data_region   udp_gateway_shadow_mirror_i/dma_gateway_hybrid_0/inst/u_shadow_acl_filter/u_acl/s_axil_awready_i_1/O
                         net (fo=1907, routed)        2.148     5.187                         udp_gateway_shadow_mirror_i/dma_gateway_hybrid_0/inst/u_device_dna_reader/p_0_in
    SLICE_X106Y70        FDCE                                         f  shadow_ctrl_region   udp_gateway_shadow_mirror_i/dma_gateway_hybrid_0/inst/u_device_dna_reader/dna_shift_value_reg[46]/CLR
  -------------------------------------------------------------------    ----------------------------------------

                         (clock shadow_dna_clk rise edge)
                                                      0.000     0.000 r                       
    PS7_X0Y0             PS7                          0.000     0.000 r                       udp_gateway_shadow_mirror_i/processing_system7_0/inst/PS7_i/FCLKCLK[0]
                         net (fo=1, routed)           0.337     0.337                         udp_gateway_shadow_mirror_i/processing_system7_0/inst/FCLK_CLK_unbuffered[0]
    BUFGCTRL_X0Y17       BUFG (Prop_bufg_I_O)         0.029     0.366 r                       udp_gateway_shadow_mirror_i/processing_system7_0/inst/buffer_fclk_clk_0.FCLK_CLK_0_BUFG/O
                         net (fo=42374, routed)       0.878     1.244                         udp_gateway_shadow_mirror_i/dma_gateway_hybrid_0/inst/u_device_dna_reader/clk
    SLICE_X103Y54        FDCE (Prop_fdce_C_Q)         0.175     1.419 r  shadow_ctrl_region   udp_gateway_shadow_mirror_i/dma_gateway_hybrid_0/inst/u_device_dna_reader/dna_clk_reg/Q
                         net (fo=1, routed)           1.244     2.663                         udp_gateway_shadow_mirror_i/dma_gateway_hybrid_0/inst/u_device_dna_reader/dna_clk
    BUFGCTRL_X0Y16       BUFG (Prop_bufg_I_O)         0.029     2.692 r                       udp_gateway_shadow_mirror_i/dma_gateway_hybrid_0/inst/u_device_dna_reader/dna_clk_BUFG_inst/O
                         net (fo=69, routed)          0.894     3.586                         udp_gateway_shadow_mirror_i/dma_gateway_hybrid_0/inst/u_device_dna_reader/dna_clk_BUFG
    SLICE_X106Y70        FDCE                                         r  shadow_ctrl_region   udp_gateway_shadow_mirror_i/dma_gateway_hybrid_0/inst/u_device_dna_reader/dna_shift_value_reg[46]/C
                         clock pessimism             -0.030     3.556                           
    SLICE_X106Y70        FDCE (Remov_fdce_C_CLR)     -0.159     3.397    shadow_ctrl_region     udp_gateway_shadow_mirror_i/dma_gateway_hybrid_0/inst/u_device_dna_reader/dna_shift_value_reg[46]
  -------------------------------------------------------------------
                         required time                         -3.397                           
                         arrival time                           5.187                           
  -------------------------------------------------------------------
                         slack                                  1.790                           

Slack (MET) :             1.790ns  (arrival time - required time)
  Source:                 udp_gateway_shadow_mirror_i/rst_ps7_0_100M/U0/ACTIVE_LOW_PR_OUT_DFF[0].FDRE_PER_N/C
                            (rising edge-triggered cell FDRE clocked by clk_fpga_0  {rise@0.000ns fall@10.000ns period=20.000ns})
  Destination:            udp_gateway_shadow_mirror_i/dma_gateway_hybrid_0/inst/u_device_dna_reader/dna_shift_value_reg[8]/CLR
                            (removal check against rising-edge clock shadow_dna_clk  {rise@0.000ns fall@320.000ns period=640.000ns})
  Path Group:             **async_default**
  Path Type:              Removal (Min at Fast Process Corner)
  Requirement:            0.000ns  (shadow_dna_clk rise@0.000ns - clk_fpga_0 rise@0.000ns)
  Data Path Delay:        4.276ns  (logic 0.184ns (4.303%)  route 4.092ns (95.697%))
  Logic Levels:           1  (LUT1=1)
  Clock Path Skew:        2.645ns (DCD - SCD - CPR)
    Destination Clock Delay (DCD):    3.586ns
    Source Clock Delay      (SCD):    0.911ns
    Clock Pessimism Removal (CPR):    0.030ns

    Location             Delay type                Incr(ns)  Path(ns)    PBlock               Netlist Resource(s)
  -------------------------------------------------------------------    ----------------------------------------
                         (clock clk_fpga_0 rise edge)
                                                      0.000     0.000 r                       
    PS7_X0Y0             PS7                          0.000     0.000 r                       udp_gateway_shadow_mirror_i/processing_system7_0/inst/PS7_i/FCLKCLK[0]
                         net (fo=1, routed)           0.310     0.310                         udp_gateway_shadow_mirror_i/processing_system7_0/inst/FCLK_CLK_unbuffered[0]
    BUFGCTRL_X0Y17       BUFG (Prop_bufg_I_O)         0.026     0.336 r                       udp_gateway_shadow_mirror_i/processing_system7_0/inst/buffer_fclk_clk_0.FCLK_CLK_0_BUFG/O
                         net (fo=42374, routed)       0.575     0.911                         udp_gateway_shadow_mirror_i/rst_ps7_0_100M/U0/slowest_sync_clk
    SLICE_X65Y85         FDRE                                         r                       udp_gateway_shadow_mirror_i/rst_ps7_0_100M/U0/ACTIVE_LOW_PR_OUT_DFF[0].FDRE_PER_N/C
  -------------------------------------------------------------------    ----------------------------------------
    SLICE_X65Y85         FDRE (Prop_fdre_C_Q)         0.141     1.052 r                       udp_gateway_shadow_mirror_i/rst_ps7_0_100M/U0/ACTIVE_LOW_PR_OUT_DFF[0].FDRE_PER_N/Q
                         net (fo=85, routed)          1.944     2.995                         udp_gateway_shadow_mirror_i/dma_gateway_hybrid_0/inst/u_shadow_acl_filter/u_acl/rst_n
    SLICE_X25Y49         LUT1 (Prop_lut1_I0_O)        0.043     3.038 f  shadow_data_region   udp_gateway_shadow_mirror_i/dma_gateway_hybrid_0/inst/u_shadow_acl_filter/u_acl/s_axil_awready_i_1/O
                         net (fo=1907, routed)        2.148     5.187                         udp_gateway_shadow_mirror_i/dma_gateway_hybrid_0/inst/u_device_dna_reader/p_0_in
    SLICE_X106Y70        FDCE                                         f  shadow_ctrl_region   udp_gateway_shadow_mirror_i/dma_gateway_hybrid_0/inst/u_device_dna_reader/dna_shift_value_reg[8]/CLR
  -------------------------------------------------------------------    ----------------------------------------

                         (clock shadow_dna_clk rise edge)
                                                      0.000     0.000 r                       
    PS7_X0Y0             PS7                          0.000     0.000 r                       udp_gateway_shadow_mirror_i/processing_system7_0/inst/PS7_i/FCLKCLK[0]
                         net (fo=1, routed)           0.337     0.337                         udp_gateway_shadow_mirror_i/processing_system7_0/inst/FCLK_CLK_unbuffered[0]
    BUFGCTRL_X0Y17       BUFG (Prop_bufg_I_O)         0.029     0.366 r                       udp_gateway_shadow_mirror_i/processing_system7_0/inst/buffer_fclk_clk_0.FCLK_CLK_0_BUFG/O
                         net (fo=42374, routed)       0.878     1.244                         udp_gateway_shadow_mirror_i/dma_gateway_hybrid_0/inst/u_device_dna_reader/clk
    SLICE_X103Y54        FDCE (Prop_fdce_C_Q)         0.175     1.419 r  shadow_ctrl_region   udp_gateway_shadow_mirror_i/dma_gateway_hybrid_0/inst/u_device_dna_reader/dna_clk_reg/Q
                         net (fo=1, routed)           1.244     2.663                         udp_gateway_shadow_mirror_i/dma_gateway_hybrid_0/inst/u_device_dna_reader/dna_clk
    BUFGCTRL_X0Y16       BUFG (Prop_bufg_I_O)         0.029     2.692 r                       udp_gateway_shadow_mirror_i/dma_gateway_hybrid_0/inst/u_device_dna_reader/dna_clk_BUFG_inst/O
                         net (fo=69, routed)          0.894     3.586                         udp_gateway_shadow_mirror_i/dma_gateway_hybrid_0/inst/u_device_dna_reader/dna_clk_BUFG
    SLICE_X106Y70        FDCE                                         r  shadow_ctrl_region   udp_gateway_shadow_mirror_i/dma_gateway_hybrid_0/inst/u_device_dna_reader/dna_shift_value_reg[8]/C
                         clock pessimism             -0.030     3.556                           
    SLICE_X106Y70        FDCE (Remov_fdce_C_CLR)     -0.159     3.397    shadow_ctrl_region     udp_gateway_shadow_mirror_i/dma_gateway_hybrid_0/inst/u_device_dna_reader/dna_shift_value_reg[8]
  -------------------------------------------------------------------
                         required time                         -3.397                           
                         arrival time                           5.187                           
  -------------------------------------------------------------------
                         slack                                  1.790                           

Slack (MET) :             1.790ns  (arrival time - required time)
  Source:                 udp_gateway_shadow_mirror_i/rst_ps7_0_100M/U0/ACTIVE_LOW_PR_OUT_DFF[0].FDRE_PER_N/C
                            (rising edge-triggered cell FDRE clocked by clk_fpga_0  {rise@0.000ns fall@10.000ns period=20.000ns})
  Destination:            udp_gateway_shadow_mirror_i/dma_gateway_hybrid_0/inst/u_device_dna_reader/dna_shift_value_reg[9]/CLR
                            (removal check against rising-edge clock shadow_dna_clk  {rise@0.000ns fall@320.000ns period=640.000ns})
  Path Group:             **async_default**
  Path Type:              Removal (Min at Fast Process Corner)
  Requirement:            0.000ns  (shadow_dna_clk rise@0.000ns - clk_fpga_0 rise@0.000ns)
  Data Path Delay:        4.276ns  (logic 0.184ns (4.303%)  route 4.092ns (95.697%))
  Logic Levels:           1  (LUT1=1)
  Clock Path Skew:        2.645ns (DCD - SCD - CPR)
    Destination Clock Delay (DCD):    3.586ns
    Source Clock Delay      (SCD):    0.911ns
    Clock Pessimism Removal (CPR):    0.030ns

    Location             Delay type                Incr(ns)  Path(ns)    PBlock               Netlist Resource(s)
  -------------------------------------------------------------------    ----------------------------------------
                         (clock clk_fpga_0 rise edge)
                                                      0.000     0.000 r                       
    PS7_X0Y0             PS7                          0.000     0.000 r                       udp_gateway_shadow_mirror_i/processing_system7_0/inst/PS7_i/FCLKCLK[0]
                         net (fo=1, routed)           0.310     0.310                         udp_gateway_shadow_mirror_i/processing_system7_0/inst/FCLK_CLK_unbuffered[0]
    BUFGCTRL_X0Y17       BUFG (Prop_bufg_I_O)         0.026     0.336 r                       udp_gateway_shadow_mirror_i/processing_system7_0/inst/buffer_fclk_clk_0.FCLK_CLK_0_BUFG/O
                         net (fo=42374, routed)       0.575     0.911                         udp_gateway_shadow_mirror_i/rst_ps7_0_100M/U0/slowest_sync_clk
    SLICE_X65Y85         FDRE                                         r                       udp_gateway_shadow_mirror_i/rst_ps7_0_100M/U0/ACTIVE_LOW_PR_OUT_DFF[0].FDRE_PER_N/C
  -------------------------------------------------------------------    ----------------------------------------
    SLICE_X65Y85         FDRE (Prop_fdre_C_Q)         0.141     1.052 r                       udp_gateway_shadow_mirror_i/rst_ps7_0_100M/U0/ACTIVE_LOW_PR_OUT_DFF[0].FDRE_PER_N/Q
                         net (fo=85, routed)          1.944     2.995                         udp_gateway_shadow_mirror_i/dma_gateway_hybrid_0/inst/u_shadow_acl_filter/u_acl/rst_n
    SLICE_X25Y49         LUT1 (Prop_lut1_I0_O)        0.043     3.038 f  shadow_data_region   udp_gateway_shadow_mirror_i/dma_gateway_hybrid_0/inst/u_shadow_acl_filter/u_acl/s_axil_awready_i_1/O
                         net (fo=1907, routed)        2.148     5.187                         udp_gateway_shadow_mirror_i/dma_gateway_hybrid_0/inst/u_device_dna_reader/p_0_in
    SLICE_X106Y70        FDCE                                         f  shadow_ctrl_region   udp_gateway_shadow_mirror_i/dma_gateway_hybrid_0/inst/u_device_dna_reader/dna_shift_value_reg[9]/CLR
  -------------------------------------------------------------------    ----------------------------------------

                         (clock shadow_dna_clk rise edge)
                                                      0.000     0.000 r                       
    PS7_X0Y0             PS7                          0.000     0.000 r                       udp_gateway_shadow_mirror_i/processing_system7_0/inst/PS7_i/FCLKCLK[0]
                         net (fo=1, routed)           0.337     0.337                         udp_gateway_shadow_mirror_i/processing_system7_0/inst/FCLK_CLK_unbuffered[0]
    BUFGCTRL_X0Y17       BUFG (Prop_bufg_I_O)         0.029     0.366 r                       udp_gateway_shadow_mirror_i/processing_system7_0/inst/buffer_fclk_clk_0.FCLK_CLK_0_BUFG/O
                         net (fo=42374, routed)       0.878     1.244                         udp_gateway_shadow_mirror_i/dma_gateway_hybrid_0/inst/u_device_dna_reader/clk
    SLICE_X103Y54        FDCE (Prop_fdce_C_Q)         0.175     1.419 r  shadow_ctrl_region   udp_gateway_shadow_mirror_i/dma_gateway_hybrid_0/inst/u_device_dna_reader/dna_clk_reg/Q
                         net (fo=1, routed)           1.244     2.663                         udp_gateway_shadow_mirror_i/dma_gateway_hybrid_0/inst/u_device_dna_reader/dna_clk
    BUFGCTRL_X0Y16       BUFG (Prop_bufg_I_O)         0.029     2.692 r                       udp_gateway_shadow_mirror_i/dma_gateway_hybrid_0/inst/u_device_dna_reader/dna_clk_BUFG_inst/O
                         net (fo=69, routed)          0.894     3.586                         udp_gateway_shadow_mirror_i/dma_gateway_hybrid_0/inst/u_device_dna_reader/dna_clk_BUFG
    SLICE_X106Y70        FDCE                                         r  shadow_ctrl_region   udp_gateway_shadow_mirror_i/dma_gateway_hybrid_0/inst/u_device_dna_reader/dna_shift_value_reg[9]/C
                         clock pessimism             -0.030     3.556                           
    SLICE_X106Y70        FDCE (Remov_fdce_C_CLR)     -0.159     3.397    shadow_ctrl_region     udp_gateway_shadow_mirror_i/dma_gateway_hybrid_0/inst/u_device_dna_reader/dna_shift_value_reg[9]
  -------------------------------------------------------------------
                         required time                         -3.397                           
                         arrival time                           5.187                           
  -------------------------------------------------------------------
                         slack                                  1.790                           

Slack (MET) :             1.943ns  (arrival time - required time)
  Source:                 udp_gateway_shadow_mirror_i/rst_ps7_0_100M/U0/ACTIVE_LOW_PR_OUT_DFF[0].FDRE_PER_N/C
                            (rising edge-triggered cell FDRE clocked by clk_fpga_0  {rise@0.000ns fall@10.000ns period=20.000ns})
  Destination:            udp_gateway_shadow_mirror_i/dma_gateway_hybrid_0/inst/u_device_dna_reader/dna_shift_value_reg[1]/CLR
                            (removal check against rising-edge clock shadow_dna_clk  {rise@0.000ns fall@320.000ns period=640.000ns})
  Path Group:             **async_default**
  Path Type:              Removal (Min at Fast Process Corner)
  Requirement:            0.000ns  (shadow_dna_clk rise@0.000ns - clk_fpga_0 rise@0.000ns)
  Data Path Delay:        4.429ns  (logic 0.184ns (4.155%)  route 4.245ns (95.845%))
  Logic Levels:           1  (LUT1=1)
  Clock Path Skew:        2.619ns (DCD - SCD - CPR)
    Destination Clock Delay (DCD):    3.560ns
    Source Clock Delay      (SCD):    0.911ns
    Clock Pessimism Removal (CPR):    0.030ns

    Location             Delay type                Incr(ns)  Path(ns)    PBlock               Netlist Resource(s)
  -------------------------------------------------------------------    ----------------------------------------
                         (clock clk_fpga_0 rise edge)
                                                      0.000     0.000 r                       
    PS7_X0Y0             PS7                          0.000     0.000 r                       udp_gateway_shadow_mirror_i/processing_system7_0/inst/PS7_i/FCLKCLK[0]
                         net (fo=1, routed)           0.310     0.310                         udp_gateway_shadow_mirror_i/processing_system7_0/inst/FCLK_CLK_unbuffered[0]
    BUFGCTRL_X0Y17       BUFG (Prop_bufg_I_O)         0.026     0.336 r                       udp_gateway_shadow_mirror_i/processing_system7_0/inst/buffer_fclk_clk_0.FCLK_CLK_0_BUFG/O
                         net (fo=42374, routed)       0.575     0.911                         udp_gateway_shadow_mirror_i/rst_ps7_0_100M/U0/slowest_sync_clk
    SLICE_X65Y85         FDRE                                         r                       udp_gateway_shadow_mirror_i/rst_ps7_0_100M/U0/ACTIVE_LOW_PR_OUT_DFF[0].FDRE_PER_N/C
  -------------------------------------------------------------------    ----------------------------------------
    SLICE_X65Y85         FDRE (Prop_fdre_C_Q)         0.141     1.052 r                       udp_gateway_shadow_mirror_i/rst_ps7_0_100M/U0/ACTIVE_LOW_PR_OUT_DFF[0].FDRE_PER_N/Q
                         net (fo=85, routed)          1.944     2.995                         udp_gateway_shadow_mirror_i/dma_gateway_hybrid_0/inst/u_shadow_acl_filter/u_acl/rst_n
    SLICE_X25Y49         LUT1 (Prop_lut1_I0_O)        0.043     3.038 f  shadow_data_region   udp_gateway_shadow_mirror_i/dma_gateway_hybrid_0/inst/u_shadow_acl_filter/u_acl/s_axil_awready_i_1/O
                         net (fo=1907, routed)        2.301     5.339                         udp_gateway_shadow_mirror_i/dma_gateway_hybrid_0/inst/u_device_dna_reader/p_0_in
    SLICE_X102Y69        FDCE                                         f  shadow_ctrl_region   udp_gateway_shadow_mirror_i/dma_gateway_hybrid_0/inst/u_device_dna_reader/dna_shift_value_reg[1]/CLR
  -------------------------------------------------------------------    ----------------------------------------

                         (clock shadow_dna_clk rise edge)
                                                      0.000     0.000 r                       
    PS7_X0Y0             PS7                          0.000     0.000 r                       udp_gateway_shadow_mirror_i/processing_system7_0/inst/PS7_i/FCLKCLK[0]
                         net (fo=1, routed)           0.337     0.337                         udp_gateway_shadow_mirror_i/processing_system7_0/inst/FCLK_CLK_unbuffered[0]
    BUFGCTRL_X0Y17       BUFG (Prop_bufg_I_O)         0.029     0.366 r                       udp_gateway_shadow_mirror_i/processing_system7_0/inst/buffer_fclk_clk_0.FCLK_CLK_0_BUFG/O
                         net (fo=42374, routed)       0.878     1.244                         udp_gateway_shadow_mirror_i/dma_gateway_hybrid_0/inst/u_device_dna_reader/clk
    SLICE_X103Y54        FDCE (Prop_fdce_C_Q)         0.175     1.419 r  shadow_ctrl_region   udp_gateway_shadow_mirror_i/dma_gateway_hybrid_0/inst/u_device_dna_reader/dna_clk_reg/Q
                         net (fo=1, routed)           1.244     2.663                         udp_gateway_shadow_mirror_i/dma_gateway_hybrid_0/inst/u_device_dna_reader/dna_clk
    BUFGCTRL_X0Y16       BUFG (Prop_bufg_I_O)         0.029     2.692 r                       udp_gateway_shadow_mirror_i/dma_gateway_hybrid_0/inst/u_device_dna_reader/dna_clk_BUFG_inst/O
                         net (fo=69, routed)          0.868     3.560                         udp_gateway_shadow_mirror_i/dma_gateway_hybrid_0/inst/u_device_dna_reader/dna_clk_BUFG
    SLICE_X102Y69        FDCE                                         r  shadow_ctrl_region   udp_gateway_shadow_mirror_i/dma_gateway_hybrid_0/inst/u_device_dna_reader/dna_shift_value_reg[1]/C
                         clock pessimism             -0.030     3.530                           
    SLICE_X102Y69        FDCE (Remov_fdce_C_CLR)     -0.134     3.396    shadow_ctrl_region     udp_gateway_shadow_mirror_i/dma_gateway_hybrid_0/inst/u_device_dna_reader/dna_shift_value_reg[1]
  -------------------------------------------------------------------
                         required time                         -3.396                           
                         arrival time                           5.339                           
  -------------------------------------------------------------------
                         slack                                  1.943                           

Slack (MET) :             1.943ns  (arrival time - required time)
  Source:                 udp_gateway_shadow_mirror_i/rst_ps7_0_100M/U0/ACTIVE_LOW_PR_OUT_DFF[0].FDRE_PER_N/C
                            (rising edge-triggered cell FDRE clocked by clk_fpga_0  {rise@0.000ns fall@10.000ns period=20.000ns})
  Destination:            udp_gateway_shadow_mirror_i/dma_gateway_hybrid_0/inst/u_device_dna_reader/dna_shift_value_reg[2]/CLR
                            (removal check against rising-edge clock shadow_dna_clk  {rise@0.000ns fall@320.000ns period=640.000ns})
  Path Group:             **async_default**
  Path Type:              Removal (Min at Fast Process Corner)
  Requirement:            0.000ns  (shadow_dna_clk rise@0.000ns - clk_fpga_0 rise@0.000ns)
  Data Path Delay:        4.429ns  (logic 0.184ns (4.155%)  route 4.245ns (95.845%))
  Logic Levels:           1  (LUT1=1)
  Clock Path Skew:        2.619ns (DCD - SCD - CPR)
    Destination Clock Delay (DCD):    3.560ns
    Source Clock Delay      (SCD):    0.911ns
    Clock Pessimism Removal (CPR):    0.030ns

    Location             Delay type                Incr(ns)  Path(ns)    PBlock               Netlist Resource(s)
  -------------------------------------------------------------------    ----------------------------------------
                         (clock clk_fpga_0 rise edge)
                                                      0.000     0.000 r                       
    PS7_X0Y0             PS7                          0.000     0.000 r                       udp_gateway_shadow_mirror_i/processing_system7_0/inst/PS7_i/FCLKCLK[0]
                         net (fo=1, routed)           0.310     0.310                         udp_gateway_shadow_mirror_i/processing_system7_0/inst/FCLK_CLK_unbuffered[0]
    BUFGCTRL_X0Y17       BUFG (Prop_bufg_I_O)         0.026     0.336 r                       udp_gateway_shadow_mirror_i/processing_system7_0/inst/buffer_fclk_clk_0.FCLK_CLK_0_BUFG/O
                         net (fo=42374, routed)       0.575     0.911                         udp_gateway_shadow_mirror_i/rst_ps7_0_100M/U0/slowest_sync_clk
    SLICE_X65Y85         FDRE                                         r                       udp_gateway_shadow_mirror_i/rst_ps7_0_100M/U0/ACTIVE_LOW_PR_OUT_DFF[0].FDRE_PER_N/C
  -------------------------------------------------------------------    ----------------------------------------
    SLICE_X65Y85         FDRE (Prop_fdre_C_Q)         0.141     1.052 r                       udp_gateway_shadow_mirror_i/rst_ps7_0_100M/U0/ACTIVE_LOW_PR_OUT_DFF[0].FDRE_PER_N/Q
                         net (fo=85, routed)          1.944     2.995                         udp_gateway_shadow_mirror_i/dma_gateway_hybrid_0/inst/u_shadow_acl_filter/u_acl/rst_n
    SLICE_X25Y49         LUT1 (Prop_lut1_I0_O)        0.043     3.038 f  shadow_data_region   udp_gateway_shadow_mirror_i/dma_gateway_hybrid_0/inst/u_shadow_acl_filter/u_acl/s_axil_awready_i_1/O
                         net (fo=1907, routed)        2.301     5.339                         udp_gateway_shadow_mirror_i/dma_gateway_hybrid_0/inst/u_device_dna_reader/p_0_in
    SLICE_X102Y69        FDCE                                         f  shadow_ctrl_region   udp_gateway_shadow_mirror_i/dma_gateway_hybrid_0/inst/u_device_dna_reader/dna_shift_value_reg[2]/CLR
  -------------------------------------------------------------------    ----------------------------------------

                         (clock shadow_dna_clk rise edge)
                                                      0.000     0.000 r                       
    PS7_X0Y0             PS7                          0.000     0.000 r                       udp_gateway_shadow_mirror_i/processing_system7_0/inst/PS7_i/FCLKCLK[0]
                         net (fo=1, routed)           0.337     0.337                         udp_gateway_shadow_mirror_i/processing_system7_0/inst/FCLK_CLK_unbuffered[0]
    BUFGCTRL_X0Y17       BUFG (Prop_bufg_I_O)         0.029     0.366 r                       udp_gateway_shadow_mirror_i/processing_system7_0/inst/buffer_fclk_clk_0.FCLK_CLK_0_BUFG/O
                         net (fo=42374, routed)       0.878     1.244                         udp_gateway_shadow_mirror_i/dma_gateway_hybrid_0/inst/u_device_dna_reader/clk
    SLICE_X103Y54        FDCE (Prop_fdce_C_Q)         0.175     1.419 r  shadow_ctrl_region   udp_gateway_shadow_mirror_i/dma_gateway_hybrid_0/inst/u_device_dna_reader/dna_clk_reg/Q
                         net (fo=1, routed)           1.244     2.663                         udp_gateway_shadow_mirror_i/dma_gateway_hybrid_0/inst/u_device_dna_reader/dna_clk
    BUFGCTRL_X0Y16       BUFG (Prop_bufg_I_O)         0.029     2.692 r                       udp_gateway_shadow_mirror_i/dma_gateway_hybrid_0/inst/u_device_dna_reader/dna_clk_BUFG_inst/O
                         net (fo=69, routed)          0.868     3.560                         udp_gateway_shadow_mirror_i/dma_gateway_hybrid_0/inst/u_device_dna_reader/dna_clk_BUFG
    SLICE_X102Y69        FDCE                                         r  shadow_ctrl_region   udp_gateway_shadow_mirror_i/dma_gateway_hybrid_0/inst/u_device_dna_reader/dna_shift_value_reg[2]/C
                         clock pessimism             -0.030     3.530                           
    SLICE_X102Y69        FDCE (Remov_fdce_C_CLR)     -0.134     3.396    shadow_ctrl_region     udp_gateway_shadow_mirror_i/dma_gateway_hybrid_0/inst/u_device_dna_reader/dna_shift_value_reg[2]
  -------------------------------------------------------------------
                         required time                         -3.396                           
                         arrival time                           5.339                           
  -------------------------------------------------------------------
                         slack                                  1.943                           

Slack (MET) :             1.943ns  (arrival time - required time)
  Source:                 udp_gateway_shadow_mirror_i/rst_ps7_0_100M/U0/ACTIVE_LOW_PR_OUT_DFF[0].FDRE_PER_N/C
                            (rising edge-triggered cell FDRE clocked by clk_fpga_0  {rise@0.000ns fall@10.000ns period=20.000ns})
  Destination:            udp_gateway_shadow_mirror_i/dma_gateway_hybrid_0/inst/u_device_dna_reader/dna_shift_value_reg[3]/CLR
                            (removal check against rising-edge clock shadow_dna_clk  {rise@0.000ns fall@320.000ns period=640.000ns})
  Path Group:             **async_default**
  Path Type:              Removal (Min at Fast Process Corner)
  Requirement:            0.000ns  (shadow_dna_clk rise@0.000ns - clk_fpga_0 rise@0.000ns)
  Data Path Delay:        4.429ns  (logic 0.184ns (4.155%)  route 4.245ns (95.845%))
  Logic Levels:           1  (LUT1=1)
  Clock Path Skew:        2.619ns (DCD - SCD - CPR)
    Destination Clock Delay (DCD):    3.560ns
    Source Clock Delay      (SCD):    0.911ns
    Clock Pessimism Removal (CPR):    0.030ns

    Location             Delay type                Incr(ns)  Path(ns)    PBlock               Netlist Resource(s)
  -------------------------------------------------------------------    ----------------------------------------
                         (clock clk_fpga_0 rise edge)
                                                      0.000     0.000 r                       
    PS7_X0Y0             PS7                          0.000     0.000 r                       udp_gateway_shadow_mirror_i/processing_system7_0/inst/PS7_i/FCLKCLK[0]
                         net (fo=1, routed)           0.310     0.310                         udp_gateway_shadow_mirror_i/processing_system7_0/inst/FCLK_CLK_unbuffered[0]
    BUFGCTRL_X0Y17       BUFG (Prop_bufg_I_O)         0.026     0.336 r                       udp_gateway_shadow_mirror_i/processing_system7_0/inst/buffer_fclk_clk_0.FCLK_CLK_0_BUFG/O
                         net (fo=42374, routed)       0.575     0.911                         udp_gateway_shadow_mirror_i/rst_ps7_0_100M/U0/slowest_sync_clk
    SLICE_X65Y85         FDRE                                         r                       udp_gateway_shadow_mirror_i/rst_ps7_0_100M/U0/ACTIVE_LOW_PR_OUT_DFF[0].FDRE_PER_N/C
  -------------------------------------------------------------------    ----------------------------------------
    SLICE_X65Y85         FDRE (Prop_fdre_C_Q)         0.141     1.052 r                       udp_gateway_shadow_mirror_i/rst_ps7_0_100M/U0/ACTIVE_LOW_PR_OUT_DFF[0].FDRE_PER_N/Q
                         net (fo=85, routed)          1.944     2.995                         udp_gateway_shadow_mirror_i/dma_gateway_hybrid_0/inst/u_shadow_acl_filter/u_acl/rst_n
    SLICE_X25Y49         LUT1 (Prop_lut1_I0_O)        0.043     3.038 f  shadow_data_region   udp_gateway_shadow_mirror_i/dma_gateway_hybrid_0/inst/u_shadow_acl_filter/u_acl/s_axil_awready_i_1/O
                         net (fo=1907, routed)        2.301     5.339                         udp_gateway_shadow_mirror_i/dma_gateway_hybrid_0/inst/u_device_dna_reader/p_0_in
    SLICE_X102Y69        FDCE                                         f  shadow_ctrl_region   udp_gateway_shadow_mirror_i/dma_gateway_hybrid_0/inst/u_device_dna_reader/dna_shift_value_reg[3]/CLR
  -------------------------------------------------------------------    ----------------------------------------

                         (clock shadow_dna_clk rise edge)
                                                      0.000     0.000 r                       
    PS7_X0Y0             PS7                          0.000     0.000 r                       udp_gateway_shadow_mirror_i/processing_system7_0/inst/PS7_i/FCLKCLK[0]
                         net (fo=1, routed)           0.337     0.337                         udp_gateway_shadow_mirror_i/processing_system7_0/inst/FCLK_CLK_unbuffered[0]
    BUFGCTRL_X0Y17       BUFG (Prop_bufg_I_O)         0.029     0.366 r                       udp_gateway_shadow_mirror_i/processing_system7_0/inst/buffer_fclk_clk_0.FCLK_CLK_0_BUFG/O
                         net (fo=42374, routed)       0.878     1.244                         udp_gateway_shadow_mirror_i/dma_gateway_hybrid_0/inst/u_device_dna_reader/clk
    SLICE_X103Y54        FDCE (Prop_fdce_C_Q)         0.175     1.419 r  shadow_ctrl_region   udp_gateway_shadow_mirror_i/dma_gateway_hybrid_0/inst/u_device_dna_reader/dna_clk_reg/Q
                         net (fo=1, routed)           1.244     2.663                         udp_gateway_shadow_mirror_i/dma_gateway_hybrid_0/inst/u_device_dna_reader/dna_clk
    BUFGCTRL_X0Y16       BUFG (Prop_bufg_I_O)         0.029     2.692 r                       udp_gateway_shadow_mirror_i/dma_gateway_hybrid_0/inst/u_device_dna_reader/dna_clk_BUFG_inst/O
                         net (fo=69, routed)          0.868     3.560                         udp_gateway_shadow_mirror_i/dma_gateway_hybrid_0/inst/u_device_dna_reader/dna_clk_BUFG
    SLICE_X102Y69        FDCE                                         r  shadow_ctrl_region   udp_gateway_shadow_mirror_i/dma_gateway_hybrid_0/inst/u_device_dna_reader/dna_shift_value_reg[3]/C
                         clock pessimism             -0.030     3.530                           
    SLICE_X102Y69        FDCE (Remov_fdce_C_CLR)     -0.134     3.396    shadow_ctrl_region     udp_gateway_shadow_mirror_i/dma_gateway_hybrid_0/inst/u_device_dna_reader/dna_shift_value_reg[3]
  -------------------------------------------------------------------
                         required time                         -3.396                           
                         arrival time                           5.339                           
  -------------------------------------------------------------------
                         slack                                  1.943                           





--------------------------------------------------------------------------------------
Path Group:  (none)
From Clock:  
  To Clock:  clk_fpga_0

Max Delay             1 Endpoint
Min Delay             1 Endpoint
--------------------------------------------------------------------------------------


Max Delay Paths
--------------------------------------------------------------------------------------
Slack:                    inf
  Source:                 udp_gateway_shadow_mirror_i/processing_system7_0/inst/PS7_i/FCLKRESETN[0]
                            (internal pin)
  Destination:            udp_gateway_shadow_mirror_i/rst_ps7_0_100M/U0/EXT_LPF/ACTIVE_LOW_EXT.ACT_LO_EXT/GENERATE_LEVEL_P_S_CDC.SINGLE_BIT.CROSS_PLEVEL_IN2SCNDRY_IN_cdc_to/D
                            (rising edge-triggered cell FDRE clocked by clk_fpga_0  {rise@0.000ns fall@10.000ns period=20.000ns})
  Path Group:             (none)
  Path Type:              Setup (Max at Slow Process Corner)
  Data Path Delay:        2.341ns  (logic 0.124ns (5.296%)  route 2.217ns (94.704%))
  Logic Levels:           1  (LUT1=1)
  Clock Uncertainty:      0.301ns  ((TSJ^2 + TIJ^2)^1/2 + DJ) / 2 + PE
    Total System Jitter     (TSJ):    0.050ns
    Total Input Jitter      (TIJ):    0.600ns
    Discrete Jitter          (DJ):    0.000ns
    Phase Error              (PE):    0.000ns
  Timing Exception:       False Path

    Location             Delay type                Incr(ns)  Path(ns)    Netlist Resource(s)
  -------------------------------------------------------------------    -------------------
    PS7_X0Y0             PS7                          0.000     0.000 f  udp_gateway_shadow_mirror_i/processing_system7_0/inst/PS7_i/FCLKRESETN[0]
                         net (fo=1, routed)           1.758     1.758    udp_gateway_shadow_mirror_i/rst_ps7_0_100M/U0/EXT_LPF/ACTIVE_LOW_EXT.ACT_LO_EXT/ext_reset_in
    SLICE_X59Y84         LUT1 (Prop_lut1_I0_O)        0.124     1.882 r  udp_gateway_shadow_mirror_i/rst_ps7_0_100M/U0/EXT_LPF/ACTIVE_LOW_EXT.ACT_LO_EXT/GENERATE_LEVEL_P_S_CDC.SINGLE_BIT.CROSS_PLEVEL_IN2SCNDRY_IN_cdc_to_i_1/O
                         net (fo=1, routed)           0.460     2.341    udp_gateway_shadow_mirror_i/rst_ps7_0_100M/U0/EXT_LPF/ACTIVE_LOW_EXT.ACT_LO_EXT/exr_d1
    SLICE_X61Y84         FDRE                                         r  udp_gateway_shadow_mirror_i/rst_ps7_0_100M/U0/EXT_LPF/ACTIVE_LOW_EXT.ACT_LO_EXT/GENERATE_LEVEL_P_S_CDC.SINGLE_BIT.CROSS_PLEVEL_IN2SCNDRY_IN_cdc_to/D
  -------------------------------------------------------------------    -------------------

                         (clock clk_fpga_0 rise edge)
                                                      0.000     0.000 r  
    PS7_X0Y0             PS7                          0.000     0.000 r  udp_gateway_shadow_mirror_i/processing_system7_0/inst/PS7_i/FCLKCLK[0]
                         net (fo=1, routed)           1.088     1.088    udp_gateway_shadow_mirror_i/processing_system7_0/inst/FCLK_CLK_unbuffered[0]
    BUFGCTRL_X0Y17       BUFG (Prop_bufg_I_O)         0.091     1.179 r  udp_gateway_shadow_mirror_i/processing_system7_0/inst/buffer_fclk_clk_0.FCLK_CLK_0_BUFG/O
                         net (fo=42374, routed)       1.534     2.713    udp_gateway_shadow_mirror_i/rst_ps7_0_100M/U0/EXT_LPF/ACTIVE_LOW_EXT.ACT_LO_EXT/slowest_sync_clk
    SLICE_X61Y84         FDRE                                         r  udp_gateway_shadow_mirror_i/rst_ps7_0_100M/U0/EXT_LPF/ACTIVE_LOW_EXT.ACT_LO_EXT/GENERATE_LEVEL_P_S_CDC.SINGLE_BIT.CROSS_PLEVEL_IN2SCNDRY_IN_cdc_to/C





Min Delay Paths
--------------------------------------------------------------------------------------
Slack:                    inf
  Source:                 udp_gateway_shadow_mirror_i/processing_system7_0/inst/PS7_i/FCLKRESETN[0]
                            (internal pin)
  Destination:            udp_gateway_shadow_mirror_i/rst_ps7_0_100M/U0/EXT_LPF/ACTIVE_LOW_EXT.ACT_LO_EXT/GENERATE_LEVEL_P_S_CDC.SINGLE_BIT.CROSS_PLEVEL_IN2SCNDRY_IN_cdc_to/D
                            (rising edge-triggered cell FDRE clocked by clk_fpga_0  {rise@0.000ns fall@10.000ns period=20.000ns})
  Path Group:             (none)
  Path Type:              Hold (Min at Fast Process Corner)
  Data Path Delay:        0.893ns  (logic 0.045ns (5.038%)  route 0.848ns (94.962%))
  Logic Levels:           1  (LUT1=1)
  Clock Uncertainty:      0.301ns  ((TSJ^2 + TIJ^2)^1/2 + DJ) / 2 + PE
    Total System Jitter     (TSJ):    0.050ns
    Total Input Jitter      (TIJ):    0.600ns
    Discrete Jitter          (DJ):    0.000ns
    Phase Error              (PE):    0.000ns
  Timing Exception:       False Path

    Location             Delay type                Incr(ns)  Path(ns)    Netlist Resource(s)
  -------------------------------------------------------------------    -------------------
    PS7_X0Y0             PS7                          0.000     0.000 f  udp_gateway_shadow_mirror_i/processing_system7_0/inst/PS7_i/FCLKRESETN[0]
                         net (fo=1, routed)           0.684     0.684    udp_gateway_shadow_mirror_i/rst_ps7_0_100M/U0/EXT_LPF/ACTIVE_LOW_EXT.ACT_LO_EXT/ext_reset_in
    SLICE_X59Y84         LUT1 (Prop_lut1_I0_O)        0.045     0.729 r  udp_gateway_shadow_mirror_i/rst_ps7_0_100M/U0/EXT_LPF/ACTIVE_LOW_EXT.ACT_LO_EXT/GENERATE_LEVEL_P_S_CDC.SINGLE_BIT.CROSS_PLEVEL_IN2SCNDRY_IN_cdc_to_i_1/O
                         net (fo=1, routed)           0.165     0.893    udp_gateway_shadow_mirror_i/rst_ps7_0_100M/U0/EXT_LPF/ACTIVE_LOW_EXT.ACT_LO_EXT/exr_d1
    SLICE_X61Y84         FDRE                                         r  udp_gateway_shadow_mirror_i/rst_ps7_0_100M/U0/EXT_LPF/ACTIVE_LOW_EXT.ACT_LO_EXT/GENERATE_LEVEL_P_S_CDC.SINGLE_BIT.CROSS_PLEVEL_IN2SCNDRY_IN_cdc_to/D
  -------------------------------------------------------------------    -------------------

                         (clock clk_fpga_0 rise edge)
                                                      0.000     0.000 r  
    PS7_X0Y0             PS7                          0.000     0.000 r  udp_gateway_shadow_mirror_i/processing_system7_0/inst/PS7_i/FCLKCLK[0]
                         net (fo=1, routed)           0.337     0.337    udp_gateway_shadow_mirror_i/processing_system7_0/inst/FCLK_CLK_unbuffered[0]
    BUFGCTRL_X0Y17       BUFG (Prop_bufg_I_O)         0.029     0.366 r  udp_gateway_shadow_mirror_i/processing_system7_0/inst/buffer_fclk_clk_0.FCLK_CLK_0_BUFG/O
                         net (fo=42374, routed)       0.842     1.208    udp_gateway_shadow_mirror_i/rst_ps7_0_100M/U0/EXT_LPF/ACTIVE_LOW_EXT.ACT_LO_EXT/slowest_sync_clk
    SLICE_X61Y84         FDRE                                         r  udp_gateway_shadow_mirror_i/rst_ps7_0_100M/U0/EXT_LPF/ACTIVE_LOW_EXT.ACT_LO_EXT/GENERATE_LEVEL_P_S_CDC.SINGLE_BIT.CROSS_PLEVEL_IN2SCNDRY_IN_cdc_to/C





