Copyright 1986-2022 Xilinx, Inc. All Rights Reserved. Copyright 2022-2024 Advanced Micro Devices, Inc. All Rights Reserved.
----------------------------------------------------------------------------------------------------------------------------------------------------------------------------------------------------------------------------------------------------------------------------------------------------------
| Tool Version : Vivado v.2024.1 (win64) Build 5076996 Wed May 22 18:37:14 MDT 2024
| Date         : Wed Apr  1 23:46:55 2026
| Host         : LAPTOP-96UDD738 running 64-bit major release  (build 9200)
| Command      : report_timing_summary -max_paths 10 -report_unconstrained -warn_on_violation -file D:/FPGAhanjia/Hetero_SoC_2026_3/Hetero_SoC_2026/doc/reports/engineering_evidence/shadow_mirror_20260401_234603/fresh_reports/udp_gateway_shadow_mirror_wrapper_timing_summary_postroute_physopted.rpt
| Design       : udp_gateway_shadow_mirror_wrapper
| Device       : 7z020-clg400
| Speed File   : -1  PRODUCTION 1.12 2019-11-22
| Design State : Physopt postRoute
----------------------------------------------------------------------------------------------------------------------------------------------------------------------------------------------------------------------------------------------------------------------------------------------------------

Timing Summary Report

------------------------------------------------------------------------------------------------
| Timer Settings
| --------------
------------------------------------------------------------------------------------------------

  Enable Multi Corner Analysis               :  Yes
  Enable Pessimism Removal                   :  Yes
  Pessimism Removal Resolution               :  Nearest Common Node
  Enable Input Delay Default Clock           :  No
  Enable Preset / Clear Arcs                 :  No
  Disable Flight Delays                      :  No
  Ignore I/O Paths                           :  No
  Timing Early Launch at Borrowing Latches   :  No
  Borrow Time for Max Delay Exceptions       :  Yes
  Merge Timing Exceptions                    :  Yes
  Inter-SLR Compensation                     :  Conservative

  Corner  Analyze    Analyze    
  Name    Max Paths  Min Paths  
  ------  ---------  ---------  
  Slow    Yes        Yes        
  Fast    Yes        Yes        


------------------------------------------------------------------------------------------------
| Report Methodology
| ------------------
------------------------------------------------------------------------------------------------

Rule       Severity          Description                                  Violations  
---------  ----------------  -------------------------------------------  ----------  
TIMING-17  Critical Warning  Non-clocked sequential cell                  68          
LUTAR-1    Warning           LUT drives async reset alert                 4           
ULMTCS-1   Warning           Control Sets use limits recommend reduction  1           

Note: This report is based on the most recent report_methodology run and may not be up-to-date. Run report_methodology on the current design for the latest report.



check_timing report

Table of Contents
-----------------
1. checking no_clock (68)
2. checking constant_clock (0)
3. checking pulse_width_clock (0)
4. checking unconstrained_internal_endpoints (200)
5. checking no_input_delay (0)
6. checking no_output_delay (0)
7. checking multiple_clock (0)
8. checking generated_clocks (0)
9. checking loops (0)
10. checking partial_input_delay (0)
11. checking partial_output_delay (0)
12. checking latch_loops (0)

1. checking no_clock (68)
-------------------------
 There are 68 register/latch pins with no clock driven by root clock pin: udp_gateway_shadow_mirror_i/dma_gateway_hybrid_0/inst/u_device_dna_reader/dna_clk_reg/Q (HIGH)


2. checking constant_clock (0)
------------------------------
 There are 0 register/latch pins with constant_clock.


3. checking pulse_width_clock (0)
---------------------------------
 There are 0 register/latch pins which need pulse_width check


4. checking unconstrained_internal_endpoints (200)
--------------------------------------------------
 There are 200 pins that are not constrained for maximum delay. (HIGH)

 There are 0 pins that are not constrained for maximum delay due to constant clock.


5. checking no_input_delay (0)
------------------------------
 There are 0 input ports with no input delay specified.

 There are 0 input ports with no input delay but user has a false path constraint.


6. checking no_output_delay (0)
-------------------------------
 There are 0 ports with no output delay specified.

 There are 0 ports with no output delay but user has a false path constraint

 There are 0 ports with no output delay but with a timing clock defined on it or propagating through it


7. checking multiple_clock (0)
------------------------------
 There are 0 register/latch pins with multiple clocks.


8. checking generated_clocks (0)
--------------------------------
 There are 0 generated clocks that are not connected to a clock source.


9. checking loops (0)
---------------------
 There are 0 combinational loops in the design.


10. checking partial_input_delay (0)
------------------------------------
 There are 0 input ports with partial input delay specified.


11. checking partial_output_delay (0)
-------------------------------------
 There are 0 ports with partial output delay specified.


12. checking latch_loops (0)
----------------------------
 There are 0 combinational latch loops in the design through latch input



------------------------------------------------------------------------------------------------
| Design Timing Summary
| ---------------------
------------------------------------------------------------------------------------------------

    WNS(ns)      TNS(ns)  TNS Failing Endpoints  TNS Total Endpoints      WHS(ns)      THS(ns)  THS Failing Endpoints  THS Total Endpoints     WPWS(ns)     TPWS(ns)  TPWS Failing Endpoints  TPWS Total Endpoints  
    -------      -------  ---------------------  -------------------      -------      -------  ---------------------  -------------------     --------     --------  ----------------------  --------------------  
      3.184        0.000                      0               194619        0.045        0.000                      0               194619        8.750        0.000                       0                 54558  


All user specified timing constraints are met.


------------------------------------------------------------------------------------------------
| Clock Summary
| -------------
------------------------------------------------------------------------------------------------

Clock       Waveform(ns)       Period(ns)      Frequency(MHz)
-----       ------------       ----------      --------------
clk_fpga_0  {0.000 10.000}     20.000          50.000          


------------------------------------------------------------------------------------------------
| Intra Clock Table
| -----------------
------------------------------------------------------------------------------------------------

Clock             WNS(ns)      TNS(ns)  TNS Failing Endpoints  TNS Total Endpoints      WHS(ns)      THS(ns)  THS Failing Endpoints  THS Total Endpoints     WPWS(ns)     TPWS(ns)  TPWS Failing Endpoints  TPWS Total Endpoints  
-----             -------      -------  ---------------------  -------------------      -------      -------  ---------------------  -------------------     --------     --------  ----------------------  --------------------  
clk_fpga_0          3.184        0.000                      0               172472        0.045        0.000                      0               172472        8.750        0.000                       0                 54558  


------------------------------------------------------------------------------------------------
| Inter Clock Table
| -----------------
------------------------------------------------------------------------------------------------

From Clock    To Clock          WNS(ns)      TNS(ns)  TNS Failing Endpoints  TNS Total Endpoints      WHS(ns)      THS(ns)  THS Failing Endpoints  THS Total Endpoints  
----------    --------          -------      -------  ---------------------  -------------------      -------      -------  ---------------------  -------------------  


------------------------------------------------------------------------------------------------
| Other Path Groups Table
| -----------------------
------------------------------------------------------------------------------------------------

Path Group         From Clock         To Clock               WNS(ns)      TNS(ns)  TNS Failing Endpoints  TNS Total Endpoints      WHS(ns)      THS(ns)  THS Failing Endpoints  THS Total Endpoints  
----------         ----------         --------               -------      -------  ---------------------  -------------------      -------      -------  ---------------------  -------------------  
**async_default**  clk_fpga_0         clk_fpga_0               5.269        0.000                      0                22147        0.602        0.000                      0                22147  


------------------------------------------------------------------------------------------------
| User Ignored Path Table
| -----------------------
------------------------------------------------------------------------------------------------

Path Group    From Clock    To Clock    
----------    ----------    --------    
(none)                      clk_fpga_0    
(none)        clk_fpga_0    clk_fpga_0    


------------------------------------------------------------------------------------------------
| Unconstrained Path Table
| ------------------------
------------------------------------------------------------------------------------------------

Path Group    From Clock    To Clock    
----------    ----------    --------    
(none)                                    
(none)        clk_fpga_0                  
(none)                      clk_fpga_0    


------------------------------------------------------------------------------------------------
| Timing Details
| --------------
------------------------------------------------------------------------------------------------


---------------------------------------------------------------------------------------------------
From Clock:  clk_fpga_0
  To Clock:  clk_fpga_0

Setup :            0  Failing Endpoints,  Worst Slack        3.184ns,  Total Violation        0.000ns
Hold  :            0  Failing Endpoints,  Worst Slack        0.045ns,  Total Violation        0.000ns
PW    :            0  Failing Endpoints,  Worst Slack        8.750ns,  Total Violation        0.000ns
---------------------------------------------------------------------------------------------------


Max Delay Paths
--------------------------------------------------------------------------------------
Slack (MET) :             3.184ns  (required time - arrival time)
  Source:                 udp_gateway_shadow_mirror_i/dma_gateway_hybrid_0/inst/u_shadow_acl_filter/FSM_sequential_state_reg[2]/C
                            (rising edge-triggered cell FDCE clocked by clk_fpga_0  {rise@0.000ns fall@10.000ns period=20.000ns})
  Destination:            udp_gateway_shadow_mirror_i/dma_gateway_hybrid_0/inst/txcap_rd_ptr_q_reg[1]_rep/CE
                            (rising edge-triggered cell FDCE clocked by clk_fpga_0  {rise@0.000ns fall@10.000ns period=20.000ns})
  Path Group:             clk_fpga_0
  Path Type:              Setup (Max at Slow Process Corner)
  Requirement:            20.000ns  (clk_fpga_0 rise@20.000ns - clk_fpga_0 rise@0.000ns)
  Data Path Delay:        16.242ns  (logic 4.347ns (26.763%)  route 11.895ns (73.237%))
  Logic Levels:           17  (CARRY4=7 LUT1=1 LUT3=1 LUT4=1 LUT5=5 LUT6=2)
  Clock Path Skew:        -0.067ns (DCD - SCD + CPR)
    Destination Clock Delay (DCD):    2.710ns = ( 22.710 - 20.000 ) 
    Source Clock Delay      (SCD):    3.006ns
    Clock Pessimism Removal (CPR):    0.229ns
  Clock Uncertainty:      0.302ns  ((TSJ^2 + TIJ^2)^1/2 + DJ) / 2 + PE
    Total System Jitter     (TSJ):    0.071ns
    Total Input Jitter      (TIJ):    0.600ns
    Discrete Jitter          (DJ):    0.000ns
    Phase Error              (PE):    0.000ns

    Location             Delay type                Incr(ns)  Path(ns)    Netlist Resource(s)
  -------------------------------------------------------------------    -------------------
                         (clock clk_fpga_0 rise edge)
                                                      0.000     0.000 r  
    PS7_X0Y0             PS7                          0.000     0.000 r  udp_gateway_shadow_mirror_i/processing_system7_0/inst/PS7_i/FCLKCLK[0]
                         net (fo=1, routed)           1.193     1.193    udp_gateway_shadow_mirror_i/processing_system7_0/inst/FCLK_CLK_unbuffered[0]
    BUFGCTRL_X0Y17       BUFG (Prop_bufg_I_O)         0.101     1.294 r  udp_gateway_shadow_mirror_i/processing_system7_0/inst/buffer_fclk_clk_0.FCLK_CLK_0_BUFG/O
                         net (fo=54559, routed)       1.712     3.006    udp_gateway_shadow_mirror_i/dma_gateway_hybrid_0/inst/u_shadow_acl_filter/clk
    SLICE_X59Y95         FDCE                                         r  udp_gateway_shadow_mirror_i/dma_gateway_hybrid_0/inst/u_shadow_acl_filter/FSM_sequential_state_reg[2]/C
  -------------------------------------------------------------------    -------------------
    SLICE_X59Y95         FDCE (Prop_fdce_C_Q)         0.456     3.462 f  udp_gateway_shadow_mirror_i/dma_gateway_hybrid_0/inst/u_shadow_acl_filter/FSM_sequential_state_reg[2]/Q
                         net (fo=68, routed)          1.137     4.599    udp_gateway_shadow_mirror_i/dma_gateway_hybrid_0/inst/u_shadow_acl_filter/state__0[2]
    SLICE_X56Y86         LUT3 (Prop_lut3_I2_O)        0.150     4.749 r  udp_gateway_shadow_mirror_i/dma_gateway_hybrid_0/inst/u_shadow_acl_filter/fastpath_header_mem[0][31]_i_7/O
                         net (fo=26, routed)          1.679     6.428    udp_gateway_shadow_mirror_i/dma_gateway_hybrid_0/inst/u_shadow_acl_filter/fastpath_header_mem[0][31]_i_7_n_0
    SLICE_X33Y65         LUT5 (Prop_lut5_I4_O)        0.326     6.754 r  udp_gateway_shadow_mirror_i/dma_gateway_hybrid_0/inst/u_shadow_acl_filter/fastpath_header_mem[0][11]_i_2/O
                         net (fo=6, routed)           1.778     8.532    udp_gateway_shadow_mirror_i/dma_gateway_hybrid_0/inst/u_shadow_acl_filter/fastpath_header_mem[0][11]_i_2_n_0
    SLICE_X47Y95         LUT5 (Prop_lut5_I2_O)        0.124     8.656 f  udp_gateway_shadow_mirror_i/dma_gateway_hybrid_0/inst/u_shadow_acl_filter/fastpath_header_mem[0][11]_i_1/O
                         net (fo=16, routed)          1.214     9.870    udp_gateway_shadow_mirror_i/dma_gateway_hybrid_0/inst/u_shadow_acl_filter/gen_wr_a.gen_word_narrow.mem_reg[8]
    SLICE_X60Y92         LUT1 (Prop_lut1_I0_O)        0.124     9.994 r  udp_gateway_shadow_mirror_i/dma_gateway_hybrid_0/inst/u_shadow_acl_filter/FSM_sequential_fastpath_route_state_q[2]_i_43/O
                         net (fo=1, routed)           0.000     9.994    udp_gateway_shadow_mirror_i/dma_gateway_hybrid_0/inst/u_shadow_acl_filter/FSM_sequential_fastpath_route_state_q[2]_i_43_n_0
    SLICE_X60Y92         CARRY4 (Prop_carry4_S[1]_CO[3])
                                                      0.550    10.544 r  udp_gateway_shadow_mirror_i/dma_gateway_hybrid_0/inst/u_shadow_acl_filter/FSM_sequential_fastpath_route_state_q_reg[2]_i_25/CO[3]
                         net (fo=1, routed)           0.000    10.544    udp_gateway_shadow_mirror_i/dma_gateway_hybrid_0/inst/u_shadow_acl_filter/FSM_sequential_fastpath_route_state_q_reg[2]_i_25_n_0
    SLICE_X60Y93         CARRY4 (Prop_carry4_CI_O[1])
                                                      0.334    10.878 r  udp_gateway_shadow_mirror_i/dma_gateway_hybrid_0/inst/u_shadow_acl_filter/FSM_sequential_fastpath_route_state_q_reg[2]_i_24/O[1]
                         net (fo=1, routed)           0.544    11.422    udp_gateway_shadow_mirror_i/dma_gateway_hybrid_0/inst/u_shadow_acl_filter/fastpath_route_state_q5[15]
    SLICE_X63Y93         CARRY4 (Prop_carry4_S[0]_CO[3])
                                                      0.835    12.257 r  udp_gateway_shadow_mirror_i/dma_gateway_hybrid_0/inst/u_shadow_acl_filter/FSM_sequential_fastpath_route_state_q_reg[2]_i_12/CO[3]
                         net (fo=1, routed)           0.000    12.257    udp_gateway_shadow_mirror_i/dma_gateway_hybrid_0/inst/u_shadow_acl_filter/FSM_sequential_fastpath_route_state_q_reg[2]_i_12_n_0
    SLICE_X63Y94         CARRY4 (Prop_carry4_CI_CO[3])
                                                      0.114    12.371 r  udp_gateway_shadow_mirror_i/dma_gateway_hybrid_0/inst/u_shadow_acl_filter/FSM_sequential_fastpath_route_state_q_reg[2]_i_16/CO[3]
                         net (fo=1, routed)           0.000    12.371    udp_gateway_shadow_mirror_i/dma_gateway_hybrid_0/inst/u_shadow_acl_filter/FSM_sequential_fastpath_route_state_q_reg[2]_i_16_n_0
    SLICE_X63Y95         CARRY4 (Prop_carry4_CI_CO[3])
                                                      0.114    12.485 r  udp_gateway_shadow_mirror_i/dma_gateway_hybrid_0/inst/u_shadow_acl_filter/FSM_sequential_fastpath_route_state_q_reg[2]_i_14/CO[3]
                         net (fo=1, routed)           0.000    12.485    udp_gateway_shadow_mirror_i/dma_gateway_hybrid_0/inst/u_shadow_acl_filter/FSM_sequential_fastpath_route_state_q_reg[2]_i_14_n_0
    SLICE_X63Y96         CARRY4 (Prop_carry4_CI_CO[3])
                                                      0.114    12.599 r  udp_gateway_shadow_mirror_i/dma_gateway_hybrid_0/inst/u_shadow_acl_filter/FSM_sequential_fastpath_route_state_q_reg[2]_i_13/CO[3]
                         net (fo=1, routed)           0.000    12.599    udp_gateway_shadow_mirror_i/dma_gateway_hybrid_0/inst/u_shadow_acl_filter/FSM_sequential_fastpath_route_state_q_reg[2]_i_13_n_0
    SLICE_X63Y97         CARRY4 (Prop_carry4_CI_CO[1])
                                                      0.157    12.756 f  udp_gateway_shadow_mirror_i/dma_gateway_hybrid_0/inst/u_shadow_acl_filter/FSM_sequential_fastpath_route_state_q_reg[2]_i_26/CO[1]
                         net (fo=1, routed)           0.786    13.542    udp_gateway_shadow_mirror_i/dma_gateway_hybrid_0/inst/u_shadow_acl_filter/FSM_sequential_fastpath_route_state_q_reg[2]_i_26_n_2
    SLICE_X62Y96         LUT4 (Prop_lut4_I2_O)        0.329    13.871 f  udp_gateway_shadow_mirror_i/dma_gateway_hybrid_0/inst/u_shadow_acl_filter/FSM_sequential_fastpath_route_state_q[2]_i_15/O
                         net (fo=1, routed)           0.452    14.323    udp_gateway_shadow_mirror_i/dma_gateway_hybrid_0/inst/u_shadow_acl_filter/FSM_sequential_fastpath_route_state_q[2]_i_15_n_0
    SLICE_X64Y95         LUT5 (Prop_lut5_I4_O)        0.124    14.447 f  udp_gateway_shadow_mirror_i/dma_gateway_hybrid_0/inst/u_shadow_acl_filter/FSM_sequential_fastpath_route_state_q[2]_i_6/O
                         net (fo=1, routed)           0.404    14.851    udp_gateway_shadow_mirror_i/dma_gateway_hybrid_0/inst/u_shadow_acl_filter/FSM_sequential_fastpath_route_state_q[2]_i_6_n_0
    SLICE_X65Y94         LUT5 (Prop_lut5_I1_O)        0.124    14.975 r  udp_gateway_shadow_mirror_i/dma_gateway_hybrid_0/inst/u_shadow_acl_filter/FSM_sequential_fastpath_route_state_q[2]_i_2/O
                         net (fo=59, routed)          1.002    15.976    udp_gateway_shadow_mirror_i/dma_gateway_hybrid_0/inst/u_shadow_acl_filter/fastpath_route_state_q114_out
    SLICE_X67Y106        LUT6 (Prop_lut6_I2_O)        0.124    16.100 r  udp_gateway_shadow_mirror_i/dma_gateway_hybrid_0/inst/u_shadow_acl_filter/txcap_read_data_q[31]_i_7/O
                         net (fo=1, routed)           0.433    16.533    udp_gateway_shadow_mirror_i/dma_gateway_hybrid_0/inst/u_shadow_acl_filter/txcap_read_data_q__0
    SLICE_X67Y106        LUT6 (Prop_lut6_I0_O)        0.124    16.657 r  udp_gateway_shadow_mirror_i/dma_gateway_hybrid_0/inst/u_shadow_acl_filter/txcap_read_data_q[31]_i_4/O
                         net (fo=2, routed)           0.415    17.072    udp_gateway_shadow_mirror_i/dma_gateway_hybrid_0/inst/gen_shadow_ctrl_csr.u_shadow_ctrl_csr/txcap_count_q_reg[0]_1
    SLICE_X67Y106        LUT5 (Prop_lut5_I4_O)        0.124    17.196 r  udp_gateway_shadow_mirror_i/dma_gateway_hybrid_0/inst/gen_shadow_ctrl_csr.u_shadow_ctrl_csr/txcap_read_data_q[31]_i_1/O
                         net (fo=95, routed)          2.052    19.248    udp_gateway_shadow_mirror_i/dma_gateway_hybrid_0/inst/gen_shadow_ctrl_csr.u_shadow_ctrl_csr_n_15
    SLICE_X89Y73         FDCE                                         r  udp_gateway_shadow_mirror_i/dma_gateway_hybrid_0/inst/txcap_rd_ptr_q_reg[1]_rep/CE
  -------------------------------------------------------------------    -------------------

                         (clock clk_fpga_0 rise edge)
                                                     20.000    20.000 r  
    PS7_X0Y0             PS7                          0.000    20.000 r  udp_gateway_shadow_mirror_i/processing_system7_0/inst/PS7_i/FCLKCLK[0]
                         net (fo=1, routed)           1.088    21.088    udp_gateway_shadow_mirror_i/processing_system7_0/inst/FCLK_CLK_unbuffered[0]
    BUFGCTRL_X0Y17       BUFG (Prop_bufg_I_O)         0.091    21.179 r  udp_gateway_shadow_mirror_i/processing_system7_0/inst/buffer_fclk_clk_0.FCLK_CLK_0_BUFG/O
                         net (fo=54559, routed)       1.531    22.710    udp_gateway_shadow_mirror_i/dma_gateway_hybrid_0/inst/clk
    SLICE_X89Y73         FDCE                                         r  udp_gateway_shadow_mirror_i/dma_gateway_hybrid_0/inst/txcap_rd_ptr_q_reg[1]_rep/C
                         clock pessimism              0.229    22.939    
                         clock uncertainty           -0.302    22.637    
    SLICE_X89Y73         FDCE (Setup_fdce_C_CE)      -0.205    22.432    udp_gateway_shadow_mirror_i/dma_gateway_hybrid_0/inst/txcap_rd_ptr_q_reg[1]_rep
  -------------------------------------------------------------------
                         required time                         22.432    
                         arrival time                         -19.248    
  -------------------------------------------------------------------
                         slack                                  3.184    

Slack (MET) :             3.344ns  (required time - arrival time)
  Source:                 udp_gateway_shadow_mirror_i/dma_gateway_hybrid_0/inst/u_shadow_acl_filter/FSM_sequential_state_reg[2]/C
                            (rising edge-triggered cell FDCE clocked by clk_fpga_0  {rise@0.000ns fall@10.000ns period=20.000ns})
  Destination:            udp_gateway_shadow_mirror_i/dma_gateway_hybrid_0/inst/txcap_rd_ptr_q_reg[0]_rep__17/CE
                            (rising edge-triggered cell FDCE clocked by clk_fpga_0  {rise@0.000ns fall@10.000ns period=20.000ns})
  Path Group:             clk_fpga_0
  Path Type:              Setup (Max at Slow Process Corner)
  Requirement:            20.000ns  (clk_fpga_0 rise@20.000ns - clk_fpga_0 rise@0.000ns)
  Data Path Delay:        16.083ns  (logic 4.347ns (27.028%)  route 11.736ns (72.972%))
  Logic Levels:           17  (CARRY4=7 LUT1=1 LUT3=1 LUT4=1 LUT5=5 LUT6=2)
  Clock Path Skew:        -0.066ns (DCD - SCD + CPR)
    Destination Clock Delay (DCD):    2.711ns = ( 22.711 - 20.000 ) 
    Source Clock Delay      (SCD):    3.006ns
    Clock Pessimism Removal (CPR):    0.229ns
  Clock Uncertainty:      0.302ns  ((TSJ^2 + TIJ^2)^1/2 + DJ) / 2 + PE
    Total System Jitter     (TSJ):    0.071ns
    Total Input Jitter      (TIJ):    0.600ns
    Discrete Jitter          (DJ):    0.000ns
    Phase Error              (PE):    0.000ns

    Location             Delay type                Incr(ns)  Path(ns)    Netlist Resource(s)
  -------------------------------------------------------------------    -------------------
                         (clock clk_fpga_0 rise edge)
                                                      0.000     0.000 r  
    PS7_X0Y0             PS7                          0.000     0.000 r  udp_gateway_shadow_mirror_i/processing_system7_0/inst/PS7_i/FCLKCLK[0]
                         net (fo=1, routed)           1.193     1.193    udp_gateway_shadow_mirror_i/processing_system7_0/inst/FCLK_CLK_unbuffered[0]
    BUFGCTRL_X0Y17       BUFG (Prop_bufg_I_O)         0.101     1.294 r  udp_gateway_shadow_mirror_i/processing_system7_0/inst/buffer_fclk_clk_0.FCLK_CLK_0_BUFG/O
                         net (fo=54559, routed)       1.712     3.006    udp_gateway_shadow_mirror_i/dma_gateway_hybrid_0/inst/u_shadow_acl_filter/clk
    SLICE_X59Y95         FDCE                                         r  udp_gateway_shadow_mirror_i/dma_gateway_hybrid_0/inst/u_shadow_acl_filter/FSM_sequential_state_reg[2]/C
  -------------------------------------------------------------------    -------------------
    SLICE_X59Y95         FDCE (Prop_fdce_C_Q)         0.456     3.462 f  udp_gateway_shadow_mirror_i/dma_gateway_hybrid_0/inst/u_shadow_acl_filter/FSM_sequential_state_reg[2]/Q
                         net (fo=68, routed)          1.137     4.599    udp_gateway_shadow_mirror_i/dma_gateway_hybrid_0/inst/u_shadow_acl_filter/state__0[2]
    SLICE_X56Y86         LUT3 (Prop_lut3_I2_O)        0.150     4.749 r  udp_gateway_shadow_mirror_i/dma_gateway_hybrid_0/inst/u_shadow_acl_filter/fastpath_header_mem[0][31]_i_7/O
                         net (fo=26, routed)          1.679     6.428    udp_gateway_shadow_mirror_i/dma_gateway_hybrid_0/inst/u_shadow_acl_filter/fastpath_header_mem[0][31]_i_7_n_0
    SLICE_X33Y65         LUT5 (Prop_lut5_I4_O)        0.326     6.754 r  udp_gateway_shadow_mirror_i/dma_gateway_hybrid_0/inst/u_shadow_acl_filter/fastpath_header_mem[0][11]_i_2/O
                         net (fo=6, routed)           1.778     8.532    udp_gateway_shadow_mirror_i/dma_gateway_hybrid_0/inst/u_shadow_acl_filter/fastpath_header_mem[0][11]_i_2_n_0
    SLICE_X47Y95         LUT5 (Prop_lut5_I2_O)        0.124     8.656 f  udp_gateway_shadow_mirror_i/dma_gateway_hybrid_0/inst/u_shadow_acl_filter/fastpath_header_mem[0][11]_i_1/O
                         net (fo=16, routed)          1.214     9.870    udp_gateway_shadow_mirror_i/dma_gateway_hybrid_0/inst/u_shadow_acl_filter/gen_wr_a.gen_word_narrow.mem_reg[8]
    SLICE_X60Y92         LUT1 (Prop_lut1_I0_O)        0.124     9.994 r  udp_gateway_shadow_mirror_i/dma_gateway_hybrid_0/inst/u_shadow_acl_filter/FSM_sequential_fastpath_route_state_q[2]_i_43/O
                         net (fo=1, routed)           0.000     9.994    udp_gateway_shadow_mirror_i/dma_gateway_hybrid_0/inst/u_shadow_acl_filter/FSM_sequential_fastpath_route_state_q[2]_i_43_n_0
    SLICE_X60Y92         CARRY4 (Prop_carry4_S[1]_CO[3])
                                                      0.550    10.544 r  udp_gateway_shadow_mirror_i/dma_gateway_hybrid_0/inst/u_shadow_acl_filter/FSM_sequential_fastpath_route_state_q_reg[2]_i_25/CO[3]
                         net (fo=1, routed)           0.000    10.544    udp_gateway_shadow_mirror_i/dma_gateway_hybrid_0/inst/u_shadow_acl_filter/FSM_sequential_fastpath_route_state_q_reg[2]_i_25_n_0
    SLICE_X60Y93         CARRY4 (Prop_carry4_CI_O[1])
                                                      0.334    10.878 r  udp_gateway_shadow_mirror_i/dma_gateway_hybrid_0/inst/u_shadow_acl_filter/FSM_sequential_fastpath_route_state_q_reg[2]_i_24/O[1]
                         net (fo=1, routed)           0.544    11.422    udp_gateway_shadow_mirror_i/dma_gateway_hybrid_0/inst/u_shadow_acl_filter/fastpath_route_state_q5[15]
    SLICE_X63Y93         CARRY4 (Prop_carry4_S[0]_CO[3])
                                                      0.835    12.257 r  udp_gateway_shadow_mirror_i/dma_gateway_hybrid_0/inst/u_shadow_acl_filter/FSM_sequential_fastpath_route_state_q_reg[2]_i_12/CO[3]
                         net (fo=1, routed)           0.000    12.257    udp_gateway_shadow_mirror_i/dma_gateway_hybrid_0/inst/u_shadow_acl_filter/FSM_sequential_fastpath_route_state_q_reg[2]_i_12_n_0
    SLICE_X63Y94         CARRY4 (Prop_carry4_CI_CO[3])
                                                      0.114    12.371 r  udp_gateway_shadow_mirror_i/dma_gateway_hybrid_0/inst/u_shadow_acl_filter/FSM_sequential_fastpath_route_state_q_reg[2]_i_16/CO[3]
                         net (fo=1, routed)           0.000    12.371    udp_gateway_shadow_mirror_i/dma_gateway_hybrid_0/inst/u_shadow_acl_filter/FSM_sequential_fastpath_route_state_q_reg[2]_i_16_n_0
    SLICE_X63Y95         CARRY4 (Prop_carry4_CI_CO[3])
                                                      0.114    12.485 r  udp_gateway_shadow_mirror_i/dma_gateway_hybrid_0/inst/u_shadow_acl_filter/FSM_sequential_fastpath_route_state_q_reg[2]_i_14/CO[3]
                         net (fo=1, routed)           0.000    12.485    udp_gateway_shadow_mirror_i/dma_gateway_hybrid_0/inst/u_shadow_acl_filter/FSM_sequential_fastpath_route_state_q_reg[2]_i_14_n_0
    SLICE_X63Y96         CARRY4 (Prop_carry4_CI_CO[3])
                                                      0.114    12.599 r  udp_gateway_shadow_mirror_i/dma_gateway_hybrid_0/inst/u_shadow_acl_filter/FSM_sequential_fastpath_route_state_q_reg[2]_i_13/CO[3]
                         net (fo=1, routed)           0.000    12.599    udp_gateway_shadow_mirror_i/dma_gateway_hybrid_0/inst/u_shadow_acl_filter/FSM_sequential_fastpath_route_state_q_reg[2]_i_13_n_0
    SLICE_X63Y97         CARRY4 (Prop_carry4_CI_CO[1])
                                                      0.157    12.756 f  udp_gateway_shadow_mirror_i/dma_gateway_hybrid_0/inst/u_shadow_acl_filter/FSM_sequential_fastpath_route_state_q_reg[2]_i_26/CO[1]
                         net (fo=1, routed)           0.786    13.542    udp_gateway_shadow_mirror_i/dma_gateway_hybrid_0/inst/u_shadow_acl_filter/FSM_sequential_fastpath_route_state_q_reg[2]_i_26_n_2
    SLICE_X62Y96         LUT4 (Prop_lut4_I2_O)        0.329    13.871 f  udp_gateway_shadow_mirror_i/dma_gateway_hybrid_0/inst/u_shadow_acl_filter/FSM_sequential_fastpath_route_state_q[2]_i_15/O
                         net (fo=1, routed)           0.452    14.323    udp_gateway_shadow_mirror_i/dma_gateway_hybrid_0/inst/u_shadow_acl_filter/FSM_sequential_fastpath_route_state_q[2]_i_15_n_0
    SLICE_X64Y95         LUT5 (Prop_lut5_I4_O)        0.124    14.447 f  udp_gateway_shadow_mirror_i/dma_gateway_hybrid_0/inst/u_shadow_acl_filter/FSM_sequential_fastpath_route_state_q[2]_i_6/O
                         net (fo=1, routed)           0.404    14.851    udp_gateway_shadow_mirror_i/dma_gateway_hybrid_0/inst/u_shadow_acl_filter/FSM_sequential_fastpath_route_state_q[2]_i_6_n_0
    SLICE_X65Y94         LUT5 (Prop_lut5_I1_O)        0.124    14.975 r  udp_gateway_shadow_mirror_i/dma_gateway_hybrid_0/inst/u_shadow_acl_filter/FSM_sequential_fastpath_route_state_q[2]_i_2/O
                         net (fo=59, routed)          1.002    15.976    udp_gateway_shadow_mirror_i/dma_gateway_hybrid_0/inst/u_shadow_acl_filter/fastpath_route_state_q114_out
    SLICE_X67Y106        LUT6 (Prop_lut6_I2_O)        0.124    16.100 r  udp_gateway_shadow_mirror_i/dma_gateway_hybrid_0/inst/u_shadow_acl_filter/txcap_read_data_q[31]_i_7/O
                         net (fo=1, routed)           0.433    16.533    udp_gateway_shadow_mirror_i/dma_gateway_hybrid_0/inst/u_shadow_acl_filter/txcap_read_data_q__0
    SLICE_X67Y106        LUT6 (Prop_lut6_I0_O)        0.124    16.657 r  udp_gateway_shadow_mirror_i/dma_gateway_hybrid_0/inst/u_shadow_acl_filter/txcap_read_data_q[31]_i_4/O
                         net (fo=2, routed)           0.415    17.072    udp_gateway_shadow_mirror_i/dma_gateway_hybrid_0/inst/gen_shadow_ctrl_csr.u_shadow_ctrl_csr/txcap_count_q_reg[0]_1
    SLICE_X67Y106        LUT5 (Prop_lut5_I4_O)        0.124    17.196 r  udp_gateway_shadow_mirror_i/dma_gateway_hybrid_0/inst/gen_shadow_ctrl_csr.u_shadow_ctrl_csr/txcap_read_data_q[31]_i_1/O
                         net (fo=95, routed)          1.893    19.089    udp_gateway_shadow_mirror_i/dma_gateway_hybrid_0/inst/gen_shadow_ctrl_csr.u_shadow_ctrl_csr_n_15
    SLICE_X87Y72         FDCE                                         r  udp_gateway_shadow_mirror_i/dma_gateway_hybrid_0/inst/txcap_rd_ptr_q_reg[0]_rep__17/CE
  -------------------------------------------------------------------    -------------------

                         (clock clk_fpga_0 rise edge)
                                                     20.000    20.000 r  
    PS7_X0Y0             PS7                          0.000    20.000 r  udp_gateway_shadow_mirror_i/processing_system7_0/inst/PS7_i/FCLKCLK[0]
                         net (fo=1, routed)           1.088    21.088    udp_gateway_shadow_mirror_i/processing_system7_0/inst/FCLK_CLK_unbuffered[0]
    BUFGCTRL_X0Y17       BUFG (Prop_bufg_I_O)         0.091    21.179 r  udp_gateway_shadow_mirror_i/processing_system7_0/inst/buffer_fclk_clk_0.FCLK_CLK_0_BUFG/O
                         net (fo=54559, routed)       1.532    22.711    udp_gateway_shadow_mirror_i/dma_gateway_hybrid_0/inst/clk
    SLICE_X87Y72         FDCE                                         r  udp_gateway_shadow_mirror_i/dma_gateway_hybrid_0/inst/txcap_rd_ptr_q_reg[0]_rep__17/C
                         clock pessimism              0.229    22.940    
                         clock uncertainty           -0.302    22.638    
    SLICE_X87Y72         FDCE (Setup_fdce_C_CE)      -0.205    22.433    udp_gateway_shadow_mirror_i/dma_gateway_hybrid_0/inst/txcap_rd_ptr_q_reg[0]_rep__17
  -------------------------------------------------------------------
                         required time                         22.433    
                         arrival time                         -19.089    
  -------------------------------------------------------------------
                         slack                                  3.344    

Slack (MET) :             3.344ns  (required time - arrival time)
  Source:                 udp_gateway_shadow_mirror_i/dma_gateway_hybrid_0/inst/u_shadow_acl_filter/FSM_sequential_state_reg[2]/C
                            (rising edge-triggered cell FDCE clocked by clk_fpga_0  {rise@0.000ns fall@10.000ns period=20.000ns})
  Destination:            udp_gateway_shadow_mirror_i/dma_gateway_hybrid_0/inst/txcap_rd_ptr_q_reg[0]_rep__19/CE
                            (rising edge-triggered cell FDCE clocked by clk_fpga_0  {rise@0.000ns fall@10.000ns period=20.000ns})
  Path Group:             clk_fpga_0
  Path Type:              Setup (Max at Slow Process Corner)
  Requirement:            20.000ns  (clk_fpga_0 rise@20.000ns - clk_fpga_0 rise@0.000ns)
  Data Path Delay:        16.083ns  (logic 4.347ns (27.028%)  route 11.736ns (72.972%))
  Logic Levels:           17  (CARRY4=7 LUT1=1 LUT3=1 LUT4=1 LUT5=5 LUT6=2)
  Clock Path Skew:        -0.066ns (DCD - SCD + CPR)
    Destination Clock Delay (DCD):    2.711ns = ( 22.711 - 20.000 ) 
    Source Clock Delay      (SCD):    3.006ns
    Clock Pessimism Removal (CPR):    0.229ns
  Clock Uncertainty:      0.302ns  ((TSJ^2 + TIJ^2)^1/2 + DJ) / 2 + PE
    Total System Jitter     (TSJ):    0.071ns
    Total Input Jitter      (TIJ):    0.600ns
    Discrete Jitter          (DJ):    0.000ns
    Phase Error              (PE):    0.000ns

    Location             Delay type                Incr(ns)  Path(ns)    Netlist Resource(s)
  -------------------------------------------------------------------    -------------------
                         (clock clk_fpga_0 rise edge)
                                                      0.000     0.000 r  
    PS7_X0Y0             PS7                          0.000     0.000 r  udp_gateway_shadow_mirror_i/processing_system7_0/inst/PS7_i/FCLKCLK[0]
                         net (fo=1, routed)           1.193     1.193    udp_gateway_shadow_mirror_i/processing_system7_0/inst/FCLK_CLK_unbuffered[0]
    BUFGCTRL_X0Y17       BUFG (Prop_bufg_I_O)         0.101     1.294 r  udp_gateway_shadow_mirror_i/processing_system7_0/inst/buffer_fclk_clk_0.FCLK_CLK_0_BUFG/O
                         net (fo=54559, routed)       1.712     3.006    udp_gateway_shadow_mirror_i/dma_gateway_hybrid_0/inst/u_shadow_acl_filter/clk
    SLICE_X59Y95         FDCE                                         r  udp_gateway_shadow_mirror_i/dma_gateway_hybrid_0/inst/u_shadow_acl_filter/FSM_sequential_state_reg[2]/C
  -------------------------------------------------------------------    -------------------
    SLICE_X59Y95         FDCE (Prop_fdce_C_Q)         0.456     3.462 f  udp_gateway_shadow_mirror_i/dma_gateway_hybrid_0/inst/u_shadow_acl_filter/FSM_sequential_state_reg[2]/Q
                         net (fo=68, routed)          1.137     4.599    udp_gateway_shadow_mirror_i/dma_gateway_hybrid_0/inst/u_shadow_acl_filter/state__0[2]
    SLICE_X56Y86         LUT3 (Prop_lut3_I2_O)        0.150     4.749 r  udp_gateway_shadow_mirror_i/dma_gateway_hybrid_0/inst/u_shadow_acl_filter/fastpath_header_mem[0][31]_i_7/O
                         net (fo=26, routed)          1.679     6.428    udp_gateway_shadow_mirror_i/dma_gateway_hybrid_0/inst/u_shadow_acl_filter/fastpath_header_mem[0][31]_i_7_n_0
    SLICE_X33Y65         LUT5 (Prop_lut5_I4_O)        0.326     6.754 r  udp_gateway_shadow_mirror_i/dma_gateway_hybrid_0/inst/u_shadow_acl_filter/fastpath_header_mem[0][11]_i_2/O
                         net (fo=6, routed)           1.778     8.532    udp_gateway_shadow_mirror_i/dma_gateway_hybrid_0/inst/u_shadow_acl_filter/fastpath_header_mem[0][11]_i_2_n_0
    SLICE_X47Y95         LUT5 (Prop_lut5_I2_O)        0.124     8.656 f  udp_gateway_shadow_mirror_i/dma_gateway_hybrid_0/inst/u_shadow_acl_filter/fastpath_header_mem[0][11]_i_1/O
                         net (fo=16, routed)          1.214     9.870    udp_gateway_shadow_mirror_i/dma_gateway_hybrid_0/inst/u_shadow_acl_filter/gen_wr_a.gen_word_narrow.mem_reg[8]
    SLICE_X60Y92         LUT1 (Prop_lut1_I0_O)        0.124     9.994 r  udp_gateway_shadow_mirror_i/dma_gateway_hybrid_0/inst/u_shadow_acl_filter/FSM_sequential_fastpath_route_state_q[2]_i_43/O
                         net (fo=1, routed)           0.000     9.994    udp_gateway_shadow_mirror_i/dma_gateway_hybrid_0/inst/u_shadow_acl_filter/FSM_sequential_fastpath_route_state_q[2]_i_43_n_0
    SLICE_X60Y92         CARRY4 (Prop_carry4_S[1]_CO[3])
                                                      0.550    10.544 r  udp_gateway_shadow_mirror_i/dma_gateway_hybrid_0/inst/u_shadow_acl_filter/FSM_sequential_fastpath_route_state_q_reg[2]_i_25/CO[3]
                         net (fo=1, routed)           0.000    10.544    udp_gateway_shadow_mirror_i/dma_gateway_hybrid_0/inst/u_shadow_acl_filter/FSM_sequential_fastpath_route_state_q_reg[2]_i_25_n_0
    SLICE_X60Y93         CARRY4 (Prop_carry4_CI_O[1])
                                                      0.334    10.878 r  udp_gateway_shadow_mirror_i/dma_gateway_hybrid_0/inst/u_shadow_acl_filter/FSM_sequential_fastpath_route_state_q_reg[2]_i_24/O[1]
                         net (fo=1, routed)           0.544    11.422    udp_gateway_shadow_mirror_i/dma_gateway_hybrid_0/inst/u_shadow_acl_filter/fastpath_route_state_q5[15]
    SLICE_X63Y93         CARRY4 (Prop_carry4_S[0]_CO[3])
                                                      0.835    12.257 r  udp_gateway_shadow_mirror_i/dma_gateway_hybrid_0/inst/u_shadow_acl_filter/FSM_sequential_fastpath_route_state_q_reg[2]_i_12/CO[3]
                         net (fo=1, routed)           0.000    12.257    udp_gateway_shadow_mirror_i/dma_gateway_hybrid_0/inst/u_shadow_acl_filter/FSM_sequential_fastpath_route_state_q_reg[2]_i_12_n_0
    SLICE_X63Y94         CARRY4 (Prop_carry4_CI_CO[3])
                                                      0.114    12.371 r  udp_gateway_shadow_mirror_i/dma_gateway_hybrid_0/inst/u_shadow_acl_filter/FSM_sequential_fastpath_route_state_q_reg[2]_i_16/CO[3]
                         net (fo=1, routed)           0.000    12.371    udp_gateway_shadow_mirror_i/dma_gateway_hybrid_0/inst/u_shadow_acl_filter/FSM_sequential_fastpath_route_state_q_reg[2]_i_16_n_0
    SLICE_X63Y95         CARRY4 (Prop_carry4_CI_CO[3])
                                                      0.114    12.485 r  udp_gateway_shadow_mirror_i/dma_gateway_hybrid_0/inst/u_shadow_acl_filter/FSM_sequential_fastpath_route_state_q_reg[2]_i_14/CO[3]
                         net (fo=1, routed)           0.000    12.485    udp_gateway_shadow_mirror_i/dma_gateway_hybrid_0/inst/u_shadow_acl_filter/FSM_sequential_fastpath_route_state_q_reg[2]_i_14_n_0
    SLICE_X63Y96         CARRY4 (Prop_carry4_CI_CO[3])
                                                      0.114    12.599 r  udp_gateway_shadow_mirror_i/dma_gateway_hybrid_0/inst/u_shadow_acl_filter/FSM_sequential_fastpath_route_state_q_reg[2]_i_13/CO[3]
                         net (fo=1, routed)           0.000    12.599    udp_gateway_shadow_mirror_i/dma_gateway_hybrid_0/inst/u_shadow_acl_filter/FSM_sequential_fastpath_route_state_q_reg[2]_i_13_n_0
    SLICE_X63Y97         CARRY4 (Prop_carry4_CI_CO[1])
                                                      0.157    12.756 f  udp_gateway_shadow_mirror_i/dma_gateway_hybrid_0/inst/u_shadow_acl_filter/FSM_sequential_fastpath_route_state_q_reg[2]_i_26/CO[1]
                         net (fo=1, routed)           0.786    13.542    udp_gateway_shadow_mirror_i/dma_gateway_hybrid_0/inst/u_shadow_acl_filter/FSM_sequential_fastpath_route_state_q_reg[2]_i_26_n_2
    SLICE_X62Y96         LUT4 (Prop_lut4_I2_O)        0.329    13.871 f  udp_gateway_shadow_mirror_i/dma_gateway_hybrid_0/inst/u_shadow_acl_filter/FSM_sequential_fastpath_route_state_q[2]_i_15/O
                         net (fo=1, routed)           0.452    14.323    udp_gateway_shadow_mirror_i/dma_gateway_hybrid_0/inst/u_shadow_acl_filter/FSM_sequential_fastpath_route_state_q[2]_i_15_n_0
    SLICE_X64Y95         LUT5 (Prop_lut5_I4_O)        0.124    14.447 f  udp_gateway_shadow_mirror_i/dma_gateway_hybrid_0/inst/u_shadow_acl_filter/FSM_sequential_fastpath_route_state_q[2]_i_6/O
                         net (fo=1, routed)           0.404    14.851    udp_gateway_shadow_mirror_i/dma_gateway_hybrid_0/inst/u_shadow_acl_filter/FSM_sequential_fastpath_route_state_q[2]_i_6_n_0
    SLICE_X65Y94         LUT5 (Prop_lut5_I1_O)        0.124    14.975 r  udp_gateway_shadow_mirror_i/dma_gateway_hybrid_0/inst/u_shadow_acl_filter/FSM_sequential_fastpath_route_state_q[2]_i_2/O
                         net (fo=59, routed)          1.002    15.976    udp_gateway_shadow_mirror_i/dma_gateway_hybrid_0/inst/u_shadow_acl_filter/fastpath_route_state_q114_out
    SLICE_X67Y106        LUT6 (Prop_lut6_I2_O)        0.124    16.100 r  udp_gateway_shadow_mirror_i/dma_gateway_hybrid_0/inst/u_shadow_acl_filter/txcap_read_data_q[31]_i_7/O
                         net (fo=1, routed)           0.433    16.533    udp_gateway_shadow_mirror_i/dma_gateway_hybrid_0/inst/u_shadow_acl_filter/txcap_read_data_q__0
    SLICE_X67Y106        LUT6 (Prop_lut6_I0_O)        0.124    16.657 r  udp_gateway_shadow_mirror_i/dma_gateway_hybrid_0/inst/u_shadow_acl_filter/txcap_read_data_q[31]_i_4/O
                         net (fo=2, routed)           0.415    17.072    udp_gateway_shadow_mirror_i/dma_gateway_hybrid_0/inst/gen_shadow_ctrl_csr.u_shadow_ctrl_csr/txcap_count_q_reg[0]_1
    SLICE_X67Y106        LUT5 (Prop_lut5_I4_O)        0.124    17.196 r  udp_gateway_shadow_mirror_i/dma_gateway_hybrid_0/inst/gen_shadow_ctrl_csr.u_shadow_ctrl_csr/txcap_read_data_q[31]_i_1/O
                         net (fo=95, routed)          1.893    19.089    udp_gateway_shadow_mirror_i/dma_gateway_hybrid_0/inst/gen_shadow_ctrl_csr.u_shadow_ctrl_csr_n_15
    SLICE_X87Y72         FDCE                                         r  udp_gateway_shadow_mirror_i/dma_gateway_hybrid_0/inst/txcap_rd_ptr_q_reg[0]_rep__19/CE
  -------------------------------------------------------------------    -------------------

                         (clock clk_fpga_0 rise edge)
                                                     20.000    20.000 r  
    PS7_X0Y0             PS7                          0.000    20.000 r  udp_gateway_shadow_mirror_i/processing_system7_0/inst/PS7_i/FCLKCLK[0]
                         net (fo=1, routed)           1.088    21.088    udp_gateway_shadow_mirror_i/processing_system7_0/inst/FCLK_CLK_unbuffered[0]
    BUFGCTRL_X0Y17       BUFG (Prop_bufg_I_O)         0.091    21.179 r  udp_gateway_shadow_mirror_i/processing_system7_0/inst/buffer_fclk_clk_0.FCLK_CLK_0_BUFG/O
                         net (fo=54559, routed)       1.532    22.711    udp_gateway_shadow_mirror_i/dma_gateway_hybrid_0/inst/clk
    SLICE_X87Y72         FDCE                                         r  udp_gateway_shadow_mirror_i/dma_gateway_hybrid_0/inst/txcap_rd_ptr_q_reg[0]_rep__19/C
                         clock pessimism              0.229    22.940    
                         clock uncertainty           -0.302    22.638    
    SLICE_X87Y72         FDCE (Setup_fdce_C_CE)      -0.205    22.433    udp_gateway_shadow_mirror_i/dma_gateway_hybrid_0/inst/txcap_rd_ptr_q_reg[0]_rep__19
  -------------------------------------------------------------------
                         required time                         22.433    
                         arrival time                         -19.089    
  -------------------------------------------------------------------
                         slack                                  3.344    

Slack (MET) :             3.344ns  (required time - arrival time)
  Source:                 udp_gateway_shadow_mirror_i/dma_gateway_hybrid_0/inst/u_shadow_acl_filter/FSM_sequential_state_reg[2]/C
                            (rising edge-triggered cell FDCE clocked by clk_fpga_0  {rise@0.000ns fall@10.000ns period=20.000ns})
  Destination:            udp_gateway_shadow_mirror_i/dma_gateway_hybrid_0/inst/txcap_rd_ptr_q_reg[0]_rep__20/CE
                            (rising edge-triggered cell FDCE clocked by clk_fpga_0  {rise@0.000ns fall@10.000ns period=20.000ns})
  Path Group:             clk_fpga_0
  Path Type:              Setup (Max at Slow Process Corner)
  Requirement:            20.000ns  (clk_fpga_0 rise@20.000ns - clk_fpga_0 rise@0.000ns)
  Data Path Delay:        16.083ns  (logic 4.347ns (27.028%)  route 11.736ns (72.972%))
  Logic Levels:           17  (CARRY4=7 LUT1=1 LUT3=1 LUT4=1 LUT5=5 LUT6=2)
  Clock Path Skew:        -0.066ns (DCD - SCD + CPR)
    Destination Clock Delay (DCD):    2.711ns = ( 22.711 - 20.000 ) 
    Source Clock Delay      (SCD):    3.006ns
    Clock Pessimism Removal (CPR):    0.229ns
  Clock Uncertainty:      0.302ns  ((TSJ^2 + TIJ^2)^1/2 + DJ) / 2 + PE
    Total System Jitter     (TSJ):    0.071ns
    Total Input Jitter      (TIJ):    0.600ns
    Discrete Jitter          (DJ):    0.000ns
    Phase Error              (PE):    0.000ns

    Location             Delay type                Incr(ns)  Path(ns)    Netlist Resource(s)
  -------------------------------------------------------------------    -------------------
                         (clock clk_fpga_0 rise edge)
                                                      0.000     0.000 r  
    PS7_X0Y0             PS7                          0.000     0.000 r  udp_gateway_shadow_mirror_i/processing_system7_0/inst/PS7_i/FCLKCLK[0]
                         net (fo=1, routed)           1.193     1.193    udp_gateway_shadow_mirror_i/processing_system7_0/inst/FCLK_CLK_unbuffered[0]
    BUFGCTRL_X0Y17       BUFG (Prop_bufg_I_O)         0.101     1.294 r  udp_gateway_shadow_mirror_i/processing_system7_0/inst/buffer_fclk_clk_0.FCLK_CLK_0_BUFG/O
                         net (fo=54559, routed)       1.712     3.006    udp_gateway_shadow_mirror_i/dma_gateway_hybrid_0/inst/u_shadow_acl_filter/clk
    SLICE_X59Y95         FDCE                                         r  udp_gateway_shadow_mirror_i/dma_gateway_hybrid_0/inst/u_shadow_acl_filter/FSM_sequential_state_reg[2]/C
  -------------------------------------------------------------------    -------------------
    SLICE_X59Y95         FDCE (Prop_fdce_C_Q)         0.456     3.462 f  udp_gateway_shadow_mirror_i/dma_gateway_hybrid_0/inst/u_shadow_acl_filter/FSM_sequential_state_reg[2]/Q
                         net (fo=68, routed)          1.137     4.599    udp_gateway_shadow_mirror_i/dma_gateway_hybrid_0/inst/u_shadow_acl_filter/state__0[2]
    SLICE_X56Y86         LUT3 (Prop_lut3_I2_O)        0.150     4.749 r  udp_gateway_shadow_mirror_i/dma_gateway_hybrid_0/inst/u_shadow_acl_filter/fastpath_header_mem[0][31]_i_7/O
                         net (fo=26, routed)          1.679     6.428    udp_gateway_shadow_mirror_i/dma_gateway_hybrid_0/inst/u_shadow_acl_filter/fastpath_header_mem[0][31]_i_7_n_0
    SLICE_X33Y65         LUT5 (Prop_lut5_I4_O)        0.326     6.754 r  udp_gateway_shadow_mirror_i/dma_gateway_hybrid_0/inst/u_shadow_acl_filter/fastpath_header_mem[0][11]_i_2/O
                         net (fo=6, routed)           1.778     8.532    udp_gateway_shadow_mirror_i/dma_gateway_hybrid_0/inst/u_shadow_acl_filter/fastpath_header_mem[0][11]_i_2_n_0
    SLICE_X47Y95         LUT5 (Prop_lut5_I2_O)        0.124     8.656 f  udp_gateway_shadow_mirror_i/dma_gateway_hybrid_0/inst/u_shadow_acl_filter/fastpath_header_mem[0][11]_i_1/O
                         net (fo=16, routed)          1.214     9.870    udp_gateway_shadow_mirror_i/dma_gateway_hybrid_0/inst/u_shadow_acl_filter/gen_wr_a.gen_word_narrow.mem_reg[8]
    SLICE_X60Y92         LUT1 (Prop_lut1_I0_O)        0.124     9.994 r  udp_gateway_shadow_mirror_i/dma_gateway_hybrid_0/inst/u_shadow_acl_filter/FSM_sequential_fastpath_route_state_q[2]_i_43/O
                         net (fo=1, routed)           0.000     9.994    udp_gateway_shadow_mirror_i/dma_gateway_hybrid_0/inst/u_shadow_acl_filter/FSM_sequential_fastpath_route_state_q[2]_i_43_n_0
    SLICE_X60Y92         CARRY4 (Prop_carry4_S[1]_CO[3])
                                                      0.550    10.544 r  udp_gateway_shadow_mirror_i/dma_gateway_hybrid_0/inst/u_shadow_acl_filter/FSM_sequential_fastpath_route_state_q_reg[2]_i_25/CO[3]
                         net (fo=1, routed)           0.000    10.544    udp_gateway_shadow_mirror_i/dma_gateway_hybrid_0/inst/u_shadow_acl_filter/FSM_sequential_fastpath_route_state_q_reg[2]_i_25_n_0
    SLICE_X60Y93         CARRY4 (Prop_carry4_CI_O[1])
                                                      0.334    10.878 r  udp_gateway_shadow_mirror_i/dma_gateway_hybrid_0/inst/u_shadow_acl_filter/FSM_sequential_fastpath_route_state_q_reg[2]_i_24/O[1]
                         net (fo=1, routed)           0.544    11.422    udp_gateway_shadow_mirror_i/dma_gateway_hybrid_0/inst/u_shadow_acl_filter/fastpath_route_state_q5[15]
    SLICE_X63Y93         CARRY4 (Prop_carry4_S[0]_CO[3])
                                                      0.835    12.257 r  udp_gateway_shadow_mirror_i/dma_gateway_hybrid_0/inst/u_shadow_acl_filter/FSM_sequential_fastpath_route_state_q_reg[2]_i_12/CO[3]
                         net (fo=1, routed)           0.000    12.257    udp_gateway_shadow_mirror_i/dma_gateway_hybrid_0/inst/u_shadow_acl_filter/FSM_sequential_fastpath_route_state_q_reg[2]_i_12_n_0
    SLICE_X63Y94         CARRY4 (Prop_carry4_CI_CO[3])
                                                      0.114    12.371 r  udp_gateway_shadow_mirror_i/dma_gateway_hybrid_0/inst/u_shadow_acl_filter/FSM_sequential_fastpath_route_state_q_reg[2]_i_16/CO[3]
                         net (fo=1, routed)           0.000    12.371    udp_gateway_shadow_mirror_i/dma_gateway_hybrid_0/inst/u_shadow_acl_filter/FSM_sequential_fastpath_route_state_q_reg[2]_i_16_n_0
    SLICE_X63Y95         CARRY4 (Prop_carry4_CI_CO[3])
                                                      0.114    12.485 r  udp_gateway_shadow_mirror_i/dma_gateway_hybrid_0/inst/u_shadow_acl_filter/FSM_sequential_fastpath_route_state_q_reg[2]_i_14/CO[3]
                         net (fo=1, routed)           0.000    12.485    udp_gateway_shadow_mirror_i/dma_gateway_hybrid_0/inst/u_shadow_acl_filter/FSM_sequential_fastpath_route_state_q_reg[2]_i_14_n_0
    SLICE_X63Y96         CARRY4 (Prop_carry4_CI_CO[3])
                                                      0.114    12.599 r  udp_gateway_shadow_mirror_i/dma_gateway_hybrid_0/inst/u_shadow_acl_filter/FSM_sequential_fastpath_route_state_q_reg[2]_i_13/CO[3]
                         net (fo=1, routed)           0.000    12.599    udp_gateway_shadow_mirror_i/dma_gateway_hybrid_0/inst/u_shadow_acl_filter/FSM_sequential_fastpath_route_state_q_reg[2]_i_13_n_0
    SLICE_X63Y97         CARRY4 (Prop_carry4_CI_CO[1])
                                                      0.157    12.756 f  udp_gateway_shadow_mirror_i/dma_gateway_hybrid_0/inst/u_shadow_acl_filter/FSM_sequential_fastpath_route_state_q_reg[2]_i_26/CO[1]
                         net (fo=1, routed)           0.786    13.542    udp_gateway_shadow_mirror_i/dma_gateway_hybrid_0/inst/u_shadow_acl_filter/FSM_sequential_fastpath_route_state_q_reg[2]_i_26_n_2
    SLICE_X62Y96         LUT4 (Prop_lut4_I2_O)        0.329    13.871 f  udp_gateway_shadow_mirror_i/dma_gateway_hybrid_0/inst/u_shadow_acl_filter/FSM_sequential_fastpath_route_state_q[2]_i_15/O
                         net (fo=1, routed)           0.452    14.323    udp_gateway_shadow_mirror_i/dma_gateway_hybrid_0/inst/u_shadow_acl_filter/FSM_sequential_fastpath_route_state_q[2]_i_15_n_0
    SLICE_X64Y95         LUT5 (Prop_lut5_I4_O)        0.124    14.447 f  udp_gateway_shadow_mirror_i/dma_gateway_hybrid_0/inst/u_shadow_acl_filter/FSM_sequential_fastpath_route_state_q[2]_i_6/O
                         net (fo=1, routed)           0.404    14.851    udp_gateway_shadow_mirror_i/dma_gateway_hybrid_0/inst/u_shadow_acl_filter/FSM_sequential_fastpath_route_state_q[2]_i_6_n_0
    SLICE_X65Y94         LUT5 (Prop_lut5_I1_O)        0.124    14.975 r  udp_gateway_shadow_mirror_i/dma_gateway_hybrid_0/inst/u_shadow_acl_filter/FSM_sequential_fastpath_route_state_q[2]_i_2/O
                         net (fo=59, routed)          1.002    15.976    udp_gateway_shadow_mirror_i/dma_gateway_hybrid_0/inst/u_shadow_acl_filter/fastpath_route_state_q114_out
    SLICE_X67Y106        LUT6 (Prop_lut6_I2_O)        0.124    16.100 r  udp_gateway_shadow_mirror_i/dma_gateway_hybrid_0/inst/u_shadow_acl_filter/txcap_read_data_q[31]_i_7/O
                         net (fo=1, routed)           0.433    16.533    udp_gateway_shadow_mirror_i/dma_gateway_hybrid_0/inst/u_shadow_acl_filter/txcap_read_data_q__0
    SLICE_X67Y106        LUT6 (Prop_lut6_I0_O)        0.124    16.657 r  udp_gateway_shadow_mirror_i/dma_gateway_hybrid_0/inst/u_shadow_acl_filter/txcap_read_data_q[31]_i_4/O
                         net (fo=2, routed)           0.415    17.072    udp_gateway_shadow_mirror_i/dma_gateway_hybrid_0/inst/gen_shadow_ctrl_csr.u_shadow_ctrl_csr/txcap_count_q_reg[0]_1
    SLICE_X67Y106        LUT5 (Prop_lut5_I4_O)        0.124    17.196 r  udp_gateway_shadow_mirror_i/dma_gateway_hybrid_0/inst/gen_shadow_ctrl_csr.u_shadow_ctrl_csr/txcap_read_data_q[31]_i_1/O
                         net (fo=95, routed)          1.893    19.089    udp_gateway_shadow_mirror_i/dma_gateway_hybrid_0/inst/gen_shadow_ctrl_csr.u_shadow_ctrl_csr_n_15
    SLICE_X87Y72         FDCE                                         r  udp_gateway_shadow_mirror_i/dma_gateway_hybrid_0/inst/txcap_rd_ptr_q_reg[0]_rep__20/CE
  -------------------------------------------------------------------    -------------------

                         (clock clk_fpga_0 rise edge)
                                                     20.000    20.000 r  
    PS7_X0Y0             PS7                          0.000    20.000 r  udp_gateway_shadow_mirror_i/processing_system7_0/inst/PS7_i/FCLKCLK[0]
                         net (fo=1, routed)           1.088    21.088    udp_gateway_shadow_mirror_i/processing_system7_0/inst/FCLK_CLK_unbuffered[0]
    BUFGCTRL_X0Y17       BUFG (Prop_bufg_I_O)         0.091    21.179 r  udp_gateway_shadow_mirror_i/processing_system7_0/inst/buffer_fclk_clk_0.FCLK_CLK_0_BUFG/O
                         net (fo=54559, routed)       1.532    22.711    udp_gateway_shadow_mirror_i/dma_gateway_hybrid_0/inst/clk
    SLICE_X87Y72         FDCE                                         r  udp_gateway_shadow_mirror_i/dma_gateway_hybrid_0/inst/txcap_rd_ptr_q_reg[0]_rep__20/C
                         clock pessimism              0.229    22.940    
                         clock uncertainty           -0.302    22.638    
    SLICE_X87Y72         FDCE (Setup_fdce_C_CE)      -0.205    22.433    udp_gateway_shadow_mirror_i/dma_gateway_hybrid_0/inst/txcap_rd_ptr_q_reg[0]_rep__20
  -------------------------------------------------------------------
                         required time                         22.433    
                         arrival time                         -19.089    
  -------------------------------------------------------------------
                         slack                                  3.344    

Slack (MET) :             3.344ns  (required time - arrival time)
  Source:                 udp_gateway_shadow_mirror_i/dma_gateway_hybrid_0/inst/u_shadow_acl_filter/FSM_sequential_state_reg[2]/C
                            (rising edge-triggered cell FDCE clocked by clk_fpga_0  {rise@0.000ns fall@10.000ns period=20.000ns})
  Destination:            udp_gateway_shadow_mirror_i/dma_gateway_hybrid_0/inst/txcap_rd_ptr_q_reg[1]_rep__0/CE
                            (rising edge-triggered cell FDCE clocked by clk_fpga_0  {rise@0.000ns fall@10.000ns period=20.000ns})
  Path Group:             clk_fpga_0
  Path Type:              Setup (Max at Slow Process Corner)
  Requirement:            20.000ns  (clk_fpga_0 rise@20.000ns - clk_fpga_0 rise@0.000ns)
  Data Path Delay:        16.083ns  (logic 4.347ns (27.028%)  route 11.736ns (72.972%))
  Logic Levels:           17  (CARRY4=7 LUT1=1 LUT3=1 LUT4=1 LUT5=5 LUT6=2)
  Clock Path Skew:        -0.066ns (DCD - SCD + CPR)
    Destination Clock Delay (DCD):    2.711ns = ( 22.711 - 20.000 ) 
    Source Clock Delay      (SCD):    3.006ns
    Clock Pessimism Removal (CPR):    0.229ns
  Clock Uncertainty:      0.302ns  ((TSJ^2 + TIJ^2)^1/2 + DJ) / 2 + PE
    Total System Jitter     (TSJ):    0.071ns
    Total Input Jitter      (TIJ):    0.600ns
    Discrete Jitter          (DJ):    0.000ns
    Phase Error              (PE):    0.000ns

    Location             Delay type                Incr(ns)  Path(ns)    Netlist Resource(s)
  -------------------------------------------------------------------    -------------------
                         (clock clk_fpga_0 rise edge)
                                                      0.000     0.000 r  
    PS7_X0Y0             PS7                          0.000     0.000 r  udp_gateway_shadow_mirror_i/processing_system7_0/inst/PS7_i/FCLKCLK[0]
                         net (fo=1, routed)           1.193     1.193    udp_gateway_shadow_mirror_i/processing_system7_0/inst/FCLK_CLK_unbuffered[0]
    BUFGCTRL_X0Y17       BUFG (Prop_bufg_I_O)         0.101     1.294 r  udp_gateway_shadow_mirror_i/processing_system7_0/inst/buffer_fclk_clk_0.FCLK_CLK_0_BUFG/O
                         net (fo=54559, routed)       1.712     3.006    udp_gateway_shadow_mirror_i/dma_gateway_hybrid_0/inst/u_shadow_acl_filter/clk
    SLICE_X59Y95         FDCE                                         r  udp_gateway_shadow_mirror_i/dma_gateway_hybrid_0/inst/u_shadow_acl_filter/FSM_sequential_state_reg[2]/C
  -------------------------------------------------------------------    -------------------
    SLICE_X59Y95         FDCE (Prop_fdce_C_Q)         0.456     3.462 f  udp_gateway_shadow_mirror_i/dma_gateway_hybrid_0/inst/u_shadow_acl_filter/FSM_sequential_state_reg[2]/Q
                         net (fo=68, routed)          1.137     4.599    udp_gateway_shadow_mirror_i/dma_gateway_hybrid_0/inst/u_shadow_acl_filter/state__0[2]
    SLICE_X56Y86         LUT3 (Prop_lut3_I2_O)        0.150     4.749 r  udp_gateway_shadow_mirror_i/dma_gateway_hybrid_0/inst/u_shadow_acl_filter/fastpath_header_mem[0][31]_i_7/O
                         net (fo=26, routed)          1.679     6.428    udp_gateway_shadow_mirror_i/dma_gateway_hybrid_0/inst/u_shadow_acl_filter/fastpath_header_mem[0][31]_i_7_n_0
    SLICE_X33Y65         LUT5 (Prop_lut5_I4_O)        0.326     6.754 r  udp_gateway_shadow_mirror_i/dma_gateway_hybrid_0/inst/u_shadow_acl_filter/fastpath_header_mem[0][11]_i_2/O
                         net (fo=6, routed)           1.778     8.532    udp_gateway_shadow_mirror_i/dma_gateway_hybrid_0/inst/u_shadow_acl_filter/fastpath_header_mem[0][11]_i_2_n_0
    SLICE_X47Y95         LUT5 (Prop_lut5_I2_O)        0.124     8.656 f  udp_gateway_shadow_mirror_i/dma_gateway_hybrid_0/inst/u_shadow_acl_filter/fastpath_header_mem[0][11]_i_1/O
                         net (fo=16, routed)          1.214     9.870    udp_gateway_shadow_mirror_i/dma_gateway_hybrid_0/inst/u_shadow_acl_filter/gen_wr_a.gen_word_narrow.mem_reg[8]
    SLICE_X60Y92         LUT1 (Prop_lut1_I0_O)        0.124     9.994 r  udp_gateway_shadow_mirror_i/dma_gateway_hybrid_0/inst/u_shadow_acl_filter/FSM_sequential_fastpath_route_state_q[2]_i_43/O
                         net (fo=1, routed)           0.000     9.994    udp_gateway_shadow_mirror_i/dma_gateway_hybrid_0/inst/u_shadow_acl_filter/FSM_sequential_fastpath_route_state_q[2]_i_43_n_0
    SLICE_X60Y92         CARRY4 (Prop_carry4_S[1]_CO[3])
                                                      0.550    10.544 r  udp_gateway_shadow_mirror_i/dma_gateway_hybrid_0/inst/u_shadow_acl_filter/FSM_sequential_fastpath_route_state_q_reg[2]_i_25/CO[3]
                         net (fo=1, routed)           0.000    10.544    udp_gateway_shadow_mirror_i/dma_gateway_hybrid_0/inst/u_shadow_acl_filter/FSM_sequential_fastpath_route_state_q_reg[2]_i_25_n_0
    SLICE_X60Y93         CARRY4 (Prop_carry4_CI_O[1])
                                                      0.334    10.878 r  udp_gateway_shadow_mirror_i/dma_gateway_hybrid_0/inst/u_shadow_acl_filter/FSM_sequential_fastpath_route_state_q_reg[2]_i_24/O[1]
                         net (fo=1, routed)           0.544    11.422    udp_gateway_shadow_mirror_i/dma_gateway_hybrid_0/inst/u_shadow_acl_filter/fastpath_route_state_q5[15]
    SLICE_X63Y93         CARRY4 (Prop_carry4_S[0]_CO[3])
                                                      0.835    12.257 r  udp_gateway_shadow_mirror_i/dma_gateway_hybrid_0/inst/u_shadow_acl_filter/FSM_sequential_fastpath_route_state_q_reg[2]_i_12/CO[3]
                         net (fo=1, routed)           0.000    12.257    udp_gateway_shadow_mirror_i/dma_gateway_hybrid_0/inst/u_shadow_acl_filter/FSM_sequential_fastpath_route_state_q_reg[2]_i_12_n_0
    SLICE_X63Y94         CARRY4 (Prop_carry4_CI_CO[3])
                                                      0.114    12.371 r  udp_gateway_shadow_mirror_i/dma_gateway_hybrid_0/inst/u_shadow_acl_filter/FSM_sequential_fastpath_route_state_q_reg[2]_i_16/CO[3]
                         net (fo=1, routed)           0.000    12.371    udp_gateway_shadow_mirror_i/dma_gateway_hybrid_0/inst/u_shadow_acl_filter/FSM_sequential_fastpath_route_state_q_reg[2]_i_16_n_0
    SLICE_X63Y95         CARRY4 (Prop_carry4_CI_CO[3])
                                                      0.114    12.485 r  udp_gateway_shadow_mirror_i/dma_gateway_hybrid_0/inst/u_shadow_acl_filter/FSM_sequential_fastpath_route_state_q_reg[2]_i_14/CO[3]
                         net (fo=1, routed)           0.000    12.485    udp_gateway_shadow_mirror_i/dma_gateway_hybrid_0/inst/u_shadow_acl_filter/FSM_sequential_fastpath_route_state_q_reg[2]_i_14_n_0
    SLICE_X63Y96         CARRY4 (Prop_carry4_CI_CO[3])
                                                      0.114    12.599 r  udp_gateway_shadow_mirror_i/dma_gateway_hybrid_0/inst/u_shadow_acl_filter/FSM_sequential_fastpath_route_state_q_reg[2]_i_13/CO[3]
                         net (fo=1, routed)           0.000    12.599    udp_gateway_shadow_mirror_i/dma_gateway_hybrid_0/inst/u_shadow_acl_filter/FSM_sequential_fastpath_route_state_q_reg[2]_i_13_n_0
    SLICE_X63Y97         CARRY4 (Prop_carry4_CI_CO[1])
                                                      0.157    12.756 f  udp_gateway_shadow_mirror_i/dma_gateway_hybrid_0/inst/u_shadow_acl_filter/FSM_sequential_fastpath_route_state_q_reg[2]_i_26/CO[1]
                         net (fo=1, routed)           0.786    13.542    udp_gateway_shadow_mirror_i/dma_gateway_hybrid_0/inst/u_shadow_acl_filter/FSM_sequential_fastpath_route_state_q_reg[2]_i_26_n_2
    SLICE_X62Y96         LUT4 (Prop_lut4_I2_O)        0.329    13.871 f  udp_gateway_shadow_mirror_i/dma_gateway_hybrid_0/inst/u_shadow_acl_filter/FSM_sequential_fastpath_route_state_q[2]_i_15/O
                         net (fo=1, routed)           0.452    14.323    udp_gateway_shadow_mirror_i/dma_gateway_hybrid_0/inst/u_shadow_acl_filter/FSM_sequential_fastpath_route_state_q[2]_i_15_n_0
    SLICE_X64Y95         LUT5 (Prop_lut5_I4_O)        0.124    14.447 f  udp_gateway_shadow_mirror_i/dma_gateway_hybrid_0/inst/u_shadow_acl_filter/FSM_sequential_fastpath_route_state_q[2]_i_6/O
                         net (fo=1, routed)           0.404    14.851    udp_gateway_shadow_mirror_i/dma_gateway_hybrid_0/inst/u_shadow_acl_filter/FSM_sequential_fastpath_route_state_q[2]_i_6_n_0
    SLICE_X65Y94         LUT5 (Prop_lut5_I1_O)        0.124    14.975 r  udp_gateway_shadow_mirror_i/dma_gateway_hybrid_0/inst/u_shadow_acl_filter/FSM_sequential_fastpath_route_state_q[2]_i_2/O
                         net (fo=59, routed)          1.002    15.976    udp_gateway_shadow_mirror_i/dma_gateway_hybrid_0/inst/u_shadow_acl_filter/fastpath_route_state_q114_out
    SLICE_X67Y106        LUT6 (Prop_lut6_I2_O)        0.124    16.100 r  udp_gateway_shadow_mirror_i/dma_gateway_hybrid_0/inst/u_shadow_acl_filter/txcap_read_data_q[31]_i_7/O
                         net (fo=1, routed)           0.433    16.533    udp_gateway_shadow_mirror_i/dma_gateway_hybrid_0/inst/u_shadow_acl_filter/txcap_read_data_q__0
    SLICE_X67Y106        LUT6 (Prop_lut6_I0_O)        0.124    16.657 r  udp_gateway_shadow_mirror_i/dma_gateway_hybrid_0/inst/u_shadow_acl_filter/txcap_read_data_q[31]_i_4/O
                         net (fo=2, routed)           0.415    17.072    udp_gateway_shadow_mirror_i/dma_gateway_hybrid_0/inst/gen_shadow_ctrl_csr.u_shadow_ctrl_csr/txcap_count_q_reg[0]_1
    SLICE_X67Y106        LUT5 (Prop_lut5_I4_O)        0.124    17.196 r  udp_gateway_shadow_mirror_i/dma_gateway_hybrid_0/inst/gen_shadow_ctrl_csr.u_shadow_ctrl_csr/txcap_read_data_q[31]_i_1/O
                         net (fo=95, routed)          1.893    19.089    udp_gateway_shadow_mirror_i/dma_gateway_hybrid_0/inst/gen_shadow_ctrl_csr.u_shadow_ctrl_csr_n_15
    SLICE_X87Y72         FDCE                                         r  udp_gateway_shadow_mirror_i/dma_gateway_hybrid_0/inst/txcap_rd_ptr_q_reg[1]_rep__0/CE
  -------------------------------------------------------------------    -------------------

                         (clock clk_fpga_0 rise edge)
                                                     20.000    20.000 r  
    PS7_X0Y0             PS7                          0.000    20.000 r  udp_gateway_shadow_mirror_i/processing_system7_0/inst/PS7_i/FCLKCLK[0]
                         net (fo=1, routed)           1.088    21.088    udp_gateway_shadow_mirror_i/processing_system7_0/inst/FCLK_CLK_unbuffered[0]
    BUFGCTRL_X0Y17       BUFG (Prop_bufg_I_O)         0.091    21.179 r  udp_gateway_shadow_mirror_i/processing_system7_0/inst/buffer_fclk_clk_0.FCLK_CLK_0_BUFG/O
                         net (fo=54559, routed)       1.532    22.711    udp_gateway_shadow_mirror_i/dma_gateway_hybrid_0/inst/clk
    SLICE_X87Y72         FDCE                                         r  udp_gateway_shadow_mirror_i/dma_gateway_hybrid_0/inst/txcap_rd_ptr_q_reg[1]_rep__0/C
                         clock pessimism              0.229    22.940    
                         clock uncertainty           -0.302    22.638    
    SLICE_X87Y72         FDCE (Setup_fdce_C_CE)      -0.205    22.433    udp_gateway_shadow_mirror_i/dma_gateway_hybrid_0/inst/txcap_rd_ptr_q_reg[1]_rep__0
  -------------------------------------------------------------------
                         required time                         22.433    
                         arrival time                         -19.089    
  -------------------------------------------------------------------
                         slack                                  3.344    

Slack (MET) :             3.344ns  (required time - arrival time)
  Source:                 udp_gateway_shadow_mirror_i/dma_gateway_hybrid_0/inst/u_shadow_acl_filter/FSM_sequential_state_reg[2]/C
                            (rising edge-triggered cell FDCE clocked by clk_fpga_0  {rise@0.000ns fall@10.000ns period=20.000ns})
  Destination:            udp_gateway_shadow_mirror_i/dma_gateway_hybrid_0/inst/txcap_rd_ptr_q_reg[1]_rep__20/CE
                            (rising edge-triggered cell FDCE clocked by clk_fpga_0  {rise@0.000ns fall@10.000ns period=20.000ns})
  Path Group:             clk_fpga_0
  Path Type:              Setup (Max at Slow Process Corner)
  Requirement:            20.000ns  (clk_fpga_0 rise@20.000ns - clk_fpga_0 rise@0.000ns)
  Data Path Delay:        16.083ns  (logic 4.347ns (27.028%)  route 11.736ns (72.972%))
  Logic Levels:           17  (CARRY4=7 LUT1=1 LUT3=1 LUT4=1 LUT5=5 LUT6=2)
  Clock Path Skew:        -0.066ns (DCD - SCD + CPR)
    Destination Clock Delay (DCD):    2.711ns = ( 22.711 - 20.000 ) 
    Source Clock Delay      (SCD):    3.006ns
    Clock Pessimism Removal (CPR):    0.229ns
  Clock Uncertainty:      0.302ns  ((TSJ^2 + TIJ^2)^1/2 + DJ) / 2 + PE
    Total System Jitter     (TSJ):    0.071ns
    Total Input Jitter      (TIJ):    0.600ns
    Discrete Jitter          (DJ):    0.000ns
    Phase Error              (PE):    0.000ns

    Location             Delay type                Incr(ns)  Path(ns)    Netlist Resource(s)
  -------------------------------------------------------------------    -------------------
                         (clock clk_fpga_0 rise edge)
                                                      0.000     0.000 r  
    PS7_X0Y0             PS7                          0.000     0.000 r  udp_gateway_shadow_mirror_i/processing_system7_0/inst/PS7_i/FCLKCLK[0]
                         net (fo=1, routed)           1.193     1.193    udp_gateway_shadow_mirror_i/processing_system7_0/inst/FCLK_CLK_unbuffered[0]
    BUFGCTRL_X0Y17       BUFG (Prop_bufg_I_O)         0.101     1.294 r  udp_gateway_shadow_mirror_i/processing_system7_0/inst/buffer_fclk_clk_0.FCLK_CLK_0_BUFG/O
                         net (fo=54559, routed)       1.712     3.006    udp_gateway_shadow_mirror_i/dma_gateway_hybrid_0/inst/u_shadow_acl_filter/clk
    SLICE_X59Y95         FDCE                                         r  udp_gateway_shadow_mirror_i/dma_gateway_hybrid_0/inst/u_shadow_acl_filter/FSM_sequential_state_reg[2]/C
  -------------------------------------------------------------------    -------------------
    SLICE_X59Y95         FDCE (Prop_fdce_C_Q)         0.456     3.462 f  udp_gateway_shadow_mirror_i/dma_gateway_hybrid_0/inst/u_shadow_acl_filter/FSM_sequential_state_reg[2]/Q
                         net (fo=68, routed)          1.137     4.599    udp_gateway_shadow_mirror_i/dma_gateway_hybrid_0/inst/u_shadow_acl_filter/state__0[2]
    SLICE_X56Y86         LUT3 (Prop_lut3_I2_O)        0.150     4.749 r  udp_gateway_shadow_mirror_i/dma_gateway_hybrid_0/inst/u_shadow_acl_filter/fastpath_header_mem[0][31]_i_7/O
                         net (fo=26, routed)          1.679     6.428    udp_gateway_shadow_mirror_i/dma_gateway_hybrid_0/inst/u_shadow_acl_filter/fastpath_header_mem[0][31]_i_7_n_0
    SLICE_X33Y65         LUT5 (Prop_lut5_I4_O)        0.326     6.754 r  udp_gateway_shadow_mirror_i/dma_gateway_hybrid_0/inst/u_shadow_acl_filter/fastpath_header_mem[0][11]_i_2/O
                         net (fo=6, routed)           1.778     8.532    udp_gateway_shadow_mirror_i/dma_gateway_hybrid_0/inst/u_shadow_acl_filter/fastpath_header_mem[0][11]_i_2_n_0
    SLICE_X47Y95         LUT5 (Prop_lut5_I2_O)        0.124     8.656 f  udp_gateway_shadow_mirror_i/dma_gateway_hybrid_0/inst/u_shadow_acl_filter/fastpath_header_mem[0][11]_i_1/O
                         net (fo=16, routed)          1.214     9.870    udp_gateway_shadow_mirror_i/dma_gateway_hybrid_0/inst/u_shadow_acl_filter/gen_wr_a.gen_word_narrow.mem_reg[8]
    SLICE_X60Y92         LUT1 (Prop_lut1_I0_O)        0.124     9.994 r  udp_gateway_shadow_mirror_i/dma_gateway_hybrid_0/inst/u_shadow_acl_filter/FSM_sequential_fastpath_route_state_q[2]_i_43/O
                         net (fo=1, routed)           0.000     9.994    udp_gateway_shadow_mirror_i/dma_gateway_hybrid_0/inst/u_shadow_acl_filter/FSM_sequential_fastpath_route_state_q[2]_i_43_n_0
    SLICE_X60Y92         CARRY4 (Prop_carry4_S[1]_CO[3])
                                                      0.550    10.544 r  udp_gateway_shadow_mirror_i/dma_gateway_hybrid_0/inst/u_shadow_acl_filter/FSM_sequential_fastpath_route_state_q_reg[2]_i_25/CO[3]
                         net (fo=1, routed)           0.000    10.544    udp_gateway_shadow_mirror_i/dma_gateway_hybrid_0/inst/u_shadow_acl_filter/FSM_sequential_fastpath_route_state_q_reg[2]_i_25_n_0
    SLICE_X60Y93         CARRY4 (Prop_carry4_CI_O[1])
                                                      0.334    10.878 r  udp_gateway_shadow_mirror_i/dma_gateway_hybrid_0/inst/u_shadow_acl_filter/FSM_sequential_fastpath_route_state_q_reg[2]_i_24/O[1]
                         net (fo=1, routed)           0.544    11.422    udp_gateway_shadow_mirror_i/dma_gateway_hybrid_0/inst/u_shadow_acl_filter/fastpath_route_state_q5[15]
    SLICE_X63Y93         CARRY4 (Prop_carry4_S[0]_CO[3])
                                                      0.835    12.257 r  udp_gateway_shadow_mirror_i/dma_gateway_hybrid_0/inst/u_shadow_acl_filter/FSM_sequential_fastpath_route_state_q_reg[2]_i_12/CO[3]
                         net (fo=1, routed)           0.000    12.257    udp_gateway_shadow_mirror_i/dma_gateway_hybrid_0/inst/u_shadow_acl_filter/FSM_sequential_fastpath_route_state_q_reg[2]_i_12_n_0
    SLICE_X63Y94         CARRY4 (Prop_carry4_CI_CO[3])
                                                      0.114    12.371 r  udp_gateway_shadow_mirror_i/dma_gateway_hybrid_0/inst/u_shadow_acl_filter/FSM_sequential_fastpath_route_state_q_reg[2]_i_16/CO[3]
                         net (fo=1, routed)           0.000    12.371    udp_gateway_shadow_mirror_i/dma_gateway_hybrid_0/inst/u_shadow_acl_filter/FSM_sequential_fastpath_route_state_q_reg[2]_i_16_n_0
    SLICE_X63Y95         CARRY4 (Prop_carry4_CI_CO[3])
                                                      0.114    12.485 r  udp_gateway_shadow_mirror_i/dma_gateway_hybrid_0/inst/u_shadow_acl_filter/FSM_sequential_fastpath_route_state_q_reg[2]_i_14/CO[3]
                         net (fo=1, routed)           0.000    12.485    udp_gateway_shadow_mirror_i/dma_gateway_hybrid_0/inst/u_shadow_acl_filter/FSM_sequential_fastpath_route_state_q_reg[2]_i_14_n_0
    SLICE_X63Y96         CARRY4 (Prop_carry4_CI_CO[3])
                                                      0.114    12.599 r  udp_gateway_shadow_mirror_i/dma_gateway_hybrid_0/inst/u_shadow_acl_filter/FSM_sequential_fastpath_route_state_q_reg[2]_i_13/CO[3]
                         net (fo=1, routed)           0.000    12.599    udp_gateway_shadow_mirror_i/dma_gateway_hybrid_0/inst/u_shadow_acl_filter/FSM_sequential_fastpath_route_state_q_reg[2]_i_13_n_0
    SLICE_X63Y97         CARRY4 (Prop_carry4_CI_CO[1])
                                                      0.157    12.756 f  udp_gateway_shadow_mirror_i/dma_gateway_hybrid_0/inst/u_shadow_acl_filter/FSM_sequential_fastpath_route_state_q_reg[2]_i_26/CO[1]
                         net (fo=1, routed)           0.786    13.542    udp_gateway_shadow_mirror_i/dma_gateway_hybrid_0/inst/u_shadow_acl_filter/FSM_sequential_fastpath_route_state_q_reg[2]_i_26_n_2
    SLICE_X62Y96         LUT4 (Prop_lut4_I2_O)        0.329    13.871 f  udp_gateway_shadow_mirror_i/dma_gateway_hybrid_0/inst/u_shadow_acl_filter/FSM_sequential_fastpath_route_state_q[2]_i_15/O
                         net (fo=1, routed)           0.452    14.323    udp_gateway_shadow_mirror_i/dma_gateway_hybrid_0/inst/u_shadow_acl_filter/FSM_sequential_fastpath_route_state_q[2]_i_15_n_0
    SLICE_X64Y95         LUT5 (Prop_lut5_I4_O)        0.124    14.447 f  udp_gateway_shadow_mirror_i/dma_gateway_hybrid_0/inst/u_shadow_acl_filter/FSM_sequential_fastpath_route_state_q[2]_i_6/O
                         net (fo=1, routed)           0.404    14.851    udp_gateway_shadow_mirror_i/dma_gateway_hybrid_0/inst/u_shadow_acl_filter/FSM_sequential_fastpath_route_state_q[2]_i_6_n_0
    SLICE_X65Y94         LUT5 (Prop_lut5_I1_O)        0.124    14.975 r  udp_gateway_shadow_mirror_i/dma_gateway_hybrid_0/inst/u_shadow_acl_filter/FSM_sequential_fastpath_route_state_q[2]_i_2/O
                         net (fo=59, routed)          1.002    15.976    udp_gateway_shadow_mirror_i/dma_gateway_hybrid_0/inst/u_shadow_acl_filter/fastpath_route_state_q114_out
    SLICE_X67Y106        LUT6 (Prop_lut6_I2_O)        0.124    16.100 r  udp_gateway_shadow_mirror_i/dma_gateway_hybrid_0/inst/u_shadow_acl_filter/txcap_read_data_q[31]_i_7/O
                         net (fo=1, routed)           0.433    16.533    udp_gateway_shadow_mirror_i/dma_gateway_hybrid_0/inst/u_shadow_acl_filter/txcap_read_data_q__0
    SLICE_X67Y106        LUT6 (Prop_lut6_I0_O)        0.124    16.657 r  udp_gateway_shadow_mirror_i/dma_gateway_hybrid_0/inst/u_shadow_acl_filter/txcap_read_data_q[31]_i_4/O
                         net (fo=2, routed)           0.415    17.072    udp_gateway_shadow_mirror_i/dma_gateway_hybrid_0/inst/gen_shadow_ctrl_csr.u_shadow_ctrl_csr/txcap_count_q_reg[0]_1
    SLICE_X67Y106        LUT5 (Prop_lut5_I4_O)        0.124    17.196 r  udp_gateway_shadow_mirror_i/dma_gateway_hybrid_0/inst/gen_shadow_ctrl_csr.u_shadow_ctrl_csr/txcap_read_data_q[31]_i_1/O
                         net (fo=95, routed)          1.893    19.089    udp_gateway_shadow_mirror_i/dma_gateway_hybrid_0/inst/gen_shadow_ctrl_csr.u_shadow_ctrl_csr_n_15
    SLICE_X87Y72         FDCE                                         r  udp_gateway_shadow_mirror_i/dma_gateway_hybrid_0/inst/txcap_rd_ptr_q_reg[1]_rep__20/CE
  -------------------------------------------------------------------    -------------------

                         (clock clk_fpga_0 rise edge)
                                                     20.000    20.000 r  
    PS7_X0Y0             PS7                          0.000    20.000 r  udp_gateway_shadow_mirror_i/processing_system7_0/inst/PS7_i/FCLKCLK[0]
                         net (fo=1, routed)           1.088    21.088    udp_gateway_shadow_mirror_i/processing_system7_0/inst/FCLK_CLK_unbuffered[0]
    BUFGCTRL_X0Y17       BUFG (Prop_bufg_I_O)         0.091    21.179 r  udp_gateway_shadow_mirror_i/processing_system7_0/inst/buffer_fclk_clk_0.FCLK_CLK_0_BUFG/O
                         net (fo=54559, routed)       1.532    22.711    udp_gateway_shadow_mirror_i/dma_gateway_hybrid_0/inst/clk
    SLICE_X87Y72         FDCE                                         r  udp_gateway_shadow_mirror_i/dma_gateway_hybrid_0/inst/txcap_rd_ptr_q_reg[1]_rep__20/C
                         clock pessimism              0.229    22.940    
                         clock uncertainty           -0.302    22.638    
    SLICE_X87Y72         FDCE (Setup_fdce_C_CE)      -0.205    22.433    udp_gateway_shadow_mirror_i/dma_gateway_hybrid_0/inst/txcap_rd_ptr_q_reg[1]_rep__20
  -------------------------------------------------------------------
                         required time                         22.433    
                         arrival time                         -19.089    
  -------------------------------------------------------------------
                         slack                                  3.344    

Slack (MET) :             3.345ns  (required time - arrival time)
  Source:                 udp_gateway_shadow_mirror_i/dma_gateway_hybrid_0/inst/u_shadow_acl_filter/FSM_sequential_state_reg[2]/C
                            (rising edge-triggered cell FDCE clocked by clk_fpga_0  {rise@0.000ns fall@10.000ns period=20.000ns})
  Destination:            udp_gateway_shadow_mirror_i/dma_gateway_hybrid_0/inst/txcap_rd_ptr_q_reg[0]_rep__0/CE
                            (rising edge-triggered cell FDCE clocked by clk_fpga_0  {rise@0.000ns fall@10.000ns period=20.000ns})
  Path Group:             clk_fpga_0
  Path Type:              Setup (Max at Slow Process Corner)
  Requirement:            20.000ns  (clk_fpga_0 rise@20.000ns - clk_fpga_0 rise@0.000ns)
  Data Path Delay:        16.177ns  (logic 4.347ns (26.871%)  route 11.830ns (73.129%))
  Logic Levels:           17  (CARRY4=7 LUT1=1 LUT3=1 LUT4=1 LUT5=5 LUT6=2)
  Clock Path Skew:        -0.007ns (DCD - SCD + CPR)
    Destination Clock Delay (DCD):    2.770ns = ( 22.770 - 20.000 ) 
    Source Clock Delay      (SCD):    3.006ns
    Clock Pessimism Removal (CPR):    0.229ns
  Clock Uncertainty:      0.302ns  ((TSJ^2 + TIJ^2)^1/2 + DJ) / 2 + PE
    Total System Jitter     (TSJ):    0.071ns
    Total Input Jitter      (TIJ):    0.600ns
    Discrete Jitter          (DJ):    0.000ns
    Phase Error              (PE):    0.000ns

    Location             Delay type                Incr(ns)  Path(ns)    Netlist Resource(s)
  -------------------------------------------------------------------    -------------------
                         (clock clk_fpga_0 rise edge)
                                                      0.000     0.000 r  
    PS7_X0Y0             PS7                          0.000     0.000 r  udp_gateway_shadow_mirror_i/processing_system7_0/inst/PS7_i/FCLKCLK[0]
                         net (fo=1, routed)           1.193     1.193    udp_gateway_shadow_mirror_i/processing_system7_0/inst/FCLK_CLK_unbuffered[0]
    BUFGCTRL_X0Y17       BUFG (Prop_bufg_I_O)         0.101     1.294 r  udp_gateway_shadow_mirror_i/processing_system7_0/inst/buffer_fclk_clk_0.FCLK_CLK_0_BUFG/O
                         net (fo=54559, routed)       1.712     3.006    udp_gateway_shadow_mirror_i/dma_gateway_hybrid_0/inst/u_shadow_acl_filter/clk
    SLICE_X59Y95         FDCE                                         r  udp_gateway_shadow_mirror_i/dma_gateway_hybrid_0/inst/u_shadow_acl_filter/FSM_sequential_state_reg[2]/C
  -------------------------------------------------------------------    -------------------
    SLICE_X59Y95         FDCE (Prop_fdce_C_Q)         0.456     3.462 f  udp_gateway_shadow_mirror_i/dma_gateway_hybrid_0/inst/u_shadow_acl_filter/FSM_sequential_state_reg[2]/Q
                         net (fo=68, routed)          1.137     4.599    udp_gateway_shadow_mirror_i/dma_gateway_hybrid_0/inst/u_shadow_acl_filter/state__0[2]
    SLICE_X56Y86         LUT3 (Prop_lut3_I2_O)        0.150     4.749 r  udp_gateway_shadow_mirror_i/dma_gateway_hybrid_0/inst/u_shadow_acl_filter/fastpath_header_mem[0][31]_i_7/O
                         net (fo=26, routed)          1.679     6.428    udp_gateway_shadow_mirror_i/dma_gateway_hybrid_0/inst/u_shadow_acl_filter/fastpath_header_mem[0][31]_i_7_n_0
    SLICE_X33Y65         LUT5 (Prop_lut5_I4_O)        0.326     6.754 r  udp_gateway_shadow_mirror_i/dma_gateway_hybrid_0/inst/u_shadow_acl_filter/fastpath_header_mem[0][11]_i_2/O
                         net (fo=6, routed)           1.778     8.532    udp_gateway_shadow_mirror_i/dma_gateway_hybrid_0/inst/u_shadow_acl_filter/fastpath_header_mem[0][11]_i_2_n_0
    SLICE_X47Y95         LUT5 (Prop_lut5_I2_O)        0.124     8.656 f  udp_gateway_shadow_mirror_i/dma_gateway_hybrid_0/inst/u_shadow_acl_filter/fastpath_header_mem[0][11]_i_1/O
                         net (fo=16, routed)          1.214     9.870    udp_gateway_shadow_mirror_i/dma_gateway_hybrid_0/inst/u_shadow_acl_filter/gen_wr_a.gen_word_narrow.mem_reg[8]
    SLICE_X60Y92         LUT1 (Prop_lut1_I0_O)        0.124     9.994 r  udp_gateway_shadow_mirror_i/dma_gateway_hybrid_0/inst/u_shadow_acl_filter/FSM_sequential_fastpath_route_state_q[2]_i_43/O
                         net (fo=1, routed)           0.000     9.994    udp_gateway_shadow_mirror_i/dma_gateway_hybrid_0/inst/u_shadow_acl_filter/FSM_sequential_fastpath_route_state_q[2]_i_43_n_0
    SLICE_X60Y92         CARRY4 (Prop_carry4_S[1]_CO[3])
                                                      0.550    10.544 r  udp_gateway_shadow_mirror_i/dma_gateway_hybrid_0/inst/u_shadow_acl_filter/FSM_sequential_fastpath_route_state_q_reg[2]_i_25/CO[3]
                         net (fo=1, routed)           0.000    10.544    udp_gateway_shadow_mirror_i/dma_gateway_hybrid_0/inst/u_shadow_acl_filter/FSM_sequential_fastpath_route_state_q_reg[2]_i_25_n_0
    SLICE_X60Y93         CARRY4 (Prop_carry4_CI_O[1])
                                                      0.334    10.878 r  udp_gateway_shadow_mirror_i/dma_gateway_hybrid_0/inst/u_shadow_acl_filter/FSM_sequential_fastpath_route_state_q_reg[2]_i_24/O[1]
                         net (fo=1, routed)           0.544    11.422    udp_gateway_shadow_mirror_i/dma_gateway_hybrid_0/inst/u_shadow_acl_filter/fastpath_route_state_q5[15]
    SLICE_X63Y93         CARRY4 (Prop_carry4_S[0]_CO[3])
                                                      0.835    12.257 r  udp_gateway_shadow_mirror_i/dma_gateway_hybrid_0/inst/u_shadow_acl_filter/FSM_sequential_fastpath_route_state_q_reg[2]_i_12/CO[3]
                         net (fo=1, routed)           0.000    12.257    udp_gateway_shadow_mirror_i/dma_gateway_hybrid_0/inst/u_shadow_acl_filter/FSM_sequential_fastpath_route_state_q_reg[2]_i_12_n_0
    SLICE_X63Y94         CARRY4 (Prop_carry4_CI_CO[3])
                                                      0.114    12.371 r  udp_gateway_shadow_mirror_i/dma_gateway_hybrid_0/inst/u_shadow_acl_filter/FSM_sequential_fastpath_route_state_q_reg[2]_i_16/CO[3]
                         net (fo=1, routed)           0.000    12.371    udp_gateway_shadow_mirror_i/dma_gateway_hybrid_0/inst/u_shadow_acl_filter/FSM_sequential_fastpath_route_state_q_reg[2]_i_16_n_0
    SLICE_X63Y95         CARRY4 (Prop_carry4_CI_CO[3])
                                                      0.114    12.485 r  udp_gateway_shadow_mirror_i/dma_gateway_hybrid_0/inst/u_shadow_acl_filter/FSM_sequential_fastpath_route_state_q_reg[2]_i_14/CO[3]
                         net (fo=1, routed)           0.000    12.485    udp_gateway_shadow_mirror_i/dma_gateway_hybrid_0/inst/u_shadow_acl_filter/FSM_sequential_fastpath_route_state_q_reg[2]_i_14_n_0
    SLICE_X63Y96         CARRY4 (Prop_carry4_CI_CO[3])
                                                      0.114    12.599 r  udp_gateway_shadow_mirror_i/dma_gateway_hybrid_0/inst/u_shadow_acl_filter/FSM_sequential_fastpath_route_state_q_reg[2]_i_13/CO[3]
                         net (fo=1, routed)           0.000    12.599    udp_gateway_shadow_mirror_i/dma_gateway_hybrid_0/inst/u_shadow_acl_filter/FSM_sequential_fastpath_route_state_q_reg[2]_i_13_n_0
    SLICE_X63Y97         CARRY4 (Prop_carry4_CI_CO[1])
                                                      0.157    12.756 f  udp_gateway_shadow_mirror_i/dma_gateway_hybrid_0/inst/u_shadow_acl_filter/FSM_sequential_fastpath_route_state_q_reg[2]_i_26/CO[1]
                         net (fo=1, routed)           0.786    13.542    udp_gateway_shadow_mirror_i/dma_gateway_hybrid_0/inst/u_shadow_acl_filter/FSM_sequential_fastpath_route_state_q_reg[2]_i_26_n_2
    SLICE_X62Y96         LUT4 (Prop_lut4_I2_O)        0.329    13.871 f  udp_gateway_shadow_mirror_i/dma_gateway_hybrid_0/inst/u_shadow_acl_filter/FSM_sequential_fastpath_route_state_q[2]_i_15/O
                         net (fo=1, routed)           0.452    14.323    udp_gateway_shadow_mirror_i/dma_gateway_hybrid_0/inst/u_shadow_acl_filter/FSM_sequential_fastpath_route_state_q[2]_i_15_n_0
    SLICE_X64Y95         LUT5 (Prop_lut5_I4_O)        0.124    14.447 f  udp_gateway_shadow_mirror_i/dma_gateway_hybrid_0/inst/u_shadow_acl_filter/FSM_sequential_fastpath_route_state_q[2]_i_6/O
                         net (fo=1, routed)           0.404    14.851    udp_gateway_shadow_mirror_i/dma_gateway_hybrid_0/inst/u_shadow_acl_filter/FSM_sequential_fastpath_route_state_q[2]_i_6_n_0
    SLICE_X65Y94         LUT5 (Prop_lut5_I1_O)        0.124    14.975 r  udp_gateway_shadow_mirror_i/dma_gateway_hybrid_0/inst/u_shadow_acl_filter/FSM_sequential_fastpath_route_state_q[2]_i_2/O
                         net (fo=59, routed)          1.002    15.976    udp_gateway_shadow_mirror_i/dma_gateway_hybrid_0/inst/u_shadow_acl_filter/fastpath_route_state_q114_out
    SLICE_X67Y106        LUT6 (Prop_lut6_I2_O)        0.124    16.100 r  udp_gateway_shadow_mirror_i/dma_gateway_hybrid_0/inst/u_shadow_acl_filter/txcap_read_data_q[31]_i_7/O
                         net (fo=1, routed)           0.433    16.533    udp_gateway_shadow_mirror_i/dma_gateway_hybrid_0/inst/u_shadow_acl_filter/txcap_read_data_q__0
    SLICE_X67Y106        LUT6 (Prop_lut6_I0_O)        0.124    16.657 r  udp_gateway_shadow_mirror_i/dma_gateway_hybrid_0/inst/u_shadow_acl_filter/txcap_read_data_q[31]_i_4/O
                         net (fo=2, routed)           0.415    17.072    udp_gateway_shadow_mirror_i/dma_gateway_hybrid_0/inst/gen_shadow_ctrl_csr.u_shadow_ctrl_csr/txcap_count_q_reg[0]_1
    SLICE_X67Y106        LUT5 (Prop_lut5_I4_O)        0.124    17.196 r  udp_gateway_shadow_mirror_i/dma_gateway_hybrid_0/inst/gen_shadow_ctrl_csr.u_shadow_ctrl_csr/txcap_read_data_q[31]_i_1/O
                         net (fo=95, routed)          1.988    19.183    udp_gateway_shadow_mirror_i/dma_gateway_hybrid_0/inst/gen_shadow_ctrl_csr.u_shadow_ctrl_csr_n_15
    SLICE_X90Y72         FDCE                                         r  udp_gateway_shadow_mirror_i/dma_gateway_hybrid_0/inst/txcap_rd_ptr_q_reg[0]_rep__0/CE
  -------------------------------------------------------------------    -------------------

                         (clock clk_fpga_0 rise edge)
                                                     20.000    20.000 r  
    PS7_X0Y0             PS7                          0.000    20.000 r  udp_gateway_shadow_mirror_i/processing_system7_0/inst/PS7_i/FCLKCLK[0]
                         net (fo=1, routed)           1.088    21.088    udp_gateway_shadow_mirror_i/processing_system7_0/inst/FCLK_CLK_unbuffered[0]
    BUFGCTRL_X0Y17       BUFG (Prop_bufg_I_O)         0.091    21.179 r  udp_gateway_shadow_mirror_i/processing_system7_0/inst/buffer_fclk_clk_0.FCLK_CLK_0_BUFG/O
                         net (fo=54559, routed)       1.591    22.770    udp_gateway_shadow_mirror_i/dma_gateway_hybrid_0/inst/clk
    SLICE_X90Y72         FDCE                                         r  udp_gateway_shadow_mirror_i/dma_gateway_hybrid_0/inst/txcap_rd_ptr_q_reg[0]_rep__0/C
                         clock pessimism              0.229    22.999    
                         clock uncertainty           -0.302    22.697    
    SLICE_X90Y72         FDCE (Setup_fdce_C_CE)      -0.169    22.528    udp_gateway_shadow_mirror_i/dma_gateway_hybrid_0/inst/txcap_rd_ptr_q_reg[0]_rep__0
  -------------------------------------------------------------------
                         required time                         22.528    
                         arrival time                         -19.183    
  -------------------------------------------------------------------
                         slack                                  3.345    

Slack (MET) :             3.345ns  (required time - arrival time)
  Source:                 udp_gateway_shadow_mirror_i/dma_gateway_hybrid_0/inst/u_shadow_acl_filter/FSM_sequential_state_reg[2]/C
                            (rising edge-triggered cell FDCE clocked by clk_fpga_0  {rise@0.000ns fall@10.000ns period=20.000ns})
  Destination:            udp_gateway_shadow_mirror_i/dma_gateway_hybrid_0/inst/txcap_rd_ptr_q_reg[0]_rep__16/CE
                            (rising edge-triggered cell FDCE clocked by clk_fpga_0  {rise@0.000ns fall@10.000ns period=20.000ns})
  Path Group:             clk_fpga_0
  Path Type:              Setup (Max at Slow Process Corner)
  Requirement:            20.000ns  (clk_fpga_0 rise@20.000ns - clk_fpga_0 rise@0.000ns)
  Data Path Delay:        16.177ns  (logic 4.347ns (26.871%)  route 11.830ns (73.129%))
  Logic Levels:           17  (CARRY4=7 LUT1=1 LUT3=1 LUT4=1 LUT5=5 LUT6=2)
  Clock Path Skew:        -0.007ns (DCD - SCD + CPR)
    Destination Clock Delay (DCD):    2.770ns = ( 22.770 - 20.000 ) 
    Source Clock Delay      (SCD):    3.006ns
    Clock Pessimism Removal (CPR):    0.229ns
  Clock Uncertainty:      0.302ns  ((TSJ^2 + TIJ^2)^1/2 + DJ) / 2 + PE
    Total System Jitter     (TSJ):    0.071ns
    Total Input Jitter      (TIJ):    0.600ns
    Discrete Jitter          (DJ):    0.000ns
    Phase Error              (PE):    0.000ns

    Location             Delay type                Incr(ns)  Path(ns)    Netlist Resource(s)
  -------------------------------------------------------------------    -------------------
                         (clock clk_fpga_0 rise edge)
                                                      0.000     0.000 r  
    PS7_X0Y0             PS7                          0.000     0.000 r  udp_gateway_shadow_mirror_i/processing_system7_0/inst/PS7_i/FCLKCLK[0]
                         net (fo=1, routed)           1.193     1.193    udp_gateway_shadow_mirror_i/processing_system7_0/inst/FCLK_CLK_unbuffered[0]
    BUFGCTRL_X0Y17       BUFG (Prop_bufg_I_O)         0.101     1.294 r  udp_gateway_shadow_mirror_i/processing_system7_0/inst/buffer_fclk_clk_0.FCLK_CLK_0_BUFG/O
                         net (fo=54559, routed)       1.712     3.006    udp_gateway_shadow_mirror_i/dma_gateway_hybrid_0/inst/u_shadow_acl_filter/clk
    SLICE_X59Y95         FDCE                                         r  udp_gateway_shadow_mirror_i/dma_gateway_hybrid_0/inst/u_shadow_acl_filter/FSM_sequential_state_reg[2]/C
  -------------------------------------------------------------------    -------------------
    SLICE_X59Y95         FDCE (Prop_fdce_C_Q)         0.456     3.462 f  udp_gateway_shadow_mirror_i/dma_gateway_hybrid_0/inst/u_shadow_acl_filter/FSM_sequential_state_reg[2]/Q
                         net (fo=68, routed)          1.137     4.599    udp_gateway_shadow_mirror_i/dma_gateway_hybrid_0/inst/u_shadow_acl_filter/state__0[2]
    SLICE_X56Y86         LUT3 (Prop_lut3_I2_O)        0.150     4.749 r  udp_gateway_shadow_mirror_i/dma_gateway_hybrid_0/inst/u_shadow_acl_filter/fastpath_header_mem[0][31]_i_7/O
                         net (fo=26, routed)          1.679     6.428    udp_gateway_shadow_mirror_i/dma_gateway_hybrid_0/inst/u_shadow_acl_filter/fastpath_header_mem[0][31]_i_7_n_0
    SLICE_X33Y65         LUT5 (Prop_lut5_I4_O)        0.326     6.754 r  udp_gateway_shadow_mirror_i/dma_gateway_hybrid_0/inst/u_shadow_acl_filter/fastpath_header_mem[0][11]_i_2/O
                         net (fo=6, routed)           1.778     8.532    udp_gateway_shadow_mirror_i/dma_gateway_hybrid_0/inst/u_shadow_acl_filter/fastpath_header_mem[0][11]_i_2_n_0
    SLICE_X47Y95         LUT5 (Prop_lut5_I2_O)        0.124     8.656 f  udp_gateway_shadow_mirror_i/dma_gateway_hybrid_0/inst/u_shadow_acl_filter/fastpath_header_mem[0][11]_i_1/O
                         net (fo=16, routed)          1.214     9.870    udp_gateway_shadow_mirror_i/dma_gateway_hybrid_0/inst/u_shadow_acl_filter/gen_wr_a.gen_word_narrow.mem_reg[8]
    SLICE_X60Y92         LUT1 (Prop_lut1_I0_O)        0.124     9.994 r  udp_gateway_shadow_mirror_i/dma_gateway_hybrid_0/inst/u_shadow_acl_filter/FSM_sequential_fastpath_route_state_q[2]_i_43/O
                         net (fo=1, routed)           0.000     9.994    udp_gateway_shadow_mirror_i/dma_gateway_hybrid_0/inst/u_shadow_acl_filter/FSM_sequential_fastpath_route_state_q[2]_i_43_n_0
    SLICE_X60Y92         CARRY4 (Prop_carry4_S[1]_CO[3])
                                                      0.550    10.544 r  udp_gateway_shadow_mirror_i/dma_gateway_hybrid_0/inst/u_shadow_acl_filter/FSM_sequential_fastpath_route_state_q_reg[2]_i_25/CO[3]
                         net (fo=1, routed)           0.000    10.544    udp_gateway_shadow_mirror_i/dma_gateway_hybrid_0/inst/u_shadow_acl_filter/FSM_sequential_fastpath_route_state_q_reg[2]_i_25_n_0
    SLICE_X60Y93         CARRY4 (Prop_carry4_CI_O[1])
                                                      0.334    10.878 r  udp_gateway_shadow_mirror_i/dma_gateway_hybrid_0/inst/u_shadow_acl_filter/FSM_sequential_fastpath_route_state_q_reg[2]_i_24/O[1]
                         net (fo=1, routed)           0.544    11.422    udp_gateway_shadow_mirror_i/dma_gateway_hybrid_0/inst/u_shadow_acl_filter/fastpath_route_state_q5[15]
    SLICE_X63Y93         CARRY4 (Prop_carry4_S[0]_CO[3])
                                                      0.835    12.257 r  udp_gateway_shadow_mirror_i/dma_gateway_hybrid_0/inst/u_shadow_acl_filter/FSM_sequential_fastpath_route_state_q_reg[2]_i_12/CO[3]
                         net (fo=1, routed)           0.000    12.257    udp_gateway_shadow_mirror_i/dma_gateway_hybrid_0/inst/u_shadow_acl_filter/FSM_sequential_fastpath_route_state_q_reg[2]_i_12_n_0
    SLICE_X63Y94         CARRY4 (Prop_carry4_CI_CO[3])
                                                      0.114    12.371 r  udp_gateway_shadow_mirror_i/dma_gateway_hybrid_0/inst/u_shadow_acl_filter/FSM_sequential_fastpath_route_state_q_reg[2]_i_16/CO[3]
                         net (fo=1, routed)           0.000    12.371    udp_gateway_shadow_mirror_i/dma_gateway_hybrid_0/inst/u_shadow_acl_filter/FSM_sequential_fastpath_route_state_q_reg[2]_i_16_n_0
    SLICE_X63Y95         CARRY4 (Prop_carry4_CI_CO[3])
                                                      0.114    12.485 r  udp_gateway_shadow_mirror_i/dma_gateway_hybrid_0/inst/u_shadow_acl_filter/FSM_sequential_fastpath_route_state_q_reg[2]_i_14/CO[3]
                         net (fo=1, routed)           0.000    12.485    udp_gateway_shadow_mirror_i/dma_gateway_hybrid_0/inst/u_shadow_acl_filter/FSM_sequential_fastpath_route_state_q_reg[2]_i_14_n_0
    SLICE_X63Y96         CARRY4 (Prop_carry4_CI_CO[3])
                                                      0.114    12.599 r  udp_gateway_shadow_mirror_i/dma_gateway_hybrid_0/inst/u_shadow_acl_filter/FSM_sequential_fastpath_route_state_q_reg[2]_i_13/CO[3]
                         net (fo=1, routed)           0.000    12.599    udp_gateway_shadow_mirror_i/dma_gateway_hybrid_0/inst/u_shadow_acl_filter/FSM_sequential_fastpath_route_state_q_reg[2]_i_13_n_0
    SLICE_X63Y97         CARRY4 (Prop_carry4_CI_CO[1])
                                                      0.157    12.756 f  udp_gateway_shadow_mirror_i/dma_gateway_hybrid_0/inst/u_shadow_acl_filter/FSM_sequential_fastpath_route_state_q_reg[2]_i_26/CO[1]
                         net (fo=1, routed)           0.786    13.542    udp_gateway_shadow_mirror_i/dma_gateway_hybrid_0/inst/u_shadow_acl_filter/FSM_sequential_fastpath_route_state_q_reg[2]_i_26_n_2
    SLICE_X62Y96         LUT4 (Prop_lut4_I2_O)        0.329    13.871 f  udp_gateway_shadow_mirror_i/dma_gateway_hybrid_0/inst/u_shadow_acl_filter/FSM_sequential_fastpath_route_state_q[2]_i_15/O
                         net (fo=1, routed)           0.452    14.323    udp_gateway_shadow_mirror_i/dma_gateway_hybrid_0/inst/u_shadow_acl_filter/FSM_sequential_fastpath_route_state_q[2]_i_15_n_0
    SLICE_X64Y95         LUT5 (Prop_lut5_I4_O)        0.124    14.447 f  udp_gateway_shadow_mirror_i/dma_gateway_hybrid_0/inst/u_shadow_acl_filter/FSM_sequential_fastpath_route_state_q[2]_i_6/O
                         net (fo=1, routed)           0.404    14.851    udp_gateway_shadow_mirror_i/dma_gateway_hybrid_0/inst/u_shadow_acl_filter/FSM_sequential_fastpath_route_state_q[2]_i_6_n_0
    SLICE_X65Y94         LUT5 (Prop_lut5_I1_O)        0.124    14.975 r  udp_gateway_shadow_mirror_i/dma_gateway_hybrid_0/inst/u_shadow_acl_filter/FSM_sequential_fastpath_route_state_q[2]_i_2/O
                         net (fo=59, routed)          1.002    15.976    udp_gateway_shadow_mirror_i/dma_gateway_hybrid_0/inst/u_shadow_acl_filter/fastpath_route_state_q114_out
    SLICE_X67Y106        LUT6 (Prop_lut6_I2_O)        0.124    16.100 r  udp_gateway_shadow_mirror_i/dma_gateway_hybrid_0/inst/u_shadow_acl_filter/txcap_read_data_q[31]_i_7/O
                         net (fo=1, routed)           0.433    16.533    udp_gateway_shadow_mirror_i/dma_gateway_hybrid_0/inst/u_shadow_acl_filter/txcap_read_data_q__0
    SLICE_X67Y106        LUT6 (Prop_lut6_I0_O)        0.124    16.657 r  udp_gateway_shadow_mirror_i/dma_gateway_hybrid_0/inst/u_shadow_acl_filter/txcap_read_data_q[31]_i_4/O
                         net (fo=2, routed)           0.415    17.072    udp_gateway_shadow_mirror_i/dma_gateway_hybrid_0/inst/gen_shadow_ctrl_csr.u_shadow_ctrl_csr/txcap_count_q_reg[0]_1
    SLICE_X67Y106        LUT5 (Prop_lut5_I4_O)        0.124    17.196 r  udp_gateway_shadow_mirror_i/dma_gateway_hybrid_0/inst/gen_shadow_ctrl_csr.u_shadow_ctrl_csr/txcap_read_data_q[31]_i_1/O
                         net (fo=95, routed)          1.988    19.183    udp_gateway_shadow_mirror_i/dma_gateway_hybrid_0/inst/gen_shadow_ctrl_csr.u_shadow_ctrl_csr_n_15
    SLICE_X90Y72         FDCE                                         r  udp_gateway_shadow_mirror_i/dma_gateway_hybrid_0/inst/txcap_rd_ptr_q_reg[0]_rep__16/CE
  -------------------------------------------------------------------    -------------------

                         (clock clk_fpga_0 rise edge)
                                                     20.000    20.000 r  
    PS7_X0Y0             PS7                          0.000    20.000 r  udp_gateway_shadow_mirror_i/processing_system7_0/inst/PS7_i/FCLKCLK[0]
                         net (fo=1, routed)           1.088    21.088    udp_gateway_shadow_mirror_i/processing_system7_0/inst/FCLK_CLK_unbuffered[0]
    BUFGCTRL_X0Y17       BUFG (Prop_bufg_I_O)         0.091    21.179 r  udp_gateway_shadow_mirror_i/processing_system7_0/inst/buffer_fclk_clk_0.FCLK_CLK_0_BUFG/O
                         net (fo=54559, routed)       1.591    22.770    udp_gateway_shadow_mirror_i/dma_gateway_hybrid_0/inst/clk
    SLICE_X90Y72         FDCE                                         r  udp_gateway_shadow_mirror_i/dma_gateway_hybrid_0/inst/txcap_rd_ptr_q_reg[0]_rep__16/C
                         clock pessimism              0.229    22.999    
                         clock uncertainty           -0.302    22.697    
    SLICE_X90Y72         FDCE (Setup_fdce_C_CE)      -0.169    22.528    udp_gateway_shadow_mirror_i/dma_gateway_hybrid_0/inst/txcap_rd_ptr_q_reg[0]_rep__16
  -------------------------------------------------------------------
                         required time                         22.528    
                         arrival time                         -19.183    
  -------------------------------------------------------------------
                         slack                                  3.345    

Slack (MET) :             3.345ns  (required time - arrival time)
  Source:                 udp_gateway_shadow_mirror_i/dma_gateway_hybrid_0/inst/u_shadow_acl_filter/FSM_sequential_state_reg[2]/C
                            (rising edge-triggered cell FDCE clocked by clk_fpga_0  {rise@0.000ns fall@10.000ns period=20.000ns})
  Destination:            udp_gateway_shadow_mirror_i/dma_gateway_hybrid_0/inst/txcap_rd_ptr_q_reg[0]_rep__21/CE
                            (rising edge-triggered cell FDCE clocked by clk_fpga_0  {rise@0.000ns fall@10.000ns period=20.000ns})
  Path Group:             clk_fpga_0
  Path Type:              Setup (Max at Slow Process Corner)
  Requirement:            20.000ns  (clk_fpga_0 rise@20.000ns - clk_fpga_0 rise@0.000ns)
  Data Path Delay:        16.177ns  (logic 4.347ns (26.871%)  route 11.830ns (73.129%))
  Logic Levels:           17  (CARRY4=7 LUT1=1 LUT3=1 LUT4=1 LUT5=5 LUT6=2)
  Clock Path Skew:        -0.007ns (DCD - SCD + CPR)
    Destination Clock Delay (DCD):    2.770ns = ( 22.770 - 20.000 ) 
    Source Clock Delay      (SCD):    3.006ns
    Clock Pessimism Removal (CPR):    0.229ns
  Clock Uncertainty:      0.302ns  ((TSJ^2 + TIJ^2)^1/2 + DJ) / 2 + PE
    Total System Jitter     (TSJ):    0.071ns
    Total Input Jitter      (TIJ):    0.600ns
    Discrete Jitter          (DJ):    0.000ns
    Phase Error              (PE):    0.000ns

    Location             Delay type                Incr(ns)  Path(ns)    Netlist Resource(s)
  -------------------------------------------------------------------    -------------------
                         (clock clk_fpga_0 rise edge)
                                                      0.000     0.000 r  
    PS7_X0Y0             PS7                          0.000     0.000 r  udp_gateway_shadow_mirror_i/processing_system7_0/inst/PS7_i/FCLKCLK[0]
                         net (fo=1, routed)           1.193     1.193    udp_gateway_shadow_mirror_i/processing_system7_0/inst/FCLK_CLK_unbuffered[0]
    BUFGCTRL_X0Y17       BUFG (Prop_bufg_I_O)         0.101     1.294 r  udp_gateway_shadow_mirror_i/processing_system7_0/inst/buffer_fclk_clk_0.FCLK_CLK_0_BUFG/O
                         net (fo=54559, routed)       1.712     3.006    udp_gateway_shadow_mirror_i/dma_gateway_hybrid_0/inst/u_shadow_acl_filter/clk
    SLICE_X59Y95         FDCE                                         r  udp_gateway_shadow_mirror_i/dma_gateway_hybrid_0/inst/u_shadow_acl_filter/FSM_sequential_state_reg[2]/C
  -------------------------------------------------------------------    -------------------
    SLICE_X59Y95         FDCE (Prop_fdce_C_Q)         0.456     3.462 f  udp_gateway_shadow_mirror_i/dma_gateway_hybrid_0/inst/u_shadow_acl_filter/FSM_sequential_state_reg[2]/Q
                         net (fo=68, routed)          1.137     4.599    udp_gateway_shadow_mirror_i/dma_gateway_hybrid_0/inst/u_shadow_acl_filter/state__0[2]
    SLICE_X56Y86         LUT3 (Prop_lut3_I2_O)        0.150     4.749 r  udp_gateway_shadow_mirror_i/dma_gateway_hybrid_0/inst/u_shadow_acl_filter/fastpath_header_mem[0][31]_i_7/O
                         net (fo=26, routed)          1.679     6.428    udp_gateway_shadow_mirror_i/dma_gateway_hybrid_0/inst/u_shadow_acl_filter/fastpath_header_mem[0][31]_i_7_n_0
    SLICE_X33Y65         LUT5 (Prop_lut5_I4_O)        0.326     6.754 r  udp_gateway_shadow_mirror_i/dma_gateway_hybrid_0/inst/u_shadow_acl_filter/fastpath_header_mem[0][11]_i_2/O
                         net (fo=6, routed)           1.778     8.532    udp_gateway_shadow_mirror_i/dma_gateway_hybrid_0/inst/u_shadow_acl_filter/fastpath_header_mem[0][11]_i_2_n_0
    SLICE_X47Y95         LUT5 (Prop_lut5_I2_O)        0.124     8.656 f  udp_gateway_shadow_mirror_i/dma_gateway_hybrid_0/inst/u_shadow_acl_filter/fastpath_header_mem[0][11]_i_1/O
                         net (fo=16, routed)          1.214     9.870    udp_gateway_shadow_mirror_i/dma_gateway_hybrid_0/inst/u_shadow_acl_filter/gen_wr_a.gen_word_narrow.mem_reg[8]
    SLICE_X60Y92         LUT1 (Prop_lut1_I0_O)        0.124     9.994 r  udp_gateway_shadow_mirror_i/dma_gateway_hybrid_0/inst/u_shadow_acl_filter/FSM_sequential_fastpath_route_state_q[2]_i_43/O
                         net (fo=1, routed)           0.000     9.994    udp_gateway_shadow_mirror_i/dma_gateway_hybrid_0/inst/u_shadow_acl_filter/FSM_sequential_fastpath_route_state_q[2]_i_43_n_0
    SLICE_X60Y92         CARRY4 (Prop_carry4_S[1]_CO[3])
                                                      0.550    10.544 r  udp_gateway_shadow_mirror_i/dma_gateway_hybrid_0/inst/u_shadow_acl_filter/FSM_sequential_fastpath_route_state_q_reg[2]_i_25/CO[3]
                         net (fo=1, routed)           0.000    10.544    udp_gateway_shadow_mirror_i/dma_gateway_hybrid_0/inst/u_shadow_acl_filter/FSM_sequential_fastpath_route_state_q_reg[2]_i_25_n_0
    SLICE_X60Y93         CARRY4 (Prop_carry4_CI_O[1])
                                                      0.334    10.878 r  udp_gateway_shadow_mirror_i/dma_gateway_hybrid_0/inst/u_shadow_acl_filter/FSM_sequential_fastpath_route_state_q_reg[2]_i_24/O[1]
                         net (fo=1, routed)           0.544    11.422    udp_gateway_shadow_mirror_i/dma_gateway_hybrid_0/inst/u_shadow_acl_filter/fastpath_route_state_q5[15]
    SLICE_X63Y93         CARRY4 (Prop_carry4_S[0]_CO[3])
                                                      0.835    12.257 r  udp_gateway_shadow_mirror_i/dma_gateway_hybrid_0/inst/u_shadow_acl_filter/FSM_sequential_fastpath_route_state_q_reg[2]_i_12/CO[3]
                         net (fo=1, routed)           0.000    12.257    udp_gateway_shadow_mirror_i/dma_gateway_hybrid_0/inst/u_shadow_acl_filter/FSM_sequential_fastpath_route_state_q_reg[2]_i_12_n_0
    SLICE_X63Y94         CARRY4 (Prop_carry4_CI_CO[3])
                                                      0.114    12.371 r  udp_gateway_shadow_mirror_i/dma_gateway_hybrid_0/inst/u_shadow_acl_filter/FSM_sequential_fastpath_route_state_q_reg[2]_i_16/CO[3]
                         net (fo=1, routed)           0.000    12.371    udp_gateway_shadow_mirror_i/dma_gateway_hybrid_0/inst/u_shadow_acl_filter/FSM_sequential_fastpath_route_state_q_reg[2]_i_16_n_0
    SLICE_X63Y95         CARRY4 (Prop_carry4_CI_CO[3])
                                                      0.114    12.485 r  udp_gateway_shadow_mirror_i/dma_gateway_hybrid_0/inst/u_shadow_acl_filter/FSM_sequential_fastpath_route_state_q_reg[2]_i_14/CO[3]
                         net (fo=1, routed)           0.000    12.485    udp_gateway_shadow_mirror_i/dma_gateway_hybrid_0/inst/u_shadow_acl_filter/FSM_sequential_fastpath_route_state_q_reg[2]_i_14_n_0
    SLICE_X63Y96         CARRY4 (Prop_carry4_CI_CO[3])
                                                      0.114    12.599 r  udp_gateway_shadow_mirror_i/dma_gateway_hybrid_0/inst/u_shadow_acl_filter/FSM_sequential_fastpath_route_state_q_reg[2]_i_13/CO[3]
                         net (fo=1, routed)           0.000    12.599    udp_gateway_shadow_mirror_i/dma_gateway_hybrid_0/inst/u_shadow_acl_filter/FSM_sequential_fastpath_route_state_q_reg[2]_i_13_n_0
    SLICE_X63Y97         CARRY4 (Prop_carry4_CI_CO[1])
                                                      0.157    12.756 f  udp_gateway_shadow_mirror_i/dma_gateway_hybrid_0/inst/u_shadow_acl_filter/FSM_sequential_fastpath_route_state_q_reg[2]_i_26/CO[1]
                         net (fo=1, routed)           0.786    13.542    udp_gateway_shadow_mirror_i/dma_gateway_hybrid_0/inst/u_shadow_acl_filter/FSM_sequential_fastpath_route_state_q_reg[2]_i_26_n_2
    SLICE_X62Y96         LUT4 (Prop_lut4_I2_O)        0.329    13.871 f  udp_gateway_shadow_mirror_i/dma_gateway_hybrid_0/inst/u_shadow_acl_filter/FSM_sequential_fastpath_route_state_q[2]_i_15/O
                         net (fo=1, routed)           0.452    14.323    udp_gateway_shadow_mirror_i/dma_gateway_hybrid_0/inst/u_shadow_acl_filter/FSM_sequential_fastpath_route_state_q[2]_i_15_n_0
    SLICE_X64Y95         LUT5 (Prop_lut5_I4_O)        0.124    14.447 f  udp_gateway_shadow_mirror_i/dma_gateway_hybrid_0/inst/u_shadow_acl_filter/FSM_sequential_fastpath_route_state_q[2]_i_6/O
                         net (fo=1, routed)           0.404    14.851    udp_gateway_shadow_mirror_i/dma_gateway_hybrid_0/inst/u_shadow_acl_filter/FSM_sequential_fastpath_route_state_q[2]_i_6_n_0
    SLICE_X65Y94         LUT5 (Prop_lut5_I1_O)        0.124    14.975 r  udp_gateway_shadow_mirror_i/dma_gateway_hybrid_0/inst/u_shadow_acl_filter/FSM_sequential_fastpath_route_state_q[2]_i_2/O
                         net (fo=59, routed)          1.002    15.976    udp_gateway_shadow_mirror_i/dma_gateway_hybrid_0/inst/u_shadow_acl_filter/fastpath_route_state_q114_out
    SLICE_X67Y106        LUT6 (Prop_lut6_I2_O)        0.124    16.100 r  udp_gateway_shadow_mirror_i/dma_gateway_hybrid_0/inst/u_shadow_acl_filter/txcap_read_data_q[31]_i_7/O
                         net (fo=1, routed)           0.433    16.533    udp_gateway_shadow_mirror_i/dma_gateway_hybrid_0/inst/u_shadow_acl_filter/txcap_read_data_q__0
    SLICE_X67Y106        LUT6 (Prop_lut6_I0_O)        0.124    16.657 r  udp_gateway_shadow_mirror_i/dma_gateway_hybrid_0/inst/u_shadow_acl_filter/txcap_read_data_q[31]_i_4/O
                         net (fo=2, routed)           0.415    17.072    udp_gateway_shadow_mirror_i/dma_gateway_hybrid_0/inst/gen_shadow_ctrl_csr.u_shadow_ctrl_csr/txcap_count_q_reg[0]_1
    SLICE_X67Y106        LUT5 (Prop_lut5_I4_O)        0.124    17.196 r  udp_gateway_shadow_mirror_i/dma_gateway_hybrid_0/inst/gen_shadow_ctrl_csr.u_shadow_ctrl_csr/txcap_read_data_q[31]_i_1/O
                         net (fo=95, routed)          1.988    19.183    udp_gateway_shadow_mirror_i/dma_gateway_hybrid_0/inst/gen_shadow_ctrl_csr.u_shadow_ctrl_csr_n_15
    SLICE_X90Y72         FDCE                                         r  udp_gateway_shadow_mirror_i/dma_gateway_hybrid_0/inst/txcap_rd_ptr_q_reg[0]_rep__21/CE
  -------------------------------------------------------------------    -------------------

                         (clock clk_fpga_0 rise edge)
                                                     20.000    20.000 r  
    PS7_X0Y0             PS7                          0.000    20.000 r  udp_gateway_shadow_mirror_i/processing_system7_0/inst/PS7_i/FCLKCLK[0]
                         net (fo=1, routed)           1.088    21.088    udp_gateway_shadow_mirror_i/processing_system7_0/inst/FCLK_CLK_unbuffered[0]
    BUFGCTRL_X0Y17       BUFG (Prop_bufg_I_O)         0.091    21.179 r  udp_gateway_shadow_mirror_i/processing_system7_0/inst/buffer_fclk_clk_0.FCLK_CLK_0_BUFG/O
                         net (fo=54559, routed)       1.591    22.770    udp_gateway_shadow_mirror_i/dma_gateway_hybrid_0/inst/clk
    SLICE_X90Y72         FDCE                                         r  udp_gateway_shadow_mirror_i/dma_gateway_hybrid_0/inst/txcap_rd_ptr_q_reg[0]_rep__21/C
                         clock pessimism              0.229    22.999    
                         clock uncertainty           -0.302    22.697    
    SLICE_X90Y72         FDCE (Setup_fdce_C_CE)      -0.169    22.528    udp_gateway_shadow_mirror_i/dma_gateway_hybrid_0/inst/txcap_rd_ptr_q_reg[0]_rep__21
  -------------------------------------------------------------------
                         required time                         22.528    
                         arrival time                         -19.183    
  -------------------------------------------------------------------
                         slack                                  3.345    

Slack (MET) :             3.345ns  (required time - arrival time)
  Source:                 udp_gateway_shadow_mirror_i/dma_gateway_hybrid_0/inst/u_shadow_acl_filter/FSM_sequential_state_reg[2]/C
                            (rising edge-triggered cell FDCE clocked by clk_fpga_0  {rise@0.000ns fall@10.000ns period=20.000ns})
  Destination:            udp_gateway_shadow_mirror_i/dma_gateway_hybrid_0/inst/txcap_rd_ptr_q_reg[1]/CE
                            (rising edge-triggered cell FDCE clocked by clk_fpga_0  {rise@0.000ns fall@10.000ns period=20.000ns})
  Path Group:             clk_fpga_0
  Path Type:              Setup (Max at Slow Process Corner)
  Requirement:            20.000ns  (clk_fpga_0 rise@20.000ns - clk_fpga_0 rise@0.000ns)
  Data Path Delay:        16.177ns  (logic 4.347ns (26.871%)  route 11.830ns (73.129%))
  Logic Levels:           17  (CARRY4=7 LUT1=1 LUT3=1 LUT4=1 LUT5=5 LUT6=2)
  Clock Path Skew:        -0.007ns (DCD - SCD + CPR)
    Destination Clock Delay (DCD):    2.770ns = ( 22.770 - 20.000 ) 
    Source Clock Delay      (SCD):    3.006ns
    Clock Pessimism Removal (CPR):    0.229ns
  Clock Uncertainty:      0.302ns  ((TSJ^2 + TIJ^2)^1/2 + DJ) / 2 + PE
    Total System Jitter     (TSJ):    0.071ns
    Total Input Jitter      (TIJ):    0.600ns
    Discrete Jitter          (DJ):    0.000ns
    Phase Error              (PE):    0.000ns

    Location             Delay type                Incr(ns)  Path(ns)    Netlist Resource(s)
  -------------------------------------------------------------------    -------------------
                         (clock clk_fpga_0 rise edge)
                                                      0.000     0.000 r  
    PS7_X0Y0             PS7                          0.000     0.000 r  udp_gateway_shadow_mirror_i/processing_system7_0/inst/PS7_i/FCLKCLK[0]
                         net (fo=1, routed)           1.193     1.193    udp_gateway_shadow_mirror_i/processing_system7_0/inst/FCLK_CLK_unbuffered[0]
    BUFGCTRL_X0Y17       BUFG (Prop_bufg_I_O)         0.101     1.294 r  udp_gateway_shadow_mirror_i/processing_system7_0/inst/buffer_fclk_clk_0.FCLK_CLK_0_BUFG/O
                         net (fo=54559, routed)       1.712     3.006    udp_gateway_shadow_mirror_i/dma_gateway_hybrid_0/inst/u_shadow_acl_filter/clk
    SLICE_X59Y95         FDCE                                         r  udp_gateway_shadow_mirror_i/dma_gateway_hybrid_0/inst/u_shadow_acl_filter/FSM_sequential_state_reg[2]/C
  -------------------------------------------------------------------    -------------------
    SLICE_X59Y95         FDCE (Prop_fdce_C_Q)         0.456     3.462 f  udp_gateway_shadow_mirror_i/dma_gateway_hybrid_0/inst/u_shadow_acl_filter/FSM_sequential_state_reg[2]/Q
                         net (fo=68, routed)          1.137     4.599    udp_gateway_shadow_mirror_i/dma_gateway_hybrid_0/inst/u_shadow_acl_filter/state__0[2]
    SLICE_X56Y86         LUT3 (Prop_lut3_I2_O)        0.150     4.749 r  udp_gateway_shadow_mirror_i/dma_gateway_hybrid_0/inst/u_shadow_acl_filter/fastpath_header_mem[0][31]_i_7/O
                         net (fo=26, routed)          1.679     6.428    udp_gateway_shadow_mirror_i/dma_gateway_hybrid_0/inst/u_shadow_acl_filter/fastpath_header_mem[0][31]_i_7_n_0
    SLICE_X33Y65         LUT5 (Prop_lut5_I4_O)        0.326     6.754 r  udp_gateway_shadow_mirror_i/dma_gateway_hybrid_0/inst/u_shadow_acl_filter/fastpath_header_mem[0][11]_i_2/O
                         net (fo=6, routed)           1.778     8.532    udp_gateway_shadow_mirror_i/dma_gateway_hybrid_0/inst/u_shadow_acl_filter/fastpath_header_mem[0][11]_i_2_n_0
    SLICE_X47Y95         LUT5 (Prop_lut5_I2_O)        0.124     8.656 f  udp_gateway_shadow_mirror_i/dma_gateway_hybrid_0/inst/u_shadow_acl_filter/fastpath_header_mem[0][11]_i_1/O
                         net (fo=16, routed)          1.214     9.870    udp_gateway_shadow_mirror_i/dma_gateway_hybrid_0/inst/u_shadow_acl_filter/gen_wr_a.gen_word_narrow.mem_reg[8]
    SLICE_X60Y92         LUT1 (Prop_lut1_I0_O)        0.124     9.994 r  udp_gateway_shadow_mirror_i/dma_gateway_hybrid_0/inst/u_shadow_acl_filter/FSM_sequential_fastpath_route_state_q[2]_i_43/O
                         net (fo=1, routed)           0.000     9.994    udp_gateway_shadow_mirror_i/dma_gateway_hybrid_0/inst/u_shadow_acl_filter/FSM_sequential_fastpath_route_state_q[2]_i_43_n_0
    SLICE_X60Y92         CARRY4 (Prop_carry4_S[1]_CO[3])
                                                      0.550    10.544 r  udp_gateway_shadow_mirror_i/dma_gateway_hybrid_0/inst/u_shadow_acl_filter/FSM_sequential_fastpath_route_state_q_reg[2]_i_25/CO[3]
                         net (fo=1, routed)           0.000    10.544    udp_gateway_shadow_mirror_i/dma_gateway_hybrid_0/inst/u_shadow_acl_filter/FSM_sequential_fastpath_route_state_q_reg[2]_i_25_n_0
    SLICE_X60Y93         CARRY4 (Prop_carry4_CI_O[1])
                                                      0.334    10.878 r  udp_gateway_shadow_mirror_i/dma_gateway_hybrid_0/inst/u_shadow_acl_filter/FSM_sequential_fastpath_route_state_q_reg[2]_i_24/O[1]
                         net (fo=1, routed)           0.544    11.422    udp_gateway_shadow_mirror_i/dma_gateway_hybrid_0/inst/u_shadow_acl_filter/fastpath_route_state_q5[15]
    SLICE_X63Y93         CARRY4 (Prop_carry4_S[0]_CO[3])
                                                      0.835    12.257 r  udp_gateway_shadow_mirror_i/dma_gateway_hybrid_0/inst/u_shadow_acl_filter/FSM_sequential_fastpath_route_state_q_reg[2]_i_12/CO[3]
                         net (fo=1, routed)           0.000    12.257    udp_gateway_shadow_mirror_i/dma_gateway_hybrid_0/inst/u_shadow_acl_filter/FSM_sequential_fastpath_route_state_q_reg[2]_i_12_n_0
    SLICE_X63Y94         CARRY4 (Prop_carry4_CI_CO[3])
                                                      0.114    12.371 r  udp_gateway_shadow_mirror_i/dma_gateway_hybrid_0/inst/u_shadow_acl_filter/FSM_sequential_fastpath_route_state_q_reg[2]_i_16/CO[3]
                         net (fo=1, routed)           0.000    12.371    udp_gateway_shadow_mirror_i/dma_gateway_hybrid_0/inst/u_shadow_acl_filter/FSM_sequential_fastpath_route_state_q_reg[2]_i_16_n_0
    SLICE_X63Y95         CARRY4 (Prop_carry4_CI_CO[3])
                                                      0.114    12.485 r  udp_gateway_shadow_mirror_i/dma_gateway_hybrid_0/inst/u_shadow_acl_filter/FSM_sequential_fastpath_route_state_q_reg[2]_i_14/CO[3]
                         net (fo=1, routed)           0.000    12.485    udp_gateway_shadow_mirror_i/dma_gateway_hybrid_0/inst/u_shadow_acl_filter/FSM_sequential_fastpath_route_state_q_reg[2]_i_14_n_0
    SLICE_X63Y96         CARRY4 (Prop_carry4_CI_CO[3])
                                                      0.114    12.599 r  udp_gateway_shadow_mirror_i/dma_gateway_hybrid_0/inst/u_shadow_acl_filter/FSM_sequential_fastpath_route_state_q_reg[2]_i_13/CO[3]
                         net (fo=1, routed)           0.000    12.599    udp_gateway_shadow_mirror_i/dma_gateway_hybrid_0/inst/u_shadow_acl_filter/FSM_sequential_fastpath_route_state_q_reg[2]_i_13_n_0
    SLICE_X63Y97         CARRY4 (Prop_carry4_CI_CO[1])
                                                      0.157    12.756 f  udp_gateway_shadow_mirror_i/dma_gateway_hybrid_0/inst/u_shadow_acl_filter/FSM_sequential_fastpath_route_state_q_reg[2]_i_26/CO[1]
                         net (fo=1, routed)           0.786    13.542    udp_gateway_shadow_mirror_i/dma_gateway_hybrid_0/inst/u_shadow_acl_filter/FSM_sequential_fastpath_route_state_q_reg[2]_i_26_n_2
    SLICE_X62Y96         LUT4 (Prop_lut4_I2_O)        0.329    13.871 f  udp_gateway_shadow_mirror_i/dma_gateway_hybrid_0/inst/u_shadow_acl_filter/FSM_sequential_fastpath_route_state_q[2]_i_15/O
                         net (fo=1, routed)           0.452    14.323    udp_gateway_shadow_mirror_i/dma_gateway_hybrid_0/inst/u_shadow_acl_filter/FSM_sequential_fastpath_route_state_q[2]_i_15_n_0
    SLICE_X64Y95         LUT5 (Prop_lut5_I4_O)        0.124    14.447 f  udp_gateway_shadow_mirror_i/dma_gateway_hybrid_0/inst/u_shadow_acl_filter/FSM_sequential_fastpath_route_state_q[2]_i_6/O
                         net (fo=1, routed)           0.404    14.851    udp_gateway_shadow_mirror_i/dma_gateway_hybrid_0/inst/u_shadow_acl_filter/FSM_sequential_fastpath_route_state_q[2]_i_6_n_0
    SLICE_X65Y94         LUT5 (Prop_lut5_I1_O)        0.124    14.975 r  udp_gateway_shadow_mirror_i/dma_gateway_hybrid_0/inst/u_shadow_acl_filter/FSM_sequential_fastpath_route_state_q[2]_i_2/O
                         net (fo=59, routed)          1.002    15.976    udp_gateway_shadow_mirror_i/dma_gateway_hybrid_0/inst/u_shadow_acl_filter/fastpath_route_state_q114_out
    SLICE_X67Y106        LUT6 (Prop_lut6_I2_O)        0.124    16.100 r  udp_gateway_shadow_mirror_i/dma_gateway_hybrid_0/inst/u_shadow_acl_filter/txcap_read_data_q[31]_i_7/O
                         net (fo=1, routed)           0.433    16.533    udp_gateway_shadow_mirror_i/dma_gateway_hybrid_0/inst/u_shadow_acl_filter/txcap_read_data_q__0
    SLICE_X67Y106        LUT6 (Prop_lut6_I0_O)        0.124    16.657 r  udp_gateway_shadow_mirror_i/dma_gateway_hybrid_0/inst/u_shadow_acl_filter/txcap_read_data_q[31]_i_4/O
                         net (fo=2, routed)           0.415    17.072    udp_gateway_shadow_mirror_i/dma_gateway_hybrid_0/inst/gen_shadow_ctrl_csr.u_shadow_ctrl_csr/txcap_count_q_reg[0]_1
    SLICE_X67Y106        LUT5 (Prop_lut5_I4_O)        0.124    17.196 r  udp_gateway_shadow_mirror_i/dma_gateway_hybrid_0/inst/gen_shadow_ctrl_csr.u_shadow_ctrl_csr/txcap_read_data_q[31]_i_1/O
                         net (fo=95, routed)          1.988    19.183    udp_gateway_shadow_mirror_i/dma_gateway_hybrid_0/inst/gen_shadow_ctrl_csr.u_shadow_ctrl_csr_n_15
    SLICE_X90Y72         FDCE                                         r  udp_gateway_shadow_mirror_i/dma_gateway_hybrid_0/inst/txcap_rd_ptr_q_reg[1]/CE
  -------------------------------------------------------------------    -------------------

                         (clock clk_fpga_0 rise edge)
                                                     20.000    20.000 r  
    PS7_X0Y0             PS7                          0.000    20.000 r  udp_gateway_shadow_mirror_i/processing_system7_0/inst/PS7_i/FCLKCLK[0]
                         net (fo=1, routed)           1.088    21.088    udp_gateway_shadow_mirror_i/processing_system7_0/inst/FCLK_CLK_unbuffered[0]
    BUFGCTRL_X0Y17       BUFG (Prop_bufg_I_O)         0.091    21.179 r  udp_gateway_shadow_mirror_i/processing_system7_0/inst/buffer_fclk_clk_0.FCLK_CLK_0_BUFG/O
                         net (fo=54559, routed)       1.591    22.770    udp_gateway_shadow_mirror_i/dma_gateway_hybrid_0/inst/clk
    SLICE_X90Y72         FDCE                                         r  udp_gateway_shadow_mirror_i/dma_gateway_hybrid_0/inst/txcap_rd_ptr_q_reg[1]/C
                         clock pessimism              0.229    22.999    
                         clock uncertainty           -0.302    22.697    
    SLICE_X90Y72         FDCE (Setup_fdce_C_CE)      -0.169    22.528    udp_gateway_shadow_mirror_i/dma_gateway_hybrid_0/inst/txcap_rd_ptr_q_reg[1]
  -------------------------------------------------------------------
                         required time                         22.528    
                         arrival time                         -19.183    
  -------------------------------------------------------------------
                         slack                                  3.345    





Min Delay Paths
--------------------------------------------------------------------------------------
Slack (MET) :             0.045ns  (arrival time - required time)
  Source:                 udp_gateway_shadow_mirror_i/axi_mem_intercon/xbar/inst/gen_samd.crossbar_samd/addr_arbiter_aw/gen_arbiter.m_target_hot_i_reg[0]/C
                            (rising edge-triggered cell FDRE clocked by clk_fpga_0  {rise@0.000ns fall@10.000ns period=20.000ns})
  Destination:            udp_gateway_shadow_mirror_i/axi_mem_intercon/xbar/inst/gen_samd.crossbar_samd/splitter_aw_mi/m_ready_d_reg[0]/D
                            (rising edge-triggered cell FDRE clocked by clk_fpga_0  {rise@0.000ns fall@10.000ns period=20.000ns})
  Path Group:             clk_fpga_0
  Path Type:              Hold (Min at Fast Process Corner)
  Requirement:            0.000ns  (clk_fpga_0 rise@0.000ns - clk_fpga_0 rise@0.000ns)
  Data Path Delay:        0.411ns  (logic 0.186ns (45.235%)  route 0.225ns (54.765%))
  Logic Levels:           1  (LUT6=1)
  Clock Path Skew:        0.274ns (DCD - SCD - CPR)
    Destination Clock Delay (DCD):    1.220ns
    Source Clock Delay      (SCD):    0.916ns
    Clock Pessimism Removal (CPR):    0.030ns

    Location             Delay type                Incr(ns)  Path(ns)    Netlist Resource(s)
  -------------------------------------------------------------------    -------------------
                         (clock clk_fpga_0 rise edge)
                                                      0.000     0.000 r  
    PS7_X0Y0             PS7                          0.000     0.000 r  udp_gateway_shadow_mirror_i/processing_system7_0/inst/PS7_i/FCLKCLK[0]
                         net (fo=1, routed)           0.310     0.310    udp_gateway_shadow_mirror_i/processing_system7_0/inst/FCLK_CLK_unbuffered[0]
    BUFGCTRL_X0Y17       BUFG (Prop_bufg_I_O)         0.026     0.336 r  udp_gateway_shadow_mirror_i/processing_system7_0/inst/buffer_fclk_clk_0.FCLK_CLK_0_BUFG/O
                         net (fo=54559, routed)       0.580     0.916    udp_gateway_shadow_mirror_i/axi_mem_intercon/xbar/inst/gen_samd.crossbar_samd/addr_arbiter_aw/aclk
    SLICE_X63Y52         FDRE                                         r  udp_gateway_shadow_mirror_i/axi_mem_intercon/xbar/inst/gen_samd.crossbar_samd/addr_arbiter_aw/gen_arbiter.m_target_hot_i_reg[0]/C
  -------------------------------------------------------------------    -------------------
    SLICE_X63Y52         FDRE (Prop_fdre_C_Q)         0.141     1.057 r  udp_gateway_shadow_mirror_i/axi_mem_intercon/xbar/inst/gen_samd.crossbar_samd/addr_arbiter_aw/gen_arbiter.m_target_hot_i_reg[0]/Q
                         net (fo=12, routed)          0.225     1.282    udp_gateway_shadow_mirror_i/axi_mem_intercon/xbar/inst/gen_samd.crossbar_samd/splitter_aw_mi/m_ready_d_reg[0]_0[0]
    SLICE_X65Y49         LUT6 (Prop_lut6_I3_O)        0.045     1.327 r  udp_gateway_shadow_mirror_i/axi_mem_intercon/xbar/inst/gen_samd.crossbar_samd/splitter_aw_mi/m_ready_d[0]_i_1/O
                         net (fo=1, routed)           0.000     1.327    udp_gateway_shadow_mirror_i/axi_mem_intercon/xbar/inst/gen_samd.crossbar_samd/splitter_aw_mi/m_ready_d[0]_i_1_n_0
    SLICE_X65Y49         FDRE                                         r  udp_gateway_shadow_mirror_i/axi_mem_intercon/xbar/inst/gen_samd.crossbar_samd/splitter_aw_mi/m_ready_d_reg[0]/D
  -------------------------------------------------------------------    -------------------

                         (clock clk_fpga_0 rise edge)
                                                      0.000     0.000 r  
    PS7_X0Y0             PS7                          0.000     0.000 r  udp_gateway_shadow_mirror_i/processing_system7_0/inst/PS7_i/FCLKCLK[0]
                         net (fo=1, routed)           0.337     0.337    udp_gateway_shadow_mirror_i/processing_system7_0/inst/FCLK_CLK_unbuffered[0]
    BUFGCTRL_X0Y17       BUFG (Prop_bufg_I_O)         0.029     0.366 r  udp_gateway_shadow_mirror_i/processing_system7_0/inst/buffer_fclk_clk_0.FCLK_CLK_0_BUFG/O
                         net (fo=54559, routed)       0.854     1.220    udp_gateway_shadow_mirror_i/axi_mem_intercon/xbar/inst/gen_samd.crossbar_samd/splitter_aw_mi/aclk
    SLICE_X65Y49         FDRE                                         r  udp_gateway_shadow_mirror_i/axi_mem_intercon/xbar/inst/gen_samd.crossbar_samd/splitter_aw_mi/m_ready_d_reg[0]/C
                         clock pessimism             -0.030     1.190    
    SLICE_X65Y49         FDRE (Hold_fdre_C_D)         0.092     1.282    udp_gateway_shadow_mirror_i/axi_mem_intercon/xbar/inst/gen_samd.crossbar_samd/splitter_aw_mi/m_ready_d_reg[0]
  -------------------------------------------------------------------
                         required time                         -1.282    
                         arrival time                           1.327    
  -------------------------------------------------------------------
                         slack                                  0.045    

Slack (MET) :             0.045ns  (arrival time - required time)
  Source:                 udp_gateway_shadow_mirror_i/dma_gateway_hybrid_0/inst/i_hybrid_dma/u_crypto_bridge/gen_crypto_cores[0].u_sm4/u_key/reg_data_after_round_reg[34]/C
                            (rising edge-triggered cell FDCE clocked by clk_fpga_0  {rise@0.000ns fall@10.000ns period=20.000ns})
  Destination:            udp_gateway_shadow_mirror_i/dma_gateway_hybrid_0/inst/i_hybrid_dma/u_crypto_bridge/gen_crypto_cores[0].u_sm4/u_key/reg_data_after_round_reg[66]/D
                            (rising edge-triggered cell FDCE clocked by clk_fpga_0  {rise@0.000ns fall@10.000ns period=20.000ns})
  Path Group:             clk_fpga_0
  Path Type:              Hold (Min at Fast Process Corner)
  Requirement:            0.000ns  (clk_fpga_0 rise@0.000ns - clk_fpga_0 rise@0.000ns)
  Data Path Delay:        0.417ns  (logic 0.189ns (45.353%)  route 0.228ns (54.647%))
  Logic Levels:           1  (LUT3=1)
  Clock Path Skew:        0.264ns (DCD - SCD - CPR)
    Destination Clock Delay (DCD):    1.189ns
    Source Clock Delay      (SCD):    0.890ns
    Clock Pessimism Removal (CPR):    0.035ns

    Location             Delay type                Incr(ns)  Path(ns)    Netlist Resource(s)
  -------------------------------------------------------------------    -------------------
                         (clock clk_fpga_0 rise edge)
                                                      0.000     0.000 r  
    PS7_X0Y0             PS7                          0.000     0.000 r  udp_gateway_shadow_mirror_i/processing_system7_0/inst/PS7_i/FCLKCLK[0]
                         net (fo=1, routed)           0.310     0.310    udp_gateway_shadow_mirror_i/processing_system7_0/inst/FCLK_CLK_unbuffered[0]
    BUFGCTRL_X0Y17       BUFG (Prop_bufg_I_O)         0.026     0.336 r  udp_gateway_shadow_mirror_i/processing_system7_0/inst/buffer_fclk_clk_0.FCLK_CLK_0_BUFG/O
                         net (fo=54559, routed)       0.554     0.890    udp_gateway_shadow_mirror_i/dma_gateway_hybrid_0/inst/i_hybrid_dma/u_crypto_bridge/gen_crypto_cores[0].u_sm4/u_key/clk
    SLICE_X53Y14         FDCE                                         r  udp_gateway_shadow_mirror_i/dma_gateway_hybrid_0/inst/i_hybrid_dma/u_crypto_bridge/gen_crypto_cores[0].u_sm4/u_key/reg_data_after_round_reg[34]/C
  -------------------------------------------------------------------    -------------------
    SLICE_X53Y14         FDCE (Prop_fdce_C_Q)         0.141     1.031 r  udp_gateway_shadow_mirror_i/dma_gateway_hybrid_0/inst/i_hybrid_dma/u_crypto_bridge/gen_crypto_cores[0].u_sm4/u_key/reg_data_after_round_reg[34]/Q
                         net (fo=2, routed)           0.228     1.258    udp_gateway_shadow_mirror_i/dma_gateway_hybrid_0/inst/i_hybrid_dma/u_crypto_bridge/gen_crypto_cores[0].u_sm4/u_key/reg_data_after_round[34]
    SLICE_X44Y15         LUT3 (Prop_lut3_I0_O)        0.048     1.306 r  udp_gateway_shadow_mirror_i/dma_gateway_hybrid_0/inst/i_hybrid_dma/u_crypto_bridge/gen_crypto_cores[0].u_sm4/u_key/reg_data_after_round[66]_i_1/O
                         net (fo=1, routed)           0.000     1.306    udp_gateway_shadow_mirror_i/dma_gateway_hybrid_0/inst/i_hybrid_dma/u_crypto_bridge/gen_crypto_cores[0].u_sm4/u_key/result_out[66]
    SLICE_X44Y15         FDCE                                         r  udp_gateway_shadow_mirror_i/dma_gateway_hybrid_0/inst/i_hybrid_dma/u_crypto_bridge/gen_crypto_cores[0].u_sm4/u_key/reg_data_after_round_reg[66]/D
  -------------------------------------------------------------------    -------------------

                         (clock clk_fpga_0 rise edge)
                                                      0.000     0.000 r  
    PS7_X0Y0             PS7                          0.000     0.000 r  udp_gateway_shadow_mirror_i/processing_system7_0/inst/PS7_i/FCLKCLK[0]
                         net (fo=1, routed)           0.337     0.337    udp_gateway_shadow_mirror_i/processing_system7_0/inst/FCLK_CLK_unbuffered[0]
    BUFGCTRL_X0Y17       BUFG (Prop_bufg_I_O)         0.029     0.366 r  udp_gateway_shadow_mirror_i/processing_system7_0/inst/buffer_fclk_clk_0.FCLK_CLK_0_BUFG/O
                         net (fo=54559, routed)       0.823     1.189    udp_gateway_shadow_mirror_i/dma_gateway_hybrid_0/inst/i_hybrid_dma/u_crypto_bridge/gen_crypto_cores[0].u_sm4/u_key/clk
    SLICE_X44Y15         FDCE                                         r  udp_gateway_shadow_mirror_i/dma_gateway_hybrid_0/inst/i_hybrid_dma/u_crypto_bridge/gen_crypto_cores[0].u_sm4/u_key/reg_data_after_round_reg[66]/C
                         clock pessimism             -0.035     1.154    
    SLICE_X44Y15         FDCE (Hold_fdce_C_D)         0.107     1.261    udp_gateway_shadow_mirror_i/dma_gateway_hybrid_0/inst/i_hybrid_dma/u_crypto_bridge/gen_crypto_cores[0].u_sm4/u_key/reg_data_after_round_reg[66]
  -------------------------------------------------------------------
                         required time                         -1.261    
                         arrival time                           1.306    
  -------------------------------------------------------------------
                         slack                                  0.045    

Slack (MET) :             0.045ns  (arrival time - required time)
  Source:                 udp_gateway_shadow_mirror_i/dma_gateway_hybrid_0/inst/fastpath_header_mem_reg[6][10]/C
                            (rising edge-triggered cell FDRE clocked by clk_fpga_0  {rise@0.000ns fall@10.000ns period=20.000ns})
  Destination:            udp_gateway_shadow_mirror_i/dma_gateway_hybrid_0/inst/txcap_header_mem_reg[6][10]/D
                            (rising edge-triggered cell FDRE clocked by clk_fpga_0  {rise@0.000ns fall@10.000ns period=20.000ns})
  Path Group:             clk_fpga_0
  Path Type:              Hold (Min at Fast Process Corner)
  Requirement:            0.000ns  (clk_fpga_0 rise@0.000ns - clk_fpga_0 rise@0.000ns)
  Data Path Delay:        0.380ns  (logic 0.141ns (37.129%)  route 0.239ns (62.871%))
  Logic Levels:           0  
  Clock Path Skew:        0.259ns (DCD - SCD - CPR)
    Destination Clock Delay (DCD):    1.184ns
    Source Clock Delay      (SCD):    0.890ns
    Clock Pessimism Removal (CPR):    0.035ns

    Location             Delay type                Incr(ns)  Path(ns)    Netlist Resource(s)
  -------------------------------------------------------------------    -------------------
                         (clock clk_fpga_0 rise edge)
                                                      0.000     0.000 r  
    PS7_X0Y0             PS7                          0.000     0.000 r  udp_gateway_shadow_mirror_i/processing_system7_0/inst/PS7_i/FCLKCLK[0]
                         net (fo=1, routed)           0.310     0.310    udp_gateway_shadow_mirror_i/processing_system7_0/inst/FCLK_CLK_unbuffered[0]
    BUFGCTRL_X0Y17       BUFG (Prop_bufg_I_O)         0.026     0.336 r  udp_gateway_shadow_mirror_i/processing_system7_0/inst/buffer_fclk_clk_0.FCLK_CLK_0_BUFG/O
                         net (fo=54559, routed)       0.554     0.890    udp_gateway_shadow_mirror_i/dma_gateway_hybrid_0/inst/clk
    SLICE_X47Y88         FDRE                                         r  udp_gateway_shadow_mirror_i/dma_gateway_hybrid_0/inst/fastpath_header_mem_reg[6][10]/C
  -------------------------------------------------------------------    -------------------
    SLICE_X47Y88         FDRE (Prop_fdre_C_Q)         0.141     1.031 r  udp_gateway_shadow_mirror_i/dma_gateway_hybrid_0/inst/fastpath_header_mem_reg[6][10]/Q
                         net (fo=2, routed)           0.239     1.269    udp_gateway_shadow_mirror_i/dma_gateway_hybrid_0/inst/fastpath_header_mem_reg[6]_6[10]
    SLICE_X51Y88         FDRE                                         r  udp_gateway_shadow_mirror_i/dma_gateway_hybrid_0/inst/txcap_header_mem_reg[6][10]/D
  -------------------------------------------------------------------    -------------------

                         (clock clk_fpga_0 rise edge)
                                                      0.000     0.000 r  
    PS7_X0Y0             PS7                          0.000     0.000 r  udp_gateway_shadow_mirror_i/processing_system7_0/inst/PS7_i/FCLKCLK[0]
                         net (fo=1, routed)           0.337     0.337    udp_gateway_shadow_mirror_i/processing_system7_0/inst/FCLK_CLK_unbuffered[0]
    BUFGCTRL_X0Y17       BUFG (Prop_bufg_I_O)         0.029     0.366 r  udp_gateway_shadow_mirror_i/processing_system7_0/inst/buffer_fclk_clk_0.FCLK_CLK_0_BUFG/O
                         net (fo=54559, routed)       0.818     1.184    udp_gateway_shadow_mirror_i/dma_gateway_hybrid_0/inst/clk
    SLICE_X51Y88         FDRE                                         r  udp_gateway_shadow_mirror_i/dma_gateway_hybrid_0/inst/txcap_header_mem_reg[6][10]/C
                         clock pessimism             -0.035     1.149    
    SLICE_X51Y88         FDRE (Hold_fdre_C_D)         0.075     1.224    udp_gateway_shadow_mirror_i/dma_gateway_hybrid_0/inst/txcap_header_mem_reg[6][10]
  -------------------------------------------------------------------
                         required time                         -1.224    
                         arrival time                           1.269    
  -------------------------------------------------------------------
                         slack                                  0.045    

Slack (MET) :             0.047ns  (arrival time - required time)
  Source:                 udp_gateway_shadow_mirror_i/dma_gateway_hybrid_0/inst/fastpath_header_mem_reg[1][28]/C
                            (rising edge-triggered cell FDRE clocked by clk_fpga_0  {rise@0.000ns fall@10.000ns period=20.000ns})
  Destination:            udp_gateway_shadow_mirror_i/dma_gateway_hybrid_0/inst/txcap_header_mem_reg[1][28]/D
                            (rising edge-triggered cell FDRE clocked by clk_fpga_0  {rise@0.000ns fall@10.000ns period=20.000ns})
  Path Group:             clk_fpga_0
  Path Type:              Hold (Min at Fast Process Corner)
  Requirement:            0.000ns  (clk_fpga_0 rise@0.000ns - clk_fpga_0 rise@0.000ns)
  Data Path Delay:        0.421ns  (logic 0.128ns (30.406%)  route 0.293ns (69.594%))
  Logic Levels:           0  
  Clock Path Skew:        0.353ns (DCD - SCD - CPR)
    Destination Clock Delay (DCD):    1.301ns
    Source Clock Delay      (SCD):    0.913ns
    Clock Pessimism Removal (CPR):    0.035ns

    Location             Delay type                Incr(ns)  Path(ns)    Netlist Resource(s)
  -------------------------------------------------------------------    -------------------
                         (clock clk_fpga_0 rise edge)
                                                      0.000     0.000 r  
    PS7_X0Y0             PS7                          0.000     0.000 r  udp_gateway_shadow_mirror_i/processing_system7_0/inst/PS7_i/FCLKCLK[0]
                         net (fo=1, routed)           0.310     0.310    udp_gateway_shadow_mirror_i/processing_system7_0/inst/FCLK_CLK_unbuffered[0]
    BUFGCTRL_X0Y17       BUFG (Prop_bufg_I_O)         0.026     0.336 r  udp_gateway_shadow_mirror_i/processing_system7_0/inst/buffer_fclk_clk_0.FCLK_CLK_0_BUFG/O
                         net (fo=54559, routed)       0.577     0.913    udp_gateway_shadow_mirror_i/dma_gateway_hybrid_0/inst/clk
    SLICE_X57Y96         FDRE                                         r  udp_gateway_shadow_mirror_i/dma_gateway_hybrid_0/inst/fastpath_header_mem_reg[1][28]/C
  -------------------------------------------------------------------    -------------------
    SLICE_X57Y96         FDRE (Prop_fdre_C_Q)         0.128     1.041 r  udp_gateway_shadow_mirror_i/dma_gateway_hybrid_0/inst/fastpath_header_mem_reg[1][28]/Q
                         net (fo=2, routed)           0.293     1.334    udp_gateway_shadow_mirror_i/dma_gateway_hybrid_0/inst/fastpath_header_mem_reg[1]_1[28]
    SLICE_X60Y100        FDRE                                         r  udp_gateway_shadow_mirror_i/dma_gateway_hybrid_0/inst/txcap_header_mem_reg[1][28]/D
  -------------------------------------------------------------------    -------------------

                         (clock clk_fpga_0 rise edge)
                                                      0.000     0.000 r  
    PS7_X0Y0             PS7                          0.000     0.000 r  udp_gateway_shadow_mirror_i/processing_system7_0/inst/PS7_i/FCLKCLK[0]
                         net (fo=1, routed)           0.337     0.337    udp_gateway_shadow_mirror_i/processing_system7_0/inst/FCLK_CLK_unbuffered[0]
    BUFGCTRL_X0Y17       BUFG (Prop_bufg_I_O)         0.029     0.366 r  udp_gateway_shadow_mirror_i/processing_system7_0/inst/buffer_fclk_clk_0.FCLK_CLK_0_BUFG/O
                         net (fo=54559, routed)       0.935     1.301    udp_gateway_shadow_mirror_i/dma_gateway_hybrid_0/inst/clk
    SLICE_X60Y100        FDRE                                         r  udp_gateway_shadow_mirror_i/dma_gateway_hybrid_0/inst/txcap_header_mem_reg[1][28]/C
                         clock pessimism             -0.035     1.266    
    SLICE_X60Y100        FDRE (Hold_fdre_C_D)         0.021     1.287    udp_gateway_shadow_mirror_i/dma_gateway_hybrid_0/inst/txcap_header_mem_reg[1][28]
  -------------------------------------------------------------------
                         required time                         -1.287    
                         arrival time                           1.334    
  -------------------------------------------------------------------
                         slack                                  0.047    

Slack (MET) :             0.052ns  (arrival time - required time)
  Source:                 udp_gateway_shadow_mirror_i/crypto_accel_axi_0/inst/u_design1_crypto_accel_axi/crypto_accel_axi_slave_lite_v1_0_S00_AXI_inst/u_crypto_bridge_top/key_lfsr_reg[3]/C
                            (rising edge-triggered cell FDCE clocked by clk_fpga_0  {rise@0.000ns fall@10.000ns period=20.000ns})
  Destination:            udp_gateway_shadow_mirror_i/crypto_accel_axi_0/inst/u_design1_crypto_accel_axi/crypto_accel_axi_slave_lite_v1_0_S00_AXI_inst/u_crypto_bridge_top/key_lfsr_reg[4]/D
                            (rising edge-triggered cell FDCE clocked by clk_fpga_0  {rise@0.000ns fall@10.000ns period=20.000ns})
  Path Group:             clk_fpga_0
  Path Type:              Hold (Min at Fast Process Corner)
  Requirement:            0.000ns  (clk_fpga_0 rise@0.000ns - clk_fpga_0 rise@0.000ns)
  Data Path Delay:        0.393ns  (logic 0.141ns (35.840%)  route 0.252ns (64.160%))
  Logic Levels:           0  
  Clock Path Skew:        0.270ns (DCD - SCD - CPR)
    Destination Clock Delay (DCD):    1.271ns
    Source Clock Delay      (SCD):    0.962ns
    Clock Pessimism Removal (CPR):    0.039ns

    Location             Delay type                Incr(ns)  Path(ns)    Netlist Resource(s)
  -------------------------------------------------------------------    -------------------
                         (clock clk_fpga_0 rise edge)
                                                      0.000     0.000 r  
    PS7_X0Y0             PS7                          0.000     0.000 r  udp_gateway_shadow_mirror_i/processing_system7_0/inst/PS7_i/FCLKCLK[0]
                         net (fo=1, routed)           0.310     0.310    udp_gateway_shadow_mirror_i/processing_system7_0/inst/FCLK_CLK_unbuffered[0]
    BUFGCTRL_X0Y17       BUFG (Prop_bufg_I_O)         0.026     0.336 r  udp_gateway_shadow_mirror_i/processing_system7_0/inst/buffer_fclk_clk_0.FCLK_CLK_0_BUFG/O
                         net (fo=54559, routed)       0.626     0.962    udp_gateway_shadow_mirror_i/crypto_accel_axi_0/inst/u_design1_crypto_accel_axi/crypto_accel_axi_slave_lite_v1_0_S00_AXI_inst/u_crypto_bridge_top/s00_axi_aclk
    SLICE_X51Y119        FDCE                                         r  udp_gateway_shadow_mirror_i/crypto_accel_axi_0/inst/u_design1_crypto_accel_axi/crypto_accel_axi_slave_lite_v1_0_S00_AXI_inst/u_crypto_bridge_top/key_lfsr_reg[3]/C
  -------------------------------------------------------------------    -------------------
    SLICE_X51Y119        FDCE (Prop_fdce_C_Q)         0.141     1.103 r  udp_gateway_shadow_mirror_i/crypto_accel_axi_0/inst/u_design1_crypto_accel_axi/crypto_accel_axi_slave_lite_v1_0_S00_AXI_inst/u_crypto_bridge_top/key_lfsr_reg[3]/Q
                         net (fo=3, routed)           0.252     1.355    udp_gateway_shadow_mirror_i/crypto_accel_axi_0/inst/u_design1_crypto_accel_axi/crypto_accel_axi_slave_lite_v1_0_S00_AXI_inst/u_crypto_bridge_top/key_lfsr_reg_n_0_[3]
    SLICE_X49Y113        FDCE                                         r  udp_gateway_shadow_mirror_i/crypto_accel_axi_0/inst/u_design1_crypto_accel_axi/crypto_accel_axi_slave_lite_v1_0_S00_AXI_inst/u_crypto_bridge_top/key_lfsr_reg[4]/D
  -------------------------------------------------------------------    -------------------

                         (clock clk_fpga_0 rise edge)
                                                      0.000     0.000 r  
    PS7_X0Y0             PS7                          0.000     0.000 r  udp_gateway_shadow_mirror_i/processing_system7_0/inst/PS7_i/FCLKCLK[0]
                         net (fo=1, routed)           0.337     0.337    udp_gateway_shadow_mirror_i/processing_system7_0/inst/FCLK_CLK_unbuffered[0]
    BUFGCTRL_X0Y17       BUFG (Prop_bufg_I_O)         0.029     0.366 r  udp_gateway_shadow_mirror_i/processing_system7_0/inst/buffer_fclk_clk_0.FCLK_CLK_0_BUFG/O
                         net (fo=54559, routed)       0.905     1.271    udp_gateway_shadow_mirror_i/crypto_accel_axi_0/inst/u_design1_crypto_accel_axi/crypto_accel_axi_slave_lite_v1_0_S00_AXI_inst/u_crypto_bridge_top/s00_axi_aclk
    SLICE_X49Y113        FDCE                                         r  udp_gateway_shadow_mirror_i/crypto_accel_axi_0/inst/u_design1_crypto_accel_axi/crypto_accel_axi_slave_lite_v1_0_S00_AXI_inst/u_crypto_bridge_top/key_lfsr_reg[4]/C
                         clock pessimism             -0.039     1.232    
    SLICE_X49Y113        FDCE (Hold_fdce_C_D)         0.071     1.303    udp_gateway_shadow_mirror_i/crypto_accel_axi_0/inst/u_design1_crypto_accel_axi/crypto_accel_axi_slave_lite_v1_0_S00_AXI_inst/u_crypto_bridge_top/key_lfsr_reg[4]
  -------------------------------------------------------------------
                         required time                         -1.303    
                         arrival time                           1.355    
  -------------------------------------------------------------------
                         slack                                  0.052    

Slack (MET) :             0.053ns  (arrival time - required time)
  Source:                 udp_gateway_shadow_mirror_i/crypto_accel_axi_0/inst/u_design1_crypto_accel_axi/crypto_accel_axi_slave_lite_v1_0_S00_AXI_inst/u_crypto_bridge_top/key_lfsr_reg[167]/C
                            (rising edge-triggered cell FDCE clocked by clk_fpga_0  {rise@0.000ns fall@10.000ns period=20.000ns})
  Destination:            udp_gateway_shadow_mirror_i/crypto_accel_axi_0/inst/u_design1_crypto_accel_axi/crypto_accel_axi_slave_lite_v1_0_S00_AXI_inst/u_crypto_bridge_top/key_mask_hi_reg_reg[39]/D
                            (rising edge-triggered cell FDCE clocked by clk_fpga_0  {rise@0.000ns fall@10.000ns period=20.000ns})
  Path Group:             clk_fpga_0
  Path Type:              Hold (Min at Fast Process Corner)
  Requirement:            0.000ns  (clk_fpga_0 rise@0.000ns - clk_fpga_0 rise@0.000ns)
  Data Path Delay:        0.335ns  (logic 0.148ns (44.185%)  route 0.187ns (55.815%))
  Logic Levels:           0  
  Clock Path Skew:        0.265ns (DCD - SCD - CPR)
    Destination Clock Delay (DCD):    1.264ns
    Source Clock Delay      (SCD):    0.960ns
    Clock Pessimism Removal (CPR):    0.039ns

    Location             Delay type                Incr(ns)  Path(ns)    Netlist Resource(s)
  -------------------------------------------------------------------    -------------------
                         (clock clk_fpga_0 rise edge)
                                                      0.000     0.000 r  
    PS7_X0Y0             PS7                          0.000     0.000 r  udp_gateway_shadow_mirror_i/processing_system7_0/inst/PS7_i/FCLKCLK[0]
                         net (fo=1, routed)           0.310     0.310    udp_gateway_shadow_mirror_i/processing_system7_0/inst/FCLK_CLK_unbuffered[0]
    BUFGCTRL_X0Y17       BUFG (Prop_bufg_I_O)         0.026     0.336 r  udp_gateway_shadow_mirror_i/processing_system7_0/inst/buffer_fclk_clk_0.FCLK_CLK_0_BUFG/O
                         net (fo=54559, routed)       0.624     0.960    udp_gateway_shadow_mirror_i/crypto_accel_axi_0/inst/u_design1_crypto_accel_axi/crypto_accel_axi_slave_lite_v1_0_S00_AXI_inst/u_crypto_bridge_top/s00_axi_aclk
    SLICE_X50Y127        FDCE                                         r  udp_gateway_shadow_mirror_i/crypto_accel_axi_0/inst/u_design1_crypto_accel_axi/crypto_accel_axi_slave_lite_v1_0_S00_AXI_inst/u_crypto_bridge_top/key_lfsr_reg[167]/C
  -------------------------------------------------------------------    -------------------
    SLICE_X50Y127        FDCE (Prop_fdce_C_Q)         0.148     1.108 r  udp_gateway_shadow_mirror_i/crypto_accel_axi_0/inst/u_design1_crypto_accel_axi/crypto_accel_axi_slave_lite_v1_0_S00_AXI_inst/u_crypto_bridge_top/key_lfsr_reg[167]/Q
                         net (fo=3, routed)           0.187     1.295    udp_gateway_shadow_mirror_i/crypto_accel_axi_0/inst/u_design1_crypto_accel_axi/crypto_accel_axi_slave_lite_v1_0_S00_AXI_inst/u_crypto_bridge_top/p_0_in[39]
    SLICE_X47Y128        FDCE                                         r  udp_gateway_shadow_mirror_i/crypto_accel_axi_0/inst/u_design1_crypto_accel_axi/crypto_accel_axi_slave_lite_v1_0_S00_AXI_inst/u_crypto_bridge_top/key_mask_hi_reg_reg[39]/D
  -------------------------------------------------------------------    -------------------

                         (clock clk_fpga_0 rise edge)
                                                      0.000     0.000 r  
    PS7_X0Y0             PS7                          0.000     0.000 r  udp_gateway_shadow_mirror_i/processing_system7_0/inst/PS7_i/FCLKCLK[0]
                         net (fo=1, routed)           0.337     0.337    udp_gateway_shadow_mirror_i/processing_system7_0/inst/FCLK_CLK_unbuffered[0]
    BUFGCTRL_X0Y17       BUFG (Prop_bufg_I_O)         0.029     0.366 r  udp_gateway_shadow_mirror_i/processing_system7_0/inst/buffer_fclk_clk_0.FCLK_CLK_0_BUFG/O
                         net (fo=54559, routed)       0.898     1.264    udp_gateway_shadow_mirror_i/crypto_accel_axi_0/inst/u_design1_crypto_accel_axi/crypto_accel_axi_slave_lite_v1_0_S00_AXI_inst/u_crypto_bridge_top/s00_axi_aclk
    SLICE_X47Y128        FDCE                                         r  udp_gateway_shadow_mirror_i/crypto_accel_axi_0/inst/u_design1_crypto_accel_axi/crypto_accel_axi_slave_lite_v1_0_S00_AXI_inst/u_crypto_bridge_top/key_mask_hi_reg_reg[39]/C
                         clock pessimism             -0.039     1.225    
    SLICE_X47Y128        FDCE (Hold_fdce_C_D)         0.017     1.242    udp_gateway_shadow_mirror_i/crypto_accel_axi_0/inst/u_design1_crypto_accel_axi/crypto_accel_axi_slave_lite_v1_0_S00_AXI_inst/u_crypto_bridge_top/key_mask_hi_reg_reg[39]
  -------------------------------------------------------------------
                         required time                         -1.242    
                         arrival time                           1.295    
  -------------------------------------------------------------------
                         slack                                  0.053    

Slack (MET) :             0.057ns  (arrival time - required time)
  Source:                 udp_gateway_shadow_mirror_i/crypto_accel_axi_0/inst/u_design1_crypto_accel_axi/crypto_accel_axi_slave_lite_v1_0_S00_AXI_inst/u_crypto_bridge_top/key_shadow_lo_reg_reg[107]/C
                            (rising edge-triggered cell FDCE clocked by clk_fpga_0  {rise@0.000ns fall@10.000ns period=20.000ns})
  Destination:            udp_gateway_shadow_mirror_i/crypto_accel_axi_0/inst/u_design1_crypto_accel_axi/crypto_accel_axi_slave_lite_v1_0_S00_AXI_inst/u_crypto_bridge_top/gen_crypto_cores[0].u_sm4/u_key/reg_user_key_reg[107]/D
                            (rising edge-triggered cell FDCE clocked by clk_fpga_0  {rise@0.000ns fall@10.000ns period=20.000ns})
  Path Group:             clk_fpga_0
  Path Type:              Hold (Min at Fast Process Corner)
  Requirement:            0.000ns  (clk_fpga_0 rise@0.000ns - clk_fpga_0 rise@0.000ns)
  Data Path Delay:        0.496ns  (logic 0.186ns (37.514%)  route 0.310ns (62.486%))
  Logic Levels:           1  (LUT2=1)
  Clock Path Skew:        0.347ns (DCD - SCD - CPR)
    Destination Clock Delay (DCD):    1.275ns
    Source Clock Delay      (SCD):    0.893ns
    Clock Pessimism Removal (CPR):    0.035ns

    Location             Delay type                Incr(ns)  Path(ns)    Netlist Resource(s)
  -------------------------------------------------------------------    -------------------
                         (clock clk_fpga_0 rise edge)
                                                      0.000     0.000 r  
    PS7_X0Y0             PS7                          0.000     0.000 r  udp_gateway_shadow_mirror_i/processing_system7_0/inst/PS7_i/FCLKCLK[0]
                         net (fo=1, routed)           0.310     0.310    udp_gateway_shadow_mirror_i/processing_system7_0/inst/FCLK_CLK_unbuffered[0]
    BUFGCTRL_X0Y17       BUFG (Prop_bufg_I_O)         0.026     0.336 r  udp_gateway_shadow_mirror_i/processing_system7_0/inst/buffer_fclk_clk_0.FCLK_CLK_0_BUFG/O
                         net (fo=54559, routed)       0.557     0.893    udp_gateway_shadow_mirror_i/crypto_accel_axi_0/inst/u_design1_crypto_accel_axi/crypto_accel_axi_slave_lite_v1_0_S00_AXI_inst/u_crypto_bridge_top/s00_axi_aclk
    SLICE_X39Y99         FDCE                                         r  udp_gateway_shadow_mirror_i/crypto_accel_axi_0/inst/u_design1_crypto_accel_axi/crypto_accel_axi_slave_lite_v1_0_S00_AXI_inst/u_crypto_bridge_top/key_shadow_lo_reg_reg[107]/C
  -------------------------------------------------------------------    -------------------
    SLICE_X39Y99         FDCE (Prop_fdce_C_Q)         0.141     1.034 r  udp_gateway_shadow_mirror_i/crypto_accel_axi_0/inst/u_design1_crypto_accel_axi/crypto_accel_axi_slave_lite_v1_0_S00_AXI_inst/u_crypto_bridge_top/key_shadow_lo_reg_reg[107]/Q
                         net (fo=3, routed)           0.310     1.343    udp_gateway_shadow_mirror_i/crypto_accel_axi_0/inst/u_design1_crypto_accel_axi/crypto_accel_axi_slave_lite_v1_0_S00_AXI_inst/u_crypto_bridge_top/gen_crypto_cores[0].u_sm4/u_key/reg_user_key_reg[127]_0[67]
    SLICE_X41Y108        LUT2 (Prop_lut2_I1_O)        0.045     1.388 r  udp_gateway_shadow_mirror_i/crypto_accel_axi_0/inst/u_design1_crypto_accel_axi/crypto_accel_axi_slave_lite_v1_0_S00_AXI_inst/u_crypto_bridge_top/gen_crypto_cores[0].u_sm4/u_key/reg_user_key[107]_i_1/O
                         net (fo=1, routed)           0.000     1.388    udp_gateway_shadow_mirror_i/crypto_accel_axi_0/inst/u_design1_crypto_accel_axi/crypto_accel_axi_slave_lite_v1_0_S00_AXI_inst/u_crypto_bridge_top/gen_crypto_cores[0].u_sm4/u_key/reg_user_key[107]_i_1_n_0
    SLICE_X41Y108        FDCE                                         r  udp_gateway_shadow_mirror_i/crypto_accel_axi_0/inst/u_design1_crypto_accel_axi/crypto_accel_axi_slave_lite_v1_0_S00_AXI_inst/u_crypto_bridge_top/gen_crypto_cores[0].u_sm4/u_key/reg_user_key_reg[107]/D
  -------------------------------------------------------------------    -------------------

                         (clock clk_fpga_0 rise edge)
                                                      0.000     0.000 r  
    PS7_X0Y0             PS7                          0.000     0.000 r  udp_gateway_shadow_mirror_i/processing_system7_0/inst/PS7_i/FCLKCLK[0]
                         net (fo=1, routed)           0.337     0.337    udp_gateway_shadow_mirror_i/processing_system7_0/inst/FCLK_CLK_unbuffered[0]
    BUFGCTRL_X0Y17       BUFG (Prop_bufg_I_O)         0.029     0.366 r  udp_gateway_shadow_mirror_i/processing_system7_0/inst/buffer_fclk_clk_0.FCLK_CLK_0_BUFG/O
                         net (fo=54559, routed)       0.909     1.275    udp_gateway_shadow_mirror_i/crypto_accel_axi_0/inst/u_design1_crypto_accel_axi/crypto_accel_axi_slave_lite_v1_0_S00_AXI_inst/u_crypto_bridge_top/gen_crypto_cores[0].u_sm4/u_key/s00_axi_aclk
    SLICE_X41Y108        FDCE                                         r  udp_gateway_shadow_mirror_i/crypto_accel_axi_0/inst/u_design1_crypto_accel_axi/crypto_accel_axi_slave_lite_v1_0_S00_AXI_inst/u_crypto_bridge_top/gen_crypto_cores[0].u_sm4/u_key/reg_user_key_reg[107]/C
                         clock pessimism             -0.035     1.240    
    SLICE_X41Y108        FDCE (Hold_fdce_C_D)         0.092     1.332    udp_gateway_shadow_mirror_i/crypto_accel_axi_0/inst/u_design1_crypto_accel_axi/crypto_accel_axi_slave_lite_v1_0_S00_AXI_inst/u_crypto_bridge_top/gen_crypto_cores[0].u_sm4/u_key/reg_user_key_reg[107]
  -------------------------------------------------------------------
                         required time                         -1.332    
                         arrival time                           1.388    
  -------------------------------------------------------------------
                         slack                                  0.057    

Slack (MET) :             0.058ns  (arrival time - required time)
  Source:                 udp_gateway_shadow_mirror_i/dma_gateway_hybrid_0/inst/i_hybrid_dma/u_csr/reg_key0_reg[7]/C
                            (rising edge-triggered cell FDCE clocked by clk_fpga_0  {rise@0.000ns fall@10.000ns period=20.000ns})
  Destination:            udp_gateway_shadow_mirror_i/dma_gateway_hybrid_0/inst/i_hybrid_dma/u_crypto_bridge/key_shadow_lo_reg_reg[7]/D
                            (rising edge-triggered cell FDCE clocked by clk_fpga_0  {rise@0.000ns fall@10.000ns period=20.000ns})
  Path Group:             clk_fpga_0
  Path Type:              Hold (Min at Fast Process Corner)
  Requirement:            0.000ns  (clk_fpga_0 rise@0.000ns - clk_fpga_0 rise@0.000ns)
  Data Path Delay:        0.409ns  (logic 0.226ns (55.236%)  route 0.183ns (44.764%))
  Logic Levels:           1  (LUT2=1)
  Clock Path Skew:        0.259ns (DCD - SCD - CPR)
    Destination Clock Delay (DCD):    1.189ns
    Source Clock Delay      (SCD):    0.895ns
    Clock Pessimism Removal (CPR):    0.035ns

    Location             Delay type                Incr(ns)  Path(ns)    Netlist Resource(s)
  -------------------------------------------------------------------    -------------------
                         (clock clk_fpga_0 rise edge)
                                                      0.000     0.000 r  
    PS7_X0Y0             PS7                          0.000     0.000 r  udp_gateway_shadow_mirror_i/processing_system7_0/inst/PS7_i/FCLKCLK[0]
                         net (fo=1, routed)           0.310     0.310    udp_gateway_shadow_mirror_i/processing_system7_0/inst/FCLK_CLK_unbuffered[0]
    BUFGCTRL_X0Y17       BUFG (Prop_bufg_I_O)         0.026     0.336 r  udp_gateway_shadow_mirror_i/processing_system7_0/inst/buffer_fclk_clk_0.FCLK_CLK_0_BUFG/O
                         net (fo=54559, routed)       0.559     0.895    udp_gateway_shadow_mirror_i/dma_gateway_hybrid_0/inst/i_hybrid_dma/u_csr/clk
    SLICE_X48Y10         FDCE                                         r  udp_gateway_shadow_mirror_i/dma_gateway_hybrid_0/inst/i_hybrid_dma/u_csr/reg_key0_reg[7]/C
  -------------------------------------------------------------------    -------------------
    SLICE_X48Y10         FDCE (Prop_fdce_C_Q)         0.128     1.023 r  udp_gateway_shadow_mirror_i/dma_gateway_hybrid_0/inst/i_hybrid_dma/u_csr/reg_key0_reg[7]/Q
                         net (fo=2, routed)           0.183     1.206    udp_gateway_shadow_mirror_i/dma_gateway_hybrid_0/inst/i_hybrid_dma/u_crypto_bridge/i_key[7]
    SLICE_X52Y10         LUT2 (Prop_lut2_I0_O)        0.098     1.304 r  udp_gateway_shadow_mirror_i/dma_gateway_hybrid_0/inst/i_hybrid_dma/u_crypto_bridge/key_shadow_lo_reg[7]_i_1/O
                         net (fo=1, routed)           0.000     1.304    udp_gateway_shadow_mirror_i/dma_gateway_hybrid_0/inst/i_hybrid_dma/u_crypto_bridge/key_shadow_lo_reg0[7]
    SLICE_X52Y10         FDCE                                         r  udp_gateway_shadow_mirror_i/dma_gateway_hybrid_0/inst/i_hybrid_dma/u_crypto_bridge/key_shadow_lo_reg_reg[7]/D
  -------------------------------------------------------------------    -------------------

                         (clock clk_fpga_0 rise edge)
                                                      0.000     0.000 r  
    PS7_X0Y0             PS7                          0.000     0.000 r  udp_gateway_shadow_mirror_i/processing_system7_0/inst/PS7_i/FCLKCLK[0]
                         net (fo=1, routed)           0.337     0.337    udp_gateway_shadow_mirror_i/processing_system7_0/inst/FCLK_CLK_unbuffered[0]
    BUFGCTRL_X0Y17       BUFG (Prop_bufg_I_O)         0.029     0.366 r  udp_gateway_shadow_mirror_i/processing_system7_0/inst/buffer_fclk_clk_0.FCLK_CLK_0_BUFG/O
                         net (fo=54559, routed)       0.823     1.189    udp_gateway_shadow_mirror_i/dma_gateway_hybrid_0/inst/i_hybrid_dma/u_crypto_bridge/clk
    SLICE_X52Y10         FDCE                                         r  udp_gateway_shadow_mirror_i/dma_gateway_hybrid_0/inst/i_hybrid_dma/u_crypto_bridge/key_shadow_lo_reg_reg[7]/C
                         clock pessimism             -0.035     1.154    
    SLICE_X52Y10         FDCE (Hold_fdce_C_D)         0.092     1.246    udp_gateway_shadow_mirror_i/dma_gateway_hybrid_0/inst/i_hybrid_dma/u_crypto_bridge/key_shadow_lo_reg_reg[7]
  -------------------------------------------------------------------
                         required time                         -1.246    
                         arrival time                           1.304    
  -------------------------------------------------------------------
                         slack                                  0.058    

Slack (MET) :             0.059ns  (arrival time - required time)
  Source:                 udp_gateway_shadow_mirror_i/crypto_accel_axi_0/inst/u_design1_crypto_accel_axi/crypto_accel_axi_slave_lite_v1_0_S00_AXI_inst/u_crypto_bridge_top/key_lfsr_reg[67]/C
                            (rising edge-triggered cell FDCE clocked by clk_fpga_0  {rise@0.000ns fall@10.000ns period=20.000ns})
  Destination:            udp_gateway_shadow_mirror_i/crypto_accel_axi_0/inst/u_design1_crypto_accel_axi/crypto_accel_axi_slave_lite_v1_0_S00_AXI_inst/u_crypto_bridge_top/key_mask_lo_reg_reg[67]/D
                            (rising edge-triggered cell FDCE clocked by clk_fpga_0  {rise@0.000ns fall@10.000ns period=20.000ns})
  Path Group:             clk_fpga_0
  Path Type:              Hold (Min at Fast Process Corner)
  Requirement:            0.000ns  (clk_fpga_0 rise@0.000ns - clk_fpga_0 rise@0.000ns)
  Data Path Delay:        0.400ns  (logic 0.141ns (35.216%)  route 0.259ns (64.784%))
  Logic Levels:           0  
  Clock Path Skew:        0.266ns (DCD - SCD - CPR)
    Destination Clock Delay (DCD):    1.265ns
    Source Clock Delay      (SCD):    0.960ns
    Clock Pessimism Removal (CPR):    0.039ns

    Location             Delay type                Incr(ns)  Path(ns)    Netlist Resource(s)
  -------------------------------------------------------------------    -------------------
                         (clock clk_fpga_0 rise edge)
                                                      0.000     0.000 r  
    PS7_X0Y0             PS7                          0.000     0.000 r  udp_gateway_shadow_mirror_i/processing_system7_0/inst/PS7_i/FCLKCLK[0]
                         net (fo=1, routed)           0.310     0.310    udp_gateway_shadow_mirror_i/processing_system7_0/inst/FCLK_CLK_unbuffered[0]
    BUFGCTRL_X0Y17       BUFG (Prop_bufg_I_O)         0.026     0.336 r  udp_gateway_shadow_mirror_i/processing_system7_0/inst/buffer_fclk_clk_0.FCLK_CLK_0_BUFG/O
                         net (fo=54559, routed)       0.624     0.960    udp_gateway_shadow_mirror_i/crypto_accel_axi_0/inst/u_design1_crypto_accel_axi/crypto_accel_axi_slave_lite_v1_0_S00_AXI_inst/u_crypto_bridge_top/s00_axi_aclk
    SLICE_X53Y121        FDCE                                         r  udp_gateway_shadow_mirror_i/crypto_accel_axi_0/inst/u_design1_crypto_accel_axi/crypto_accel_axi_slave_lite_v1_0_S00_AXI_inst/u_crypto_bridge_top/key_lfsr_reg[67]/C
  -------------------------------------------------------------------    -------------------
    SLICE_X53Y121        FDCE (Prop_fdce_C_Q)         0.141     1.101 r  udp_gateway_shadow_mirror_i/crypto_accel_axi_0/inst/u_design1_crypto_accel_axi/crypto_accel_axi_slave_lite_v1_0_S00_AXI_inst/u_crypto_bridge_top/key_lfsr_reg[67]/Q
                         net (fo=3, routed)           0.259     1.360    udp_gateway_shadow_mirror_i/crypto_accel_axi_0/inst/u_design1_crypto_accel_axi/crypto_accel_axi_slave_lite_v1_0_S00_AXI_inst/u_crypto_bridge_top/key_lfsr_reg_n_0_[67]
    SLICE_X47Y120        FDCE                                         r  udp_gateway_shadow_mirror_i/crypto_accel_axi_0/inst/u_design1_crypto_accel_axi/crypto_accel_axi_slave_lite_v1_0_S00_AXI_inst/u_crypto_bridge_top/key_mask_lo_reg_reg[67]/D
  -------------------------------------------------------------------    -------------------

                         (clock clk_fpga_0 rise edge)
                                                      0.000     0.000 r  
    PS7_X0Y0             PS7                          0.000     0.000 r  udp_gateway_shadow_mirror_i/processing_system7_0/inst/PS7_i/FCLKCLK[0]
                         net (fo=1, routed)           0.337     0.337    udp_gateway_shadow_mirror_i/processing_system7_0/inst/FCLK_CLK_unbuffered[0]
    BUFGCTRL_X0Y17       BUFG (Prop_bufg_I_O)         0.029     0.366 r  udp_gateway_shadow_mirror_i/processing_system7_0/inst/buffer_fclk_clk_0.FCLK_CLK_0_BUFG/O
                         net (fo=54559, routed)       0.899     1.265    udp_gateway_shadow_mirror_i/crypto_accel_axi_0/inst/u_design1_crypto_accel_axi/crypto_accel_axi_slave_lite_v1_0_S00_AXI_inst/u_crypto_bridge_top/s00_axi_aclk
    SLICE_X47Y120        FDCE                                         r  udp_gateway_shadow_mirror_i/crypto_accel_axi_0/inst/u_design1_crypto_accel_axi/crypto_accel_axi_slave_lite_v1_0_S00_AXI_inst/u_crypto_bridge_top/key_mask_lo_reg_reg[67]/C
                         clock pessimism             -0.039     1.226    
    SLICE_X47Y120        FDCE (Hold_fdce_C_D)         0.075     1.301    udp_gateway_shadow_mirror_i/crypto_accel_axi_0/inst/u_design1_crypto_accel_axi/crypto_accel_axi_slave_lite_v1_0_S00_AXI_inst/u_crypto_bridge_top/key_mask_lo_reg_reg[67]
  -------------------------------------------------------------------
                         required time                         -1.301    
                         arrival time                           1.360    
  -------------------------------------------------------------------
                         slack                                  0.059    

Slack (MET) :             0.061ns  (arrival time - required time)
  Source:                 udp_gateway_shadow_mirror_i/crypto_accel_axi_0/inst/u_design1_crypto_accel_axi/crypto_accel_axi_slave_lite_v1_0_S00_AXI_inst/u_crypto_bridge_top/gen_crypto_cores[0].u_aes/keymem/FSM_onehot_key_mem_ctrl_reg_reg[1]/C
                            (rising edge-triggered cell FDCE clocked by clk_fpga_0  {rise@0.000ns fall@10.000ns period=20.000ns})
  Destination:            udp_gateway_shadow_mirror_i/crypto_accel_axi_0/inst/u_design1_crypto_accel_axi/crypto_accel_axi_slave_lite_v1_0_S00_AXI_inst/u_crypto_bridge_top/gen_crypto_cores[0].u_aes/keymem/FSM_onehot_key_mem_ctrl_reg_reg[2]/D
                            (rising edge-triggered cell FDCE clocked by clk_fpga_0  {rise@0.000ns fall@10.000ns period=20.000ns})
  Path Group:             clk_fpga_0
  Path Type:              Hold (Min at Fast Process Corner)
  Requirement:            0.000ns  (clk_fpga_0 rise@0.000ns - clk_fpga_0 rise@0.000ns)
  Data Path Delay:        0.405ns  (logic 0.141ns (34.828%)  route 0.264ns (65.172%))
  Logic Levels:           0  
  Clock Path Skew:        0.269ns (DCD - SCD - CPR)
    Destination Clock Delay (DCD):    1.271ns
    Source Clock Delay      (SCD):    0.963ns
    Clock Pessimism Removal (CPR):    0.039ns

    Location             Delay type                Incr(ns)  Path(ns)    Netlist Resource(s)
  -------------------------------------------------------------------    -------------------
                         (clock clk_fpga_0 rise edge)
                                                      0.000     0.000 r  
    PS7_X0Y0             PS7                          0.000     0.000 r  udp_gateway_shadow_mirror_i/processing_system7_0/inst/PS7_i/FCLKCLK[0]
                         net (fo=1, routed)           0.310     0.310    udp_gateway_shadow_mirror_i/processing_system7_0/inst/FCLK_CLK_unbuffered[0]
    BUFGCTRL_X0Y17       BUFG (Prop_bufg_I_O)         0.026     0.336 r  udp_gateway_shadow_mirror_i/processing_system7_0/inst/buffer_fclk_clk_0.FCLK_CLK_0_BUFG/O
                         net (fo=54559, routed)       0.627     0.963    udp_gateway_shadow_mirror_i/crypto_accel_axi_0/inst/u_design1_crypto_accel_axi/crypto_accel_axi_slave_lite_v1_0_S00_AXI_inst/u_crypto_bridge_top/gen_crypto_cores[0].u_aes/keymem/s00_axi_aclk
    SLICE_X52Y131        FDCE                                         r  udp_gateway_shadow_mirror_i/crypto_accel_axi_0/inst/u_design1_crypto_accel_axi/crypto_accel_axi_slave_lite_v1_0_S00_AXI_inst/u_crypto_bridge_top/gen_crypto_cores[0].u_aes/keymem/FSM_onehot_key_mem_ctrl_reg_reg[1]/C
  -------------------------------------------------------------------    -------------------
    SLICE_X52Y131        FDCE (Prop_fdce_C_Q)         0.141     1.104 r  udp_gateway_shadow_mirror_i/crypto_accel_axi_0/inst/u_design1_crypto_accel_axi/crypto_accel_axi_slave_lite_v1_0_S00_AXI_inst/u_crypto_bridge_top/gen_crypto_cores[0].u_aes/keymem/FSM_onehot_key_mem_ctrl_reg_reg[1]/Q
                         net (fo=7, routed)           0.264     1.368    udp_gateway_shadow_mirror_i/crypto_accel_axi_0/inst/u_design1_crypto_accel_axi/crypto_accel_axi_slave_lite_v1_0_S00_AXI_inst/u_crypto_bridge_top/gen_crypto_cores[0].u_aes/keymem/round_ctr_rst
    SLICE_X49Y136        FDCE                                         r  udp_gateway_shadow_mirror_i/crypto_accel_axi_0/inst/u_design1_crypto_accel_axi/crypto_accel_axi_slave_lite_v1_0_S00_AXI_inst/u_crypto_bridge_top/gen_crypto_cores[0].u_aes/keymem/FSM_onehot_key_mem_ctrl_reg_reg[2]/D
  -------------------------------------------------------------------    -------------------

                         (clock clk_fpga_0 rise edge)
                                                      0.000     0.000 r  
    PS7_X0Y0             PS7                          0.000     0.000 r  udp_gateway_shadow_mirror_i/processing_system7_0/inst/PS7_i/FCLKCLK[0]
                         net (fo=1, routed)           0.337     0.337    udp_gateway_shadow_mirror_i/processing_system7_0/inst/FCLK_CLK_unbuffered[0]
    BUFGCTRL_X0Y17       BUFG (Prop_bufg_I_O)         0.029     0.366 r  udp_gateway_shadow_mirror_i/processing_system7_0/inst/buffer_fclk_clk_0.FCLK_CLK_0_BUFG/O
                         net (fo=54559, routed)       0.905     1.271    udp_gateway_shadow_mirror_i/crypto_accel_axi_0/inst/u_design1_crypto_accel_axi/crypto_accel_axi_slave_lite_v1_0_S00_AXI_inst/u_crypto_bridge_top/gen_crypto_cores[0].u_aes/keymem/s00_axi_aclk
    SLICE_X49Y136        FDCE                                         r  udp_gateway_shadow_mirror_i/crypto_accel_axi_0/inst/u_design1_crypto_accel_axi/crypto_accel_axi_slave_lite_v1_0_S00_AXI_inst/u_crypto_bridge_top/gen_crypto_cores[0].u_aes/keymem/FSM_onehot_key_mem_ctrl_reg_reg[2]/C
                         clock pessimism             -0.039     1.232    
    SLICE_X49Y136        FDCE (Hold_fdce_C_D)         0.075     1.307    udp_gateway_shadow_mirror_i/crypto_accel_axi_0/inst/u_design1_crypto_accel_axi/crypto_accel_axi_slave_lite_v1_0_S00_AXI_inst/u_crypto_bridge_top/gen_crypto_cores[0].u_aes/keymem/FSM_onehot_key_mem_ctrl_reg_reg[2]
  -------------------------------------------------------------------
                         required time                         -1.307    
                         arrival time                           1.368    
  -------------------------------------------------------------------
                         slack                                  0.061    





Pulse Width Checks
--------------------------------------------------------------------------------------
Clock Name:         clk_fpga_0
Waveform(ns):       { 0.000 10.000 }
Period(ns):         20.000
Sources:            { udp_gateway_shadow_mirror_i/processing_system7_0/inst/PS7_i/FCLKCLK[0] }

Check Type        Corner  Lib Pin             Reference Pin  Required(ns)  Actual(ns)  Slack(ns)  Location      Pin
Min Period        n/a     RAMB36E1/CLKARDCLK  n/a            2.944         20.000      17.056     RAMB36_X1Y7   udp_gateway_shadow_mirror_i/dma_gateway_hybrid_0/inst/u_shadow_acl_filter/u_acl/bram_way0_reg_0/CLKARDCLK
Min Period        n/a     RAMB36E1/CLKARDCLK  n/a            2.944         20.000      17.056     RAMB36_X1Y3   udp_gateway_shadow_mirror_i/dma_gateway_hybrid_0/inst/u_shadow_acl_filter/u_acl/bram_way0_reg_1/CLKARDCLK
Min Period        n/a     RAMB36E1/CLKARDCLK  n/a            2.944         20.000      17.056     RAMB36_X2Y9   udp_gateway_shadow_mirror_i/dma_gateway_hybrid_0/inst/u_shadow_acl_filter/u_acl/bram_way0_reg_10/CLKARDCLK
Min Period        n/a     RAMB36E1/CLKARDCLK  n/a            2.944         20.000      17.056     RAMB36_X1Y9   udp_gateway_shadow_mirror_i/dma_gateway_hybrid_0/inst/u_shadow_acl_filter/u_acl/bram_way0_reg_11/CLKARDCLK
Min Period        n/a     RAMB36E1/CLKARDCLK  n/a            2.944         20.000      17.056     RAMB36_X1Y6   udp_gateway_shadow_mirror_i/dma_gateway_hybrid_0/inst/u_shadow_acl_filter/u_acl/bram_way0_reg_2/CLKARDCLK
Min Period        n/a     RAMB36E1/CLKARDCLK  n/a            2.944         20.000      17.056     RAMB36_X2Y4   udp_gateway_shadow_mirror_i/dma_gateway_hybrid_0/inst/u_shadow_acl_filter/u_acl/bram_way0_reg_3/CLKARDCLK
Min Period        n/a     RAMB36E1/CLKARDCLK  n/a            2.944         20.000      17.056     RAMB36_X2Y6   udp_gateway_shadow_mirror_i/dma_gateway_hybrid_0/inst/u_shadow_acl_filter/u_acl/bram_way0_reg_4/CLKARDCLK
Min Period        n/a     RAMB36E1/CLKARDCLK  n/a            2.944         20.000      17.056     RAMB36_X3Y8   udp_gateway_shadow_mirror_i/dma_gateway_hybrid_0/inst/u_shadow_acl_filter/u_acl/bram_way0_reg_5/CLKARDCLK
Min Period        n/a     RAMB36E1/CLKARDCLK  n/a            2.944         20.000      17.056     RAMB36_X1Y5   udp_gateway_shadow_mirror_i/dma_gateway_hybrid_0/inst/u_shadow_acl_filter/u_acl/bram_way0_reg_6/CLKARDCLK
Min Period        n/a     RAMB36E1/CLKARDCLK  n/a            2.944         20.000      17.056     RAMB36_X0Y7   udp_gateway_shadow_mirror_i/dma_gateway_hybrid_0/inst/u_shadow_acl_filter/u_acl/bram_way0_reg_7/CLKARDCLK
Low Pulse Width   Slow    RAMD32/CLK          n/a            1.250         10.000      8.750      SLICE_X66Y55  udp_gateway_shadow_mirror_i/axi_mem_intercon/m00_couplers/auto_pc/inst/gen_axi4_axi3.axi3_conv_inst/USE_READ.USE_SPLIT_R.read_addr_inst/USE_R_CHANNEL.cmd_queue/inst/fifo_gen_inst/inst_fifo_gen/gconvfifo.rf/grf.rf/gntv_or_sync_fifo.mem/gdm.dm_gen.dm/RAM_reg_0_31_0_0/DP/CLK
Low Pulse Width   Fast    RAMD32/CLK          n/a            1.250         10.000      8.750      SLICE_X66Y55  udp_gateway_shadow_mirror_i/axi_mem_intercon/m00_couplers/auto_pc/inst/gen_axi4_axi3.axi3_conv_inst/USE_READ.USE_SPLIT_R.read_addr_inst/USE_R_CHANNEL.cmd_queue/inst/fifo_gen_inst/inst_fifo_gen/gconvfifo.rf/grf.rf/gntv_or_sync_fifo.mem/gdm.dm_gen.dm/RAM_reg_0_31_0_0/DP/CLK
Low Pulse Width   Slow    RAMD32/CLK          n/a            1.250         10.000      8.750      SLICE_X66Y55  udp_gateway_shadow_mirror_i/axi_mem_intercon/m00_couplers/auto_pc/inst/gen_axi4_axi3.axi3_conv_inst/USE_READ.USE_SPLIT_R.read_addr_inst/USE_R_CHANNEL.cmd_queue/inst/fifo_gen_inst/inst_fifo_gen/gconvfifo.rf/grf.rf/gntv_or_sync_fifo.mem/gdm.dm_gen.dm/RAM_reg_0_31_0_0/SP/CLK
Low Pulse Width   Fast    RAMD32/CLK          n/a            1.250         10.000      8.750      SLICE_X66Y55  udp_gateway_shadow_mirror_i/axi_mem_intercon/m00_couplers/auto_pc/inst/gen_axi4_axi3.axi3_conv_inst/USE_READ.USE_SPLIT_R.read_addr_inst/USE_R_CHANNEL.cmd_queue/inst/fifo_gen_inst/inst_fifo_gen/gconvfifo.rf/grf.rf/gntv_or_sync_fifo.mem/gdm.dm_gen.dm/RAM_reg_0_31_0_0/SP/CLK
Low Pulse Width   Slow    RAMD32/CLK          n/a            1.250         10.000      8.750      SLICE_X42Y57  udp_gateway_shadow_mirror_i/axi_mem_intercon/m00_couplers/auto_pc/inst/gen_axi4_axi3.axi3_conv_inst/USE_WRITE.write_addr_inst/USE_BURSTS.cmd_queue/inst/fifo_gen_inst/inst_fifo_gen/gconvfifo.rf/grf.rf/gntv_or_sync_fifo.mem/gdm.dm_gen.dm/RAM_reg_0_31_0_5/RAMA/CLK
Low Pulse Width   Fast    RAMD32/CLK          n/a            1.250         10.000      8.750      SLICE_X42Y57  udp_gateway_shadow_mirror_i/axi_mem_intercon/m00_couplers/auto_pc/inst/gen_axi4_axi3.axi3_conv_inst/USE_WRITE.write_addr_inst/USE_BURSTS.cmd_queue/inst/fifo_gen_inst/inst_fifo_gen/gconvfifo.rf/grf.rf/gntv_or_sync_fifo.mem/gdm.dm_gen.dm/RAM_reg_0_31_0_5/RAMA/CLK
Low Pulse Width   Slow    RAMD32/CLK          n/a            1.250         10.000      8.750      SLICE_X42Y57  udp_gateway_shadow_mirror_i/axi_mem_intercon/m00_couplers/auto_pc/inst/gen_axi4_axi3.axi3_conv_inst/USE_WRITE.write_addr_inst/USE_BURSTS.cmd_queue/inst/fifo_gen_inst/inst_fifo_gen/gconvfifo.rf/grf.rf/gntv_or_sync_fifo.mem/gdm.dm_gen.dm/RAM_reg_0_31_0_5/RAMA_D1/CLK
Low Pulse Width   Fast    RAMD32/CLK          n/a            1.250         10.000      8.750      SLICE_X42Y57  udp_gateway_shadow_mirror_i/axi_mem_intercon/m00_couplers/auto_pc/inst/gen_axi4_axi3.axi3_conv_inst/USE_WRITE.write_addr_inst/USE_BURSTS.cmd_queue/inst/fifo_gen_inst/inst_fifo_gen/gconvfifo.rf/grf.rf/gntv_or_sync_fifo.mem/gdm.dm_gen.dm/RAM_reg_0_31_0_5/RAMA_D1/CLK
Low Pulse Width   Slow    RAMD32/CLK          n/a            1.250         10.000      8.750      SLICE_X42Y57  udp_gateway_shadow_mirror_i/axi_mem_intercon/m00_couplers/auto_pc/inst/gen_axi4_axi3.axi3_conv_inst/USE_WRITE.write_addr_inst/USE_BURSTS.cmd_queue/inst/fifo_gen_inst/inst_fifo_gen/gconvfifo.rf/grf.rf/gntv_or_sync_fifo.mem/gdm.dm_gen.dm/RAM_reg_0_31_0_5/RAMB/CLK
Low Pulse Width   Fast    RAMD32/CLK          n/a            1.250         10.000      8.750      SLICE_X42Y57  udp_gateway_shadow_mirror_i/axi_mem_intercon/m00_couplers/auto_pc/inst/gen_axi4_axi3.axi3_conv_inst/USE_WRITE.write_addr_inst/USE_BURSTS.cmd_queue/inst/fifo_gen_inst/inst_fifo_gen/gconvfifo.rf/grf.rf/gntv_or_sync_fifo.mem/gdm.dm_gen.dm/RAM_reg_0_31_0_5/RAMB/CLK
High Pulse Width  Slow    RAMD32/CLK          n/a            1.250         10.000      8.750      SLICE_X66Y55  udp_gateway_shadow_mirror_i/axi_mem_intercon/m00_couplers/auto_pc/inst/gen_axi4_axi3.axi3_conv_inst/USE_READ.USE_SPLIT_R.read_addr_inst/USE_R_CHANNEL.cmd_queue/inst/fifo_gen_inst/inst_fifo_gen/gconvfifo.rf/grf.rf/gntv_or_sync_fifo.mem/gdm.dm_gen.dm/RAM_reg_0_31_0_0/DP/CLK
High Pulse Width  Fast    RAMD32/CLK          n/a            1.250         10.000      8.750      SLICE_X66Y55  udp_gateway_shadow_mirror_i/axi_mem_intercon/m00_couplers/auto_pc/inst/gen_axi4_axi3.axi3_conv_inst/USE_READ.USE_SPLIT_R.read_addr_inst/USE_R_CHANNEL.cmd_queue/inst/fifo_gen_inst/inst_fifo_gen/gconvfifo.rf/grf.rf/gntv_or_sync_fifo.mem/gdm.dm_gen.dm/RAM_reg_0_31_0_0/DP/CLK
High Pulse Width  Slow    RAMD32/CLK          n/a            1.250         10.000      8.750      SLICE_X66Y55  udp_gateway_shadow_mirror_i/axi_mem_intercon/m00_couplers/auto_pc/inst/gen_axi4_axi3.axi3_conv_inst/USE_READ.USE_SPLIT_R.read_addr_inst/USE_R_CHANNEL.cmd_queue/inst/fifo_gen_inst/inst_fifo_gen/gconvfifo.rf/grf.rf/gntv_or_sync_fifo.mem/gdm.dm_gen.dm/RAM_reg_0_31_0_0/SP/CLK
High Pulse Width  Fast    RAMD32/CLK          n/a            1.250         10.000      8.750      SLICE_X66Y55  udp_gateway_shadow_mirror_i/axi_mem_intercon/m00_couplers/auto_pc/inst/gen_axi4_axi3.axi3_conv_inst/USE_READ.USE_SPLIT_R.read_addr_inst/USE_R_CHANNEL.cmd_queue/inst/fifo_gen_inst/inst_fifo_gen/gconvfifo.rf/grf.rf/gntv_or_sync_fifo.mem/gdm.dm_gen.dm/RAM_reg_0_31_0_0/SP/CLK
High Pulse Width  Slow    RAMD32/CLK          n/a            1.250         10.000      8.750      SLICE_X42Y57  udp_gateway_shadow_mirror_i/axi_mem_intercon/m00_couplers/auto_pc/inst/gen_axi4_axi3.axi3_conv_inst/USE_WRITE.write_addr_inst/USE_BURSTS.cmd_queue/inst/fifo_gen_inst/inst_fifo_gen/gconvfifo.rf/grf.rf/gntv_or_sync_fifo.mem/gdm.dm_gen.dm/RAM_reg_0_31_0_5/RAMA/CLK
High Pulse Width  Fast    RAMD32/CLK          n/a            1.250         10.000      8.750      SLICE_X42Y57  udp_gateway_shadow_mirror_i/axi_mem_intercon/m00_couplers/auto_pc/inst/gen_axi4_axi3.axi3_conv_inst/USE_WRITE.write_addr_inst/USE_BURSTS.cmd_queue/inst/fifo_gen_inst/inst_fifo_gen/gconvfifo.rf/grf.rf/gntv_or_sync_fifo.mem/gdm.dm_gen.dm/RAM_reg_0_31_0_5/RAMA/CLK
High Pulse Width  Slow    RAMD32/CLK          n/a            1.250         10.000      8.750      SLICE_X42Y57  udp_gateway_shadow_mirror_i/axi_mem_intercon/m00_couplers/auto_pc/inst/gen_axi4_axi3.axi3_conv_inst/USE_WRITE.write_addr_inst/USE_BURSTS.cmd_queue/inst/fifo_gen_inst/inst_fifo_gen/gconvfifo.rf/grf.rf/gntv_or_sync_fifo.mem/gdm.dm_gen.dm/RAM_reg_0_31_0_5/RAMA_D1/CLK
High Pulse Width  Fast    RAMD32/CLK          n/a            1.250         10.000      8.750      SLICE_X42Y57  udp_gateway_shadow_mirror_i/axi_mem_intercon/m00_couplers/auto_pc/inst/gen_axi4_axi3.axi3_conv_inst/USE_WRITE.write_addr_inst/USE_BURSTS.cmd_queue/inst/fifo_gen_inst/inst_fifo_gen/gconvfifo.rf/grf.rf/gntv_or_sync_fifo.mem/gdm.dm_gen.dm/RAM_reg_0_31_0_5/RAMA_D1/CLK
High Pulse Width  Slow    RAMD32/CLK          n/a            1.250         10.000      8.750      SLICE_X42Y57  udp_gateway_shadow_mirror_i/axi_mem_intercon/m00_couplers/auto_pc/inst/gen_axi4_axi3.axi3_conv_inst/USE_WRITE.write_addr_inst/USE_BURSTS.cmd_queue/inst/fifo_gen_inst/inst_fifo_gen/gconvfifo.rf/grf.rf/gntv_or_sync_fifo.mem/gdm.dm_gen.dm/RAM_reg_0_31_0_5/RAMB/CLK
High Pulse Width  Fast    RAMD32/CLK          n/a            1.250         10.000      8.750      SLICE_X42Y57  udp_gateway_shadow_mirror_i/axi_mem_intercon/m00_couplers/auto_pc/inst/gen_axi4_axi3.axi3_conv_inst/USE_WRITE.write_addr_inst/USE_BURSTS.cmd_queue/inst/fifo_gen_inst/inst_fifo_gen/gconvfifo.rf/grf.rf/gntv_or_sync_fifo.mem/gdm.dm_gen.dm/RAM_reg_0_31_0_5/RAMB/CLK



---------------------------------------------------------------------------------------------------
Path Group:  **async_default**
From Clock:  clk_fpga_0
  To Clock:  clk_fpga_0

Setup :            0  Failing Endpoints,  Worst Slack        5.269ns,  Total Violation        0.000ns
Hold  :            0  Failing Endpoints,  Worst Slack        0.602ns,  Total Violation        0.000ns
---------------------------------------------------------------------------------------------------


Max Delay Paths
--------------------------------------------------------------------------------------
Slack (MET) :             5.269ns  (required time - arrival time)
  Source:                 udp_gateway_shadow_mirror_i/rst_ps7_0_100M/U0/ACTIVE_LOW_PR_OUT_DFF[0].FDRE_PER_N/C
                            (rising edge-triggered cell FDRE clocked by clk_fpga_0  {rise@0.000ns fall@10.000ns period=20.000ns})
  Destination:            udp_gateway_shadow_mirror_i/dma_gateway_hybrid_0/inst/gen_shadow_ctrl_csr.u_shadow_ctrl_csr/reg_net_local_ip_reg[12]/CLR
                            (recovery check against rising-edge clock clk_fpga_0  {rise@0.000ns fall@10.000ns period=20.000ns})
  Path Group:             **async_default**
  Path Type:              Recovery (Max at Slow Process Corner)
  Requirement:            20.000ns  (clk_fpga_0 rise@20.000ns - clk_fpga_0 rise@0.000ns)
  Data Path Delay:        14.006ns  (logic 0.715ns (5.105%)  route 13.291ns (94.895%))
  Logic Levels:           1  (LUT1=1)
  Clock Path Skew:        -0.018ns (DCD - SCD + CPR)
    Destination Clock Delay (DCD):    2.832ns = ( 22.832 - 20.000 ) 
    Source Clock Delay      (SCD):    2.979ns
    Clock Pessimism Removal (CPR):    0.129ns
  Clock Uncertainty:      0.302ns  ((TSJ^2 + TIJ^2)^1/2 + DJ) / 2 + PE
    Total System Jitter     (TSJ):    0.071ns
    Total Input Jitter      (TIJ):    0.600ns
    Discrete Jitter          (DJ):    0.000ns
    Phase Error              (PE):    0.000ns

    Location             Delay type                Incr(ns)  Path(ns)    Netlist Resource(s)
  -------------------------------------------------------------------    -------------------
                         (clock clk_fpga_0 rise edge)
                                                      0.000     0.000 r  
    PS7_X0Y0             PS7                          0.000     0.000 r  udp_gateway_shadow_mirror_i/processing_system7_0/inst/PS7_i/FCLKCLK[0]
                         net (fo=1, routed)           1.193     1.193    udp_gateway_shadow_mirror_i/processing_system7_0/inst/FCLK_CLK_unbuffered[0]
    BUFGCTRL_X0Y17       BUFG (Prop_bufg_I_O)         0.101     1.294 r  udp_gateway_shadow_mirror_i/processing_system7_0/inst/buffer_fclk_clk_0.FCLK_CLK_0_BUFG/O
                         net (fo=54559, routed)       1.685     2.979    udp_gateway_shadow_mirror_i/rst_ps7_0_100M/U0/slowest_sync_clk
    SLICE_X29Y78         FDRE                                         r  udp_gateway_shadow_mirror_i/rst_ps7_0_100M/U0/ACTIVE_LOW_PR_OUT_DFF[0].FDRE_PER_N/C
  -------------------------------------------------------------------    -------------------
    SLICE_X29Y78         FDRE (Prop_fdre_C_Q)         0.419     3.398 r  udp_gateway_shadow_mirror_i/rst_ps7_0_100M/U0/ACTIVE_LOW_PR_OUT_DFF[0].FDRE_PER_N/Q
                         net (fo=101, routed)         4.591     7.989    udp_gateway_shadow_mirror_i/dma_gateway_hybrid_0/inst/u_shadow_acl_filter/u_acl/rst_n
    SLICE_X84Y52         LUT1 (Prop_lut1_I0_O)        0.296     8.285 f  udp_gateway_shadow_mirror_i/dma_gateway_hybrid_0/inst/u_shadow_acl_filter/u_acl/s_axil_awready_i_2/O
                         net (fo=1991, routed)        8.700    16.985    udp_gateway_shadow_mirror_i/dma_gateway_hybrid_0/inst/gen_shadow_ctrl_csr.u_shadow_ctrl_csr/o_txcap_pop_reg_0
    SLICE_X47Y101        FDCE                                         f  udp_gateway_shadow_mirror_i/dma_gateway_hybrid_0/inst/gen_shadow_ctrl_csr.u_shadow_ctrl_csr/reg_net_local_ip_reg[12]/CLR
  -------------------------------------------------------------------    -------------------

                         (clock clk_fpga_0 rise edge)
                                                     20.000    20.000 r  
    PS7_X0Y0             PS7                          0.000    20.000 r  udp_gateway_shadow_mirror_i/processing_system7_0/inst/PS7_i/FCLKCLK[0]
                         net (fo=1, routed)           1.088    21.088    udp_gateway_shadow_mirror_i/processing_system7_0/inst/FCLK_CLK_unbuffered[0]
    BUFGCTRL_X0Y17       BUFG (Prop_bufg_I_O)         0.091    21.179 r  udp_gateway_shadow_mirror_i/processing_system7_0/inst/buffer_fclk_clk_0.FCLK_CLK_0_BUFG/O
                         net (fo=54559, routed)       1.653    22.832    udp_gateway_shadow_mirror_i/dma_gateway_hybrid_0/inst/gen_shadow_ctrl_csr.u_shadow_ctrl_csr/clk
    SLICE_X47Y101        FDCE                                         r  udp_gateway_shadow_mirror_i/dma_gateway_hybrid_0/inst/gen_shadow_ctrl_csr.u_shadow_ctrl_csr/reg_net_local_ip_reg[12]/C
                         clock pessimism              0.129    22.961    
                         clock uncertainty           -0.302    22.659    
    SLICE_X47Y101        FDCE (Recov_fdce_C_CLR)     -0.405    22.254    udp_gateway_shadow_mirror_i/dma_gateway_hybrid_0/inst/gen_shadow_ctrl_csr.u_shadow_ctrl_csr/reg_net_local_ip_reg[12]
  -------------------------------------------------------------------
                         required time                         22.254    
                         arrival time                         -16.985    
  -------------------------------------------------------------------
                         slack                                  5.269    

Slack (MET) :             5.269ns  (required time - arrival time)
  Source:                 udp_gateway_shadow_mirror_i/rst_ps7_0_100M/U0/ACTIVE_LOW_PR_OUT_DFF[0].FDRE_PER_N/C
                            (rising edge-triggered cell FDRE clocked by clk_fpga_0  {rise@0.000ns fall@10.000ns period=20.000ns})
  Destination:            udp_gateway_shadow_mirror_i/dma_gateway_hybrid_0/inst/gen_shadow_ctrl_csr.u_shadow_ctrl_csr/reg_net_local_ip_reg[13]/CLR
                            (recovery check against rising-edge clock clk_fpga_0  {rise@0.000ns fall@10.000ns period=20.000ns})
  Path Group:             **async_default**
  Path Type:              Recovery (Max at Slow Process Corner)
  Requirement:            20.000ns  (clk_fpga_0 rise@20.000ns - clk_fpga_0 rise@0.000ns)
  Data Path Delay:        14.006ns  (logic 0.715ns (5.105%)  route 13.291ns (94.895%))
  Logic Levels:           1  (LUT1=1)
  Clock Path Skew:        -0.018ns (DCD - SCD + CPR)
    Destination Clock Delay (DCD):    2.832ns = ( 22.832 - 20.000 ) 
    Source Clock Delay      (SCD):    2.979ns
    Clock Pessimism Removal (CPR):    0.129ns
  Clock Uncertainty:      0.302ns  ((TSJ^2 + TIJ^2)^1/2 + DJ) / 2 + PE
    Total System Jitter     (TSJ):    0.071ns
    Total Input Jitter      (TIJ):    0.600ns
    Discrete Jitter          (DJ):    0.000ns
    Phase Error              (PE):    0.000ns

    Location             Delay type                Incr(ns)  Path(ns)    Netlist Resource(s)
  -------------------------------------------------------------------    -------------------
                         (clock clk_fpga_0 rise edge)
                                                      0.000     0.000 r  
    PS7_X0Y0             PS7                          0.000     0.000 r  udp_gateway_shadow_mirror_i/processing_system7_0/inst/PS7_i/FCLKCLK[0]
                         net (fo=1, routed)           1.193     1.193    udp_gateway_shadow_mirror_i/processing_system7_0/inst/FCLK_CLK_unbuffered[0]
    BUFGCTRL_X0Y17       BUFG (Prop_bufg_I_O)         0.101     1.294 r  udp_gateway_shadow_mirror_i/processing_system7_0/inst/buffer_fclk_clk_0.FCLK_CLK_0_BUFG/O
                         net (fo=54559, routed)       1.685     2.979    udp_gateway_shadow_mirror_i/rst_ps7_0_100M/U0/slowest_sync_clk
    SLICE_X29Y78         FDRE                                         r  udp_gateway_shadow_mirror_i/rst_ps7_0_100M/U0/ACTIVE_LOW_PR_OUT_DFF[0].FDRE_PER_N/C
  -------------------------------------------------------------------    -------------------
    SLICE_X29Y78         FDRE (Prop_fdre_C_Q)         0.419     3.398 r  udp_gateway_shadow_mirror_i/rst_ps7_0_100M/U0/ACTIVE_LOW_PR_OUT_DFF[0].FDRE_PER_N/Q
                         net (fo=101, routed)         4.591     7.989    udp_gateway_shadow_mirror_i/dma_gateway_hybrid_0/inst/u_shadow_acl_filter/u_acl/rst_n
    SLICE_X84Y52         LUT1 (Prop_lut1_I0_O)        0.296     8.285 f  udp_gateway_shadow_mirror_i/dma_gateway_hybrid_0/inst/u_shadow_acl_filter/u_acl/s_axil_awready_i_2/O
                         net (fo=1991, routed)        8.700    16.985    udp_gateway_shadow_mirror_i/dma_gateway_hybrid_0/inst/gen_shadow_ctrl_csr.u_shadow_ctrl_csr/o_txcap_pop_reg_0
    SLICE_X47Y101        FDCE                                         f  udp_gateway_shadow_mirror_i/dma_gateway_hybrid_0/inst/gen_shadow_ctrl_csr.u_shadow_ctrl_csr/reg_net_local_ip_reg[13]/CLR
  -------------------------------------------------------------------    -------------------

                         (clock clk_fpga_0 rise edge)
                                                     20.000    20.000 r  
    PS7_X0Y0             PS7                          0.000    20.000 r  udp_gateway_shadow_mirror_i/processing_system7_0/inst/PS7_i/FCLKCLK[0]
                         net (fo=1, routed)           1.088    21.088    udp_gateway_shadow_mirror_i/processing_system7_0/inst/FCLK_CLK_unbuffered[0]
    BUFGCTRL_X0Y17       BUFG (Prop_bufg_I_O)         0.091    21.179 r  udp_gateway_shadow_mirror_i/processing_system7_0/inst/buffer_fclk_clk_0.FCLK_CLK_0_BUFG/O
                         net (fo=54559, routed)       1.653    22.832    udp_gateway_shadow_mirror_i/dma_gateway_hybrid_0/inst/gen_shadow_ctrl_csr.u_shadow_ctrl_csr/clk
    SLICE_X47Y101        FDCE                                         r  udp_gateway_shadow_mirror_i/dma_gateway_hybrid_0/inst/gen_shadow_ctrl_csr.u_shadow_ctrl_csr/reg_net_local_ip_reg[13]/C
                         clock pessimism              0.129    22.961    
                         clock uncertainty           -0.302    22.659    
    SLICE_X47Y101        FDCE (Recov_fdce_C_CLR)     -0.405    22.254    udp_gateway_shadow_mirror_i/dma_gateway_hybrid_0/inst/gen_shadow_ctrl_csr.u_shadow_ctrl_csr/reg_net_local_ip_reg[13]
  -------------------------------------------------------------------
                         required time                         22.254    
                         arrival time                         -16.985    
  -------------------------------------------------------------------
                         slack                                  5.269    

Slack (MET) :             5.269ns  (required time - arrival time)
  Source:                 udp_gateway_shadow_mirror_i/rst_ps7_0_100M/U0/ACTIVE_LOW_PR_OUT_DFF[0].FDRE_PER_N/C
                            (rising edge-triggered cell FDRE clocked by clk_fpga_0  {rise@0.000ns fall@10.000ns period=20.000ns})
  Destination:            udp_gateway_shadow_mirror_i/dma_gateway_hybrid_0/inst/gen_shadow_ctrl_csr.u_shadow_ctrl_csr/reg_net_local_ip_reg[9]/CLR
                            (recovery check against rising-edge clock clk_fpga_0  {rise@0.000ns fall@10.000ns period=20.000ns})
  Path Group:             **async_default**
  Path Type:              Recovery (Max at Slow Process Corner)
  Requirement:            20.000ns  (clk_fpga_0 rise@20.000ns - clk_fpga_0 rise@0.000ns)
  Data Path Delay:        14.006ns  (logic 0.715ns (5.105%)  route 13.291ns (94.895%))
  Logic Levels:           1  (LUT1=1)
  Clock Path Skew:        -0.018ns (DCD - SCD + CPR)
    Destination Clock Delay (DCD):    2.832ns = ( 22.832 - 20.000 ) 
    Source Clock Delay      (SCD):    2.979ns
    Clock Pessimism Removal (CPR):    0.129ns
  Clock Uncertainty:      0.302ns  ((TSJ^2 + TIJ^2)^1/2 + DJ) / 2 + PE
    Total System Jitter     (TSJ):    0.071ns
    Total Input Jitter      (TIJ):    0.600ns
    Discrete Jitter          (DJ):    0.000ns
    Phase Error              (PE):    0.000ns

    Location             Delay type                Incr(ns)  Path(ns)    Netlist Resource(s)
  -------------------------------------------------------------------    -------------------
                         (clock clk_fpga_0 rise edge)
                                                      0.000     0.000 r  
    PS7_X0Y0             PS7                          0.000     0.000 r  udp_gateway_shadow_mirror_i/processing_system7_0/inst/PS7_i/FCLKCLK[0]
                         net (fo=1, routed)           1.193     1.193    udp_gateway_shadow_mirror_i/processing_system7_0/inst/FCLK_CLK_unbuffered[0]
    BUFGCTRL_X0Y17       BUFG (Prop_bufg_I_O)         0.101     1.294 r  udp_gateway_shadow_mirror_i/processing_system7_0/inst/buffer_fclk_clk_0.FCLK_CLK_0_BUFG/O
                         net (fo=54559, routed)       1.685     2.979    udp_gateway_shadow_mirror_i/rst_ps7_0_100M/U0/slowest_sync_clk
    SLICE_X29Y78         FDRE                                         r  udp_gateway_shadow_mirror_i/rst_ps7_0_100M/U0/ACTIVE_LOW_PR_OUT_DFF[0].FDRE_PER_N/C
  -------------------------------------------------------------------    -------------------
    SLICE_X29Y78         FDRE (Prop_fdre_C_Q)         0.419     3.398 r  udp_gateway_shadow_mirror_i/rst_ps7_0_100M/U0/ACTIVE_LOW_PR_OUT_DFF[0].FDRE_PER_N/Q
                         net (fo=101, routed)         4.591     7.989    udp_gateway_shadow_mirror_i/dma_gateway_hybrid_0/inst/u_shadow_acl_filter/u_acl/rst_n
    SLICE_X84Y52         LUT1 (Prop_lut1_I0_O)        0.296     8.285 f  udp_gateway_shadow_mirror_i/dma_gateway_hybrid_0/inst/u_shadow_acl_filter/u_acl/s_axil_awready_i_2/O
                         net (fo=1991, routed)        8.700    16.985    udp_gateway_shadow_mirror_i/dma_gateway_hybrid_0/inst/gen_shadow_ctrl_csr.u_shadow_ctrl_csr/o_txcap_pop_reg_0
    SLICE_X47Y101        FDCE                                         f  udp_gateway_shadow_mirror_i/dma_gateway_hybrid_0/inst/gen_shadow_ctrl_csr.u_shadow_ctrl_csr/reg_net_local_ip_reg[9]/CLR
  -------------------------------------------------------------------    -------------------

                         (clock clk_fpga_0 rise edge)
                                                     20.000    20.000 r  
    PS7_X0Y0             PS7                          0.000    20.000 r  udp_gateway_shadow_mirror_i/processing_system7_0/inst/PS7_i/FCLKCLK[0]
                         net (fo=1, routed)           1.088    21.088    udp_gateway_shadow_mirror_i/processing_system7_0/inst/FCLK_CLK_unbuffered[0]
    BUFGCTRL_X0Y17       BUFG (Prop_bufg_I_O)         0.091    21.179 r  udp_gateway_shadow_mirror_i/processing_system7_0/inst/buffer_fclk_clk_0.FCLK_CLK_0_BUFG/O
                         net (fo=54559, routed)       1.653    22.832    udp_gateway_shadow_mirror_i/dma_gateway_hybrid_0/inst/gen_shadow_ctrl_csr.u_shadow_ctrl_csr/clk
    SLICE_X47Y101        FDCE                                         r  udp_gateway_shadow_mirror_i/dma_gateway_hybrid_0/inst/gen_shadow_ctrl_csr.u_shadow_ctrl_csr/reg_net_local_ip_reg[9]/C
                         clock pessimism              0.129    22.961    
                         clock uncertainty           -0.302    22.659    
    SLICE_X47Y101        FDCE (Recov_fdce_C_CLR)     -0.405    22.254    udp_gateway_shadow_mirror_i/dma_gateway_hybrid_0/inst/gen_shadow_ctrl_csr.u_shadow_ctrl_csr/reg_net_local_ip_reg[9]
  -------------------------------------------------------------------
                         required time                         22.254    
                         arrival time                         -16.985    
  -------------------------------------------------------------------
                         slack                                  5.269    

Slack (MET) :             5.315ns  (required time - arrival time)
  Source:                 udp_gateway_shadow_mirror_i/rst_ps7_0_100M/U0/ACTIVE_LOW_PR_OUT_DFF[0].FDRE_PER_N/C
                            (rising edge-triggered cell FDRE clocked by clk_fpga_0  {rise@0.000ns fall@10.000ns period=20.000ns})
  Destination:            udp_gateway_shadow_mirror_i/dma_gateway_hybrid_0/inst/gen_shadow_ctrl_csr.u_shadow_ctrl_csr/reg_net_local_ip_reg[8]/PRE
                            (recovery check against rising-edge clock clk_fpga_0  {rise@0.000ns fall@10.000ns period=20.000ns})
  Path Group:             **async_default**
  Path Type:              Recovery (Max at Slow Process Corner)
  Requirement:            20.000ns  (clk_fpga_0 rise@20.000ns - clk_fpga_0 rise@0.000ns)
  Data Path Delay:        14.006ns  (logic 0.715ns (5.105%)  route 13.291ns (94.895%))
  Logic Levels:           1  (LUT1=1)
  Clock Path Skew:        -0.018ns (DCD - SCD + CPR)
    Destination Clock Delay (DCD):    2.832ns = ( 22.832 - 20.000 ) 
    Source Clock Delay      (SCD):    2.979ns
    Clock Pessimism Removal (CPR):    0.129ns
  Clock Uncertainty:      0.302ns  ((TSJ^2 + TIJ^2)^1/2 + DJ) / 2 + PE
    Total System Jitter     (TSJ):    0.071ns
    Total Input Jitter      (TIJ):    0.600ns
    Discrete Jitter          (DJ):    0.000ns
    Phase Error              (PE):    0.000ns

    Location             Delay type                Incr(ns)  Path(ns)    Netlist Resource(s)
  -------------------------------------------------------------------    -------------------
                         (clock clk_fpga_0 rise edge)
                                                      0.000     0.000 r  
    PS7_X0Y0             PS7                          0.000     0.000 r  udp_gateway_shadow_mirror_i/processing_system7_0/inst/PS7_i/FCLKCLK[0]
                         net (fo=1, routed)           1.193     1.193    udp_gateway_shadow_mirror_i/processing_system7_0/inst/FCLK_CLK_unbuffered[0]
    BUFGCTRL_X0Y17       BUFG (Prop_bufg_I_O)         0.101     1.294 r  udp_gateway_shadow_mirror_i/processing_system7_0/inst/buffer_fclk_clk_0.FCLK_CLK_0_BUFG/O
                         net (fo=54559, routed)       1.685     2.979    udp_gateway_shadow_mirror_i/rst_ps7_0_100M/U0/slowest_sync_clk
    SLICE_X29Y78         FDRE                                         r  udp_gateway_shadow_mirror_i/rst_ps7_0_100M/U0/ACTIVE_LOW_PR_OUT_DFF[0].FDRE_PER_N/C
  -------------------------------------------------------------------    -------------------
    SLICE_X29Y78         FDRE (Prop_fdre_C_Q)         0.419     3.398 r  udp_gateway_shadow_mirror_i/rst_ps7_0_100M/U0/ACTIVE_LOW_PR_OUT_DFF[0].FDRE_PER_N/Q
                         net (fo=101, routed)         4.591     7.989    udp_gateway_shadow_mirror_i/dma_gateway_hybrid_0/inst/u_shadow_acl_filter/u_acl/rst_n
    SLICE_X84Y52         LUT1 (Prop_lut1_I0_O)        0.296     8.285 f  udp_gateway_shadow_mirror_i/dma_gateway_hybrid_0/inst/u_shadow_acl_filter/u_acl/s_axil_awready_i_2/O
                         net (fo=1991, routed)        8.700    16.985    udp_gateway_shadow_mirror_i/dma_gateway_hybrid_0/inst/gen_shadow_ctrl_csr.u_shadow_ctrl_csr/o_txcap_pop_reg_0
    SLICE_X47Y101        FDPE                                         f  udp_gateway_shadow_mirror_i/dma_gateway_hybrid_0/inst/gen_shadow_ctrl_csr.u_shadow_ctrl_csr/reg_net_local_ip_reg[8]/PRE
  -------------------------------------------------------------------    -------------------

                         (clock clk_fpga_0 rise edge)
                                                     20.000    20.000 r  
    PS7_X0Y0             PS7                          0.000    20.000 r  udp_gateway_shadow_mirror_i/processing_system7_0/inst/PS7_i/FCLKCLK[0]
                         net (fo=1, routed)           1.088    21.088    udp_gateway_shadow_mirror_i/processing_system7_0/inst/FCLK_CLK_unbuffered[0]
    BUFGCTRL_X0Y17       BUFG (Prop_bufg_I_O)         0.091    21.179 r  udp_gateway_shadow_mirror_i/processing_system7_0/inst/buffer_fclk_clk_0.FCLK_CLK_0_BUFG/O
                         net (fo=54559, routed)       1.653    22.832    udp_gateway_shadow_mirror_i/dma_gateway_hybrid_0/inst/gen_shadow_ctrl_csr.u_shadow_ctrl_csr/clk
    SLICE_X47Y101        FDPE                                         r  udp_gateway_shadow_mirror_i/dma_gateway_hybrid_0/inst/gen_shadow_ctrl_csr.u_shadow_ctrl_csr/reg_net_local_ip_reg[8]/C
                         clock pessimism              0.129    22.961    
                         clock uncertainty           -0.302    22.659    
    SLICE_X47Y101        FDPE (Recov_fdpe_C_PRE)     -0.359    22.300    udp_gateway_shadow_mirror_i/dma_gateway_hybrid_0/inst/gen_shadow_ctrl_csr.u_shadow_ctrl_csr/reg_net_local_ip_reg[8]
  -------------------------------------------------------------------
                         required time                         22.300    
                         arrival time                         -16.985    
  -------------------------------------------------------------------
                         slack                                  5.315    

Slack (MET) :             5.365ns  (required time - arrival time)
  Source:                 udp_gateway_shadow_mirror_i/rst_ps7_0_100M/U0/ACTIVE_LOW_PR_OUT_DFF[0].FDRE_PER_N/C
                            (rising edge-triggered cell FDRE clocked by clk_fpga_0  {rise@0.000ns fall@10.000ns period=20.000ns})
  Destination:            udp_gateway_shadow_mirror_i/dma_gateway_hybrid_0/inst/gen_shadow_ctrl_csr.u_shadow_ctrl_csr/reg_net_cfg0_reg[10]/CLR
                            (recovery check against rising-edge clock clk_fpga_0  {rise@0.000ns fall@10.000ns period=20.000ns})
  Path Group:             **async_default**
  Path Type:              Recovery (Max at Slow Process Corner)
  Requirement:            20.000ns  (clk_fpga_0 rise@20.000ns - clk_fpga_0 rise@0.000ns)
  Data Path Delay:        13.723ns  (logic 0.715ns (5.210%)  route 13.008ns (94.790%))
  Logic Levels:           1  (LUT1=1)
  Clock Path Skew:        -0.205ns (DCD - SCD + CPR)
    Destination Clock Delay (DCD):    2.645ns = ( 22.645 - 20.000 ) 
    Source Clock Delay      (SCD):    2.979ns
    Clock Pessimism Removal (CPR):    0.129ns
  Clock Uncertainty:      0.302ns  ((TSJ^2 + TIJ^2)^1/2 + DJ) / 2 + PE
    Total System Jitter     (TSJ):    0.071ns
    Total Input Jitter      (TIJ):    0.600ns
    Discrete Jitter          (DJ):    0.000ns
    Phase Error              (PE):    0.000ns

    Location             Delay type                Incr(ns)  Path(ns)    Netlist Resource(s)
  -------------------------------------------------------------------    -------------------
                         (clock clk_fpga_0 rise edge)
                                                      0.000     0.000 r  
    PS7_X0Y0             PS7                          0.000     0.000 r  udp_gateway_shadow_mirror_i/processing_system7_0/inst/PS7_i/FCLKCLK[0]
                         net (fo=1, routed)           1.193     1.193    udp_gateway_shadow_mirror_i/processing_system7_0/inst/FCLK_CLK_unbuffered[0]
    BUFGCTRL_X0Y17       BUFG (Prop_bufg_I_O)         0.101     1.294 r  udp_gateway_shadow_mirror_i/processing_system7_0/inst/buffer_fclk_clk_0.FCLK_CLK_0_BUFG/O
                         net (fo=54559, routed)       1.685     2.979    udp_gateway_shadow_mirror_i/rst_ps7_0_100M/U0/slowest_sync_clk
    SLICE_X29Y78         FDRE                                         r  udp_gateway_shadow_mirror_i/rst_ps7_0_100M/U0/ACTIVE_LOW_PR_OUT_DFF[0].FDRE_PER_N/C
  -------------------------------------------------------------------    -------------------
    SLICE_X29Y78         FDRE (Prop_fdre_C_Q)         0.419     3.398 r  udp_gateway_shadow_mirror_i/rst_ps7_0_100M/U0/ACTIVE_LOW_PR_OUT_DFF[0].FDRE_PER_N/Q
                         net (fo=101, routed)         4.591     7.989    udp_gateway_shadow_mirror_i/dma_gateway_hybrid_0/inst/u_shadow_acl_filter/u_acl/rst_n
    SLICE_X84Y52         LUT1 (Prop_lut1_I0_O)        0.296     8.285 f  udp_gateway_shadow_mirror_i/dma_gateway_hybrid_0/inst/u_shadow_acl_filter/u_acl/s_axil_awready_i_2/O
                         net (fo=1991, routed)        8.417    16.702    udp_gateway_shadow_mirror_i/dma_gateway_hybrid_0/inst/gen_shadow_ctrl_csr.u_shadow_ctrl_csr/o_txcap_pop_reg_0
    SLICE_X51Y93         FDCE                                         f  udp_gateway_shadow_mirror_i/dma_gateway_hybrid_0/inst/gen_shadow_ctrl_csr.u_shadow_ctrl_csr/reg_net_cfg0_reg[10]/CLR
  -------------------------------------------------------------------    -------------------

                         (clock clk_fpga_0 rise edge)
                                                     20.000    20.000 r  
    PS7_X0Y0             PS7                          0.000    20.000 r  udp_gateway_shadow_mirror_i/processing_system7_0/inst/PS7_i/FCLKCLK[0]
                         net (fo=1, routed)           1.088    21.088    udp_gateway_shadow_mirror_i/processing_system7_0/inst/FCLK_CLK_unbuffered[0]
    BUFGCTRL_X0Y17       BUFG (Prop_bufg_I_O)         0.091    21.179 r  udp_gateway_shadow_mirror_i/processing_system7_0/inst/buffer_fclk_clk_0.FCLK_CLK_0_BUFG/O
                         net (fo=54559, routed)       1.466    22.645    udp_gateway_shadow_mirror_i/dma_gateway_hybrid_0/inst/gen_shadow_ctrl_csr.u_shadow_ctrl_csr/clk
    SLICE_X51Y93         FDCE                                         r  udp_gateway_shadow_mirror_i/dma_gateway_hybrid_0/inst/gen_shadow_ctrl_csr.u_shadow_ctrl_csr/reg_net_cfg0_reg[10]/C
                         clock pessimism              0.129    22.774    
                         clock uncertainty           -0.302    22.472    
    SLICE_X51Y93         FDCE (Recov_fdce_C_CLR)     -0.405    22.067    udp_gateway_shadow_mirror_i/dma_gateway_hybrid_0/inst/gen_shadow_ctrl_csr.u_shadow_ctrl_csr/reg_net_cfg0_reg[10]
  -------------------------------------------------------------------
                         required time                         22.067    
                         arrival time                         -16.702    
  -------------------------------------------------------------------
                         slack                                  5.365    

Slack (MET) :             5.365ns  (required time - arrival time)
  Source:                 udp_gateway_shadow_mirror_i/rst_ps7_0_100M/U0/ACTIVE_LOW_PR_OUT_DFF[0].FDRE_PER_N/C
                            (rising edge-triggered cell FDRE clocked by clk_fpga_0  {rise@0.000ns fall@10.000ns period=20.000ns})
  Destination:            udp_gateway_shadow_mirror_i/dma_gateway_hybrid_0/inst/gen_shadow_ctrl_csr.u_shadow_ctrl_csr/reg_net_cfg0_reg[11]/CLR
                            (recovery check against rising-edge clock clk_fpga_0  {rise@0.000ns fall@10.000ns period=20.000ns})
  Path Group:             **async_default**
  Path Type:              Recovery (Max at Slow Process Corner)
  Requirement:            20.000ns  (clk_fpga_0 rise@20.000ns - clk_fpga_0 rise@0.000ns)
  Data Path Delay:        13.723ns  (logic 0.715ns (5.210%)  route 13.008ns (94.790%))
  Logic Levels:           1  (LUT1=1)
  Clock Path Skew:        -0.205ns (DCD - SCD + CPR)
    Destination Clock Delay (DCD):    2.645ns = ( 22.645 - 20.000 ) 
    Source Clock Delay      (SCD):    2.979ns
    Clock Pessimism Removal (CPR):    0.129ns
  Clock Uncertainty:      0.302ns  ((TSJ^2 + TIJ^2)^1/2 + DJ) / 2 + PE
    Total System Jitter     (TSJ):    0.071ns
    Total Input Jitter      (TIJ):    0.600ns
    Discrete Jitter          (DJ):    0.000ns
    Phase Error              (PE):    0.000ns

    Location             Delay type                Incr(ns)  Path(ns)    Netlist Resource(s)
  -------------------------------------------------------------------    -------------------
                         (clock clk_fpga_0 rise edge)
                                                      0.000     0.000 r  
    PS7_X0Y0             PS7                          0.000     0.000 r  udp_gateway_shadow_mirror_i/processing_system7_0/inst/PS7_i/FCLKCLK[0]
                         net (fo=1, routed)           1.193     1.193    udp_gateway_shadow_mirror_i/processing_system7_0/inst/FCLK_CLK_unbuffered[0]
    BUFGCTRL_X0Y17       BUFG (Prop_bufg_I_O)         0.101     1.294 r  udp_gateway_shadow_mirror_i/processing_system7_0/inst/buffer_fclk_clk_0.FCLK_CLK_0_BUFG/O
                         net (fo=54559, routed)       1.685     2.979    udp_gateway_shadow_mirror_i/rst_ps7_0_100M/U0/slowest_sync_clk
    SLICE_X29Y78         FDRE                                         r  udp_gateway_shadow_mirror_i/rst_ps7_0_100M/U0/ACTIVE_LOW_PR_OUT_DFF[0].FDRE_PER_N/C
  -------------------------------------------------------------------    -------------------
    SLICE_X29Y78         FDRE (Prop_fdre_C_Q)         0.419     3.398 r  udp_gateway_shadow_mirror_i/rst_ps7_0_100M/U0/ACTIVE_LOW_PR_OUT_DFF[0].FDRE_PER_N/Q
                         net (fo=101, routed)         4.591     7.989    udp_gateway_shadow_mirror_i/dma_gateway_hybrid_0/inst/u_shadow_acl_filter/u_acl/rst_n
    SLICE_X84Y52         LUT1 (Prop_lut1_I0_O)        0.296     8.285 f  udp_gateway_shadow_mirror_i/dma_gateway_hybrid_0/inst/u_shadow_acl_filter/u_acl/s_axil_awready_i_2/O
                         net (fo=1991, routed)        8.417    16.702    udp_gateway_shadow_mirror_i/dma_gateway_hybrid_0/inst/gen_shadow_ctrl_csr.u_shadow_ctrl_csr/o_txcap_pop_reg_0
    SLICE_X51Y93         FDCE                                         f  udp_gateway_shadow_mirror_i/dma_gateway_hybrid_0/inst/gen_shadow_ctrl_csr.u_shadow_ctrl_csr/reg_net_cfg0_reg[11]/CLR
  -------------------------------------------------------------------    -------------------

                         (clock clk_fpga_0 rise edge)
                                                     20.000    20.000 r  
    PS7_X0Y0             PS7                          0.000    20.000 r  udp_gateway_shadow_mirror_i/processing_system7_0/inst/PS7_i/FCLKCLK[0]
                         net (fo=1, routed)           1.088    21.088    udp_gateway_shadow_mirror_i/processing_system7_0/inst/FCLK_CLK_unbuffered[0]
    BUFGCTRL_X0Y17       BUFG (Prop_bufg_I_O)         0.091    21.179 r  udp_gateway_shadow_mirror_i/processing_system7_0/inst/buffer_fclk_clk_0.FCLK_CLK_0_BUFG/O
                         net (fo=54559, routed)       1.466    22.645    udp_gateway_shadow_mirror_i/dma_gateway_hybrid_0/inst/gen_shadow_ctrl_csr.u_shadow_ctrl_csr/clk
    SLICE_X51Y93         FDCE                                         r  udp_gateway_shadow_mirror_i/dma_gateway_hybrid_0/inst/gen_shadow_ctrl_csr.u_shadow_ctrl_csr/reg_net_cfg0_reg[11]/C
                         clock pessimism              0.129    22.774    
                         clock uncertainty           -0.302    22.472    
    SLICE_X51Y93         FDCE (Recov_fdce_C_CLR)     -0.405    22.067    udp_gateway_shadow_mirror_i/dma_gateway_hybrid_0/inst/gen_shadow_ctrl_csr.u_shadow_ctrl_csr/reg_net_cfg0_reg[11]
  -------------------------------------------------------------------
                         required time                         22.067    
                         arrival time                         -16.702    
  -------------------------------------------------------------------
                         slack                                  5.365    

Slack (MET) :             5.455ns  (required time - arrival time)
  Source:                 udp_gateway_shadow_mirror_i/rst_ps7_0_100M/U0/ACTIVE_LOW_PR_OUT_DFF[0].FDRE_PER_N/C
                            (rising edge-triggered cell FDRE clocked by clk_fpga_0  {rise@0.000ns fall@10.000ns period=20.000ns})
  Destination:            udp_gateway_shadow_mirror_i/dma_gateway_hybrid_0/inst/u_shadow_acl_filter/buf_data_reg[2][11]/CLR
                            (recovery check against rising-edge clock clk_fpga_0  {rise@0.000ns fall@10.000ns period=20.000ns})
  Path Group:             **async_default**
  Path Type:              Recovery (Max at Slow Process Corner)
  Requirement:            20.000ns  (clk_fpga_0 rise@20.000ns - clk_fpga_0 rise@0.000ns)
  Data Path Delay:        13.827ns  (logic 0.715ns (5.171%)  route 13.112ns (94.829%))
  Logic Levels:           1  (LUT1=1)
  Clock Path Skew:        -0.011ns (DCD - SCD + CPR)
    Destination Clock Delay (DCD):    2.704ns = ( 22.704 - 20.000 ) 
    Source Clock Delay      (SCD):    2.979ns
    Clock Pessimism Removal (CPR):    0.264ns
  Clock Uncertainty:      0.302ns  ((TSJ^2 + TIJ^2)^1/2 + DJ) / 2 + PE
    Total System Jitter     (TSJ):    0.071ns
    Total Input Jitter      (TIJ):    0.600ns
    Discrete Jitter          (DJ):    0.000ns
    Phase Error              (PE):    0.000ns

    Location             Delay type                Incr(ns)  Path(ns)    Netlist Resource(s)
  -------------------------------------------------------------------    -------------------
                         (clock clk_fpga_0 rise edge)
                                                      0.000     0.000 r  
    PS7_X0Y0             PS7                          0.000     0.000 r  udp_gateway_shadow_mirror_i/processing_system7_0/inst/PS7_i/FCLKCLK[0]
                         net (fo=1, routed)           1.193     1.193    udp_gateway_shadow_mirror_i/processing_system7_0/inst/FCLK_CLK_unbuffered[0]
    BUFGCTRL_X0Y17       BUFG (Prop_bufg_I_O)         0.101     1.294 r  udp_gateway_shadow_mirror_i/processing_system7_0/inst/buffer_fclk_clk_0.FCLK_CLK_0_BUFG/O
                         net (fo=54559, routed)       1.685     2.979    udp_gateway_shadow_mirror_i/rst_ps7_0_100M/U0/slowest_sync_clk
    SLICE_X29Y78         FDRE                                         r  udp_gateway_shadow_mirror_i/rst_ps7_0_100M/U0/ACTIVE_LOW_PR_OUT_DFF[0].FDRE_PER_N/C
  -------------------------------------------------------------------    -------------------
    SLICE_X29Y78         FDRE (Prop_fdre_C_Q)         0.419     3.398 r  udp_gateway_shadow_mirror_i/rst_ps7_0_100M/U0/ACTIVE_LOW_PR_OUT_DFF[0].FDRE_PER_N/Q
                         net (fo=101, routed)         4.591     7.989    udp_gateway_shadow_mirror_i/dma_gateway_hybrid_0/inst/u_shadow_acl_filter/u_acl/rst_n
    SLICE_X84Y52         LUT1 (Prop_lut1_I0_O)        0.296     8.285 f  udp_gateway_shadow_mirror_i/dma_gateway_hybrid_0/inst/u_shadow_acl_filter/u_acl/s_axil_awready_i_2/O
                         net (fo=1991, routed)        8.521    16.806    udp_gateway_shadow_mirror_i/dma_gateway_hybrid_0/inst/u_shadow_acl_filter/rst_n_0
    SLICE_X31Y93         FDCE                                         f  udp_gateway_shadow_mirror_i/dma_gateway_hybrid_0/inst/u_shadow_acl_filter/buf_data_reg[2][11]/CLR
  -------------------------------------------------------------------    -------------------

                         (clock clk_fpga_0 rise edge)
                                                     20.000    20.000 r  
    PS7_X0Y0             PS7                          0.000    20.000 r  udp_gateway_shadow_mirror_i/processing_system7_0/inst/PS7_i/FCLKCLK[0]
                         net (fo=1, routed)           1.088    21.088    udp_gateway_shadow_mirror_i/processing_system7_0/inst/FCLK_CLK_unbuffered[0]
    BUFGCTRL_X0Y17       BUFG (Prop_bufg_I_O)         0.091    21.179 r  udp_gateway_shadow_mirror_i/processing_system7_0/inst/buffer_fclk_clk_0.FCLK_CLK_0_BUFG/O
                         net (fo=54559, routed)       1.525    22.704    udp_gateway_shadow_mirror_i/dma_gateway_hybrid_0/inst/u_shadow_acl_filter/clk
    SLICE_X31Y93         FDCE                                         r  udp_gateway_shadow_mirror_i/dma_gateway_hybrid_0/inst/u_shadow_acl_filter/buf_data_reg[2][11]/C
                         clock pessimism              0.264    22.968    
                         clock uncertainty           -0.302    22.666    
    SLICE_X31Y93         FDCE (Recov_fdce_C_CLR)     -0.405    22.261    udp_gateway_shadow_mirror_i/dma_gateway_hybrid_0/inst/u_shadow_acl_filter/buf_data_reg[2][11]
  -------------------------------------------------------------------
                         required time                         22.261    
                         arrival time                         -16.806    
  -------------------------------------------------------------------
                         slack                                  5.455    

Slack (MET) :             5.455ns  (required time - arrival time)
  Source:                 udp_gateway_shadow_mirror_i/rst_ps7_0_100M/U0/ACTIVE_LOW_PR_OUT_DFF[0].FDRE_PER_N/C
                            (rising edge-triggered cell FDRE clocked by clk_fpga_0  {rise@0.000ns fall@10.000ns period=20.000ns})
  Destination:            udp_gateway_shadow_mirror_i/dma_gateway_hybrid_0/inst/u_shadow_acl_filter/buf_data_reg[2][15]/CLR
                            (recovery check against rising-edge clock clk_fpga_0  {rise@0.000ns fall@10.000ns period=20.000ns})
  Path Group:             **async_default**
  Path Type:              Recovery (Max at Slow Process Corner)
  Requirement:            20.000ns  (clk_fpga_0 rise@20.000ns - clk_fpga_0 rise@0.000ns)
  Data Path Delay:        13.827ns  (logic 0.715ns (5.171%)  route 13.112ns (94.829%))
  Logic Levels:           1  (LUT1=1)
  Clock Path Skew:        -0.011ns (DCD - SCD + CPR)
    Destination Clock Delay (DCD):    2.704ns = ( 22.704 - 20.000 ) 
    Source Clock Delay      (SCD):    2.979ns
    Clock Pessimism Removal (CPR):    0.264ns
  Clock Uncertainty:      0.302ns  ((TSJ^2 + TIJ^2)^1/2 + DJ) / 2 + PE
    Total System Jitter     (TSJ):    0.071ns
    Total Input Jitter      (TIJ):    0.600ns
    Discrete Jitter          (DJ):    0.000ns
    Phase Error              (PE):    0.000ns

    Location             Delay type                Incr(ns)  Path(ns)    Netlist Resource(s)
  -------------------------------------------------------------------    -------------------
                         (clock clk_fpga_0 rise edge)
                                                      0.000     0.000 r  
    PS7_X0Y0             PS7                          0.000     0.000 r  udp_gateway_shadow_mirror_i/processing_system7_0/inst/PS7_i/FCLKCLK[0]
                         net (fo=1, routed)           1.193     1.193    udp_gateway_shadow_mirror_i/processing_system7_0/inst/FCLK_CLK_unbuffered[0]
    BUFGCTRL_X0Y17       BUFG (Prop_bufg_I_O)         0.101     1.294 r  udp_gateway_shadow_mirror_i/processing_system7_0/inst/buffer_fclk_clk_0.FCLK_CLK_0_BUFG/O
                         net (fo=54559, routed)       1.685     2.979    udp_gateway_shadow_mirror_i/rst_ps7_0_100M/U0/slowest_sync_clk
    SLICE_X29Y78         FDRE                                         r  udp_gateway_shadow_mirror_i/rst_ps7_0_100M/U0/ACTIVE_LOW_PR_OUT_DFF[0].FDRE_PER_N/C
  -------------------------------------------------------------------    -------------------
    SLICE_X29Y78         FDRE (Prop_fdre_C_Q)         0.419     3.398 r  udp_gateway_shadow_mirror_i/rst_ps7_0_100M/U0/ACTIVE_LOW_PR_OUT_DFF[0].FDRE_PER_N/Q
                         net (fo=101, routed)         4.591     7.989    udp_gateway_shadow_mirror_i/dma_gateway_hybrid_0/inst/u_shadow_acl_filter/u_acl/rst_n
    SLICE_X84Y52         LUT1 (Prop_lut1_I0_O)        0.296     8.285 f  udp_gateway_shadow_mirror_i/dma_gateway_hybrid_0/inst/u_shadow_acl_filter/u_acl/s_axil_awready_i_2/O
                         net (fo=1991, routed)        8.521    16.806    udp_gateway_shadow_mirror_i/dma_gateway_hybrid_0/inst/u_shadow_acl_filter/rst_n_0
    SLICE_X31Y93         FDCE                                         f  udp_gateway_shadow_mirror_i/dma_gateway_hybrid_0/inst/u_shadow_acl_filter/buf_data_reg[2][15]/CLR
  -------------------------------------------------------------------    -------------------

                         (clock clk_fpga_0 rise edge)
                                                     20.000    20.000 r  
    PS7_X0Y0             PS7                          0.000    20.000 r  udp_gateway_shadow_mirror_i/processing_system7_0/inst/PS7_i/FCLKCLK[0]
                         net (fo=1, routed)           1.088    21.088    udp_gateway_shadow_mirror_i/processing_system7_0/inst/FCLK_CLK_unbuffered[0]
    BUFGCTRL_X0Y17       BUFG (Prop_bufg_I_O)         0.091    21.179 r  udp_gateway_shadow_mirror_i/processing_system7_0/inst/buffer_fclk_clk_0.FCLK_CLK_0_BUFG/O
                         net (fo=54559, routed)       1.525    22.704    udp_gateway_shadow_mirror_i/dma_gateway_hybrid_0/inst/u_shadow_acl_filter/clk
    SLICE_X31Y93         FDCE                                         r  udp_gateway_shadow_mirror_i/dma_gateway_hybrid_0/inst/u_shadow_acl_filter/buf_data_reg[2][15]/C
                         clock pessimism              0.264    22.968    
                         clock uncertainty           -0.302    22.666    
    SLICE_X31Y93         FDCE (Recov_fdce_C_CLR)     -0.405    22.261    udp_gateway_shadow_mirror_i/dma_gateway_hybrid_0/inst/u_shadow_acl_filter/buf_data_reg[2][15]
  -------------------------------------------------------------------
                         required time                         22.261    
                         arrival time                         -16.806    
  -------------------------------------------------------------------
                         slack                                  5.455    

Slack (MET) :             5.455ns  (required time - arrival time)
  Source:                 udp_gateway_shadow_mirror_i/rst_ps7_0_100M/U0/ACTIVE_LOW_PR_OUT_DFF[0].FDRE_PER_N/C
                            (rising edge-triggered cell FDRE clocked by clk_fpga_0  {rise@0.000ns fall@10.000ns period=20.000ns})
  Destination:            udp_gateway_shadow_mirror_i/dma_gateway_hybrid_0/inst/u_shadow_acl_filter/buf_data_reg[2][22]/CLR
                            (recovery check against rising-edge clock clk_fpga_0  {rise@0.000ns fall@10.000ns period=20.000ns})
  Path Group:             **async_default**
  Path Type:              Recovery (Max at Slow Process Corner)
  Requirement:            20.000ns  (clk_fpga_0 rise@20.000ns - clk_fpga_0 rise@0.000ns)
  Data Path Delay:        13.827ns  (logic 0.715ns (5.171%)  route 13.112ns (94.829%))
  Logic Levels:           1  (LUT1=1)
  Clock Path Skew:        -0.011ns (DCD - SCD + CPR)
    Destination Clock Delay (DCD):    2.704ns = ( 22.704 - 20.000 ) 
    Source Clock Delay      (SCD):    2.979ns
    Clock Pessimism Removal (CPR):    0.264ns
  Clock Uncertainty:      0.302ns  ((TSJ^2 + TIJ^2)^1/2 + DJ) / 2 + PE
    Total System Jitter     (TSJ):    0.071ns
    Total Input Jitter      (TIJ):    0.600ns
    Discrete Jitter          (DJ):    0.000ns
    Phase Error              (PE):    0.000ns

    Location             Delay type                Incr(ns)  Path(ns)    Netlist Resource(s)
  -------------------------------------------------------------------    -------------------
                         (clock clk_fpga_0 rise edge)
                                                      0.000     0.000 r  
    PS7_X0Y0             PS7                          0.000     0.000 r  udp_gateway_shadow_mirror_i/processing_system7_0/inst/PS7_i/FCLKCLK[0]
                         net (fo=1, routed)           1.193     1.193    udp_gateway_shadow_mirror_i/processing_system7_0/inst/FCLK_CLK_unbuffered[0]
    BUFGCTRL_X0Y17       BUFG (Prop_bufg_I_O)         0.101     1.294 r  udp_gateway_shadow_mirror_i/processing_system7_0/inst/buffer_fclk_clk_0.FCLK_CLK_0_BUFG/O
                         net (fo=54559, routed)       1.685     2.979    udp_gateway_shadow_mirror_i/rst_ps7_0_100M/U0/slowest_sync_clk
    SLICE_X29Y78         FDRE                                         r  udp_gateway_shadow_mirror_i/rst_ps7_0_100M/U0/ACTIVE_LOW_PR_OUT_DFF[0].FDRE_PER_N/C
  -------------------------------------------------------------------    -------------------
    SLICE_X29Y78         FDRE (Prop_fdre_C_Q)         0.419     3.398 r  udp_gateway_shadow_mirror_i/rst_ps7_0_100M/U0/ACTIVE_LOW_PR_OUT_DFF[0].FDRE_PER_N/Q
                         net (fo=101, routed)         4.591     7.989    udp_gateway_shadow_mirror_i/dma_gateway_hybrid_0/inst/u_shadow_acl_filter/u_acl/rst_n
    SLICE_X84Y52         LUT1 (Prop_lut1_I0_O)        0.296     8.285 f  udp_gateway_shadow_mirror_i/dma_gateway_hybrid_0/inst/u_shadow_acl_filter/u_acl/s_axil_awready_i_2/O
                         net (fo=1991, routed)        8.521    16.806    udp_gateway_shadow_mirror_i/dma_gateway_hybrid_0/inst/u_shadow_acl_filter/rst_n_0
    SLICE_X31Y93         FDCE                                         f  udp_gateway_shadow_mirror_i/dma_gateway_hybrid_0/inst/u_shadow_acl_filter/buf_data_reg[2][22]/CLR
  -------------------------------------------------------------------    -------------------

                         (clock clk_fpga_0 rise edge)
                                                     20.000    20.000 r  
    PS7_X0Y0             PS7                          0.000    20.000 r  udp_gateway_shadow_mirror_i/processing_system7_0/inst/PS7_i/FCLKCLK[0]
                         net (fo=1, routed)           1.088    21.088    udp_gateway_shadow_mirror_i/processing_system7_0/inst/FCLK_CLK_unbuffered[0]
    BUFGCTRL_X0Y17       BUFG (Prop_bufg_I_O)         0.091    21.179 r  udp_gateway_shadow_mirror_i/processing_system7_0/inst/buffer_fclk_clk_0.FCLK_CLK_0_BUFG/O
                         net (fo=54559, routed)       1.525    22.704    udp_gateway_shadow_mirror_i/dma_gateway_hybrid_0/inst/u_shadow_acl_filter/clk
    SLICE_X31Y93         FDCE                                         r  udp_gateway_shadow_mirror_i/dma_gateway_hybrid_0/inst/u_shadow_acl_filter/buf_data_reg[2][22]/C
                         clock pessimism              0.264    22.968    
                         clock uncertainty           -0.302    22.666    
    SLICE_X31Y93         FDCE (Recov_fdce_C_CLR)     -0.405    22.261    udp_gateway_shadow_mirror_i/dma_gateway_hybrid_0/inst/u_shadow_acl_filter/buf_data_reg[2][22]
  -------------------------------------------------------------------
                         required time                         22.261    
                         arrival time                         -16.806    
  -------------------------------------------------------------------
                         slack                                  5.455    

Slack (MET) :             5.696ns  (required time - arrival time)
  Source:                 udp_gateway_shadow_mirror_i/rst_ps7_0_100M/U0/ACTIVE_LOW_PR_OUT_DFF[0].FDRE_PER_N/C
                            (rising edge-triggered cell FDRE clocked by clk_fpga_0  {rise@0.000ns fall@10.000ns period=20.000ns})
  Destination:            udp_gateway_shadow_mirror_i/dma_gateway_hybrid_0/inst/i_hybrid_dma/u_dma_crypto_source_reader/bytes_fetched_q_reg[25]/CLR
                            (recovery check against rising-edge clock clk_fpga_0  {rise@0.000ns fall@10.000ns period=20.000ns})
  Path Group:             **async_default**
  Path Type:              Recovery (Max at Slow Process Corner)
  Requirement:            20.000ns  (clk_fpga_0 rise@20.000ns - clk_fpga_0 rise@0.000ns)
  Data Path Delay:        13.261ns  (logic 0.745ns (5.618%)  route 12.516ns (94.382%))
  Logic Levels:           1  (LUT1=1)
  Clock Path Skew:        -0.134ns (DCD - SCD + CPR)
    Destination Clock Delay (DCD):    2.730ns = ( 22.730 - 20.000 ) 
    Source Clock Delay      (SCD):    2.979ns
    Clock Pessimism Removal (CPR):    0.115ns
  Clock Uncertainty:      0.302ns  ((TSJ^2 + TIJ^2)^1/2 + DJ) / 2 + PE
    Total System Jitter     (TSJ):    0.071ns
    Total Input Jitter      (TIJ):    0.600ns
    Discrete Jitter          (DJ):    0.000ns
    Phase Error              (PE):    0.000ns

    Location             Delay type                Incr(ns)  Path(ns)    Netlist Resource(s)
  -------------------------------------------------------------------    -------------------
                         (clock clk_fpga_0 rise edge)
                                                      0.000     0.000 r  
    PS7_X0Y0             PS7                          0.000     0.000 r  udp_gateway_shadow_mirror_i/processing_system7_0/inst/PS7_i/FCLKCLK[0]
                         net (fo=1, routed)           1.193     1.193    udp_gateway_shadow_mirror_i/processing_system7_0/inst/FCLK_CLK_unbuffered[0]
    BUFGCTRL_X0Y17       BUFG (Prop_bufg_I_O)         0.101     1.294 r  udp_gateway_shadow_mirror_i/processing_system7_0/inst/buffer_fclk_clk_0.FCLK_CLK_0_BUFG/O
                         net (fo=54559, routed)       1.685     2.979    udp_gateway_shadow_mirror_i/rst_ps7_0_100M/U0/slowest_sync_clk
    SLICE_X29Y78         FDRE                                         r  udp_gateway_shadow_mirror_i/rst_ps7_0_100M/U0/ACTIVE_LOW_PR_OUT_DFF[0].FDRE_PER_N/C
  -------------------------------------------------------------------    -------------------
    SLICE_X29Y78         FDRE (Prop_fdre_C_Q)         0.419     3.398 r  udp_gateway_shadow_mirror_i/rst_ps7_0_100M/U0/ACTIVE_LOW_PR_OUT_DFF[0].FDRE_PER_N/Q
                         net (fo=101, routed)         5.795     9.193    udp_gateway_shadow_mirror_i/dma_gateway_hybrid_0/inst/i_hybrid_dma/u_dma_crypto_source_reader/rst_n
    SLICE_X9Y20          LUT1 (Prop_lut1_I0_O)        0.326     9.519 f  udp_gateway_shadow_mirror_i/dma_gateway_hybrid_0/inst/i_hybrid_dma/u_dma_crypto_source_reader/rd_data_q[31]_i_3/O
                         net (fo=205, routed)         6.721    16.240    udp_gateway_shadow_mirror_i/dma_gateway_hybrid_0/inst/i_hybrid_dma/u_dma_crypto_source_reader/rd_data_q[31]_i_3_n_0
    SLICE_X59Y38         FDCE                                         f  udp_gateway_shadow_mirror_i/dma_gateway_hybrid_0/inst/i_hybrid_dma/u_dma_crypto_source_reader/bytes_fetched_q_reg[25]/CLR
  -------------------------------------------------------------------    -------------------

                         (clock clk_fpga_0 rise edge)
                                                     20.000    20.000 r  
    PS7_X0Y0             PS7                          0.000    20.000 r  udp_gateway_shadow_mirror_i/processing_system7_0/inst/PS7_i/FCLKCLK[0]
                         net (fo=1, routed)           1.088    21.088    udp_gateway_shadow_mirror_i/processing_system7_0/inst/FCLK_CLK_unbuffered[0]
    BUFGCTRL_X0Y17       BUFG (Prop_bufg_I_O)         0.091    21.179 r  udp_gateway_shadow_mirror_i/processing_system7_0/inst/buffer_fclk_clk_0.FCLK_CLK_0_BUFG/O
                         net (fo=54559, routed)       1.551    22.730    udp_gateway_shadow_mirror_i/dma_gateway_hybrid_0/inst/i_hybrid_dma/u_dma_crypto_source_reader/clk
    SLICE_X59Y38         FDCE                                         r  udp_gateway_shadow_mirror_i/dma_gateway_hybrid_0/inst/i_hybrid_dma/u_dma_crypto_source_reader/bytes_fetched_q_reg[25]/C
                         clock pessimism              0.115    22.845    
                         clock uncertainty           -0.302    22.543    
    SLICE_X59Y38         FDCE (Recov_fdce_C_CLR)     -0.608    21.935    udp_gateway_shadow_mirror_i/dma_gateway_hybrid_0/inst/i_hybrid_dma/u_dma_crypto_source_reader/bytes_fetched_q_reg[25]
  -------------------------------------------------------------------
                         required time                         21.935    
                         arrival time                         -16.240    
  -------------------------------------------------------------------
                         slack                                  5.696    





Min Delay Paths
--------------------------------------------------------------------------------------
Slack (MET) :             0.602ns  (arrival time - required time)
  Source:                 udp_gateway_shadow_mirror_i/axi_mem_intercon/m00_couplers/auto_pc/inst/gen_axi4_axi3.axi3_conv_inst/USE_READ.USE_SPLIT_R.read_addr_inst/USE_R_CHANNEL.cmd_queue/inst/fifo_gen_inst/inst_fifo_gen/gconvfifo.rf/grf.rf/rstblk/ngwrdrst.grst.g7serrst.gnsckt_wrst.gcc_rst.sckt_wr_rst_cc_reg[0]/C
                            (rising edge-triggered cell FDRE clocked by clk_fpga_0  {rise@0.000ns fall@10.000ns period=20.000ns})
  Destination:            udp_gateway_shadow_mirror_i/axi_mem_intercon/m00_couplers/auto_pc/inst/gen_axi4_axi3.axi3_conv_inst/USE_READ.USE_SPLIT_R.read_addr_inst/USE_R_CHANNEL.cmd_queue/inst/fifo_gen_inst/inst_fifo_gen/gconvfifo.rf/grf.rf/gntv_or_sync_fifo.gl0.rd/rpntr/gc0.count_reg[1]/CLR
                            (removal check against rising-edge clock clk_fpga_0  {rise@0.000ns fall@10.000ns period=20.000ns})
  Path Group:             **async_default**
  Path Type:              Removal (Min at Fast Process Corner)
  Requirement:            0.000ns  (clk_fpga_0 rise@0.000ns - clk_fpga_0 rise@0.000ns)
  Data Path Delay:        0.792ns  (logic 0.227ns (28.648%)  route 0.565ns (71.352%))
  Logic Levels:           1  (LUT3=1)
  Clock Path Skew:        0.282ns (DCD - SCD - CPR)
    Destination Clock Delay (DCD):    1.207ns
    Source Clock Delay      (SCD):    0.890ns
    Clock Pessimism Removal (CPR):    0.035ns

    Location             Delay type                Incr(ns)  Path(ns)    Netlist Resource(s)
  -------------------------------------------------------------------    -------------------
                         (clock clk_fpga_0 rise edge)
                                                      0.000     0.000 r  
    PS7_X0Y0             PS7                          0.000     0.000 r  udp_gateway_shadow_mirror_i/processing_system7_0/inst/PS7_i/FCLKCLK[0]
                         net (fo=1, routed)           0.310     0.310    udp_gateway_shadow_mirror_i/processing_system7_0/inst/FCLK_CLK_unbuffered[0]
    BUFGCTRL_X0Y17       BUFG (Prop_bufg_I_O)         0.026     0.336 r  udp_gateway_shadow_mirror_i/processing_system7_0/inst/buffer_fclk_clk_0.FCLK_CLK_0_BUFG/O
                         net (fo=54559, routed)       0.554     0.890    udp_gateway_shadow_mirror_i/axi_mem_intercon/m00_couplers/auto_pc/inst/gen_axi4_axi3.axi3_conv_inst/USE_READ.USE_SPLIT_R.read_addr_inst/USE_R_CHANNEL.cmd_queue/inst/fifo_gen_inst/inst_fifo_gen/gconvfifo.rf/grf.rf/rstblk/clk
    SLICE_X41Y61         FDRE                                         r  udp_gateway_shadow_mirror_i/axi_mem_intercon/m00_couplers/auto_pc/inst/gen_axi4_axi3.axi3_conv_inst/USE_READ.USE_SPLIT_R.read_addr_inst/USE_R_CHANNEL.cmd_queue/inst/fifo_gen_inst/inst_fifo_gen/gconvfifo.rf/grf.rf/rstblk/ngwrdrst.grst.g7serrst.gnsckt_wrst.gcc_rst.sckt_wr_rst_cc_reg[0]/C
  -------------------------------------------------------------------    -------------------
    SLICE_X41Y61         FDRE (Prop_fdre_C_Q)         0.128     1.018 f  udp_gateway_shadow_mirror_i/axi_mem_intercon/m00_couplers/auto_pc/inst/gen_axi4_axi3.axi3_conv_inst/USE_READ.USE_SPLIT_R.read_addr_inst/USE_R_CHANNEL.cmd_queue/inst/fifo_gen_inst/inst_fifo_gen/gconvfifo.rf/grf.rf/rstblk/ngwrdrst.grst.g7serrst.gnsckt_wrst.gcc_rst.sckt_wr_rst_cc_reg[0]/Q
                         net (fo=2, routed)           0.158     1.175    udp_gateway_shadow_mirror_i/axi_mem_intercon/m00_couplers/auto_pc/inst/gen_axi4_axi3.axi3_conv_inst/USE_READ.USE_SPLIT_R.read_addr_inst/USE_R_CHANNEL.cmd_queue/inst/fifo_gen_inst/inst_fifo_gen/gconvfifo.rf/grf.rf/rstblk/ngwrdrst.grst.g7serrst.gnsckt_wrst.gcc_rst.sckt_wr_rst_cc[0]
    SLICE_X41Y61         LUT3 (Prop_lut3_I1_O)        0.099     1.274 f  udp_gateway_shadow_mirror_i/axi_mem_intercon/m00_couplers/auto_pc/inst/gen_axi4_axi3.axi3_conv_inst/USE_READ.USE_SPLIT_R.read_addr_inst/USE_R_CHANNEL.cmd_queue/inst/fifo_gen_inst/inst_fifo_gen/gconvfifo.rf/grf.rf/rstblk/gpregsm1.curr_fwft_state[1]_i_2/O
                         net (fo=33, routed)          0.407     1.682    udp_gateway_shadow_mirror_i/axi_mem_intercon/m00_couplers/auto_pc/inst/gen_axi4_axi3.axi3_conv_inst/USE_READ.USE_SPLIT_R.read_addr_inst/USE_R_CHANNEL.cmd_queue/inst/fifo_gen_inst/inst_fifo_gen/gconvfifo.rf/grf.rf/gntv_or_sync_fifo.gl0.rd/rpntr/gc0.count_d1_reg[4]_1
    SLICE_X55Y62         FDCE                                         f  udp_gateway_shadow_mirror_i/axi_mem_intercon/m00_couplers/auto_pc/inst/gen_axi4_axi3.axi3_conv_inst/USE_READ.USE_SPLIT_R.read_addr_inst/USE_R_CHANNEL.cmd_queue/inst/fifo_gen_inst/inst_fifo_gen/gconvfifo.rf/grf.rf/gntv_or_sync_fifo.gl0.rd/rpntr/gc0.count_reg[1]/CLR
  -------------------------------------------------------------------    -------------------

                         (clock clk_fpga_0 rise edge)
                                                      0.000     0.000 r  
    PS7_X0Y0             PS7                          0.000     0.000 r  udp_gateway_shadow_mirror_i/processing_system7_0/inst/PS7_i/FCLKCLK[0]
                         net (fo=1, routed)           0.337     0.337    udp_gateway_shadow_mirror_i/processing_system7_0/inst/FCLK_CLK_unbuffered[0]
    BUFGCTRL_X0Y17       BUFG (Prop_bufg_I_O)         0.029     0.366 r  udp_gateway_shadow_mirror_i/processing_system7_0/inst/buffer_fclk_clk_0.FCLK_CLK_0_BUFG/O
                         net (fo=54559, routed)       0.841     1.207    udp_gateway_shadow_mirror_i/axi_mem_intercon/m00_couplers/auto_pc/inst/gen_axi4_axi3.axi3_conv_inst/USE_READ.USE_SPLIT_R.read_addr_inst/USE_R_CHANNEL.cmd_queue/inst/fifo_gen_inst/inst_fifo_gen/gconvfifo.rf/grf.rf/gntv_or_sync_fifo.gl0.rd/rpntr/clk
    SLICE_X55Y62         FDCE                                         r  udp_gateway_shadow_mirror_i/axi_mem_intercon/m00_couplers/auto_pc/inst/gen_axi4_axi3.axi3_conv_inst/USE_READ.USE_SPLIT_R.read_addr_inst/USE_R_CHANNEL.cmd_queue/inst/fifo_gen_inst/inst_fifo_gen/gconvfifo.rf/grf.rf/gntv_or_sync_fifo.gl0.rd/rpntr/gc0.count_reg[1]/C
                         clock pessimism             -0.035     1.172    
    SLICE_X55Y62         FDCE (Remov_fdce_C_CLR)     -0.092     1.080    udp_gateway_shadow_mirror_i/axi_mem_intercon/m00_couplers/auto_pc/inst/gen_axi4_axi3.axi3_conv_inst/USE_READ.USE_SPLIT_R.read_addr_inst/USE_R_CHANNEL.cmd_queue/inst/fifo_gen_inst/inst_fifo_gen/gconvfifo.rf/grf.rf/gntv_or_sync_fifo.gl0.rd/rpntr/gc0.count_reg[1]
  -------------------------------------------------------------------
                         required time                         -1.080    
                         arrival time                           1.682    
  -------------------------------------------------------------------
                         slack                                  0.602    

Slack (MET) :             0.602ns  (arrival time - required time)
  Source:                 udp_gateway_shadow_mirror_i/axi_mem_intercon/m00_couplers/auto_pc/inst/gen_axi4_axi3.axi3_conv_inst/USE_READ.USE_SPLIT_R.read_addr_inst/USE_R_CHANNEL.cmd_queue/inst/fifo_gen_inst/inst_fifo_gen/gconvfifo.rf/grf.rf/rstblk/ngwrdrst.grst.g7serrst.gnsckt_wrst.gcc_rst.sckt_wr_rst_cc_reg[0]/C
                            (rising edge-triggered cell FDRE clocked by clk_fpga_0  {rise@0.000ns fall@10.000ns period=20.000ns})
  Destination:            udp_gateway_shadow_mirror_i/axi_mem_intercon/m00_couplers/auto_pc/inst/gen_axi4_axi3.axi3_conv_inst/USE_READ.USE_SPLIT_R.read_addr_inst/USE_R_CHANNEL.cmd_queue/inst/fifo_gen_inst/inst_fifo_gen/gconvfifo.rf/grf.rf/gntv_or_sync_fifo.gl0.rd/rpntr/gc0.count_reg[2]/CLR
                            (removal check against rising-edge clock clk_fpga_0  {rise@0.000ns fall@10.000ns period=20.000ns})
  Path Group:             **async_default**
  Path Type:              Removal (Min at Fast Process Corner)
  Requirement:            0.000ns  (clk_fpga_0 rise@0.000ns - clk_fpga_0 rise@0.000ns)
  Data Path Delay:        0.792ns  (logic 0.227ns (28.648%)  route 0.565ns (71.352%))
  Logic Levels:           1  (LUT3=1)
  Clock Path Skew:        0.282ns (DCD - SCD - CPR)
    Destination Clock Delay (DCD):    1.207ns
    Source Clock Delay      (SCD):    0.890ns
    Clock Pessimism Removal (CPR):    0.035ns

    Location             Delay type                Incr(ns)  Path(ns)    Netlist Resource(s)
  -------------------------------------------------------------------    -------------------
                         (clock clk_fpga_0 rise edge)
                                                      0.000     0.000 r  
    PS7_X0Y0             PS7                          0.000     0.000 r  udp_gateway_shadow_mirror_i/processing_system7_0/inst/PS7_i/FCLKCLK[0]
                         net (fo=1, routed)           0.310     0.310    udp_gateway_shadow_mirror_i/processing_system7_0/inst/FCLK_CLK_unbuffered[0]
    BUFGCTRL_X0Y17       BUFG (Prop_bufg_I_O)         0.026     0.336 r  udp_gateway_shadow_mirror_i/processing_system7_0/inst/buffer_fclk_clk_0.FCLK_CLK_0_BUFG/O
                         net (fo=54559, routed)       0.554     0.890    udp_gateway_shadow_mirror_i/axi_mem_intercon/m00_couplers/auto_pc/inst/gen_axi4_axi3.axi3_conv_inst/USE_READ.USE_SPLIT_R.read_addr_inst/USE_R_CHANNEL.cmd_queue/inst/fifo_gen_inst/inst_fifo_gen/gconvfifo.rf/grf.rf/rstblk/clk
    SLICE_X41Y61         FDRE                                         r  udp_gateway_shadow_mirror_i/axi_mem_intercon/m00_couplers/auto_pc/inst/gen_axi4_axi3.axi3_conv_inst/USE_READ.USE_SPLIT_R.read_addr_inst/USE_R_CHANNEL.cmd_queue/inst/fifo_gen_inst/inst_fifo_gen/gconvfifo.rf/grf.rf/rstblk/ngwrdrst.grst.g7serrst.gnsckt_wrst.gcc_rst.sckt_wr_rst_cc_reg[0]/C
  -------------------------------------------------------------------    -------------------
    SLICE_X41Y61         FDRE (Prop_fdre_C_Q)         0.128     1.018 f  udp_gateway_shadow_mirror_i/axi_mem_intercon/m00_couplers/auto_pc/inst/gen_axi4_axi3.axi3_conv_inst/USE_READ.USE_SPLIT_R.read_addr_inst/USE_R_CHANNEL.cmd_queue/inst/fifo_gen_inst/inst_fifo_gen/gconvfifo.rf/grf.rf/rstblk/ngwrdrst.grst.g7serrst.gnsckt_wrst.gcc_rst.sckt_wr_rst_cc_reg[0]/Q
                         net (fo=2, routed)           0.158     1.175    udp_gateway_shadow_mirror_i/axi_mem_intercon/m00_couplers/auto_pc/inst/gen_axi4_axi3.axi3_conv_inst/USE_READ.USE_SPLIT_R.read_addr_inst/USE_R_CHANNEL.cmd_queue/inst/fifo_gen_inst/inst_fifo_gen/gconvfifo.rf/grf.rf/rstblk/ngwrdrst.grst.g7serrst.gnsckt_wrst.gcc_rst.sckt_wr_rst_cc[0]
    SLICE_X41Y61         LUT3 (Prop_lut3_I1_O)        0.099     1.274 f  udp_gateway_shadow_mirror_i/axi_mem_intercon/m00_couplers/auto_pc/inst/gen_axi4_axi3.axi3_conv_inst/USE_READ.USE_SPLIT_R.read_addr_inst/USE_R_CHANNEL.cmd_queue/inst/fifo_gen_inst/inst_fifo_gen/gconvfifo.rf/grf.rf/rstblk/gpregsm1.curr_fwft_state[1]_i_2/O
                         net (fo=33, routed)          0.407     1.682    udp_gateway_shadow_mirror_i/axi_mem_intercon/m00_couplers/auto_pc/inst/gen_axi4_axi3.axi3_conv_inst/USE_READ.USE_SPLIT_R.read_addr_inst/USE_R_CHANNEL.cmd_queue/inst/fifo_gen_inst/inst_fifo_gen/gconvfifo.rf/grf.rf/gntv_or_sync_fifo.gl0.rd/rpntr/gc0.count_d1_reg[4]_1
    SLICE_X55Y62         FDCE                                         f  udp_gateway_shadow_mirror_i/axi_mem_intercon/m00_couplers/auto_pc/inst/gen_axi4_axi3.axi3_conv_inst/USE_READ.USE_SPLIT_R.read_addr_inst/USE_R_CHANNEL.cmd_queue/inst/fifo_gen_inst/inst_fifo_gen/gconvfifo.rf/grf.rf/gntv_or_sync_fifo.gl0.rd/rpntr/gc0.count_reg[2]/CLR
  -------------------------------------------------------------------    -------------------

                         (clock clk_fpga_0 rise edge)
                                                      0.000     0.000 r  
    PS7_X0Y0             PS7                          0.000     0.000 r  udp_gateway_shadow_mirror_i/processing_system7_0/inst/PS7_i/FCLKCLK[0]
                         net (fo=1, routed)           0.337     0.337    udp_gateway_shadow_mirror_i/processing_system7_0/inst/FCLK_CLK_unbuffered[0]
    BUFGCTRL_X0Y17       BUFG (Prop_bufg_I_O)         0.029     0.366 r  udp_gateway_shadow_mirror_i/processing_system7_0/inst/buffer_fclk_clk_0.FCLK_CLK_0_BUFG/O
                         net (fo=54559, routed)       0.841     1.207    udp_gateway_shadow_mirror_i/axi_mem_intercon/m00_couplers/auto_pc/inst/gen_axi4_axi3.axi3_conv_inst/USE_READ.USE_SPLIT_R.read_addr_inst/USE_R_CHANNEL.cmd_queue/inst/fifo_gen_inst/inst_fifo_gen/gconvfifo.rf/grf.rf/gntv_or_sync_fifo.gl0.rd/rpntr/clk
    SLICE_X55Y62         FDCE                                         r  udp_gateway_shadow_mirror_i/axi_mem_intercon/m00_couplers/auto_pc/inst/gen_axi4_axi3.axi3_conv_inst/USE_READ.USE_SPLIT_R.read_addr_inst/USE_R_CHANNEL.cmd_queue/inst/fifo_gen_inst/inst_fifo_gen/gconvfifo.rf/grf.rf/gntv_or_sync_fifo.gl0.rd/rpntr/gc0.count_reg[2]/C
                         clock pessimism             -0.035     1.172    
    SLICE_X55Y62         FDCE (Remov_fdce_C_CLR)     -0.092     1.080    udp_gateway_shadow_mirror_i/axi_mem_intercon/m00_couplers/auto_pc/inst/gen_axi4_axi3.axi3_conv_inst/USE_READ.USE_SPLIT_R.read_addr_inst/USE_R_CHANNEL.cmd_queue/inst/fifo_gen_inst/inst_fifo_gen/gconvfifo.rf/grf.rf/gntv_or_sync_fifo.gl0.rd/rpntr/gc0.count_reg[2]
  -------------------------------------------------------------------
                         required time                         -1.080    
                         arrival time                           1.682    
  -------------------------------------------------------------------
                         slack                                  0.602    

Slack (MET) :             0.602ns  (arrival time - required time)
  Source:                 udp_gateway_shadow_mirror_i/axi_mem_intercon/m00_couplers/auto_pc/inst/gen_axi4_axi3.axi3_conv_inst/USE_READ.USE_SPLIT_R.read_addr_inst/USE_R_CHANNEL.cmd_queue/inst/fifo_gen_inst/inst_fifo_gen/gconvfifo.rf/grf.rf/rstblk/ngwrdrst.grst.g7serrst.gnsckt_wrst.gcc_rst.sckt_wr_rst_cc_reg[0]/C
                            (rising edge-triggered cell FDRE clocked by clk_fpga_0  {rise@0.000ns fall@10.000ns period=20.000ns})
  Destination:            udp_gateway_shadow_mirror_i/axi_mem_intercon/m00_couplers/auto_pc/inst/gen_axi4_axi3.axi3_conv_inst/USE_READ.USE_SPLIT_R.read_addr_inst/USE_R_CHANNEL.cmd_queue/inst/fifo_gen_inst/inst_fifo_gen/gconvfifo.rf/grf.rf/gntv_or_sync_fifo.gl0.rd/rpntr/gc0.count_reg[3]/CLR
                            (removal check against rising-edge clock clk_fpga_0  {rise@0.000ns fall@10.000ns period=20.000ns})
  Path Group:             **async_default**
  Path Type:              Removal (Min at Fast Process Corner)
  Requirement:            0.000ns  (clk_fpga_0 rise@0.000ns - clk_fpga_0 rise@0.000ns)
  Data Path Delay:        0.792ns  (logic 0.227ns (28.648%)  route 0.565ns (71.352%))
  Logic Levels:           1  (LUT3=1)
  Clock Path Skew:        0.282ns (DCD - SCD - CPR)
    Destination Clock Delay (DCD):    1.207ns
    Source Clock Delay      (SCD):    0.890ns
    Clock Pessimism Removal (CPR):    0.035ns

    Location             Delay type                Incr(ns)  Path(ns)    Netlist Resource(s)
  -------------------------------------------------------------------    -------------------
                         (clock clk_fpga_0 rise edge)
                                                      0.000     0.000 r  
    PS7_X0Y0             PS7                          0.000     0.000 r  udp_gateway_shadow_mirror_i/processing_system7_0/inst/PS7_i/FCLKCLK[0]
                         net (fo=1, routed)           0.310     0.310    udp_gateway_shadow_mirror_i/processing_system7_0/inst/FCLK_CLK_unbuffered[0]
    BUFGCTRL_X0Y17       BUFG (Prop_bufg_I_O)         0.026     0.336 r  udp_gateway_shadow_mirror_i/processing_system7_0/inst/buffer_fclk_clk_0.FCLK_CLK_0_BUFG/O
                         net (fo=54559, routed)       0.554     0.890    udp_gateway_shadow_mirror_i/axi_mem_intercon/m00_couplers/auto_pc/inst/gen_axi4_axi3.axi3_conv_inst/USE_READ.USE_SPLIT_R.read_addr_inst/USE_R_CHANNEL.cmd_queue/inst/fifo_gen_inst/inst_fifo_gen/gconvfifo.rf/grf.rf/rstblk/clk
    SLICE_X41Y61         FDRE                                         r  udp_gateway_shadow_mirror_i/axi_mem_intercon/m00_couplers/auto_pc/inst/gen_axi4_axi3.axi3_conv_inst/USE_READ.USE_SPLIT_R.read_addr_inst/USE_R_CHANNEL.cmd_queue/inst/fifo_gen_inst/inst_fifo_gen/gconvfifo.rf/grf.rf/rstblk/ngwrdrst.grst.g7serrst.gnsckt_wrst.gcc_rst.sckt_wr_rst_cc_reg[0]/C
  -------------------------------------------------------------------    -------------------
    SLICE_X41Y61         FDRE (Prop_fdre_C_Q)         0.128     1.018 f  udp_gateway_shadow_mirror_i/axi_mem_intercon/m00_couplers/auto_pc/inst/gen_axi4_axi3.axi3_conv_inst/USE_READ.USE_SPLIT_R.read_addr_inst/USE_R_CHANNEL.cmd_queue/inst/fifo_gen_inst/inst_fifo_gen/gconvfifo.rf/grf.rf/rstblk/ngwrdrst.grst.g7serrst.gnsckt_wrst.gcc_rst.sckt_wr_rst_cc_reg[0]/Q
                         net (fo=2, routed)           0.158     1.175    udp_gateway_shadow_mirror_i/axi_mem_intercon/m00_couplers/auto_pc/inst/gen_axi4_axi3.axi3_conv_inst/USE_READ.USE_SPLIT_R.read_addr_inst/USE_R_CHANNEL.cmd_queue/inst/fifo_gen_inst/inst_fifo_gen/gconvfifo.rf/grf.rf/rstblk/ngwrdrst.grst.g7serrst.gnsckt_wrst.gcc_rst.sckt_wr_rst_cc[0]
    SLICE_X41Y61         LUT3 (Prop_lut3_I1_O)        0.099     1.274 f  udp_gateway_shadow_mirror_i/axi_mem_intercon/m00_couplers/auto_pc/inst/gen_axi4_axi3.axi3_conv_inst/USE_READ.USE_SPLIT_R.read_addr_inst/USE_R_CHANNEL.cmd_queue/inst/fifo_gen_inst/inst_fifo_gen/gconvfifo.rf/grf.rf/rstblk/gpregsm1.curr_fwft_state[1]_i_2/O
                         net (fo=33, routed)          0.407     1.682    udp_gateway_shadow_mirror_i/axi_mem_intercon/m00_couplers/auto_pc/inst/gen_axi4_axi3.axi3_conv_inst/USE_READ.USE_SPLIT_R.read_addr_inst/USE_R_CHANNEL.cmd_queue/inst/fifo_gen_inst/inst_fifo_gen/gconvfifo.rf/grf.rf/gntv_or_sync_fifo.gl0.rd/rpntr/gc0.count_d1_reg[4]_1
    SLICE_X55Y62         FDCE                                         f  udp_gateway_shadow_mirror_i/axi_mem_intercon/m00_couplers/auto_pc/inst/gen_axi4_axi3.axi3_conv_inst/USE_READ.USE_SPLIT_R.read_addr_inst/USE_R_CHANNEL.cmd_queue/inst/fifo_gen_inst/inst_fifo_gen/gconvfifo.rf/grf.rf/gntv_or_sync_fifo.gl0.rd/rpntr/gc0.count_reg[3]/CLR
  -------------------------------------------------------------------    -------------------

                         (clock clk_fpga_0 rise edge)
                                                      0.000     0.000 r  
    PS7_X0Y0             PS7                          0.000     0.000 r  udp_gateway_shadow_mirror_i/processing_system7_0/inst/PS7_i/FCLKCLK[0]
                         net (fo=1, routed)           0.337     0.337    udp_gateway_shadow_mirror_i/processing_system7_0/inst/FCLK_CLK_unbuffered[0]
    BUFGCTRL_X0Y17       BUFG (Prop_bufg_I_O)         0.029     0.366 r  udp_gateway_shadow_mirror_i/processing_system7_0/inst/buffer_fclk_clk_0.FCLK_CLK_0_BUFG/O
                         net (fo=54559, routed)       0.841     1.207    udp_gateway_shadow_mirror_i/axi_mem_intercon/m00_couplers/auto_pc/inst/gen_axi4_axi3.axi3_conv_inst/USE_READ.USE_SPLIT_R.read_addr_inst/USE_R_CHANNEL.cmd_queue/inst/fifo_gen_inst/inst_fifo_gen/gconvfifo.rf/grf.rf/gntv_or_sync_fifo.gl0.rd/rpntr/clk
    SLICE_X55Y62         FDCE                                         r  udp_gateway_shadow_mirror_i/axi_mem_intercon/m00_couplers/auto_pc/inst/gen_axi4_axi3.axi3_conv_inst/USE_READ.USE_SPLIT_R.read_addr_inst/USE_R_CHANNEL.cmd_queue/inst/fifo_gen_inst/inst_fifo_gen/gconvfifo.rf/grf.rf/gntv_or_sync_fifo.gl0.rd/rpntr/gc0.count_reg[3]/C
                         clock pessimism             -0.035     1.172    
    SLICE_X55Y62         FDCE (Remov_fdce_C_CLR)     -0.092     1.080    udp_gateway_shadow_mirror_i/axi_mem_intercon/m00_couplers/auto_pc/inst/gen_axi4_axi3.axi3_conv_inst/USE_READ.USE_SPLIT_R.read_addr_inst/USE_R_CHANNEL.cmd_queue/inst/fifo_gen_inst/inst_fifo_gen/gconvfifo.rf/grf.rf/gntv_or_sync_fifo.gl0.rd/rpntr/gc0.count_reg[3]
  -------------------------------------------------------------------
                         required time                         -1.080    
                         arrival time                           1.682    
  -------------------------------------------------------------------
                         slack                                  0.602    

Slack (MET) :             0.602ns  (arrival time - required time)
  Source:                 udp_gateway_shadow_mirror_i/axi_mem_intercon/m00_couplers/auto_pc/inst/gen_axi4_axi3.axi3_conv_inst/USE_READ.USE_SPLIT_R.read_addr_inst/USE_R_CHANNEL.cmd_queue/inst/fifo_gen_inst/inst_fifo_gen/gconvfifo.rf/grf.rf/rstblk/ngwrdrst.grst.g7serrst.gnsckt_wrst.gcc_rst.sckt_wr_rst_cc_reg[0]/C
                            (rising edge-triggered cell FDRE clocked by clk_fpga_0  {rise@0.000ns fall@10.000ns period=20.000ns})
  Destination:            udp_gateway_shadow_mirror_i/axi_mem_intercon/m00_couplers/auto_pc/inst/gen_axi4_axi3.axi3_conv_inst/USE_READ.USE_SPLIT_R.read_addr_inst/USE_R_CHANNEL.cmd_queue/inst/fifo_gen_inst/inst_fifo_gen/gconvfifo.rf/grf.rf/gntv_or_sync_fifo.gl0.rd/rpntr/gc0.count_reg[4]/CLR
                            (removal check against rising-edge clock clk_fpga_0  {rise@0.000ns fall@10.000ns period=20.000ns})
  Path Group:             **async_default**
  Path Type:              Removal (Min at Fast Process Corner)
  Requirement:            0.000ns  (clk_fpga_0 rise@0.000ns - clk_fpga_0 rise@0.000ns)
  Data Path Delay:        0.792ns  (logic 0.227ns (28.648%)  route 0.565ns (71.352%))
  Logic Levels:           1  (LUT3=1)
  Clock Path Skew:        0.282ns (DCD - SCD - CPR)
    Destination Clock Delay (DCD):    1.207ns
    Source Clock Delay      (SCD):    0.890ns
    Clock Pessimism Removal (CPR):    0.035ns

    Location             Delay type                Incr(ns)  Path(ns)    Netlist Resource(s)
  -------------------------------------------------------------------    -------------------
                         (clock clk_fpga_0 rise edge)
                                                      0.000     0.000 r  
    PS7_X0Y0             PS7                          0.000     0.000 r  udp_gateway_shadow_mirror_i/processing_system7_0/inst/PS7_i/FCLKCLK[0]
                         net (fo=1, routed)           0.310     0.310    udp_gateway_shadow_mirror_i/processing_system7_0/inst/FCLK_CLK_unbuffered[0]
    BUFGCTRL_X0Y17       BUFG (Prop_bufg_I_O)         0.026     0.336 r  udp_gateway_shadow_mirror_i/processing_system7_0/inst/buffer_fclk_clk_0.FCLK_CLK_0_BUFG/O
                         net (fo=54559, routed)       0.554     0.890    udp_gateway_shadow_mirror_i/axi_mem_intercon/m00_couplers/auto_pc/inst/gen_axi4_axi3.axi3_conv_inst/USE_READ.USE_SPLIT_R.read_addr_inst/USE_R_CHANNEL.cmd_queue/inst/fifo_gen_inst/inst_fifo_gen/gconvfifo.rf/grf.rf/rstblk/clk
    SLICE_X41Y61         FDRE                                         r  udp_gateway_shadow_mirror_i/axi_mem_intercon/m00_couplers/auto_pc/inst/gen_axi4_axi3.axi3_conv_inst/USE_READ.USE_SPLIT_R.read_addr_inst/USE_R_CHANNEL.cmd_queue/inst/fifo_gen_inst/inst_fifo_gen/gconvfifo.rf/grf.rf/rstblk/ngwrdrst.grst.g7serrst.gnsckt_wrst.gcc_rst.sckt_wr_rst_cc_reg[0]/C
  -------------------------------------------------------------------    -------------------
    SLICE_X41Y61         FDRE (Prop_fdre_C_Q)         0.128     1.018 f  udp_gateway_shadow_mirror_i/axi_mem_intercon/m00_couplers/auto_pc/inst/gen_axi4_axi3.axi3_conv_inst/USE_READ.USE_SPLIT_R.read_addr_inst/USE_R_CHANNEL.cmd_queue/inst/fifo_gen_inst/inst_fifo_gen/gconvfifo.rf/grf.rf/rstblk/ngwrdrst.grst.g7serrst.gnsckt_wrst.gcc_rst.sckt_wr_rst_cc_reg[0]/Q
                         net (fo=2, routed)           0.158     1.175    udp_gateway_shadow_mirror_i/axi_mem_intercon/m00_couplers/auto_pc/inst/gen_axi4_axi3.axi3_conv_inst/USE_READ.USE_SPLIT_R.read_addr_inst/USE_R_CHANNEL.cmd_queue/inst/fifo_gen_inst/inst_fifo_gen/gconvfifo.rf/grf.rf/rstblk/ngwrdrst.grst.g7serrst.gnsckt_wrst.gcc_rst.sckt_wr_rst_cc[0]
    SLICE_X41Y61         LUT3 (Prop_lut3_I1_O)        0.099     1.274 f  udp_gateway_shadow_mirror_i/axi_mem_intercon/m00_couplers/auto_pc/inst/gen_axi4_axi3.axi3_conv_inst/USE_READ.USE_SPLIT_R.read_addr_inst/USE_R_CHANNEL.cmd_queue/inst/fifo_gen_inst/inst_fifo_gen/gconvfifo.rf/grf.rf/rstblk/gpregsm1.curr_fwft_state[1]_i_2/O
                         net (fo=33, routed)          0.407     1.682    udp_gateway_shadow_mirror_i/axi_mem_intercon/m00_couplers/auto_pc/inst/gen_axi4_axi3.axi3_conv_inst/USE_READ.USE_SPLIT_R.read_addr_inst/USE_R_CHANNEL.cmd_queue/inst/fifo_gen_inst/inst_fifo_gen/gconvfifo.rf/grf.rf/gntv_or_sync_fifo.gl0.rd/rpntr/gc0.count_d1_reg[4]_1
    SLICE_X55Y62         FDCE                                         f  udp_gateway_shadow_mirror_i/axi_mem_intercon/m00_couplers/auto_pc/inst/gen_axi4_axi3.axi3_conv_inst/USE_READ.USE_SPLIT_R.read_addr_inst/USE_R_CHANNEL.cmd_queue/inst/fifo_gen_inst/inst_fifo_gen/gconvfifo.rf/grf.rf/gntv_or_sync_fifo.gl0.rd/rpntr/gc0.count_reg[4]/CLR
  -------------------------------------------------------------------    -------------------

                         (clock clk_fpga_0 rise edge)
                                                      0.000     0.000 r  
    PS7_X0Y0             PS7                          0.000     0.000 r  udp_gateway_shadow_mirror_i/processing_system7_0/inst/PS7_i/FCLKCLK[0]
                         net (fo=1, routed)           0.337     0.337    udp_gateway_shadow_mirror_i/processing_system7_0/inst/FCLK_CLK_unbuffered[0]
    BUFGCTRL_X0Y17       BUFG (Prop_bufg_I_O)         0.029     0.366 r  udp_gateway_shadow_mirror_i/processing_system7_0/inst/buffer_fclk_clk_0.FCLK_CLK_0_BUFG/O
                         net (fo=54559, routed)       0.841     1.207    udp_gateway_shadow_mirror_i/axi_mem_intercon/m00_couplers/auto_pc/inst/gen_axi4_axi3.axi3_conv_inst/USE_READ.USE_SPLIT_R.read_addr_inst/USE_R_CHANNEL.cmd_queue/inst/fifo_gen_inst/inst_fifo_gen/gconvfifo.rf/grf.rf/gntv_or_sync_fifo.gl0.rd/rpntr/clk
    SLICE_X55Y62         FDCE                                         r  udp_gateway_shadow_mirror_i/axi_mem_intercon/m00_couplers/auto_pc/inst/gen_axi4_axi3.axi3_conv_inst/USE_READ.USE_SPLIT_R.read_addr_inst/USE_R_CHANNEL.cmd_queue/inst/fifo_gen_inst/inst_fifo_gen/gconvfifo.rf/grf.rf/gntv_or_sync_fifo.gl0.rd/rpntr/gc0.count_reg[4]/C
                         clock pessimism             -0.035     1.172    
    SLICE_X55Y62         FDCE (Remov_fdce_C_CLR)     -0.092     1.080    udp_gateway_shadow_mirror_i/axi_mem_intercon/m00_couplers/auto_pc/inst/gen_axi4_axi3.axi3_conv_inst/USE_READ.USE_SPLIT_R.read_addr_inst/USE_R_CHANNEL.cmd_queue/inst/fifo_gen_inst/inst_fifo_gen/gconvfifo.rf/grf.rf/gntv_or_sync_fifo.gl0.rd/rpntr/gc0.count_reg[4]
  -------------------------------------------------------------------
                         required time                         -1.080    
                         arrival time                           1.682    
  -------------------------------------------------------------------
                         slack                                  0.602    

Slack (MET) :             0.696ns  (arrival time - required time)
  Source:                 udp_gateway_shadow_mirror_i/axi_mem_intercon/m00_couplers/auto_pc/inst/gen_axi4_axi3.axi3_conv_inst/USE_READ.USE_SPLIT_R.read_addr_inst/USE_R_CHANNEL.cmd_queue/inst/fifo_gen_inst/inst_fifo_gen/gconvfifo.rf/grf.rf/rstblk/ngwrdrst.grst.g7serrst.gnsckt_wrst.gcc_rst.sckt_wr_rst_cc_reg[0]/C
                            (rising edge-triggered cell FDRE clocked by clk_fpga_0  {rise@0.000ns fall@10.000ns period=20.000ns})
  Destination:            udp_gateway_shadow_mirror_i/axi_mem_intercon/m00_couplers/auto_pc/inst/gen_axi4_axi3.axi3_conv_inst/USE_READ.USE_SPLIT_R.read_addr_inst/USE_R_CHANNEL.cmd_queue/inst/fifo_gen_inst/inst_fifo_gen/gconvfifo.rf/grf.rf/gntv_or_sync_fifo.gl0.rd/rpntr/gc0.count_d1_reg[0]/CLR
                            (removal check against rising-edge clock clk_fpga_0  {rise@0.000ns fall@10.000ns period=20.000ns})
  Path Group:             **async_default**
  Path Type:              Removal (Min at Fast Process Corner)
  Requirement:            0.000ns  (clk_fpga_0 rise@0.000ns - clk_fpga_0 rise@0.000ns)
  Data Path Delay:        0.892ns  (logic 0.227ns (25.449%)  route 0.665ns (74.551%))
  Logic Levels:           1  (LUT3=1)
  Clock Path Skew:        0.288ns (DCD - SCD - CPR)
    Destination Clock Delay (DCD):    1.213ns
    Source Clock Delay      (SCD):    0.890ns
    Clock Pessimism Removal (CPR):    0.035ns

    Location             Delay type                Incr(ns)  Path(ns)    Netlist Resource(s)
  -------------------------------------------------------------------    -------------------
                         (clock clk_fpga_0 rise edge)
                                                      0.000     0.000 r  
    PS7_X0Y0             PS7                          0.000     0.000 r  udp_gateway_shadow_mirror_i/processing_system7_0/inst/PS7_i/FCLKCLK[0]
                         net (fo=1, routed)           0.310     0.310    udp_gateway_shadow_mirror_i/processing_system7_0/inst/FCLK_CLK_unbuffered[0]
    BUFGCTRL_X0Y17       BUFG (Prop_bufg_I_O)         0.026     0.336 r  udp_gateway_shadow_mirror_i/processing_system7_0/inst/buffer_fclk_clk_0.FCLK_CLK_0_BUFG/O
                         net (fo=54559, routed)       0.554     0.890    udp_gateway_shadow_mirror_i/axi_mem_intercon/m00_couplers/auto_pc/inst/gen_axi4_axi3.axi3_conv_inst/USE_READ.USE_SPLIT_R.read_addr_inst/USE_R_CHANNEL.cmd_queue/inst/fifo_gen_inst/inst_fifo_gen/gconvfifo.rf/grf.rf/rstblk/clk
    SLICE_X41Y61         FDRE                                         r  udp_gateway_shadow_mirror_i/axi_mem_intercon/m00_couplers/auto_pc/inst/gen_axi4_axi3.axi3_conv_inst/USE_READ.USE_SPLIT_R.read_addr_inst/USE_R_CHANNEL.cmd_queue/inst/fifo_gen_inst/inst_fifo_gen/gconvfifo.rf/grf.rf/rstblk/ngwrdrst.grst.g7serrst.gnsckt_wrst.gcc_rst.sckt_wr_rst_cc_reg[0]/C
  -------------------------------------------------------------------    -------------------
    SLICE_X41Y61         FDRE (Prop_fdre_C_Q)         0.128     1.018 f  udp_gateway_shadow_mirror_i/axi_mem_intercon/m00_couplers/auto_pc/inst/gen_axi4_axi3.axi3_conv_inst/USE_READ.USE_SPLIT_R.read_addr_inst/USE_R_CHANNEL.cmd_queue/inst/fifo_gen_inst/inst_fifo_gen/gconvfifo.rf/grf.rf/rstblk/ngwrdrst.grst.g7serrst.gnsckt_wrst.gcc_rst.sckt_wr_rst_cc_reg[0]/Q
                         net (fo=2, routed)           0.158     1.175    udp_gateway_shadow_mirror_i/axi_mem_intercon/m00_couplers/auto_pc/inst/gen_axi4_axi3.axi3_conv_inst/USE_READ.USE_SPLIT_R.read_addr_inst/USE_R_CHANNEL.cmd_queue/inst/fifo_gen_inst/inst_fifo_gen/gconvfifo.rf/grf.rf/rstblk/ngwrdrst.grst.g7serrst.gnsckt_wrst.gcc_rst.sckt_wr_rst_cc[0]
    SLICE_X41Y61         LUT3 (Prop_lut3_I1_O)        0.099     1.274 f  udp_gateway_shadow_mirror_i/axi_mem_intercon/m00_couplers/auto_pc/inst/gen_axi4_axi3.axi3_conv_inst/USE_READ.USE_SPLIT_R.read_addr_inst/USE_R_CHANNEL.cmd_queue/inst/fifo_gen_inst/inst_fifo_gen/gconvfifo.rf/grf.rf/rstblk/gpregsm1.curr_fwft_state[1]_i_2/O
                         net (fo=33, routed)          0.507     1.782    udp_gateway_shadow_mirror_i/axi_mem_intercon/m00_couplers/auto_pc/inst/gen_axi4_axi3.axi3_conv_inst/USE_READ.USE_SPLIT_R.read_addr_inst/USE_R_CHANNEL.cmd_queue/inst/fifo_gen_inst/inst_fifo_gen/gconvfifo.rf/grf.rf/gntv_or_sync_fifo.gl0.rd/rpntr/gc0.count_d1_reg[4]_1
    SLICE_X59Y56         FDCE                                         f  udp_gateway_shadow_mirror_i/axi_mem_intercon/m00_couplers/auto_pc/inst/gen_axi4_axi3.axi3_conv_inst/USE_READ.USE_SPLIT_R.read_addr_inst/USE_R_CHANNEL.cmd_queue/inst/fifo_gen_inst/inst_fifo_gen/gconvfifo.rf/grf.rf/gntv_or_sync_fifo.gl0.rd/rpntr/gc0.count_d1_reg[0]/CLR
  -------------------------------------------------------------------    -------------------

                         (clock clk_fpga_0 rise edge)
                                                      0.000     0.000 r  
    PS7_X0Y0             PS7                          0.000     0.000 r  udp_gateway_shadow_mirror_i/processing_system7_0/inst/PS7_i/FCLKCLK[0]
                         net (fo=1, routed)           0.337     0.337    udp_gateway_shadow_mirror_i/processing_system7_0/inst/FCLK_CLK_unbuffered[0]
    BUFGCTRL_X0Y17       BUFG (Prop_bufg_I_O)         0.029     0.366 r  udp_gateway_shadow_mirror_i/processing_system7_0/inst/buffer_fclk_clk_0.FCLK_CLK_0_BUFG/O
                         net (fo=54559, routed)       0.847     1.213    udp_gateway_shadow_mirror_i/axi_mem_intercon/m00_couplers/auto_pc/inst/gen_axi4_axi3.axi3_conv_inst/USE_READ.USE_SPLIT_R.read_addr_inst/USE_R_CHANNEL.cmd_queue/inst/fifo_gen_inst/inst_fifo_gen/gconvfifo.rf/grf.rf/gntv_or_sync_fifo.gl0.rd/rpntr/clk
    SLICE_X59Y56         FDCE                                         r  udp_gateway_shadow_mirror_i/axi_mem_intercon/m00_couplers/auto_pc/inst/gen_axi4_axi3.axi3_conv_inst/USE_READ.USE_SPLIT_R.read_addr_inst/USE_R_CHANNEL.cmd_queue/inst/fifo_gen_inst/inst_fifo_gen/gconvfifo.rf/grf.rf/gntv_or_sync_fifo.gl0.rd/rpntr/gc0.count_d1_reg[0]/C
                         clock pessimism             -0.035     1.178    
    SLICE_X59Y56         FDCE (Remov_fdce_C_CLR)     -0.092     1.086    udp_gateway_shadow_mirror_i/axi_mem_intercon/m00_couplers/auto_pc/inst/gen_axi4_axi3.axi3_conv_inst/USE_READ.USE_SPLIT_R.read_addr_inst/USE_R_CHANNEL.cmd_queue/inst/fifo_gen_inst/inst_fifo_gen/gconvfifo.rf/grf.rf/gntv_or_sync_fifo.gl0.rd/rpntr/gc0.count_d1_reg[0]
  -------------------------------------------------------------------
                         required time                         -1.086    
                         arrival time                           1.782    
  -------------------------------------------------------------------
                         slack                                  0.696    

Slack (MET) :             0.696ns  (arrival time - required time)
  Source:                 udp_gateway_shadow_mirror_i/axi_mem_intercon/m00_couplers/auto_pc/inst/gen_axi4_axi3.axi3_conv_inst/USE_READ.USE_SPLIT_R.read_addr_inst/USE_R_CHANNEL.cmd_queue/inst/fifo_gen_inst/inst_fifo_gen/gconvfifo.rf/grf.rf/rstblk/ngwrdrst.grst.g7serrst.gnsckt_wrst.gcc_rst.sckt_wr_rst_cc_reg[0]/C
                            (rising edge-triggered cell FDRE clocked by clk_fpga_0  {rise@0.000ns fall@10.000ns period=20.000ns})
  Destination:            udp_gateway_shadow_mirror_i/axi_mem_intercon/m00_couplers/auto_pc/inst/gen_axi4_axi3.axi3_conv_inst/USE_READ.USE_SPLIT_R.read_addr_inst/USE_R_CHANNEL.cmd_queue/inst/fifo_gen_inst/inst_fifo_gen/gconvfifo.rf/grf.rf/gntv_or_sync_fifo.gl0.rd/rpntr/gc0.count_d1_reg[1]/CLR
                            (removal check against rising-edge clock clk_fpga_0  {rise@0.000ns fall@10.000ns period=20.000ns})
  Path Group:             **async_default**
  Path Type:              Removal (Min at Fast Process Corner)
  Requirement:            0.000ns  (clk_fpga_0 rise@0.000ns - clk_fpga_0 rise@0.000ns)
  Data Path Delay:        0.892ns  (logic 0.227ns (25.449%)  route 0.665ns (74.551%))
  Logic Levels:           1  (LUT3=1)
  Clock Path Skew:        0.288ns (DCD - SCD - CPR)
    Destination Clock Delay (DCD):    1.213ns
    Source Clock Delay      (SCD):    0.890ns
    Clock Pessimism Removal (CPR):    0.035ns

    Location             Delay type                Incr(ns)  Path(ns)    Netlist Resource(s)
  -------------------------------------------------------------------    -------------------
                         (clock clk_fpga_0 rise edge)
                                                      0.000     0.000 r  
    PS7_X0Y0             PS7                          0.000     0.000 r  udp_gateway_shadow_mirror_i/processing_system7_0/inst/PS7_i/FCLKCLK[0]
                         net (fo=1, routed)           0.310     0.310    udp_gateway_shadow_mirror_i/processing_system7_0/inst/FCLK_CLK_unbuffered[0]
    BUFGCTRL_X0Y17       BUFG (Prop_bufg_I_O)         0.026     0.336 r  udp_gateway_shadow_mirror_i/processing_system7_0/inst/buffer_fclk_clk_0.FCLK_CLK_0_BUFG/O
                         net (fo=54559, routed)       0.554     0.890    udp_gateway_shadow_mirror_i/axi_mem_intercon/m00_couplers/auto_pc/inst/gen_axi4_axi3.axi3_conv_inst/USE_READ.USE_SPLIT_R.read_addr_inst/USE_R_CHANNEL.cmd_queue/inst/fifo_gen_inst/inst_fifo_gen/gconvfifo.rf/grf.rf/rstblk/clk
    SLICE_X41Y61         FDRE                                         r  udp_gateway_shadow_mirror_i/axi_mem_intercon/m00_couplers/auto_pc/inst/gen_axi4_axi3.axi3_conv_inst/USE_READ.USE_SPLIT_R.read_addr_inst/USE_R_CHANNEL.cmd_queue/inst/fifo_gen_inst/inst_fifo_gen/gconvfifo.rf/grf.rf/rstblk/ngwrdrst.grst.g7serrst.gnsckt_wrst.gcc_rst.sckt_wr_rst_cc_reg[0]/C
  -------------------------------------------------------------------    -------------------
    SLICE_X41Y61         FDRE (Prop_fdre_C_Q)         0.128     1.018 f  udp_gateway_shadow_mirror_i/axi_mem_intercon/m00_couplers/auto_pc/inst/gen_axi4_axi3.axi3_conv_inst/USE_READ.USE_SPLIT_R.read_addr_inst/USE_R_CHANNEL.cmd_queue/inst/fifo_gen_inst/inst_fifo_gen/gconvfifo.rf/grf.rf/rstblk/ngwrdrst.grst.g7serrst.gnsckt_wrst.gcc_rst.sckt_wr_rst_cc_reg[0]/Q
                         net (fo=2, routed)           0.158     1.175    udp_gateway_shadow_mirror_i/axi_mem_intercon/m00_couplers/auto_pc/inst/gen_axi4_axi3.axi3_conv_inst/USE_READ.USE_SPLIT_R.read_addr_inst/USE_R_CHANNEL.cmd_queue/inst/fifo_gen_inst/inst_fifo_gen/gconvfifo.rf/grf.rf/rstblk/ngwrdrst.grst.g7serrst.gnsckt_wrst.gcc_rst.sckt_wr_rst_cc[0]
    SLICE_X41Y61         LUT3 (Prop_lut3_I1_O)        0.099     1.274 f  udp_gateway_shadow_mirror_i/axi_mem_intercon/m00_couplers/auto_pc/inst/gen_axi4_axi3.axi3_conv_inst/USE_READ.USE_SPLIT_R.read_addr_inst/USE_R_CHANNEL.cmd_queue/inst/fifo_gen_inst/inst_fifo_gen/gconvfifo.rf/grf.rf/rstblk/gpregsm1.curr_fwft_state[1]_i_2/O
                         net (fo=33, routed)          0.507     1.782    udp_gateway_shadow_mirror_i/axi_mem_intercon/m00_couplers/auto_pc/inst/gen_axi4_axi3.axi3_conv_inst/USE_READ.USE_SPLIT_R.read_addr_inst/USE_R_CHANNEL.cmd_queue/inst/fifo_gen_inst/inst_fifo_gen/gconvfifo.rf/grf.rf/gntv_or_sync_fifo.gl0.rd/rpntr/gc0.count_d1_reg[4]_1
    SLICE_X59Y56         FDCE                                         f  udp_gateway_shadow_mirror_i/axi_mem_intercon/m00_couplers/auto_pc/inst/gen_axi4_axi3.axi3_conv_inst/USE_READ.USE_SPLIT_R.read_addr_inst/USE_R_CHANNEL.cmd_queue/inst/fifo_gen_inst/inst_fifo_gen/gconvfifo.rf/grf.rf/gntv_or_sync_fifo.gl0.rd/rpntr/gc0.count_d1_reg[1]/CLR
  -------------------------------------------------------------------    -------------------

                         (clock clk_fpga_0 rise edge)
                                                      0.000     0.000 r  
    PS7_X0Y0             PS7                          0.000     0.000 r  udp_gateway_shadow_mirror_i/processing_system7_0/inst/PS7_i/FCLKCLK[0]
                         net (fo=1, routed)           0.337     0.337    udp_gateway_shadow_mirror_i/processing_system7_0/inst/FCLK_CLK_unbuffered[0]
    BUFGCTRL_X0Y17       BUFG (Prop_bufg_I_O)         0.029     0.366 r  udp_gateway_shadow_mirror_i/processing_system7_0/inst/buffer_fclk_clk_0.FCLK_CLK_0_BUFG/O
                         net (fo=54559, routed)       0.847     1.213    udp_gateway_shadow_mirror_i/axi_mem_intercon/m00_couplers/auto_pc/inst/gen_axi4_axi3.axi3_conv_inst/USE_READ.USE_SPLIT_R.read_addr_inst/USE_R_CHANNEL.cmd_queue/inst/fifo_gen_inst/inst_fifo_gen/gconvfifo.rf/grf.rf/gntv_or_sync_fifo.gl0.rd/rpntr/clk
    SLICE_X59Y56         FDCE                                         r  udp_gateway_shadow_mirror_i/axi_mem_intercon/m00_couplers/auto_pc/inst/gen_axi4_axi3.axi3_conv_inst/USE_READ.USE_SPLIT_R.read_addr_inst/USE_R_CHANNEL.cmd_queue/inst/fifo_gen_inst/inst_fifo_gen/gconvfifo.rf/grf.rf/gntv_or_sync_fifo.gl0.rd/rpntr/gc0.count_d1_reg[1]/C
                         clock pessimism             -0.035     1.178    
    SLICE_X59Y56         FDCE (Remov_fdce_C_CLR)     -0.092     1.086    udp_gateway_shadow_mirror_i/axi_mem_intercon/m00_couplers/auto_pc/inst/gen_axi4_axi3.axi3_conv_inst/USE_READ.USE_SPLIT_R.read_addr_inst/USE_R_CHANNEL.cmd_queue/inst/fifo_gen_inst/inst_fifo_gen/gconvfifo.rf/grf.rf/gntv_or_sync_fifo.gl0.rd/rpntr/gc0.count_d1_reg[1]
  -------------------------------------------------------------------
                         required time                         -1.086    
                         arrival time                           1.782    
  -------------------------------------------------------------------
                         slack                                  0.696    

Slack (MET) :             0.696ns  (arrival time - required time)
  Source:                 udp_gateway_shadow_mirror_i/axi_mem_intercon/m00_couplers/auto_pc/inst/gen_axi4_axi3.axi3_conv_inst/USE_READ.USE_SPLIT_R.read_addr_inst/USE_R_CHANNEL.cmd_queue/inst/fifo_gen_inst/inst_fifo_gen/gconvfifo.rf/grf.rf/rstblk/ngwrdrst.grst.g7serrst.gnsckt_wrst.gcc_rst.sckt_wr_rst_cc_reg[0]/C
                            (rising edge-triggered cell FDRE clocked by clk_fpga_0  {rise@0.000ns fall@10.000ns period=20.000ns})
  Destination:            udp_gateway_shadow_mirror_i/axi_mem_intercon/m00_couplers/auto_pc/inst/gen_axi4_axi3.axi3_conv_inst/USE_READ.USE_SPLIT_R.read_addr_inst/USE_R_CHANNEL.cmd_queue/inst/fifo_gen_inst/inst_fifo_gen/gconvfifo.rf/grf.rf/gntv_or_sync_fifo.gl0.rd/rpntr/gc0.count_d1_reg[2]/CLR
                            (removal check against rising-edge clock clk_fpga_0  {rise@0.000ns fall@10.000ns period=20.000ns})
  Path Group:             **async_default**
  Path Type:              Removal (Min at Fast Process Corner)
  Requirement:            0.000ns  (clk_fpga_0 rise@0.000ns - clk_fpga_0 rise@0.000ns)
  Data Path Delay:        0.892ns  (logic 0.227ns (25.449%)  route 0.665ns (74.551%))
  Logic Levels:           1  (LUT3=1)
  Clock Path Skew:        0.288ns (DCD - SCD - CPR)
    Destination Clock Delay (DCD):    1.213ns
    Source Clock Delay      (SCD):    0.890ns
    Clock Pessimism Removal (CPR):    0.035ns

    Location             Delay type                Incr(ns)  Path(ns)    Netlist Resource(s)
  -------------------------------------------------------------------    -------------------
                         (clock clk_fpga_0 rise edge)
                                                      0.000     0.000 r  
    PS7_X0Y0             PS7                          0.000     0.000 r  udp_gateway_shadow_mirror_i/processing_system7_0/inst/PS7_i/FCLKCLK[0]
                         net (fo=1, routed)           0.310     0.310    udp_gateway_shadow_mirror_i/processing_system7_0/inst/FCLK_CLK_unbuffered[0]
    BUFGCTRL_X0Y17       BUFG (Prop_bufg_I_O)         0.026     0.336 r  udp_gateway_shadow_mirror_i/processing_system7_0/inst/buffer_fclk_clk_0.FCLK_CLK_0_BUFG/O
                         net (fo=54559, routed)       0.554     0.890    udp_gateway_shadow_mirror_i/axi_mem_intercon/m00_couplers/auto_pc/inst/gen_axi4_axi3.axi3_conv_inst/USE_READ.USE_SPLIT_R.read_addr_inst/USE_R_CHANNEL.cmd_queue/inst/fifo_gen_inst/inst_fifo_gen/gconvfifo.rf/grf.rf/rstblk/clk
    SLICE_X41Y61         FDRE                                         r  udp_gateway_shadow_mirror_i/axi_mem_intercon/m00_couplers/auto_pc/inst/gen_axi4_axi3.axi3_conv_inst/USE_READ.USE_SPLIT_R.read_addr_inst/USE_R_CHANNEL.cmd_queue/inst/fifo_gen_inst/inst_fifo_gen/gconvfifo.rf/grf.rf/rstblk/ngwrdrst.grst.g7serrst.gnsckt_wrst.gcc_rst.sckt_wr_rst_cc_reg[0]/C
  -------------------------------------------------------------------    -------------------
    SLICE_X41Y61         FDRE (Prop_fdre_C_Q)         0.128     1.018 f  udp_gateway_shadow_mirror_i/axi_mem_intercon/m00_couplers/auto_pc/inst/gen_axi4_axi3.axi3_conv_inst/USE_READ.USE_SPLIT_R.read_addr_inst/USE_R_CHANNEL.cmd_queue/inst/fifo_gen_inst/inst_fifo_gen/gconvfifo.rf/grf.rf/rstblk/ngwrdrst.grst.g7serrst.gnsckt_wrst.gcc_rst.sckt_wr_rst_cc_reg[0]/Q
                         net (fo=2, routed)           0.158     1.175    udp_gateway_shadow_mirror_i/axi_mem_intercon/m00_couplers/auto_pc/inst/gen_axi4_axi3.axi3_conv_inst/USE_READ.USE_SPLIT_R.read_addr_inst/USE_R_CHANNEL.cmd_queue/inst/fifo_gen_inst/inst_fifo_gen/gconvfifo.rf/grf.rf/rstblk/ngwrdrst.grst.g7serrst.gnsckt_wrst.gcc_rst.sckt_wr_rst_cc[0]
    SLICE_X41Y61         LUT3 (Prop_lut3_I1_O)        0.099     1.274 f  udp_gateway_shadow_mirror_i/axi_mem_intercon/m00_couplers/auto_pc/inst/gen_axi4_axi3.axi3_conv_inst/USE_READ.USE_SPLIT_R.read_addr_inst/USE_R_CHANNEL.cmd_queue/inst/fifo_gen_inst/inst_fifo_gen/gconvfifo.rf/grf.rf/rstblk/gpregsm1.curr_fwft_state[1]_i_2/O
                         net (fo=33, routed)          0.507     1.782    udp_gateway_shadow_mirror_i/axi_mem_intercon/m00_couplers/auto_pc/inst/gen_axi4_axi3.axi3_conv_inst/USE_READ.USE_SPLIT_R.read_addr_inst/USE_R_CHANNEL.cmd_queue/inst/fifo_gen_inst/inst_fifo_gen/gconvfifo.rf/grf.rf/gntv_or_sync_fifo.gl0.rd/rpntr/gc0.count_d1_reg[4]_1
    SLICE_X59Y56         FDCE                                         f  udp_gateway_shadow_mirror_i/axi_mem_intercon/m00_couplers/auto_pc/inst/gen_axi4_axi3.axi3_conv_inst/USE_READ.USE_SPLIT_R.read_addr_inst/USE_R_CHANNEL.cmd_queue/inst/fifo_gen_inst/inst_fifo_gen/gconvfifo.rf/grf.rf/gntv_or_sync_fifo.gl0.rd/rpntr/gc0.count_d1_reg[2]/CLR
  -------------------------------------------------------------------    -------------------

                         (clock clk_fpga_0 rise edge)
                                                      0.000     0.000 r  
    PS7_X0Y0             PS7                          0.000     0.000 r  udp_gateway_shadow_mirror_i/processing_system7_0/inst/PS7_i/FCLKCLK[0]
                         net (fo=1, routed)           0.337     0.337    udp_gateway_shadow_mirror_i/processing_system7_0/inst/FCLK_CLK_unbuffered[0]
    BUFGCTRL_X0Y17       BUFG (Prop_bufg_I_O)         0.029     0.366 r  udp_gateway_shadow_mirror_i/processing_system7_0/inst/buffer_fclk_clk_0.FCLK_CLK_0_BUFG/O
                         net (fo=54559, routed)       0.847     1.213    udp_gateway_shadow_mirror_i/axi_mem_intercon/m00_couplers/auto_pc/inst/gen_axi4_axi3.axi3_conv_inst/USE_READ.USE_SPLIT_R.read_addr_inst/USE_R_CHANNEL.cmd_queue/inst/fifo_gen_inst/inst_fifo_gen/gconvfifo.rf/grf.rf/gntv_or_sync_fifo.gl0.rd/rpntr/clk
    SLICE_X59Y56         FDCE                                         r  udp_gateway_shadow_mirror_i/axi_mem_intercon/m00_couplers/auto_pc/inst/gen_axi4_axi3.axi3_conv_inst/USE_READ.USE_SPLIT_R.read_addr_inst/USE_R_CHANNEL.cmd_queue/inst/fifo_gen_inst/inst_fifo_gen/gconvfifo.rf/grf.rf/gntv_or_sync_fifo.gl0.rd/rpntr/gc0.count_d1_reg[2]/C
                         clock pessimism             -0.035     1.178    
    SLICE_X59Y56         FDCE (Remov_fdce_C_CLR)     -0.092     1.086    udp_gateway_shadow_mirror_i/axi_mem_intercon/m00_couplers/auto_pc/inst/gen_axi4_axi3.axi3_conv_inst/USE_READ.USE_SPLIT_R.read_addr_inst/USE_R_CHANNEL.cmd_queue/inst/fifo_gen_inst/inst_fifo_gen/gconvfifo.rf/grf.rf/gntv_or_sync_fifo.gl0.rd/rpntr/gc0.count_d1_reg[2]
  -------------------------------------------------------------------
                         required time                         -1.086    
                         arrival time                           1.782    
  -------------------------------------------------------------------
                         slack                                  0.696    

Slack (MET) :             0.696ns  (arrival time - required time)
  Source:                 udp_gateway_shadow_mirror_i/axi_mem_intercon/m00_couplers/auto_pc/inst/gen_axi4_axi3.axi3_conv_inst/USE_READ.USE_SPLIT_R.read_addr_inst/USE_R_CHANNEL.cmd_queue/inst/fifo_gen_inst/inst_fifo_gen/gconvfifo.rf/grf.rf/rstblk/ngwrdrst.grst.g7serrst.gnsckt_wrst.gcc_rst.sckt_wr_rst_cc_reg[0]/C
                            (rising edge-triggered cell FDRE clocked by clk_fpga_0  {rise@0.000ns fall@10.000ns period=20.000ns})
  Destination:            udp_gateway_shadow_mirror_i/axi_mem_intercon/m00_couplers/auto_pc/inst/gen_axi4_axi3.axi3_conv_inst/USE_READ.USE_SPLIT_R.read_addr_inst/USE_R_CHANNEL.cmd_queue/inst/fifo_gen_inst/inst_fifo_gen/gconvfifo.rf/grf.rf/gntv_or_sync_fifo.gl0.rd/rpntr/gc0.count_d1_reg[3]/CLR
                            (removal check against rising-edge clock clk_fpga_0  {rise@0.000ns fall@10.000ns period=20.000ns})
  Path Group:             **async_default**
  Path Type:              Removal (Min at Fast Process Corner)
  Requirement:            0.000ns  (clk_fpga_0 rise@0.000ns - clk_fpga_0 rise@0.000ns)
  Data Path Delay:        0.892ns  (logic 0.227ns (25.449%)  route 0.665ns (74.551%))
  Logic Levels:           1  (LUT3=1)
  Clock Path Skew:        0.288ns (DCD - SCD - CPR)
    Destination Clock Delay (DCD):    1.213ns
    Source Clock Delay      (SCD):    0.890ns
    Clock Pessimism Removal (CPR):    0.035ns

    Location             Delay type                Incr(ns)  Path(ns)    Netlist Resource(s)
  -------------------------------------------------------------------    -------------------
                         (clock clk_fpga_0 rise edge)
                                                      0.000     0.000 r  
    PS7_X0Y0             PS7                          0.000     0.000 r  udp_gateway_shadow_mirror_i/processing_system7_0/inst/PS7_i/FCLKCLK[0]
                         net (fo=1, routed)           0.310     0.310    udp_gateway_shadow_mirror_i/processing_system7_0/inst/FCLK_CLK_unbuffered[0]
    BUFGCTRL_X0Y17       BUFG (Prop_bufg_I_O)         0.026     0.336 r  udp_gateway_shadow_mirror_i/processing_system7_0/inst/buffer_fclk_clk_0.FCLK_CLK_0_BUFG/O
                         net (fo=54559, routed)       0.554     0.890    udp_gateway_shadow_mirror_i/axi_mem_intercon/m00_couplers/auto_pc/inst/gen_axi4_axi3.axi3_conv_inst/USE_READ.USE_SPLIT_R.read_addr_inst/USE_R_CHANNEL.cmd_queue/inst/fifo_gen_inst/inst_fifo_gen/gconvfifo.rf/grf.rf/rstblk/clk
    SLICE_X41Y61         FDRE                                         r  udp_gateway_shadow_mirror_i/axi_mem_intercon/m00_couplers/auto_pc/inst/gen_axi4_axi3.axi3_conv_inst/USE_READ.USE_SPLIT_R.read_addr_inst/USE_R_CHANNEL.cmd_queue/inst/fifo_gen_inst/inst_fifo_gen/gconvfifo.rf/grf.rf/rstblk/ngwrdrst.grst.g7serrst.gnsckt_wrst.gcc_rst.sckt_wr_rst_cc_reg[0]/C
  -------------------------------------------------------------------    -------------------
    SLICE_X41Y61         FDRE (Prop_fdre_C_Q)         0.128     1.018 f  udp_gateway_shadow_mirror_i/axi_mem_intercon/m00_couplers/auto_pc/inst/gen_axi4_axi3.axi3_conv_inst/USE_READ.USE_SPLIT_R.read_addr_inst/USE_R_CHANNEL.cmd_queue/inst/fifo_gen_inst/inst_fifo_gen/gconvfifo.rf/grf.rf/rstblk/ngwrdrst.grst.g7serrst.gnsckt_wrst.gcc_rst.sckt_wr_rst_cc_reg[0]/Q
                         net (fo=2, routed)           0.158     1.175    udp_gateway_shadow_mirror_i/axi_mem_intercon/m00_couplers/auto_pc/inst/gen_axi4_axi3.axi3_conv_inst/USE_READ.USE_SPLIT_R.read_addr_inst/USE_R_CHANNEL.cmd_queue/inst/fifo_gen_inst/inst_fifo_gen/gconvfifo.rf/grf.rf/rstblk/ngwrdrst.grst.g7serrst.gnsckt_wrst.gcc_rst.sckt_wr_rst_cc[0]
    SLICE_X41Y61         LUT3 (Prop_lut3_I1_O)        0.099     1.274 f  udp_gateway_shadow_mirror_i/axi_mem_intercon/m00_couplers/auto_pc/inst/gen_axi4_axi3.axi3_conv_inst/USE_READ.USE_SPLIT_R.read_addr_inst/USE_R_CHANNEL.cmd_queue/inst/fifo_gen_inst/inst_fifo_gen/gconvfifo.rf/grf.rf/rstblk/gpregsm1.curr_fwft_state[1]_i_2/O
                         net (fo=33, routed)          0.507     1.782    udp_gateway_shadow_mirror_i/axi_mem_intercon/m00_couplers/auto_pc/inst/gen_axi4_axi3.axi3_conv_inst/USE_READ.USE_SPLIT_R.read_addr_inst/USE_R_CHANNEL.cmd_queue/inst/fifo_gen_inst/inst_fifo_gen/gconvfifo.rf/grf.rf/gntv_or_sync_fifo.gl0.rd/rpntr/gc0.count_d1_reg[4]_1
    SLICE_X59Y56         FDCE                                         f  udp_gateway_shadow_mirror_i/axi_mem_intercon/m00_couplers/auto_pc/inst/gen_axi4_axi3.axi3_conv_inst/USE_READ.USE_SPLIT_R.read_addr_inst/USE_R_CHANNEL.cmd_queue/inst/fifo_gen_inst/inst_fifo_gen/gconvfifo.rf/grf.rf/gntv_or_sync_fifo.gl0.rd/rpntr/gc0.count_d1_reg[3]/CLR
  -------------------------------------------------------------------    -------------------

                         (clock clk_fpga_0 rise edge)
                                                      0.000     0.000 r  
    PS7_X0Y0             PS7                          0.000     0.000 r  udp_gateway_shadow_mirror_i/processing_system7_0/inst/PS7_i/FCLKCLK[0]
                         net (fo=1, routed)           0.337     0.337    udp_gateway_shadow_mirror_i/processing_system7_0/inst/FCLK_CLK_unbuffered[0]
    BUFGCTRL_X0Y17       BUFG (Prop_bufg_I_O)         0.029     0.366 r  udp_gateway_shadow_mirror_i/processing_system7_0/inst/buffer_fclk_clk_0.FCLK_CLK_0_BUFG/O
                         net (fo=54559, routed)       0.847     1.213    udp_gateway_shadow_mirror_i/axi_mem_intercon/m00_couplers/auto_pc/inst/gen_axi4_axi3.axi3_conv_inst/USE_READ.USE_SPLIT_R.read_addr_inst/USE_R_CHANNEL.cmd_queue/inst/fifo_gen_inst/inst_fifo_gen/gconvfifo.rf/grf.rf/gntv_or_sync_fifo.gl0.rd/rpntr/clk
    SLICE_X59Y56         FDCE                                         r  udp_gateway_shadow_mirror_i/axi_mem_intercon/m00_couplers/auto_pc/inst/gen_axi4_axi3.axi3_conv_inst/USE_READ.USE_SPLIT_R.read_addr_inst/USE_R_CHANNEL.cmd_queue/inst/fifo_gen_inst/inst_fifo_gen/gconvfifo.rf/grf.rf/gntv_or_sync_fifo.gl0.rd/rpntr/gc0.count_d1_reg[3]/C
                         clock pessimism             -0.035     1.178    
    SLICE_X59Y56         FDCE (Remov_fdce_C_CLR)     -0.092     1.086    udp_gateway_shadow_mirror_i/axi_mem_intercon/m00_couplers/auto_pc/inst/gen_axi4_axi3.axi3_conv_inst/USE_READ.USE_SPLIT_R.read_addr_inst/USE_R_CHANNEL.cmd_queue/inst/fifo_gen_inst/inst_fifo_gen/gconvfifo.rf/grf.rf/gntv_or_sync_fifo.gl0.rd/rpntr/gc0.count_d1_reg[3]
  -------------------------------------------------------------------
                         required time                         -1.086    
                         arrival time                           1.782    
  -------------------------------------------------------------------
                         slack                                  0.696    

Slack (MET) :             0.696ns  (arrival time - required time)
  Source:                 udp_gateway_shadow_mirror_i/axi_mem_intercon/m00_couplers/auto_pc/inst/gen_axi4_axi3.axi3_conv_inst/USE_READ.USE_SPLIT_R.read_addr_inst/USE_R_CHANNEL.cmd_queue/inst/fifo_gen_inst/inst_fifo_gen/gconvfifo.rf/grf.rf/rstblk/ngwrdrst.grst.g7serrst.gnsckt_wrst.gcc_rst.sckt_wr_rst_cc_reg[0]/C
                            (rising edge-triggered cell FDRE clocked by clk_fpga_0  {rise@0.000ns fall@10.000ns period=20.000ns})
  Destination:            udp_gateway_shadow_mirror_i/axi_mem_intercon/m00_couplers/auto_pc/inst/gen_axi4_axi3.axi3_conv_inst/USE_READ.USE_SPLIT_R.read_addr_inst/USE_R_CHANNEL.cmd_queue/inst/fifo_gen_inst/inst_fifo_gen/gconvfifo.rf/grf.rf/gntv_or_sync_fifo.gl0.rd/rpntr/gc0.count_d1_reg[4]/CLR
                            (removal check against rising-edge clock clk_fpga_0  {rise@0.000ns fall@10.000ns period=20.000ns})
  Path Group:             **async_default**
  Path Type:              Removal (Min at Fast Process Corner)
  Requirement:            0.000ns  (clk_fpga_0 rise@0.000ns - clk_fpga_0 rise@0.000ns)
  Data Path Delay:        0.892ns  (logic 0.227ns (25.449%)  route 0.665ns (74.551%))
  Logic Levels:           1  (LUT3=1)
  Clock Path Skew:        0.288ns (DCD - SCD - CPR)
    Destination Clock Delay (DCD):    1.213ns
    Source Clock Delay      (SCD):    0.890ns
    Clock Pessimism Removal (CPR):    0.035ns

    Location             Delay type                Incr(ns)  Path(ns)    Netlist Resource(s)
  -------------------------------------------------------------------    -------------------
                         (clock clk_fpga_0 rise edge)
                                                      0.000     0.000 r  
    PS7_X0Y0             PS7                          0.000     0.000 r  udp_gateway_shadow_mirror_i/processing_system7_0/inst/PS7_i/FCLKCLK[0]
                         net (fo=1, routed)           0.310     0.310    udp_gateway_shadow_mirror_i/processing_system7_0/inst/FCLK_CLK_unbuffered[0]
    BUFGCTRL_X0Y17       BUFG (Prop_bufg_I_O)         0.026     0.336 r  udp_gateway_shadow_mirror_i/processing_system7_0/inst/buffer_fclk_clk_0.FCLK_CLK_0_BUFG/O
                         net (fo=54559, routed)       0.554     0.890    udp_gateway_shadow_mirror_i/axi_mem_intercon/m00_couplers/auto_pc/inst/gen_axi4_axi3.axi3_conv_inst/USE_READ.USE_SPLIT_R.read_addr_inst/USE_R_CHANNEL.cmd_queue/inst/fifo_gen_inst/inst_fifo_gen/gconvfifo.rf/grf.rf/rstblk/clk
    SLICE_X41Y61         FDRE                                         r  udp_gateway_shadow_mirror_i/axi_mem_intercon/m00_couplers/auto_pc/inst/gen_axi4_axi3.axi3_conv_inst/USE_READ.USE_SPLIT_R.read_addr_inst/USE_R_CHANNEL.cmd_queue/inst/fifo_gen_inst/inst_fifo_gen/gconvfifo.rf/grf.rf/rstblk/ngwrdrst.grst.g7serrst.gnsckt_wrst.gcc_rst.sckt_wr_rst_cc_reg[0]/C
  -------------------------------------------------------------------    -------------------
    SLICE_X41Y61         FDRE (Prop_fdre_C_Q)         0.128     1.018 f  udp_gateway_shadow_mirror_i/axi_mem_intercon/m00_couplers/auto_pc/inst/gen_axi4_axi3.axi3_conv_inst/USE_READ.USE_SPLIT_R.read_addr_inst/USE_R_CHANNEL.cmd_queue/inst/fifo_gen_inst/inst_fifo_gen/gconvfifo.rf/grf.rf/rstblk/ngwrdrst.grst.g7serrst.gnsckt_wrst.gcc_rst.sckt_wr_rst_cc_reg[0]/Q
                         net (fo=2, routed)           0.158     1.175    udp_gateway_shadow_mirror_i/axi_mem_intercon/m00_couplers/auto_pc/inst/gen_axi4_axi3.axi3_conv_inst/USE_READ.USE_SPLIT_R.read_addr_inst/USE_R_CHANNEL.cmd_queue/inst/fifo_gen_inst/inst_fifo_gen/gconvfifo.rf/grf.rf/rstblk/ngwrdrst.grst.g7serrst.gnsckt_wrst.gcc_rst.sckt_wr_rst_cc[0]
    SLICE_X41Y61         LUT3 (Prop_lut3_I1_O)        0.099     1.274 f  udp_gateway_shadow_mirror_i/axi_mem_intercon/m00_couplers/auto_pc/inst/gen_axi4_axi3.axi3_conv_inst/USE_READ.USE_SPLIT_R.read_addr_inst/USE_R_CHANNEL.cmd_queue/inst/fifo_gen_inst/inst_fifo_gen/gconvfifo.rf/grf.rf/rstblk/gpregsm1.curr_fwft_state[1]_i_2/O
                         net (fo=33, routed)          0.507     1.782    udp_gateway_shadow_mirror_i/axi_mem_intercon/m00_couplers/auto_pc/inst/gen_axi4_axi3.axi3_conv_inst/USE_READ.USE_SPLIT_R.read_addr_inst/USE_R_CHANNEL.cmd_queue/inst/fifo_gen_inst/inst_fifo_gen/gconvfifo.rf/grf.rf/gntv_or_sync_fifo.gl0.rd/rpntr/gc0.count_d1_reg[4]_1
    SLICE_X59Y56         FDCE                                         f  udp_gateway_shadow_mirror_i/axi_mem_intercon/m00_couplers/auto_pc/inst/gen_axi4_axi3.axi3_conv_inst/USE_READ.USE_SPLIT_R.read_addr_inst/USE_R_CHANNEL.cmd_queue/inst/fifo_gen_inst/inst_fifo_gen/gconvfifo.rf/grf.rf/gntv_or_sync_fifo.gl0.rd/rpntr/gc0.count_d1_reg[4]/CLR
  -------------------------------------------------------------------    -------------------

                         (clock clk_fpga_0 rise edge)
                                                      0.000     0.000 r  
    PS7_X0Y0             PS7                          0.000     0.000 r  udp_gateway_shadow_mirror_i/processing_system7_0/inst/PS7_i/FCLKCLK[0]
                         net (fo=1, routed)           0.337     0.337    udp_gateway_shadow_mirror_i/processing_system7_0/inst/FCLK_CLK_unbuffered[0]
    BUFGCTRL_X0Y17       BUFG (Prop_bufg_I_O)         0.029     0.366 r  udp_gateway_shadow_mirror_i/processing_system7_0/inst/buffer_fclk_clk_0.FCLK_CLK_0_BUFG/O
                         net (fo=54559, routed)       0.847     1.213    udp_gateway_shadow_mirror_i/axi_mem_intercon/m00_couplers/auto_pc/inst/gen_axi4_axi3.axi3_conv_inst/USE_READ.USE_SPLIT_R.read_addr_inst/USE_R_CHANNEL.cmd_queue/inst/fifo_gen_inst/inst_fifo_gen/gconvfifo.rf/grf.rf/gntv_or_sync_fifo.gl0.rd/rpntr/clk
    SLICE_X59Y56         FDCE                                         r  udp_gateway_shadow_mirror_i/axi_mem_intercon/m00_couplers/auto_pc/inst/gen_axi4_axi3.axi3_conv_inst/USE_READ.USE_SPLIT_R.read_addr_inst/USE_R_CHANNEL.cmd_queue/inst/fifo_gen_inst/inst_fifo_gen/gconvfifo.rf/grf.rf/gntv_or_sync_fifo.gl0.rd/rpntr/gc0.count_d1_reg[4]/C
                         clock pessimism             -0.035     1.178    
    SLICE_X59Y56         FDCE (Remov_fdce_C_CLR)     -0.092     1.086    udp_gateway_shadow_mirror_i/axi_mem_intercon/m00_couplers/auto_pc/inst/gen_axi4_axi3.axi3_conv_inst/USE_READ.USE_SPLIT_R.read_addr_inst/USE_R_CHANNEL.cmd_queue/inst/fifo_gen_inst/inst_fifo_gen/gconvfifo.rf/grf.rf/gntv_or_sync_fifo.gl0.rd/rpntr/gc0.count_d1_reg[4]
  -------------------------------------------------------------------
                         required time                         -1.086    
                         arrival time                           1.782    
  -------------------------------------------------------------------
                         slack                                  0.696    

Slack (MET) :             0.699ns  (arrival time - required time)
  Source:                 udp_gateway_shadow_mirror_i/axi_mem_intercon/m00_couplers/auto_pc/inst/gen_axi4_axi3.axi3_conv_inst/USE_READ.USE_SPLIT_R.read_addr_inst/USE_R_CHANNEL.cmd_queue/inst/fifo_gen_inst/inst_fifo_gen/gconvfifo.rf/grf.rf/rstblk/ngwrdrst.grst.g7serrst.gnsckt_wrst.gcc_rst.sckt_wr_rst_cc_reg[0]/C
                            (rising edge-triggered cell FDRE clocked by clk_fpga_0  {rise@0.000ns fall@10.000ns period=20.000ns})
  Destination:            udp_gateway_shadow_mirror_i/axi_mem_intercon/m00_couplers/auto_pc/inst/gen_axi4_axi3.axi3_conv_inst/USE_READ.USE_SPLIT_R.read_addr_inst/USE_R_CHANNEL.cmd_queue/inst/fifo_gen_inst/inst_fifo_gen/gconvfifo.rf/grf.rf/gntv_or_sync_fifo.gl0.rd/rpntr/gc0.count_reg[0]/PRE
                            (removal check against rising-edge clock clk_fpga_0  {rise@0.000ns fall@10.000ns period=20.000ns})
  Path Group:             **async_default**
  Path Type:              Removal (Min at Fast Process Corner)
  Requirement:            0.000ns  (clk_fpga_0 rise@0.000ns - clk_fpga_0 rise@0.000ns)
  Data Path Delay:        0.892ns  (logic 0.227ns (25.449%)  route 0.665ns (74.551%))
  Logic Levels:           1  (LUT3=1)
  Clock Path Skew:        0.288ns (DCD - SCD - CPR)
    Destination Clock Delay (DCD):    1.213ns
    Source Clock Delay      (SCD):    0.890ns
    Clock Pessimism Removal (CPR):    0.035ns

    Location             Delay type                Incr(ns)  Path(ns)    Netlist Resource(s)
  -------------------------------------------------------------------    -------------------
                         (clock clk_fpga_0 rise edge)
                                                      0.000     0.000 r  
    PS7_X0Y0             PS7                          0.000     0.000 r  udp_gateway_shadow_mirror_i/processing_system7_0/inst/PS7_i/FCLKCLK[0]
                         net (fo=1, routed)           0.310     0.310    udp_gateway_shadow_mirror_i/processing_system7_0/inst/FCLK_CLK_unbuffered[0]
    BUFGCTRL_X0Y17       BUFG (Prop_bufg_I_O)         0.026     0.336 r  udp_gateway_shadow_mirror_i/processing_system7_0/inst/buffer_fclk_clk_0.FCLK_CLK_0_BUFG/O
                         net (fo=54559, routed)       0.554     0.890    udp_gateway_shadow_mirror_i/axi_mem_intercon/m00_couplers/auto_pc/inst/gen_axi4_axi3.axi3_conv_inst/USE_READ.USE_SPLIT_R.read_addr_inst/USE_R_CHANNEL.cmd_queue/inst/fifo_gen_inst/inst_fifo_gen/gconvfifo.rf/grf.rf/rstblk/clk
    SLICE_X41Y61         FDRE                                         r  udp_gateway_shadow_mirror_i/axi_mem_intercon/m00_couplers/auto_pc/inst/gen_axi4_axi3.axi3_conv_inst/USE_READ.USE_SPLIT_R.read_addr_inst/USE_R_CHANNEL.cmd_queue/inst/fifo_gen_inst/inst_fifo_gen/gconvfifo.rf/grf.rf/rstblk/ngwrdrst.grst.g7serrst.gnsckt_wrst.gcc_rst.sckt_wr_rst_cc_reg[0]/C
  -------------------------------------------------------------------    -------------------
    SLICE_X41Y61         FDRE (Prop_fdre_C_Q)         0.128     1.018 f  udp_gateway_shadow_mirror_i/axi_mem_intercon/m00_couplers/auto_pc/inst/gen_axi4_axi3.axi3_conv_inst/USE_READ.USE_SPLIT_R.read_addr_inst/USE_R_CHANNEL.cmd_queue/inst/fifo_gen_inst/inst_fifo_gen/gconvfifo.rf/grf.rf/rstblk/ngwrdrst.grst.g7serrst.gnsckt_wrst.gcc_rst.sckt_wr_rst_cc_reg[0]/Q
                         net (fo=2, routed)           0.158     1.175    udp_gateway_shadow_mirror_i/axi_mem_intercon/m00_couplers/auto_pc/inst/gen_axi4_axi3.axi3_conv_inst/USE_READ.USE_SPLIT_R.read_addr_inst/USE_R_CHANNEL.cmd_queue/inst/fifo_gen_inst/inst_fifo_gen/gconvfifo.rf/grf.rf/rstblk/ngwrdrst.grst.g7serrst.gnsckt_wrst.gcc_rst.sckt_wr_rst_cc[0]
    SLICE_X41Y61         LUT3 (Prop_lut3_I1_O)        0.099     1.274 f  udp_gateway_shadow_mirror_i/axi_mem_intercon/m00_couplers/auto_pc/inst/gen_axi4_axi3.axi3_conv_inst/USE_READ.USE_SPLIT_R.read_addr_inst/USE_R_CHANNEL.cmd_queue/inst/fifo_gen_inst/inst_fifo_gen/gconvfifo.rf/grf.rf/rstblk/gpregsm1.curr_fwft_state[1]_i_2/O
                         net (fo=33, routed)          0.507     1.782    udp_gateway_shadow_mirror_i/axi_mem_intercon/m00_couplers/auto_pc/inst/gen_axi4_axi3.axi3_conv_inst/USE_READ.USE_SPLIT_R.read_addr_inst/USE_R_CHANNEL.cmd_queue/inst/fifo_gen_inst/inst_fifo_gen/gconvfifo.rf/grf.rf/gntv_or_sync_fifo.gl0.rd/rpntr/gc0.count_d1_reg[4]_1
    SLICE_X59Y56         FDPE                                         f  udp_gateway_shadow_mirror_i/axi_mem_intercon/m00_couplers/auto_pc/inst/gen_axi4_axi3.axi3_conv_inst/USE_READ.USE_SPLIT_R.read_addr_inst/USE_R_CHANNEL.cmd_queue/inst/fifo_gen_inst/inst_fifo_gen/gconvfifo.rf/grf.rf/gntv_or_sync_fifo.gl0.rd/rpntr/gc0.count_reg[0]/PRE
  -------------------------------------------------------------------    -------------------

                         (clock clk_fpga_0 rise edge)
                                                      0.000     0.000 r  
    PS7_X0Y0             PS7                          0.000     0.000 r  udp_gateway_shadow_mirror_i/processing_system7_0/inst/PS7_i/FCLKCLK[0]
                         net (fo=1, routed)           0.337     0.337    udp_gateway_shadow_mirror_i/processing_system7_0/inst/FCLK_CLK_unbuffered[0]
    BUFGCTRL_X0Y17       BUFG (Prop_bufg_I_O)         0.029     0.366 r  udp_gateway_shadow_mirror_i/processing_system7_0/inst/buffer_fclk_clk_0.FCLK_CLK_0_BUFG/O
                         net (fo=54559, routed)       0.847     1.213    udp_gateway_shadow_mirror_i/axi_mem_intercon/m00_couplers/auto_pc/inst/gen_axi4_axi3.axi3_conv_inst/USE_READ.USE_SPLIT_R.read_addr_inst/USE_R_CHANNEL.cmd_queue/inst/fifo_gen_inst/inst_fifo_gen/gconvfifo.rf/grf.rf/gntv_or_sync_fifo.gl0.rd/rpntr/clk
    SLICE_X59Y56         FDPE                                         r  udp_gateway_shadow_mirror_i/axi_mem_intercon/m00_couplers/auto_pc/inst/gen_axi4_axi3.axi3_conv_inst/USE_READ.USE_SPLIT_R.read_addr_inst/USE_R_CHANNEL.cmd_queue/inst/fifo_gen_inst/inst_fifo_gen/gconvfifo.rf/grf.rf/gntv_or_sync_fifo.gl0.rd/rpntr/gc0.count_reg[0]/C
                         clock pessimism             -0.035     1.178    
    SLICE_X59Y56         FDPE (Remov_fdpe_C_PRE)     -0.095     1.083    udp_gateway_shadow_mirror_i/axi_mem_intercon/m00_couplers/auto_pc/inst/gen_axi4_axi3.axi3_conv_inst/USE_READ.USE_SPLIT_R.read_addr_inst/USE_R_CHANNEL.cmd_queue/inst/fifo_gen_inst/inst_fifo_gen/gconvfifo.rf/grf.rf/gntv_or_sync_fifo.gl0.rd/rpntr/gc0.count_reg[0]
  -------------------------------------------------------------------
                         required time                         -1.083    
                         arrival time                           1.782    
  -------------------------------------------------------------------
                         slack                                  0.699    





--------------------------------------------------------------------------------------
Path Group:  (none)
From Clock:  
  To Clock:  clk_fpga_0

Max Delay             1 Endpoint
Min Delay             1 Endpoint
--------------------------------------------------------------------------------------


Max Delay Paths
--------------------------------------------------------------------------------------
Slack:                    inf
  Source:                 udp_gateway_shadow_mirror_i/processing_system7_0/inst/PS7_i/FCLKRESETN[0]
                            (internal pin)
  Destination:            udp_gateway_shadow_mirror_i/rst_ps7_0_100M/U0/EXT_LPF/ACTIVE_LOW_EXT.ACT_LO_EXT/GENERATE_LEVEL_P_S_CDC.SINGLE_BIT.CROSS_PLEVEL_IN2SCNDRY_IN_cdc_to/D
                            (rising edge-triggered cell FDRE clocked by clk_fpga_0  {rise@0.000ns fall@10.000ns period=20.000ns})
  Path Group:             (none)
  Path Type:              Setup (Max at Slow Process Corner)
  Data Path Delay:        1.942ns  (logic 0.124ns (6.386%)  route 1.818ns (93.614%))
  Logic Levels:           1  (LUT1=1)
  Clock Uncertainty:      0.301ns  ((TSJ^2 + TIJ^2)^1/2 + DJ) / 2 + PE
    Total System Jitter     (TSJ):    0.050ns
    Total Input Jitter      (TIJ):    0.600ns
    Discrete Jitter          (DJ):    0.000ns
    Phase Error              (PE):    0.000ns
  Timing Exception:       False Path

    Location             Delay type                Incr(ns)  Path(ns)    Netlist Resource(s)
  -------------------------------------------------------------------    -------------------
    PS7_X0Y0             PS7                          0.000     0.000 f  udp_gateway_shadow_mirror_i/processing_system7_0/inst/PS7_i/FCLKRESETN[0]
                         net (fo=1, routed)           1.179     1.179    udp_gateway_shadow_mirror_i/rst_ps7_0_100M/U0/EXT_LPF/ACTIVE_LOW_EXT.ACT_LO_EXT/ext_reset_in
    SLICE_X27Y80         LUT1 (Prop_lut1_I0_O)        0.124     1.303 r  udp_gateway_shadow_mirror_i/rst_ps7_0_100M/U0/EXT_LPF/ACTIVE_LOW_EXT.ACT_LO_EXT/GENERATE_LEVEL_P_S_CDC.SINGLE_BIT.CROSS_PLEVEL_IN2SCNDRY_IN_cdc_to_i_1/O
                         net (fo=1, routed)           0.639     1.942    udp_gateway_shadow_mirror_i/rst_ps7_0_100M/U0/EXT_LPF/ACTIVE_LOW_EXT.ACT_LO_EXT/exr_d1
    SLICE_X28Y76         FDRE                                         r  udp_gateway_shadow_mirror_i/rst_ps7_0_100M/U0/EXT_LPF/ACTIVE_LOW_EXT.ACT_LO_EXT/GENERATE_LEVEL_P_S_CDC.SINGLE_BIT.CROSS_PLEVEL_IN2SCNDRY_IN_cdc_to/D
  -------------------------------------------------------------------    -------------------

                         (clock clk_fpga_0 rise edge)
                                                      0.000     0.000 r  
    PS7_X0Y0             PS7                          0.000     0.000 r  udp_gateway_shadow_mirror_i/processing_system7_0/inst/PS7_i/FCLKCLK[0]
                         net (fo=1, routed)           1.088     1.088    udp_gateway_shadow_mirror_i/processing_system7_0/inst/FCLK_CLK_unbuffered[0]
    BUFGCTRL_X0Y17       BUFG (Prop_bufg_I_O)         0.091     1.179 r  udp_gateway_shadow_mirror_i/processing_system7_0/inst/buffer_fclk_clk_0.FCLK_CLK_0_BUFG/O
                         net (fo=54559, routed)       1.510     2.689    udp_gateway_shadow_mirror_i/rst_ps7_0_100M/U0/EXT_LPF/ACTIVE_LOW_EXT.ACT_LO_EXT/slowest_sync_clk
    SLICE_X28Y76         FDRE                                         r  udp_gateway_shadow_mirror_i/rst_ps7_0_100M/U0/EXT_LPF/ACTIVE_LOW_EXT.ACT_LO_EXT/GENERATE_LEVEL_P_S_CDC.SINGLE_BIT.CROSS_PLEVEL_IN2SCNDRY_IN_cdc_to/C





Min Delay Paths
--------------------------------------------------------------------------------------
Slack:                    inf
  Source:                 udp_gateway_shadow_mirror_i/processing_system7_0/inst/PS7_i/FCLKRESETN[0]
                            (internal pin)
  Destination:            udp_gateway_shadow_mirror_i/rst_ps7_0_100M/U0/EXT_LPF/ACTIVE_LOW_EXT.ACT_LO_EXT/GENERATE_LEVEL_P_S_CDC.SINGLE_BIT.CROSS_PLEVEL_IN2SCNDRY_IN_cdc_to/D
                            (rising edge-triggered cell FDRE clocked by clk_fpga_0  {rise@0.000ns fall@10.000ns period=20.000ns})
  Path Group:             (none)
  Path Type:              Hold (Min at Fast Process Corner)
  Data Path Delay:        0.700ns  (logic 0.045ns (6.431%)  route 0.655ns (93.569%))
  Logic Levels:           1  (LUT1=1)
  Clock Uncertainty:      0.301ns  ((TSJ^2 + TIJ^2)^1/2 + DJ) / 2 + PE
    Total System Jitter     (TSJ):    0.050ns
    Total Input Jitter      (TIJ):    0.600ns
    Discrete Jitter          (DJ):    0.000ns
    Phase Error              (PE):    0.000ns
  Timing Exception:       False Path

    Location             Delay type                Incr(ns)  Path(ns)    Netlist Resource(s)
  -------------------------------------------------------------------    -------------------
    PS7_X0Y0             PS7                          0.000     0.000 f  udp_gateway_shadow_mirror_i/processing_system7_0/inst/PS7_i/FCLKRESETN[0]
                         net (fo=1, routed)           0.405     0.405    udp_gateway_shadow_mirror_i/rst_ps7_0_100M/U0/EXT_LPF/ACTIVE_LOW_EXT.ACT_LO_EXT/ext_reset_in
    SLICE_X27Y80         LUT1 (Prop_lut1_I0_O)        0.045     0.450 r  udp_gateway_shadow_mirror_i/rst_ps7_0_100M/U0/EXT_LPF/ACTIVE_LOW_EXT.ACT_LO_EXT/GENERATE_LEVEL_P_S_CDC.SINGLE_BIT.CROSS_PLEVEL_IN2SCNDRY_IN_cdc_to_i_1/O
                         net (fo=1, routed)           0.250     0.700    udp_gateway_shadow_mirror_i/rst_ps7_0_100M/U0/EXT_LPF/ACTIVE_LOW_EXT.ACT_LO_EXT/exr_d1
    SLICE_X28Y76         FDRE                                         r  udp_gateway_shadow_mirror_i/rst_ps7_0_100M/U0/EXT_LPF/ACTIVE_LOW_EXT.ACT_LO_EXT/GENERATE_LEVEL_P_S_CDC.SINGLE_BIT.CROSS_PLEVEL_IN2SCNDRY_IN_cdc_to/D
  -------------------------------------------------------------------    -------------------

                         (clock clk_fpga_0 rise edge)
                                                      0.000     0.000 r  
    PS7_X0Y0             PS7                          0.000     0.000 r  udp_gateway_shadow_mirror_i/processing_system7_0/inst/PS7_i/FCLKCLK[0]
                         net (fo=1, routed)           0.337     0.337    udp_gateway_shadow_mirror_i/processing_system7_0/inst/FCLK_CLK_unbuffered[0]
    BUFGCTRL_X0Y17       BUFG (Prop_bufg_I_O)         0.029     0.366 r  udp_gateway_shadow_mirror_i/processing_system7_0/inst/buffer_fclk_clk_0.FCLK_CLK_0_BUFG/O
                         net (fo=54559, routed)       0.829     1.195    udp_gateway_shadow_mirror_i/rst_ps7_0_100M/U0/EXT_LPF/ACTIVE_LOW_EXT.ACT_LO_EXT/slowest_sync_clk
    SLICE_X28Y76         FDRE                                         r  udp_gateway_shadow_mirror_i/rst_ps7_0_100M/U0/EXT_LPF/ACTIVE_LOW_EXT.ACT_LO_EXT/GENERATE_LEVEL_P_S_CDC.SINGLE_BIT.CROSS_PLEVEL_IN2SCNDRY_IN_cdc_to/C





--------------------------------------------------------------------------------------
Path Group:  (none)
From Clock:  clk_fpga_0
  To Clock:  clk_fpga_0

Max Delay             6 Endpoints
Min Delay             6 Endpoints
--------------------------------------------------------------------------------------


Max Delay Paths
--------------------------------------------------------------------------------------
Slack:                    inf
  Source:                 udp_gateway_shadow_mirror_i/rst_ps7_0_100M/U0/ACTIVE_LOW_PR_OUT_DFF[0].FDRE_PER_N/C
                            (rising edge-triggered cell FDRE clocked by clk_fpga_0  {rise@0.000ns fall@10.000ns period=20.000ns})
  Destination:            udp_gateway_shadow_mirror_i/axi_mem_intercon/m00_couplers/auto_pc/inst/gen_axi4_axi3.axi3_conv_inst/USE_READ.USE_SPLIT_R.read_addr_inst/USE_R_CHANNEL.cmd_queue/inst/fifo_gen_inst/inst_fifo_gen/gconvfifo.rf/grf.rf/rstblk/ngwrdrst.grst.g7serrst.gnsckt_wrst.rst_wr_reg2_inst/arststages_ff_reg[0]/PRE
                            (recovery check against rising-edge clock clk_fpga_0  {rise@0.000ns fall@10.000ns period=20.000ns})
  Path Group:             (none)
  Path Type:              Recovery (Max at Slow Process Corner)
  Data Path Delay:        5.784ns  (logic 0.709ns (12.259%)  route 5.075ns (87.741%))
  Logic Levels:           1  (LUT1=1)
  Clock Path Skew:        -0.322ns (DCD - SCD + CPR)
    Destination Clock Delay (DCD):    2.657ns
    Source Clock Delay      (SCD):    2.979ns
    Clock Pessimism Removal (CPR):    0.000ns
  Clock Uncertainty:      0.302ns  ((TSJ^2 + TIJ^2)^1/2 + DJ) / 2 + PE
    Total System Jitter     (TSJ):    0.071ns
    Total Input Jitter      (TIJ):    0.600ns
    Discrete Jitter          (DJ):    0.000ns
    Phase Error              (PE):    0.000ns
  Timing Exception:       False Path

    Location             Delay type                Incr(ns)  Path(ns)    Netlist Resource(s)
  -------------------------------------------------------------------    -------------------
                         (clock clk_fpga_0 rise edge)
                                                      0.000     0.000 r  
    PS7_X0Y0             PS7                          0.000     0.000 r  udp_gateway_shadow_mirror_i/processing_system7_0/inst/PS7_i/FCLKCLK[0]
                         net (fo=1, routed)           1.193     1.193    udp_gateway_shadow_mirror_i/processing_system7_0/inst/FCLK_CLK_unbuffered[0]
    BUFGCTRL_X0Y17       BUFG (Prop_bufg_I_O)         0.101     1.294 r  udp_gateway_shadow_mirror_i/processing_system7_0/inst/buffer_fclk_clk_0.FCLK_CLK_0_BUFG/O
                         net (fo=54559, routed)       1.685     2.979    udp_gateway_shadow_mirror_i/rst_ps7_0_100M/U0/slowest_sync_clk
    SLICE_X29Y78         FDRE                                         r  udp_gateway_shadow_mirror_i/rst_ps7_0_100M/U0/ACTIVE_LOW_PR_OUT_DFF[0].FDRE_PER_N/C
  -------------------------------------------------------------------    -------------------
    SLICE_X29Y78         FDRE (Prop_fdre_C_Q)         0.419     3.398 r  udp_gateway_shadow_mirror_i/rst_ps7_0_100M/U0/ACTIVE_LOW_PR_OUT_DFF[0].FDRE_PER_N/Q
                         net (fo=101, routed)         2.946     6.344    udp_gateway_shadow_mirror_i/axi_mem_intercon/m00_couplers/auto_pc/inst/gen_axi4_axi3.axi3_conv_inst/USE_WRITE.write_addr_inst/USE_BURSTS.cmd_queue/inst/aresetn
    SLICE_X56Y58         LUT1 (Prop_lut1_I0_O)        0.290     6.634 f  udp_gateway_shadow_mirror_i/axi_mem_intercon/m00_couplers/auto_pc/inst/gen_axi4_axi3.axi3_conv_inst/USE_WRITE.write_addr_inst/USE_BURSTS.cmd_queue/inst/S_AXI_AREADY_I_i_1/O
                         net (fo=253, routed)         2.128     8.763    udp_gateway_shadow_mirror_i/axi_mem_intercon/m00_couplers/auto_pc/inst/gen_axi4_axi3.axi3_conv_inst/USE_READ.USE_SPLIT_R.read_addr_inst/USE_R_CHANNEL.cmd_queue/inst/fifo_gen_inst/inst_fifo_gen/gconvfifo.rf/grf.rf/rstblk/ngwrdrst.grst.g7serrst.gnsckt_wrst.rst_wr_reg2_inst/src_arst
    SLICE_X35Y60         FDPE                                         f  udp_gateway_shadow_mirror_i/axi_mem_intercon/m00_couplers/auto_pc/inst/gen_axi4_axi3.axi3_conv_inst/USE_READ.USE_SPLIT_R.read_addr_inst/USE_R_CHANNEL.cmd_queue/inst/fifo_gen_inst/inst_fifo_gen/gconvfifo.rf/grf.rf/rstblk/ngwrdrst.grst.g7serrst.gnsckt_wrst.rst_wr_reg2_inst/arststages_ff_reg[0]/PRE
  -------------------------------------------------------------------    -------------------

                         (clock clk_fpga_0 rise edge)
                                                      0.000     0.000 r  
    PS7_X0Y0             PS7                          0.000     0.000 r  udp_gateway_shadow_mirror_i/processing_system7_0/inst/PS7_i/FCLKCLK[0]
                         net (fo=1, routed)           1.088     1.088    udp_gateway_shadow_mirror_i/processing_system7_0/inst/FCLK_CLK_unbuffered[0]
    BUFGCTRL_X0Y17       BUFG (Prop_bufg_I_O)         0.091     1.179 r  udp_gateway_shadow_mirror_i/processing_system7_0/inst/buffer_fclk_clk_0.FCLK_CLK_0_BUFG/O
                         net (fo=54559, routed)       1.478     2.657    udp_gateway_shadow_mirror_i/axi_mem_intercon/m00_couplers/auto_pc/inst/gen_axi4_axi3.axi3_conv_inst/USE_READ.USE_SPLIT_R.read_addr_inst/USE_R_CHANNEL.cmd_queue/inst/fifo_gen_inst/inst_fifo_gen/gconvfifo.rf/grf.rf/rstblk/ngwrdrst.grst.g7serrst.gnsckt_wrst.rst_wr_reg2_inst/dest_clk
    SLICE_X35Y60         FDPE                                         r  udp_gateway_shadow_mirror_i/axi_mem_intercon/m00_couplers/auto_pc/inst/gen_axi4_axi3.axi3_conv_inst/USE_READ.USE_SPLIT_R.read_addr_inst/USE_R_CHANNEL.cmd_queue/inst/fifo_gen_inst/inst_fifo_gen/gconvfifo.rf/grf.rf/rstblk/ngwrdrst.grst.g7serrst.gnsckt_wrst.rst_wr_reg2_inst/arststages_ff_reg[0]/C

Slack:                    inf
  Source:                 udp_gateway_shadow_mirror_i/rst_ps7_0_100M/U0/ACTIVE_LOW_PR_OUT_DFF[0].FDRE_PER_N/C
                            (rising edge-triggered cell FDRE clocked by clk_fpga_0  {rise@0.000ns fall@10.000ns period=20.000ns})
  Destination:            udp_gateway_shadow_mirror_i/axi_mem_intercon/m00_couplers/auto_pc/inst/gen_axi4_axi3.axi3_conv_inst/USE_READ.USE_SPLIT_R.read_addr_inst/USE_R_CHANNEL.cmd_queue/inst/fifo_gen_inst/inst_fifo_gen/gconvfifo.rf/grf.rf/rstblk/ngwrdrst.grst.g7serrst.gnsckt_wrst.rst_wr_reg2_inst/arststages_ff_reg[1]/PRE
                            (recovery check against rising-edge clock clk_fpga_0  {rise@0.000ns fall@10.000ns period=20.000ns})
  Path Group:             (none)
  Path Type:              Recovery (Max at Slow Process Corner)
  Data Path Delay:        5.784ns  (logic 0.709ns (12.259%)  route 5.075ns (87.741%))
  Logic Levels:           1  (LUT1=1)
  Clock Path Skew:        -0.322ns (DCD - SCD + CPR)
    Destination Clock Delay (DCD):    2.657ns
    Source Clock Delay      (SCD):    2.979ns
    Clock Pessimism Removal (CPR):    0.000ns
  Clock Uncertainty:      0.302ns  ((TSJ^2 + TIJ^2)^1/2 + DJ) / 2 + PE
    Total System Jitter     (TSJ):    0.071ns
    Total Input Jitter      (TIJ):    0.600ns
    Discrete Jitter          (DJ):    0.000ns
    Phase Error              (PE):    0.000ns
  Timing Exception:       False Path

    Location             Delay type                Incr(ns)  Path(ns)    Netlist Resource(s)
  -------------------------------------------------------------------    -------------------
                         (clock clk_fpga_0 rise edge)
                                                      0.000     0.000 r  
    PS7_X0Y0             PS7                          0.000     0.000 r  udp_gateway_shadow_mirror_i/processing_system7_0/inst/PS7_i/FCLKCLK[0]
                         net (fo=1, routed)           1.193     1.193    udp_gateway_shadow_mirror_i/processing_system7_0/inst/FCLK_CLK_unbuffered[0]
    BUFGCTRL_X0Y17       BUFG (Prop_bufg_I_O)         0.101     1.294 r  udp_gateway_shadow_mirror_i/processing_system7_0/inst/buffer_fclk_clk_0.FCLK_CLK_0_BUFG/O
                         net (fo=54559, routed)       1.685     2.979    udp_gateway_shadow_mirror_i/rst_ps7_0_100M/U0/slowest_sync_clk
    SLICE_X29Y78         FDRE                                         r  udp_gateway_shadow_mirror_i/rst_ps7_0_100M/U0/ACTIVE_LOW_PR_OUT_DFF[0].FDRE_PER_N/C
  -------------------------------------------------------------------    -------------------
    SLICE_X29Y78         FDRE (Prop_fdre_C_Q)         0.419     3.398 r  udp_gateway_shadow_mirror_i/rst_ps7_0_100M/U0/ACTIVE_LOW_PR_OUT_DFF[0].FDRE_PER_N/Q
                         net (fo=101, routed)         2.946     6.344    udp_gateway_shadow_mirror_i/axi_mem_intercon/m00_couplers/auto_pc/inst/gen_axi4_axi3.axi3_conv_inst/USE_WRITE.write_addr_inst/USE_BURSTS.cmd_queue/inst/aresetn
    SLICE_X56Y58         LUT1 (Prop_lut1_I0_O)        0.290     6.634 f  udp_gateway_shadow_mirror_i/axi_mem_intercon/m00_couplers/auto_pc/inst/gen_axi4_axi3.axi3_conv_inst/USE_WRITE.write_addr_inst/USE_BURSTS.cmd_queue/inst/S_AXI_AREADY_I_i_1/O
                         net (fo=253, routed)         2.128     8.763    udp_gateway_shadow_mirror_i/axi_mem_intercon/m00_couplers/auto_pc/inst/gen_axi4_axi3.axi3_conv_inst/USE_READ.USE_SPLIT_R.read_addr_inst/USE_R_CHANNEL.cmd_queue/inst/fifo_gen_inst/inst_fifo_gen/gconvfifo.rf/grf.rf/rstblk/ngwrdrst.grst.g7serrst.gnsckt_wrst.rst_wr_reg2_inst/src_arst
    SLICE_X35Y60         FDPE                                         f  udp_gateway_shadow_mirror_i/axi_mem_intercon/m00_couplers/auto_pc/inst/gen_axi4_axi3.axi3_conv_inst/USE_READ.USE_SPLIT_R.read_addr_inst/USE_R_CHANNEL.cmd_queue/inst/fifo_gen_inst/inst_fifo_gen/gconvfifo.rf/grf.rf/rstblk/ngwrdrst.grst.g7serrst.gnsckt_wrst.rst_wr_reg2_inst/arststages_ff_reg[1]/PRE
  -------------------------------------------------------------------    -------------------

                         (clock clk_fpga_0 rise edge)
                                                      0.000     0.000 r  
    PS7_X0Y0             PS7                          0.000     0.000 r  udp_gateway_shadow_mirror_i/processing_system7_0/inst/PS7_i/FCLKCLK[0]
                         net (fo=1, routed)           1.088     1.088    udp_gateway_shadow_mirror_i/processing_system7_0/inst/FCLK_CLK_unbuffered[0]
    BUFGCTRL_X0Y17       BUFG (Prop_bufg_I_O)         0.091     1.179 r  udp_gateway_shadow_mirror_i/processing_system7_0/inst/buffer_fclk_clk_0.FCLK_CLK_0_BUFG/O
                         net (fo=54559, routed)       1.478     2.657    udp_gateway_shadow_mirror_i/axi_mem_intercon/m00_couplers/auto_pc/inst/gen_axi4_axi3.axi3_conv_inst/USE_READ.USE_SPLIT_R.read_addr_inst/USE_R_CHANNEL.cmd_queue/inst/fifo_gen_inst/inst_fifo_gen/gconvfifo.rf/grf.rf/rstblk/ngwrdrst.grst.g7serrst.gnsckt_wrst.rst_wr_reg2_inst/dest_clk
    SLICE_X35Y60         FDPE                                         r  udp_gateway_shadow_mirror_i/axi_mem_intercon/m00_couplers/auto_pc/inst/gen_axi4_axi3.axi3_conv_inst/USE_READ.USE_SPLIT_R.read_addr_inst/USE_R_CHANNEL.cmd_queue/inst/fifo_gen_inst/inst_fifo_gen/gconvfifo.rf/grf.rf/rstblk/ngwrdrst.grst.g7serrst.gnsckt_wrst.rst_wr_reg2_inst/arststages_ff_reg[1]/C

Slack:                    inf
  Source:                 udp_gateway_shadow_mirror_i/rst_ps7_0_100M/U0/ACTIVE_LOW_PR_OUT_DFF[0].FDRE_PER_N/C
                            (rising edge-triggered cell FDRE clocked by clk_fpga_0  {rise@0.000ns fall@10.000ns period=20.000ns})
  Destination:            udp_gateway_shadow_mirror_i/axi_mem_intercon/m00_couplers/auto_pc/inst/gen_axi4_axi3.axi3_conv_inst/USE_WRITE.write_addr_inst/USE_BURSTS.cmd_queue/inst/fifo_gen_inst/inst_fifo_gen/gconvfifo.rf/grf.rf/rstblk/ngwrdrst.grst.g7serrst.gnsckt_wrst.rst_wr_reg2_inst/arststages_ff_reg[0]/PRE
                            (recovery check against rising-edge clock clk_fpga_0  {rise@0.000ns fall@10.000ns period=20.000ns})
  Path Group:             (none)
  Path Type:              Recovery (Max at Slow Process Corner)
  Data Path Delay:        5.784ns  (logic 0.709ns (12.259%)  route 5.075ns (87.741%))
  Logic Levels:           1  (LUT1=1)
  Clock Path Skew:        -0.322ns (DCD - SCD + CPR)
    Destination Clock Delay (DCD):    2.657ns
    Source Clock Delay      (SCD):    2.979ns
    Clock Pessimism Removal (CPR):    0.000ns
  Clock Uncertainty:      0.302ns  ((TSJ^2 + TIJ^2)^1/2 + DJ) / 2 + PE
    Total System Jitter     (TSJ):    0.071ns
    Total Input Jitter      (TIJ):    0.600ns
    Discrete Jitter          (DJ):    0.000ns
    Phase Error              (PE):    0.000ns
  Timing Exception:       False Path

    Location             Delay type                Incr(ns)  Path(ns)    Netlist Resource(s)
  -------------------------------------------------------------------    -------------------
                         (clock clk_fpga_0 rise edge)
                                                      0.000     0.000 r  
    PS7_X0Y0             PS7                          0.000     0.000 r  udp_gateway_shadow_mirror_i/processing_system7_0/inst/PS7_i/FCLKCLK[0]
                         net (fo=1, routed)           1.193     1.193    udp_gateway_shadow_mirror_i/processing_system7_0/inst/FCLK_CLK_unbuffered[0]
    BUFGCTRL_X0Y17       BUFG (Prop_bufg_I_O)         0.101     1.294 r  udp_gateway_shadow_mirror_i/processing_system7_0/inst/buffer_fclk_clk_0.FCLK_CLK_0_BUFG/O
                         net (fo=54559, routed)       1.685     2.979    udp_gateway_shadow_mirror_i/rst_ps7_0_100M/U0/slowest_sync_clk
    SLICE_X29Y78         FDRE                                         r  udp_gateway_shadow_mirror_i/rst_ps7_0_100M/U0/ACTIVE_LOW_PR_OUT_DFF[0].FDRE_PER_N/C
  -------------------------------------------------------------------    -------------------
    SLICE_X29Y78         FDRE (Prop_fdre_C_Q)         0.419     3.398 r  udp_gateway_shadow_mirror_i/rst_ps7_0_100M/U0/ACTIVE_LOW_PR_OUT_DFF[0].FDRE_PER_N/Q
                         net (fo=101, routed)         2.946     6.344    udp_gateway_shadow_mirror_i/axi_mem_intercon/m00_couplers/auto_pc/inst/gen_axi4_axi3.axi3_conv_inst/USE_WRITE.write_addr_inst/USE_BURSTS.cmd_queue/inst/aresetn
    SLICE_X56Y58         LUT1 (Prop_lut1_I0_O)        0.290     6.634 f  udp_gateway_shadow_mirror_i/axi_mem_intercon/m00_couplers/auto_pc/inst/gen_axi4_axi3.axi3_conv_inst/USE_WRITE.write_addr_inst/USE_BURSTS.cmd_queue/inst/S_AXI_AREADY_I_i_1/O
                         net (fo=253, routed)         2.128     8.763    udp_gateway_shadow_mirror_i/axi_mem_intercon/m00_couplers/auto_pc/inst/gen_axi4_axi3.axi3_conv_inst/USE_WRITE.write_addr_inst/USE_BURSTS.cmd_queue/inst/fifo_gen_inst/inst_fifo_gen/gconvfifo.rf/grf.rf/rstblk/ngwrdrst.grst.g7serrst.gnsckt_wrst.rst_wr_reg2_inst/src_arst
    SLICE_X35Y60         FDPE                                         f  udp_gateway_shadow_mirror_i/axi_mem_intercon/m00_couplers/auto_pc/inst/gen_axi4_axi3.axi3_conv_inst/USE_WRITE.write_addr_inst/USE_BURSTS.cmd_queue/inst/fifo_gen_inst/inst_fifo_gen/gconvfifo.rf/grf.rf/rstblk/ngwrdrst.grst.g7serrst.gnsckt_wrst.rst_wr_reg2_inst/arststages_ff_reg[0]/PRE
  -------------------------------------------------------------------    -------------------

                         (clock clk_fpga_0 rise edge)
                                                      0.000     0.000 r  
    PS7_X0Y0             PS7                          0.000     0.000 r  udp_gateway_shadow_mirror_i/processing_system7_0/inst/PS7_i/FCLKCLK[0]
                         net (fo=1, routed)           1.088     1.088    udp_gateway_shadow_mirror_i/processing_system7_0/inst/FCLK_CLK_unbuffered[0]
    BUFGCTRL_X0Y17       BUFG (Prop_bufg_I_O)         0.091     1.179 r  udp_gateway_shadow_mirror_i/processing_system7_0/inst/buffer_fclk_clk_0.FCLK_CLK_0_BUFG/O
                         net (fo=54559, routed)       1.478     2.657    udp_gateway_shadow_mirror_i/axi_mem_intercon/m00_couplers/auto_pc/inst/gen_axi4_axi3.axi3_conv_inst/USE_WRITE.write_addr_inst/USE_BURSTS.cmd_queue/inst/fifo_gen_inst/inst_fifo_gen/gconvfifo.rf/grf.rf/rstblk/ngwrdrst.grst.g7serrst.gnsckt_wrst.rst_wr_reg2_inst/dest_clk
    SLICE_X35Y60         FDPE                                         r  udp_gateway_shadow_mirror_i/axi_mem_intercon/m00_couplers/auto_pc/inst/gen_axi4_axi3.axi3_conv_inst/USE_WRITE.write_addr_inst/USE_BURSTS.cmd_queue/inst/fifo_gen_inst/inst_fifo_gen/gconvfifo.rf/grf.rf/rstblk/ngwrdrst.grst.g7serrst.gnsckt_wrst.rst_wr_reg2_inst/arststages_ff_reg[0]/C

Slack:                    inf
  Source:                 udp_gateway_shadow_mirror_i/rst_ps7_0_100M/U0/ACTIVE_LOW_PR_OUT_DFF[0].FDRE_PER_N/C
                            (rising edge-triggered cell FDRE clocked by clk_fpga_0  {rise@0.000ns fall@10.000ns period=20.000ns})
  Destination:            udp_gateway_shadow_mirror_i/axi_mem_intercon/m00_couplers/auto_pc/inst/gen_axi4_axi3.axi3_conv_inst/USE_WRITE.write_addr_inst/USE_BURSTS.cmd_queue/inst/fifo_gen_inst/inst_fifo_gen/gconvfifo.rf/grf.rf/rstblk/ngwrdrst.grst.g7serrst.gnsckt_wrst.rst_wr_reg2_inst/arststages_ff_reg[1]/PRE
                            (recovery check against rising-edge clock clk_fpga_0  {rise@0.000ns fall@10.000ns period=20.000ns})
  Path Group:             (none)
  Path Type:              Recovery (Max at Slow Process Corner)
  Data Path Delay:        5.784ns  (logic 0.709ns (12.259%)  route 5.075ns (87.741%))
  Logic Levels:           1  (LUT1=1)
  Clock Path Skew:        -0.322ns (DCD - SCD + CPR)
    Destination Clock Delay (DCD):    2.657ns
    Source Clock Delay      (SCD):    2.979ns
    Clock Pessimism Removal (CPR):    0.000ns
  Clock Uncertainty:      0.302ns  ((TSJ^2 + TIJ^2)^1/2 + DJ) / 2 + PE
    Total System Jitter     (TSJ):    0.071ns
    Total Input Jitter      (TIJ):    0.600ns
    Discrete Jitter          (DJ):    0.000ns
    Phase Error              (PE):    0.000ns
  Timing Exception:       False Path

    Location             Delay type                Incr(ns)  Path(ns)    Netlist Resource(s)
  -------------------------------------------------------------------    -------------------
                         (clock clk_fpga_0 rise edge)
                                                      0.000     0.000 r  
    PS7_X0Y0             PS7                          0.000     0.000 r  udp_gateway_shadow_mirror_i/processing_system7_0/inst/PS7_i/FCLKCLK[0]
                         net (fo=1, routed)           1.193     1.193    udp_gateway_shadow_mirror_i/processing_system7_0/inst/FCLK_CLK_unbuffered[0]
    BUFGCTRL_X0Y17       BUFG (Prop_bufg_I_O)         0.101     1.294 r  udp_gateway_shadow_mirror_i/processing_system7_0/inst/buffer_fclk_clk_0.FCLK_CLK_0_BUFG/O
                         net (fo=54559, routed)       1.685     2.979    udp_gateway_shadow_mirror_i/rst_ps7_0_100M/U0/slowest_sync_clk
    SLICE_X29Y78         FDRE                                         r  udp_gateway_shadow_mirror_i/rst_ps7_0_100M/U0/ACTIVE_LOW_PR_OUT_DFF[0].FDRE_PER_N/C
  -------------------------------------------------------------------    -------------------
    SLICE_X29Y78         FDRE (Prop_fdre_C_Q)         0.419     3.398 r  udp_gateway_shadow_mirror_i/rst_ps7_0_100M/U0/ACTIVE_LOW_PR_OUT_DFF[0].FDRE_PER_N/Q
                         net (fo=101, routed)         2.946     6.344    udp_gateway_shadow_mirror_i/axi_mem_intercon/m00_couplers/auto_pc/inst/gen_axi4_axi3.axi3_conv_inst/USE_WRITE.write_addr_inst/USE_BURSTS.cmd_queue/inst/aresetn
    SLICE_X56Y58         LUT1 (Prop_lut1_I0_O)        0.290     6.634 f  udp_gateway_shadow_mirror_i/axi_mem_intercon/m00_couplers/auto_pc/inst/gen_axi4_axi3.axi3_conv_inst/USE_WRITE.write_addr_inst/USE_BURSTS.cmd_queue/inst/S_AXI_AREADY_I_i_1/O
                         net (fo=253, routed)         2.128     8.763    udp_gateway_shadow_mirror_i/axi_mem_intercon/m00_couplers/auto_pc/inst/gen_axi4_axi3.axi3_conv_inst/USE_WRITE.write_addr_inst/USE_BURSTS.cmd_queue/inst/fifo_gen_inst/inst_fifo_gen/gconvfifo.rf/grf.rf/rstblk/ngwrdrst.grst.g7serrst.gnsckt_wrst.rst_wr_reg2_inst/src_arst
    SLICE_X35Y60         FDPE                                         f  udp_gateway_shadow_mirror_i/axi_mem_intercon/m00_couplers/auto_pc/inst/gen_axi4_axi3.axi3_conv_inst/USE_WRITE.write_addr_inst/USE_BURSTS.cmd_queue/inst/fifo_gen_inst/inst_fifo_gen/gconvfifo.rf/grf.rf/rstblk/ngwrdrst.grst.g7serrst.gnsckt_wrst.rst_wr_reg2_inst/arststages_ff_reg[1]/PRE
  -------------------------------------------------------------------    -------------------

                         (clock clk_fpga_0 rise edge)
                                                      0.000     0.000 r  
    PS7_X0Y0             PS7                          0.000     0.000 r  udp_gateway_shadow_mirror_i/processing_system7_0/inst/PS7_i/FCLKCLK[0]
                         net (fo=1, routed)           1.088     1.088    udp_gateway_shadow_mirror_i/processing_system7_0/inst/FCLK_CLK_unbuffered[0]
    BUFGCTRL_X0Y17       BUFG (Prop_bufg_I_O)         0.091     1.179 r  udp_gateway_shadow_mirror_i/processing_system7_0/inst/buffer_fclk_clk_0.FCLK_CLK_0_BUFG/O
                         net (fo=54559, routed)       1.478     2.657    udp_gateway_shadow_mirror_i/axi_mem_intercon/m00_couplers/auto_pc/inst/gen_axi4_axi3.axi3_conv_inst/USE_WRITE.write_addr_inst/USE_BURSTS.cmd_queue/inst/fifo_gen_inst/inst_fifo_gen/gconvfifo.rf/grf.rf/rstblk/ngwrdrst.grst.g7serrst.gnsckt_wrst.rst_wr_reg2_inst/dest_clk
    SLICE_X35Y60         FDPE                                         r  udp_gateway_shadow_mirror_i/axi_mem_intercon/m00_couplers/auto_pc/inst/gen_axi4_axi3.axi3_conv_inst/USE_WRITE.write_addr_inst/USE_BURSTS.cmd_queue/inst/fifo_gen_inst/inst_fifo_gen/gconvfifo.rf/grf.rf/rstblk/ngwrdrst.grst.g7serrst.gnsckt_wrst.rst_wr_reg2_inst/arststages_ff_reg[1]/C

Slack:                    inf
  Source:                 udp_gateway_shadow_mirror_i/rst_ps7_0_100M/U0/ACTIVE_LOW_PR_OUT_DFF[0].FDRE_PER_N/C
                            (rising edge-triggered cell FDRE clocked by clk_fpga_0  {rise@0.000ns fall@10.000ns period=20.000ns})
  Destination:            udp_gateway_shadow_mirror_i/axi_mem_intercon/m00_couplers/auto_pc/inst/gen_axi4_axi3.axi3_conv_inst/USE_WRITE.write_addr_inst/USE_B_CHANNEL.cmd_b_queue/inst/fifo_gen_inst/inst_fifo_gen/gconvfifo.rf/grf.rf/rstblk/ngwrdrst.grst.g7serrst.gnsckt_wrst.rst_wr_reg2_inst/arststages_ff_reg[0]/PRE
                            (recovery check against rising-edge clock clk_fpga_0  {rise@0.000ns fall@10.000ns period=20.000ns})
  Path Group:             (none)
  Path Type:              Recovery (Max at Slow Process Corner)
  Data Path Delay:        4.354ns  (logic 0.709ns (16.285%)  route 3.645ns (83.715%))
  Logic Levels:           1  (LUT1=1)
  Clock Path Skew:        -0.262ns (DCD - SCD + CPR)
    Destination Clock Delay (DCD):    2.717ns
    Source Clock Delay      (SCD):    2.979ns
    Clock Pessimism Removal (CPR):    0.000ns
  Clock Uncertainty:      0.302ns  ((TSJ^2 + TIJ^2)^1/2 + DJ) / 2 + PE
    Total System Jitter     (TSJ):    0.071ns
    Total Input Jitter      (TIJ):    0.600ns
    Discrete Jitter          (DJ):    0.000ns
    Phase Error              (PE):    0.000ns
  Timing Exception:       False Path

    Location             Delay type                Incr(ns)  Path(ns)    Netlist Resource(s)
  -------------------------------------------------------------------    -------------------
                         (clock clk_fpga_0 rise edge)
                                                      0.000     0.000 r  
    PS7_X0Y0             PS7                          0.000     0.000 r  udp_gateway_shadow_mirror_i/processing_system7_0/inst/PS7_i/FCLKCLK[0]
                         net (fo=1, routed)           1.193     1.193    udp_gateway_shadow_mirror_i/processing_system7_0/inst/FCLK_CLK_unbuffered[0]
    BUFGCTRL_X0Y17       BUFG (Prop_bufg_I_O)         0.101     1.294 r  udp_gateway_shadow_mirror_i/processing_system7_0/inst/buffer_fclk_clk_0.FCLK_CLK_0_BUFG/O
                         net (fo=54559, routed)       1.685     2.979    udp_gateway_shadow_mirror_i/rst_ps7_0_100M/U0/slowest_sync_clk
    SLICE_X29Y78         FDRE                                         r  udp_gateway_shadow_mirror_i/rst_ps7_0_100M/U0/ACTIVE_LOW_PR_OUT_DFF[0].FDRE_PER_N/C
  -------------------------------------------------------------------    -------------------
    SLICE_X29Y78         FDRE (Prop_fdre_C_Q)         0.419     3.398 r  udp_gateway_shadow_mirror_i/rst_ps7_0_100M/U0/ACTIVE_LOW_PR_OUT_DFF[0].FDRE_PER_N/Q
                         net (fo=101, routed)         2.946     6.344    udp_gateway_shadow_mirror_i/axi_mem_intercon/m00_couplers/auto_pc/inst/gen_axi4_axi3.axi3_conv_inst/USE_WRITE.write_addr_inst/USE_BURSTS.cmd_queue/inst/aresetn
    SLICE_X56Y58         LUT1 (Prop_lut1_I0_O)        0.290     6.634 f  udp_gateway_shadow_mirror_i/axi_mem_intercon/m00_couplers/auto_pc/inst/gen_axi4_axi3.axi3_conv_inst/USE_WRITE.write_addr_inst/USE_BURSTS.cmd_queue/inst/S_AXI_AREADY_I_i_1/O
                         net (fo=253, routed)         0.698     7.333    udp_gateway_shadow_mirror_i/axi_mem_intercon/m00_couplers/auto_pc/inst/gen_axi4_axi3.axi3_conv_inst/USE_WRITE.write_addr_inst/USE_B_CHANNEL.cmd_b_queue/inst/fifo_gen_inst/inst_fifo_gen/gconvfifo.rf/grf.rf/rstblk/ngwrdrst.grst.g7serrst.gnsckt_wrst.rst_wr_reg2_inst/src_arst
    SLICE_X60Y59         FDPE                                         f  udp_gateway_shadow_mirror_i/axi_mem_intercon/m00_couplers/auto_pc/inst/gen_axi4_axi3.axi3_conv_inst/USE_WRITE.write_addr_inst/USE_B_CHANNEL.cmd_b_queue/inst/fifo_gen_inst/inst_fifo_gen/gconvfifo.rf/grf.rf/rstblk/ngwrdrst.grst.g7serrst.gnsckt_wrst.rst_wr_reg2_inst/arststages_ff_reg[0]/PRE
  -------------------------------------------------------------------    -------------------

                         (clock clk_fpga_0 rise edge)
                                                      0.000     0.000 r  
    PS7_X0Y0             PS7                          0.000     0.000 r  udp_gateway_shadow_mirror_i/processing_system7_0/inst/PS7_i/FCLKCLK[0]
                         net (fo=1, routed)           1.088     1.088    udp_gateway_shadow_mirror_i/processing_system7_0/inst/FCLK_CLK_unbuffered[0]
    BUFGCTRL_X0Y17       BUFG (Prop_bufg_I_O)         0.091     1.179 r  udp_gateway_shadow_mirror_i/processing_system7_0/inst/buffer_fclk_clk_0.FCLK_CLK_0_BUFG/O
                         net (fo=54559, routed)       1.538     2.717    udp_gateway_shadow_mirror_i/axi_mem_intercon/m00_couplers/auto_pc/inst/gen_axi4_axi3.axi3_conv_inst/USE_WRITE.write_addr_inst/USE_B_CHANNEL.cmd_b_queue/inst/fifo_gen_inst/inst_fifo_gen/gconvfifo.rf/grf.rf/rstblk/ngwrdrst.grst.g7serrst.gnsckt_wrst.rst_wr_reg2_inst/dest_clk
    SLICE_X60Y59         FDPE                                         r  udp_gateway_shadow_mirror_i/axi_mem_intercon/m00_couplers/auto_pc/inst/gen_axi4_axi3.axi3_conv_inst/USE_WRITE.write_addr_inst/USE_B_CHANNEL.cmd_b_queue/inst/fifo_gen_inst/inst_fifo_gen/gconvfifo.rf/grf.rf/rstblk/ngwrdrst.grst.g7serrst.gnsckt_wrst.rst_wr_reg2_inst/arststages_ff_reg[0]/C

Slack:                    inf
  Source:                 udp_gateway_shadow_mirror_i/rst_ps7_0_100M/U0/ACTIVE_LOW_PR_OUT_DFF[0].FDRE_PER_N/C
                            (rising edge-triggered cell FDRE clocked by clk_fpga_0  {rise@0.000ns fall@10.000ns period=20.000ns})
  Destination:            udp_gateway_shadow_mirror_i/axi_mem_intercon/m00_couplers/auto_pc/inst/gen_axi4_axi3.axi3_conv_inst/USE_WRITE.write_addr_inst/USE_B_CHANNEL.cmd_b_queue/inst/fifo_gen_inst/inst_fifo_gen/gconvfifo.rf/grf.rf/rstblk/ngwrdrst.grst.g7serrst.gnsckt_wrst.rst_wr_reg2_inst/arststages_ff_reg[1]/PRE
                            (recovery check against rising-edge clock clk_fpga_0  {rise@0.000ns fall@10.000ns period=20.000ns})
  Path Group:             (none)
  Path Type:              Recovery (Max at Slow Process Corner)
  Data Path Delay:        4.354ns  (logic 0.709ns (16.285%)  route 3.645ns (83.715%))
  Logic Levels:           1  (LUT1=1)
  Clock Path Skew:        -0.262ns (DCD - SCD + CPR)
    Destination Clock Delay (DCD):    2.717ns
    Source Clock Delay      (SCD):    2.979ns
    Clock Pessimism Removal (CPR):    0.000ns
  Clock Uncertainty:      0.302ns  ((TSJ^2 + TIJ^2)^1/2 + DJ) / 2 + PE
    Total System Jitter     (TSJ):    0.071ns
    Total Input Jitter      (TIJ):    0.600ns
    Discrete Jitter          (DJ):    0.000ns
    Phase Error              (PE):    0.000ns
  Timing Exception:       False Path

    Location             Delay type                Incr(ns)  Path(ns)    Netlist Resource(s)
  -------------------------------------------------------------------    -------------------
                         (clock clk_fpga_0 rise edge)
                                                      0.000     0.000 r  
    PS7_X0Y0             PS7                          0.000     0.000 r  udp_gateway_shadow_mirror_i/processing_system7_0/inst/PS7_i/FCLKCLK[0]
                         net (fo=1, routed)           1.193     1.193    udp_gateway_shadow_mirror_i/processing_system7_0/inst/FCLK_CLK_unbuffered[0]
    BUFGCTRL_X0Y17       BUFG (Prop_bufg_I_O)         0.101     1.294 r  udp_gateway_shadow_mirror_i/processing_system7_0/inst/buffer_fclk_clk_0.FCLK_CLK_0_BUFG/O
                         net (fo=54559, routed)       1.685     2.979    udp_gateway_shadow_mirror_i/rst_ps7_0_100M/U0/slowest_sync_clk
    SLICE_X29Y78         FDRE                                         r  udp_gateway_shadow_mirror_i/rst_ps7_0_100M/U0/ACTIVE_LOW_PR_OUT_DFF[0].FDRE_PER_N/C
  -------------------------------------------------------------------    -------------------
    SLICE_X29Y78         FDRE (Prop_fdre_C_Q)         0.419     3.398 r  udp_gateway_shadow_mirror_i/rst_ps7_0_100M/U0/ACTIVE_LOW_PR_OUT_DFF[0].FDRE_PER_N/Q
                         net (fo=101, routed)         2.946     6.344    udp_gateway_shadow_mirror_i/axi_mem_intercon/m00_couplers/auto_pc/inst/gen_axi4_axi3.axi3_conv_inst/USE_WRITE.write_addr_inst/USE_BURSTS.cmd_queue/inst/aresetn
    SLICE_X56Y58         LUT1 (Prop_lut1_I0_O)        0.290     6.634 f  udp_gateway_shadow_mirror_i/axi_mem_intercon/m00_couplers/auto_pc/inst/gen_axi4_axi3.axi3_conv_inst/USE_WRITE.write_addr_inst/USE_BURSTS.cmd_queue/inst/S_AXI_AREADY_I_i_1/O
                         net (fo=253, routed)         0.698     7.333    udp_gateway_shadow_mirror_i/axi_mem_intercon/m00_couplers/auto_pc/inst/gen_axi4_axi3.axi3_conv_inst/USE_WRITE.write_addr_inst/USE_B_CHANNEL.cmd_b_queue/inst/fifo_gen_inst/inst_fifo_gen/gconvfifo.rf/grf.rf/rstblk/ngwrdrst.grst.g7serrst.gnsckt_wrst.rst_wr_reg2_inst/src_arst
    SLICE_X60Y59         FDPE                                         f  udp_gateway_shadow_mirror_i/axi_mem_intercon/m00_couplers/auto_pc/inst/gen_axi4_axi3.axi3_conv_inst/USE_WRITE.write_addr_inst/USE_B_CHANNEL.cmd_b_queue/inst/fifo_gen_inst/inst_fifo_gen/gconvfifo.rf/grf.rf/rstblk/ngwrdrst.grst.g7serrst.gnsckt_wrst.rst_wr_reg2_inst/arststages_ff_reg[1]/PRE
  -------------------------------------------------------------------    -------------------

                         (clock clk_fpga_0 rise edge)
                                                      0.000     0.000 r  
    PS7_X0Y0             PS7                          0.000     0.000 r  udp_gateway_shadow_mirror_i/processing_system7_0/inst/PS7_i/FCLKCLK[0]
                         net (fo=1, routed)           1.088     1.088    udp_gateway_shadow_mirror_i/processing_system7_0/inst/FCLK_CLK_unbuffered[0]
    BUFGCTRL_X0Y17       BUFG (Prop_bufg_I_O)         0.091     1.179 r  udp_gateway_shadow_mirror_i/processing_system7_0/inst/buffer_fclk_clk_0.FCLK_CLK_0_BUFG/O
                         net (fo=54559, routed)       1.538     2.717    udp_gateway_shadow_mirror_i/axi_mem_intercon/m00_couplers/auto_pc/inst/gen_axi4_axi3.axi3_conv_inst/USE_WRITE.write_addr_inst/USE_B_CHANNEL.cmd_b_queue/inst/fifo_gen_inst/inst_fifo_gen/gconvfifo.rf/grf.rf/rstblk/ngwrdrst.grst.g7serrst.gnsckt_wrst.rst_wr_reg2_inst/dest_clk
    SLICE_X60Y59         FDPE                                         r  udp_gateway_shadow_mirror_i/axi_mem_intercon/m00_couplers/auto_pc/inst/gen_axi4_axi3.axi3_conv_inst/USE_WRITE.write_addr_inst/USE_B_CHANNEL.cmd_b_queue/inst/fifo_gen_inst/inst_fifo_gen/gconvfifo.rf/grf.rf/rstblk/ngwrdrst.grst.g7serrst.gnsckt_wrst.rst_wr_reg2_inst/arststages_ff_reg[1]/C





Min Delay Paths
--------------------------------------------------------------------------------------
Slack:                    inf
  Source:                 udp_gateway_shadow_mirror_i/rst_ps7_0_100M/U0/ACTIVE_LOW_PR_OUT_DFF[0].FDRE_PER_N/C
                            (rising edge-triggered cell FDRE clocked by clk_fpga_0  {rise@0.000ns fall@10.000ns period=20.000ns})
  Destination:            udp_gateway_shadow_mirror_i/axi_mem_intercon/m00_couplers/auto_pc/inst/gen_axi4_axi3.axi3_conv_inst/USE_WRITE.write_addr_inst/USE_B_CHANNEL.cmd_b_queue/inst/fifo_gen_inst/inst_fifo_gen/gconvfifo.rf/grf.rf/rstblk/ngwrdrst.grst.g7serrst.gnsckt_wrst.rst_wr_reg2_inst/arststages_ff_reg[0]/PRE
                            (removal check against rising-edge clock clk_fpga_0  {rise@0.000ns fall@10.000ns period=20.000ns})
  Path Group:             (none)
  Path Type:              Removal (Min at Fast Process Corner)
  Data Path Delay:        1.872ns  (logic 0.229ns (12.235%)  route 1.643ns (87.765%))
  Logic Levels:           1  (LUT1=1)
  Clock Path Skew:        0.311ns (DCD - SCD - CPR)
    Destination Clock Delay (DCD):    1.213ns
    Source Clock Delay      (SCD):    0.902ns
    Clock Pessimism Removal (CPR):    -0.000ns
  Clock Uncertainty:      0.302ns  ((TSJ^2 + TIJ^2)^1/2 + DJ) / 2 + PE
    Total System Jitter     (TSJ):    0.071ns
    Total Input Jitter      (TIJ):    0.600ns
    Discrete Jitter          (DJ):    0.000ns
    Phase Error              (PE):    0.000ns
  Timing Exception:       False Path

    Location             Delay type                Incr(ns)  Path(ns)    Netlist Resource(s)
  -------------------------------------------------------------------    -------------------
                         (clock clk_fpga_0 rise edge)
                                                      0.000     0.000 r  
    PS7_X0Y0             PS7                          0.000     0.000 r  udp_gateway_shadow_mirror_i/processing_system7_0/inst/PS7_i/FCLKCLK[0]
                         net (fo=1, routed)           0.310     0.310    udp_gateway_shadow_mirror_i/processing_system7_0/inst/FCLK_CLK_unbuffered[0]
    BUFGCTRL_X0Y17       BUFG (Prop_bufg_I_O)         0.026     0.336 r  udp_gateway_shadow_mirror_i/processing_system7_0/inst/buffer_fclk_clk_0.FCLK_CLK_0_BUFG/O
                         net (fo=54559, routed)       0.566     0.902    udp_gateway_shadow_mirror_i/rst_ps7_0_100M/U0/slowest_sync_clk
    SLICE_X29Y78         FDRE                                         r  udp_gateway_shadow_mirror_i/rst_ps7_0_100M/U0/ACTIVE_LOW_PR_OUT_DFF[0].FDRE_PER_N/C
  -------------------------------------------------------------------    -------------------
    SLICE_X29Y78         FDRE (Prop_fdre_C_Q)         0.128     1.030 r  udp_gateway_shadow_mirror_i/rst_ps7_0_100M/U0/ACTIVE_LOW_PR_OUT_DFF[0].FDRE_PER_N/Q
                         net (fo=101, routed)         1.343     2.373    udp_gateway_shadow_mirror_i/axi_mem_intercon/m00_couplers/auto_pc/inst/gen_axi4_axi3.axi3_conv_inst/USE_WRITE.write_addr_inst/USE_BURSTS.cmd_queue/inst/aresetn
    SLICE_X56Y58         LUT1 (Prop_lut1_I0_O)        0.101     2.474 f  udp_gateway_shadow_mirror_i/axi_mem_intercon/m00_couplers/auto_pc/inst/gen_axi4_axi3.axi3_conv_inst/USE_WRITE.write_addr_inst/USE_BURSTS.cmd_queue/inst/S_AXI_AREADY_I_i_1/O
                         net (fo=253, routed)         0.299     2.773    udp_gateway_shadow_mirror_i/axi_mem_intercon/m00_couplers/auto_pc/inst/gen_axi4_axi3.axi3_conv_inst/USE_WRITE.write_addr_inst/USE_B_CHANNEL.cmd_b_queue/inst/fifo_gen_inst/inst_fifo_gen/gconvfifo.rf/grf.rf/rstblk/ngwrdrst.grst.g7serrst.gnsckt_wrst.rst_wr_reg2_inst/src_arst
    SLICE_X60Y59         FDPE                                         f  udp_gateway_shadow_mirror_i/axi_mem_intercon/m00_couplers/auto_pc/inst/gen_axi4_axi3.axi3_conv_inst/USE_WRITE.write_addr_inst/USE_B_CHANNEL.cmd_b_queue/inst/fifo_gen_inst/inst_fifo_gen/gconvfifo.rf/grf.rf/rstblk/ngwrdrst.grst.g7serrst.gnsckt_wrst.rst_wr_reg2_inst/arststages_ff_reg[0]/PRE
  -------------------------------------------------------------------    -------------------

                         (clock clk_fpga_0 rise edge)
                                                      0.000     0.000 r  
    PS7_X0Y0             PS7                          0.000     0.000 r  udp_gateway_shadow_mirror_i/processing_system7_0/inst/PS7_i/FCLKCLK[0]
                         net (fo=1, routed)           0.337     0.337    udp_gateway_shadow_mirror_i/processing_system7_0/inst/FCLK_CLK_unbuffered[0]
    BUFGCTRL_X0Y17       BUFG (Prop_bufg_I_O)         0.029     0.366 r  udp_gateway_shadow_mirror_i/processing_system7_0/inst/buffer_fclk_clk_0.FCLK_CLK_0_BUFG/O
                         net (fo=54559, routed)       0.847     1.213    udp_gateway_shadow_mirror_i/axi_mem_intercon/m00_couplers/auto_pc/inst/gen_axi4_axi3.axi3_conv_inst/USE_WRITE.write_addr_inst/USE_B_CHANNEL.cmd_b_queue/inst/fifo_gen_inst/inst_fifo_gen/gconvfifo.rf/grf.rf/rstblk/ngwrdrst.grst.g7serrst.gnsckt_wrst.rst_wr_reg2_inst/dest_clk
    SLICE_X60Y59         FDPE                                         r  udp_gateway_shadow_mirror_i/axi_mem_intercon/m00_couplers/auto_pc/inst/gen_axi4_axi3.axi3_conv_inst/USE_WRITE.write_addr_inst/USE_B_CHANNEL.cmd_b_queue/inst/fifo_gen_inst/inst_fifo_gen/gconvfifo.rf/grf.rf/rstblk/ngwrdrst.grst.g7serrst.gnsckt_wrst.rst_wr_reg2_inst/arststages_ff_reg[0]/C

Slack:                    inf
  Source:                 udp_gateway_shadow_mirror_i/rst_ps7_0_100M/U0/ACTIVE_LOW_PR_OUT_DFF[0].FDRE_PER_N/C
                            (rising edge-triggered cell FDRE clocked by clk_fpga_0  {rise@0.000ns fall@10.000ns period=20.000ns})
  Destination:            udp_gateway_shadow_mirror_i/axi_mem_intercon/m00_couplers/auto_pc/inst/gen_axi4_axi3.axi3_conv_inst/USE_WRITE.write_addr_inst/USE_B_CHANNEL.cmd_b_queue/inst/fifo_gen_inst/inst_fifo_gen/gconvfifo.rf/grf.rf/rstblk/ngwrdrst.grst.g7serrst.gnsckt_wrst.rst_wr_reg2_inst/arststages_ff_reg[1]/PRE
                            (removal check against rising-edge clock clk_fpga_0  {rise@0.000ns fall@10.000ns period=20.000ns})
  Path Group:             (none)
  Path Type:              Removal (Min at Fast Process Corner)
  Data Path Delay:        1.872ns  (logic 0.229ns (12.235%)  route 1.643ns (87.765%))
  Logic Levels:           1  (LUT1=1)
  Clock Path Skew:        0.311ns (DCD - SCD - CPR)
    Destination Clock Delay (DCD):    1.213ns
    Source Clock Delay      (SCD):    0.902ns
    Clock Pessimism Removal (CPR):    -0.000ns
  Clock Uncertainty:      0.302ns  ((TSJ^2 + TIJ^2)^1/2 + DJ) / 2 + PE
    Total System Jitter     (TSJ):    0.071ns
    Total Input Jitter      (TIJ):    0.600ns
    Discrete Jitter          (DJ):    0.000ns
    Phase Error              (PE):    0.000ns
  Timing Exception:       False Path

    Location             Delay type                Incr(ns)  Path(ns)    Netlist Resource(s)
  -------------------------------------------------------------------    -------------------
                         (clock clk_fpga_0 rise edge)
                                                      0.000     0.000 r  
    PS7_X0Y0             PS7                          0.000     0.000 r  udp_gateway_shadow_mirror_i/processing_system7_0/inst/PS7_i/FCLKCLK[0]
                         net (fo=1, routed)           0.310     0.310    udp_gateway_shadow_mirror_i/processing_system7_0/inst/FCLK_CLK_unbuffered[0]
    BUFGCTRL_X0Y17       BUFG (Prop_bufg_I_O)         0.026     0.336 r  udp_gateway_shadow_mirror_i/processing_system7_0/inst/buffer_fclk_clk_0.FCLK_CLK_0_BUFG/O
                         net (fo=54559, routed)       0.566     0.902    udp_gateway_shadow_mirror_i/rst_ps7_0_100M/U0/slowest_sync_clk
    SLICE_X29Y78         FDRE                                         r  udp_gateway_shadow_mirror_i/rst_ps7_0_100M/U0/ACTIVE_LOW_PR_OUT_DFF[0].FDRE_PER_N/C
  -------------------------------------------------------------------    -------------------
    SLICE_X29Y78         FDRE (Prop_fdre_C_Q)         0.128     1.030 r  udp_gateway_shadow_mirror_i/rst_ps7_0_100M/U0/ACTIVE_LOW_PR_OUT_DFF[0].FDRE_PER_N/Q
                         net (fo=101, routed)         1.343     2.373    udp_gateway_shadow_mirror_i/axi_mem_intercon/m00_couplers/auto_pc/inst/gen_axi4_axi3.axi3_conv_inst/USE_WRITE.write_addr_inst/USE_BURSTS.cmd_queue/inst/aresetn
    SLICE_X56Y58         LUT1 (Prop_lut1_I0_O)        0.101     2.474 f  udp_gateway_shadow_mirror_i/axi_mem_intercon/m00_couplers/auto_pc/inst/gen_axi4_axi3.axi3_conv_inst/USE_WRITE.write_addr_inst/USE_BURSTS.cmd_queue/inst/S_AXI_AREADY_I_i_1/O
                         net (fo=253, routed)         0.299     2.773    udp_gateway_shadow_mirror_i/axi_mem_intercon/m00_couplers/auto_pc/inst/gen_axi4_axi3.axi3_conv_inst/USE_WRITE.write_addr_inst/USE_B_CHANNEL.cmd_b_queue/inst/fifo_gen_inst/inst_fifo_gen/gconvfifo.rf/grf.rf/rstblk/ngwrdrst.grst.g7serrst.gnsckt_wrst.rst_wr_reg2_inst/src_arst
    SLICE_X60Y59         FDPE                                         f  udp_gateway_shadow_mirror_i/axi_mem_intercon/m00_couplers/auto_pc/inst/gen_axi4_axi3.axi3_conv_inst/USE_WRITE.write_addr_inst/USE_B_CHANNEL.cmd_b_queue/inst/fifo_gen_inst/inst_fifo_gen/gconvfifo.rf/grf.rf/rstblk/ngwrdrst.grst.g7serrst.gnsckt_wrst.rst_wr_reg2_inst/arststages_ff_reg[1]/PRE
  -------------------------------------------------------------------    -------------------

                         (clock clk_fpga_0 rise edge)
                                                      0.000     0.000 r  
    PS7_X0Y0             PS7                          0.000     0.000 r  udp_gateway_shadow_mirror_i/processing_system7_0/inst/PS7_i/FCLKCLK[0]
                         net (fo=1, routed)           0.337     0.337    udp_gateway_shadow_mirror_i/processing_system7_0/inst/FCLK_CLK_unbuffered[0]
    BUFGCTRL_X0Y17       BUFG (Prop_bufg_I_O)         0.029     0.366 r  udp_gateway_shadow_mirror_i/processing_system7_0/inst/buffer_fclk_clk_0.FCLK_CLK_0_BUFG/O
                         net (fo=54559, routed)       0.847     1.213    udp_gateway_shadow_mirror_i/axi_mem_intercon/m00_couplers/auto_pc/inst/gen_axi4_axi3.axi3_conv_inst/USE_WRITE.write_addr_inst/USE_B_CHANNEL.cmd_b_queue/inst/fifo_gen_inst/inst_fifo_gen/gconvfifo.rf/grf.rf/rstblk/ngwrdrst.grst.g7serrst.gnsckt_wrst.rst_wr_reg2_inst/dest_clk
    SLICE_X60Y59         FDPE                                         r  udp_gateway_shadow_mirror_i/axi_mem_intercon/m00_couplers/auto_pc/inst/gen_axi4_axi3.axi3_conv_inst/USE_WRITE.write_addr_inst/USE_B_CHANNEL.cmd_b_queue/inst/fifo_gen_inst/inst_fifo_gen/gconvfifo.rf/grf.rf/rstblk/ngwrdrst.grst.g7serrst.gnsckt_wrst.rst_wr_reg2_inst/arststages_ff_reg[1]/C

Slack:                    inf
  Source:                 udp_gateway_shadow_mirror_i/rst_ps7_0_100M/U0/ACTIVE_LOW_PR_OUT_DFF[0].FDRE_PER_N/C
                            (rising edge-triggered cell FDRE clocked by clk_fpga_0  {rise@0.000ns fall@10.000ns period=20.000ns})
  Destination:            udp_gateway_shadow_mirror_i/axi_mem_intercon/m00_couplers/auto_pc/inst/gen_axi4_axi3.axi3_conv_inst/USE_READ.USE_SPLIT_R.read_addr_inst/USE_R_CHANNEL.cmd_queue/inst/fifo_gen_inst/inst_fifo_gen/gconvfifo.rf/grf.rf/rstblk/ngwrdrst.grst.g7serrst.gnsckt_wrst.rst_wr_reg2_inst/arststages_ff_reg[0]/PRE
                            (removal check against rising-edge clock clk_fpga_0  {rise@0.000ns fall@10.000ns period=20.000ns})
  Path Group:             (none)
  Path Type:              Removal (Min at Fast Process Corner)
  Data Path Delay:        2.505ns  (logic 0.229ns (9.143%)  route 2.276ns (90.857%))
  Logic Levels:           1  (LUT1=1)
  Clock Path Skew:        0.287ns (DCD - SCD - CPR)
    Destination Clock Delay (DCD):    1.189ns
    Source Clock Delay      (SCD):    0.902ns
    Clock Pessimism Removal (CPR):    -0.000ns
  Clock Uncertainty:      0.302ns  ((TSJ^2 + TIJ^2)^1/2 + DJ) / 2 + PE
    Total System Jitter     (TSJ):    0.071ns
    Total Input Jitter      (TIJ):    0.600ns
    Discrete Jitter          (DJ):    0.000ns
    Phase Error              (PE):    0.000ns
  Timing Exception:       False Path

    Location             Delay type                Incr(ns)  Path(ns)    Netlist Resource(s)
  -------------------------------------------------------------------    -------------------
                         (clock clk_fpga_0 rise edge)
                                                      0.000     0.000 r  
    PS7_X0Y0             PS7                          0.000     0.000 r  udp_gateway_shadow_mirror_i/processing_system7_0/inst/PS7_i/FCLKCLK[0]
                         net (fo=1, routed)           0.310     0.310    udp_gateway_shadow_mirror_i/processing_system7_0/inst/FCLK_CLK_unbuffered[0]
    BUFGCTRL_X0Y17       BUFG (Prop_bufg_I_O)         0.026     0.336 r  udp_gateway_shadow_mirror_i/processing_system7_0/inst/buffer_fclk_clk_0.FCLK_CLK_0_BUFG/O
                         net (fo=54559, routed)       0.566     0.902    udp_gateway_shadow_mirror_i/rst_ps7_0_100M/U0/slowest_sync_clk
    SLICE_X29Y78         FDRE                                         r  udp_gateway_shadow_mirror_i/rst_ps7_0_100M/U0/ACTIVE_LOW_PR_OUT_DFF[0].FDRE_PER_N/C
  -------------------------------------------------------------------    -------------------
    SLICE_X29Y78         FDRE (Prop_fdre_C_Q)         0.128     1.030 r  udp_gateway_shadow_mirror_i/rst_ps7_0_100M/U0/ACTIVE_LOW_PR_OUT_DFF[0].FDRE_PER_N/Q
                         net (fo=101, routed)         1.343     2.373    udp_gateway_shadow_mirror_i/axi_mem_intercon/m00_couplers/auto_pc/inst/gen_axi4_axi3.axi3_conv_inst/USE_WRITE.write_addr_inst/USE_BURSTS.cmd_queue/inst/aresetn
    SLICE_X56Y58         LUT1 (Prop_lut1_I0_O)        0.101     2.474 f  udp_gateway_shadow_mirror_i/axi_mem_intercon/m00_couplers/auto_pc/inst/gen_axi4_axi3.axi3_conv_inst/USE_WRITE.write_addr_inst/USE_BURSTS.cmd_queue/inst/S_AXI_AREADY_I_i_1/O
                         net (fo=253, routed)         0.932     3.406    udp_gateway_shadow_mirror_i/axi_mem_intercon/m00_couplers/auto_pc/inst/gen_axi4_axi3.axi3_conv_inst/USE_READ.USE_SPLIT_R.read_addr_inst/USE_R_CHANNEL.cmd_queue/inst/fifo_gen_inst/inst_fifo_gen/gconvfifo.rf/grf.rf/rstblk/ngwrdrst.grst.g7serrst.gnsckt_wrst.rst_wr_reg2_inst/src_arst
    SLICE_X35Y60         FDPE                                         f  udp_gateway_shadow_mirror_i/axi_mem_intercon/m00_couplers/auto_pc/inst/gen_axi4_axi3.axi3_conv_inst/USE_READ.USE_SPLIT_R.read_addr_inst/USE_R_CHANNEL.cmd_queue/inst/fifo_gen_inst/inst_fifo_gen/gconvfifo.rf/grf.rf/rstblk/ngwrdrst.grst.g7serrst.gnsckt_wrst.rst_wr_reg2_inst/arststages_ff_reg[0]/PRE
  -------------------------------------------------------------------    -------------------

                         (clock clk_fpga_0 rise edge)
                                                      0.000     0.000 r  
    PS7_X0Y0             PS7                          0.000     0.000 r  udp_gateway_shadow_mirror_i/processing_system7_0/inst/PS7_i/FCLKCLK[0]
                         net (fo=1, routed)           0.337     0.337    udp_gateway_shadow_mirror_i/processing_system7_0/inst/FCLK_CLK_unbuffered[0]
    BUFGCTRL_X0Y17       BUFG (Prop_bufg_I_O)         0.029     0.366 r  udp_gateway_shadow_mirror_i/processing_system7_0/inst/buffer_fclk_clk_0.FCLK_CLK_0_BUFG/O
                         net (fo=54559, routed)       0.823     1.189    udp_gateway_shadow_mirror_i/axi_mem_intercon/m00_couplers/auto_pc/inst/gen_axi4_axi3.axi3_conv_inst/USE_READ.USE_SPLIT_R.read_addr_inst/USE_R_CHANNEL.cmd_queue/inst/fifo_gen_inst/inst_fifo_gen/gconvfifo.rf/grf.rf/rstblk/ngwrdrst.grst.g7serrst.gnsckt_wrst.rst_wr_reg2_inst/dest_clk
    SLICE_X35Y60         FDPE                                         r  udp_gateway_shadow_mirror_i/axi_mem_intercon/m00_couplers/auto_pc/inst/gen_axi4_axi3.axi3_conv_inst/USE_READ.USE_SPLIT_R.read_addr_inst/USE_R_CHANNEL.cmd_queue/inst/fifo_gen_inst/inst_fifo_gen/gconvfifo.rf/grf.rf/rstblk/ngwrdrst.grst.g7serrst.gnsckt_wrst.rst_wr_reg2_inst/arststages_ff_reg[0]/C

Slack:                    inf
  Source:                 udp_gateway_shadow_mirror_i/rst_ps7_0_100M/U0/ACTIVE_LOW_PR_OUT_DFF[0].FDRE_PER_N/C
                            (rising edge-triggered cell FDRE clocked by clk_fpga_0  {rise@0.000ns fall@10.000ns period=20.000ns})
  Destination:            udp_gateway_shadow_mirror_i/axi_mem_intercon/m00_couplers/auto_pc/inst/gen_axi4_axi3.axi3_conv_inst/USE_READ.USE_SPLIT_R.read_addr_inst/USE_R_CHANNEL.cmd_queue/inst/fifo_gen_inst/inst_fifo_gen/gconvfifo.rf/grf.rf/rstblk/ngwrdrst.grst.g7serrst.gnsckt_wrst.rst_wr_reg2_inst/arststages_ff_reg[1]/PRE
                            (removal check against rising-edge clock clk_fpga_0  {rise@0.000ns fall@10.000ns period=20.000ns})
  Path Group:             (none)
  Path Type:              Removal (Min at Fast Process Corner)
  Data Path Delay:        2.505ns  (logic 0.229ns (9.143%)  route 2.276ns (90.857%))
  Logic Levels:           1  (LUT1=1)
  Clock Path Skew:        0.287ns (DCD - SCD - CPR)
    Destination Clock Delay (DCD):    1.189ns
    Source Clock Delay      (SCD):    0.902ns
    Clock Pessimism Removal (CPR):    -0.000ns
  Clock Uncertainty:      0.302ns  ((TSJ^2 + TIJ^2)^1/2 + DJ) / 2 + PE
    Total System Jitter     (TSJ):    0.071ns
    Total Input Jitter      (TIJ):    0.600ns
    Discrete Jitter          (DJ):    0.000ns
    Phase Error              (PE):    0.000ns
  Timing Exception:       False Path

    Location             Delay type                Incr(ns)  Path(ns)    Netlist Resource(s)
  -------------------------------------------------------------------    -------------------
                         (clock clk_fpga_0 rise edge)
                                                      0.000     0.000 r  
    PS7_X0Y0             PS7                          0.000     0.000 r  udp_gateway_shadow_mirror_i/processing_system7_0/inst/PS7_i/FCLKCLK[0]
                         net (fo=1, routed)           0.310     0.310    udp_gateway_shadow_mirror_i/processing_system7_0/inst/FCLK_CLK_unbuffered[0]
    BUFGCTRL_X0Y17       BUFG (Prop_bufg_I_O)         0.026     0.336 r  udp_gateway_shadow_mirror_i/processing_system7_0/inst/buffer_fclk_clk_0.FCLK_CLK_0_BUFG/O
                         net (fo=54559, routed)       0.566     0.902    udp_gateway_shadow_mirror_i/rst_ps7_0_100M/U0/slowest_sync_clk
    SLICE_X29Y78         FDRE                                         r  udp_gateway_shadow_mirror_i/rst_ps7_0_100M/U0/ACTIVE_LOW_PR_OUT_DFF[0].FDRE_PER_N/C
  -------------------------------------------------------------------    -------------------
    SLICE_X29Y78         FDRE (Prop_fdre_C_Q)         0.128     1.030 r  udp_gateway_shadow_mirror_i/rst_ps7_0_100M/U0/ACTIVE_LOW_PR_OUT_DFF[0].FDRE_PER_N/Q
                         net (fo=101, routed)         1.343     2.373    udp_gateway_shadow_mirror_i/axi_mem_intercon/m00_couplers/auto_pc/inst/gen_axi4_axi3.axi3_conv_inst/USE_WRITE.write_addr_inst/USE_BURSTS.cmd_queue/inst/aresetn
    SLICE_X56Y58         LUT1 (Prop_lut1_I0_O)        0.101     2.474 f  udp_gateway_shadow_mirror_i/axi_mem_intercon/m00_couplers/auto_pc/inst/gen_axi4_axi3.axi3_conv_inst/USE_WRITE.write_addr_inst/USE_BURSTS.cmd_queue/inst/S_AXI_AREADY_I_i_1/O
                         net (fo=253, routed)         0.932     3.406    udp_gateway_shadow_mirror_i/axi_mem_intercon/m00_couplers/auto_pc/inst/gen_axi4_axi3.axi3_conv_inst/USE_READ.USE_SPLIT_R.read_addr_inst/USE_R_CHANNEL.cmd_queue/inst/fifo_gen_inst/inst_fifo_gen/gconvfifo.rf/grf.rf/rstblk/ngwrdrst.grst.g7serrst.gnsckt_wrst.rst_wr_reg2_inst/src_arst
    SLICE_X35Y60         FDPE                                         f  udp_gateway_shadow_mirror_i/axi_mem_intercon/m00_couplers/auto_pc/inst/gen_axi4_axi3.axi3_conv_inst/USE_READ.USE_SPLIT_R.read_addr_inst/USE_R_CHANNEL.cmd_queue/inst/fifo_gen_inst/inst_fifo_gen/gconvfifo.rf/grf.rf/rstblk/ngwrdrst.grst.g7serrst.gnsckt_wrst.rst_wr_reg2_inst/arststages_ff_reg[1]/PRE
  -------------------------------------------------------------------    -------------------

                         (clock clk_fpga_0 rise edge)
                                                      0.000     0.000 r  
    PS7_X0Y0             PS7                          0.000     0.000 r  udp_gateway_shadow_mirror_i/processing_system7_0/inst/PS7_i/FCLKCLK[0]
                         net (fo=1, routed)           0.337     0.337    udp_gateway_shadow_mirror_i/processing_system7_0/inst/FCLK_CLK_unbuffered[0]
    BUFGCTRL_X0Y17       BUFG (Prop_bufg_I_O)         0.029     0.366 r  udp_gateway_shadow_mirror_i/processing_system7_0/inst/buffer_fclk_clk_0.FCLK_CLK_0_BUFG/O
                         net (fo=54559, routed)       0.823     1.189    udp_gateway_shadow_mirror_i/axi_mem_intercon/m00_couplers/auto_pc/inst/gen_axi4_axi3.axi3_conv_inst/USE_READ.USE_SPLIT_R.read_addr_inst/USE_R_CHANNEL.cmd_queue/inst/fifo_gen_inst/inst_fifo_gen/gconvfifo.rf/grf.rf/rstblk/ngwrdrst.grst.g7serrst.gnsckt_wrst.rst_wr_reg2_inst/dest_clk
    SLICE_X35Y60         FDPE                                         r  udp_gateway_shadow_mirror_i/axi_mem_intercon/m00_couplers/auto_pc/inst/gen_axi4_axi3.axi3_conv_inst/USE_READ.USE_SPLIT_R.read_addr_inst/USE_R_CHANNEL.cmd_queue/inst/fifo_gen_inst/inst_fifo_gen/gconvfifo.rf/grf.rf/rstblk/ngwrdrst.grst.g7serrst.gnsckt_wrst.rst_wr_reg2_inst/arststages_ff_reg[1]/C

Slack:                    inf
  Source:                 udp_gateway_shadow_mirror_i/rst_ps7_0_100M/U0/ACTIVE_LOW_PR_OUT_DFF[0].FDRE_PER_N/C
                            (rising edge-triggered cell FDRE clocked by clk_fpga_0  {rise@0.000ns fall@10.000ns period=20.000ns})
  Destination:            udp_gateway_shadow_mirror_i/axi_mem_intercon/m00_couplers/auto_pc/inst/gen_axi4_axi3.axi3_conv_inst/USE_WRITE.write_addr_inst/USE_BURSTS.cmd_queue/inst/fifo_gen_inst/inst_fifo_gen/gconvfifo.rf/grf.rf/rstblk/ngwrdrst.grst.g7serrst.gnsckt_wrst.rst_wr_reg2_inst/arststages_ff_reg[0]/PRE
                            (removal check against rising-edge clock clk_fpga_0  {rise@0.000ns fall@10.000ns period=20.000ns})
  Path Group:             (none)
  Path Type:              Removal (Min at Fast Process Corner)
  Data Path Delay:        2.505ns  (logic 0.229ns (9.143%)  route 2.276ns (90.857%))
  Logic Levels:           1  (LUT1=1)
  Clock Path Skew:        0.287ns (DCD - SCD - CPR)
    Destination Clock Delay (DCD):    1.189ns
    Source Clock Delay      (SCD):    0.902ns
    Clock Pessimism Removal (CPR):    -0.000ns
  Clock Uncertainty:      0.302ns  ((TSJ^2 + TIJ^2)^1/2 + DJ) / 2 + PE
    Total System Jitter     (TSJ):    0.071ns
    Total Input Jitter      (TIJ):    0.600ns
    Discrete Jitter          (DJ):    0.000ns
    Phase Error              (PE):    0.000ns
  Timing Exception:       False Path

    Location             Delay type                Incr(ns)  Path(ns)    Netlist Resource(s)
  -------------------------------------------------------------------    -------------------
                         (clock clk_fpga_0 rise edge)
                                                      0.000     0.000 r  
    PS7_X0Y0             PS7                          0.000     0.000 r  udp_gateway_shadow_mirror_i/processing_system7_0/inst/PS7_i/FCLKCLK[0]
                         net (fo=1, routed)           0.310     0.310    udp_gateway_shadow_mirror_i/processing_system7_0/inst/FCLK_CLK_unbuffered[0]
    BUFGCTRL_X0Y17       BUFG (Prop_bufg_I_O)         0.026     0.336 r  udp_gateway_shadow_mirror_i/processing_system7_0/inst/buffer_fclk_clk_0.FCLK_CLK_0_BUFG/O
                         net (fo=54559, routed)       0.566     0.902    udp_gateway_shadow_mirror_i/rst_ps7_0_100M/U0/slowest_sync_clk
    SLICE_X29Y78         FDRE                                         r  udp_gateway_shadow_mirror_i/rst_ps7_0_100M/U0/ACTIVE_LOW_PR_OUT_DFF[0].FDRE_PER_N/C
  -------------------------------------------------------------------    -------------------
    SLICE_X29Y78         FDRE (Prop_fdre_C_Q)         0.128     1.030 r  udp_gateway_shadow_mirror_i/rst_ps7_0_100M/U0/ACTIVE_LOW_PR_OUT_DFF[0].FDRE_PER_N/Q
                         net (fo=101, routed)         1.343     2.373    udp_gateway_shadow_mirror_i/axi_mem_intercon/m00_couplers/auto_pc/inst/gen_axi4_axi3.axi3_conv_inst/USE_WRITE.write_addr_inst/USE_BURSTS.cmd_queue/inst/aresetn
    SLICE_X56Y58         LUT1 (Prop_lut1_I0_O)        0.101     2.474 f  udp_gateway_shadow_mirror_i/axi_mem_intercon/m00_couplers/auto_pc/inst/gen_axi4_axi3.axi3_conv_inst/USE_WRITE.write_addr_inst/USE_BURSTS.cmd_queue/inst/S_AXI_AREADY_I_i_1/O
                         net (fo=253, routed)         0.932     3.406    udp_gateway_shadow_mirror_i/axi_mem_intercon/m00_couplers/auto_pc/inst/gen_axi4_axi3.axi3_conv_inst/USE_WRITE.write_addr_inst/USE_BURSTS.cmd_queue/inst/fifo_gen_inst/inst_fifo_gen/gconvfifo.rf/grf.rf/rstblk/ngwrdrst.grst.g7serrst.gnsckt_wrst.rst_wr_reg2_inst/src_arst
    SLICE_X35Y60         FDPE                                         f  udp_gateway_shadow_mirror_i/axi_mem_intercon/m00_couplers/auto_pc/inst/gen_axi4_axi3.axi3_conv_inst/USE_WRITE.write_addr_inst/USE_BURSTS.cmd_queue/inst/fifo_gen_inst/inst_fifo_gen/gconvfifo.rf/grf.rf/rstblk/ngwrdrst.grst.g7serrst.gnsckt_wrst.rst_wr_reg2_inst/arststages_ff_reg[0]/PRE
  -------------------------------------------------------------------    -------------------

                         (clock clk_fpga_0 rise edge)
                                                      0.000     0.000 r  
    PS7_X0Y0             PS7                          0.000     0.000 r  udp_gateway_shadow_mirror_i/processing_system7_0/inst/PS7_i/FCLKCLK[0]
                         net (fo=1, routed)           0.337     0.337    udp_gateway_shadow_mirror_i/processing_system7_0/inst/FCLK_CLK_unbuffered[0]
    BUFGCTRL_X0Y17       BUFG (Prop_bufg_I_O)         0.029     0.366 r  udp_gateway_shadow_mirror_i/processing_system7_0/inst/buffer_fclk_clk_0.FCLK_CLK_0_BUFG/O
                         net (fo=54559, routed)       0.823     1.189    udp_gateway_shadow_mirror_i/axi_mem_intercon/m00_couplers/auto_pc/inst/gen_axi4_axi3.axi3_conv_inst/USE_WRITE.write_addr_inst/USE_BURSTS.cmd_queue/inst/fifo_gen_inst/inst_fifo_gen/gconvfifo.rf/grf.rf/rstblk/ngwrdrst.grst.g7serrst.gnsckt_wrst.rst_wr_reg2_inst/dest_clk
    SLICE_X35Y60         FDPE                                         r  udp_gateway_shadow_mirror_i/axi_mem_intercon/m00_couplers/auto_pc/inst/gen_axi4_axi3.axi3_conv_inst/USE_WRITE.write_addr_inst/USE_BURSTS.cmd_queue/inst/fifo_gen_inst/inst_fifo_gen/gconvfifo.rf/grf.rf/rstblk/ngwrdrst.grst.g7serrst.gnsckt_wrst.rst_wr_reg2_inst/arststages_ff_reg[0]/C

Slack:                    inf
  Source:                 udp_gateway_shadow_mirror_i/rst_ps7_0_100M/U0/ACTIVE_LOW_PR_OUT_DFF[0].FDRE_PER_N/C
                            (rising edge-triggered cell FDRE clocked by clk_fpga_0  {rise@0.000ns fall@10.000ns period=20.000ns})
  Destination:            udp_gateway_shadow_mirror_i/axi_mem_intercon/m00_couplers/auto_pc/inst/gen_axi4_axi3.axi3_conv_inst/USE_WRITE.write_addr_inst/USE_BURSTS.cmd_queue/inst/fifo_gen_inst/inst_fifo_gen/gconvfifo.rf/grf.rf/rstblk/ngwrdrst.grst.g7serrst.gnsckt_wrst.rst_wr_reg2_inst/arststages_ff_reg[1]/PRE
                            (removal check against rising-edge clock clk_fpga_0  {rise@0.000ns fall@10.000ns period=20.000ns})
  Path Group:             (none)
  Path Type:              Removal (Min at Fast Process Corner)
  Data Path Delay:        2.505ns  (logic 0.229ns (9.143%)  route 2.276ns (90.857%))
  Logic Levels:           1  (LUT1=1)
  Clock Path Skew:        0.287ns (DCD - SCD - CPR)
    Destination Clock Delay (DCD):    1.189ns
    Source Clock Delay      (SCD):    0.902ns
    Clock Pessimism Removal (CPR):    -0.000ns
  Clock Uncertainty:      0.302ns  ((TSJ^2 + TIJ^2)^1/2 + DJ) / 2 + PE
    Total System Jitter     (TSJ):    0.071ns
    Total Input Jitter      (TIJ):    0.600ns
    Discrete Jitter          (DJ):    0.000ns
    Phase Error              (PE):    0.000ns
  Timing Exception:       False Path

    Location             Delay type                Incr(ns)  Path(ns)    Netlist Resource(s)
  -------------------------------------------------------------------    -------------------
                         (clock clk_fpga_0 rise edge)
                                                      0.000     0.000 r  
    PS7_X0Y0             PS7                          0.000     0.000 r  udp_gateway_shadow_mirror_i/processing_system7_0/inst/PS7_i/FCLKCLK[0]
                         net (fo=1, routed)           0.310     0.310    udp_gateway_shadow_mirror_i/processing_system7_0/inst/FCLK_CLK_unbuffered[0]
    BUFGCTRL_X0Y17       BUFG (Prop_bufg_I_O)         0.026     0.336 r  udp_gateway_shadow_mirror_i/processing_system7_0/inst/buffer_fclk_clk_0.FCLK_CLK_0_BUFG/O
                         net (fo=54559, routed)       0.566     0.902    udp_gateway_shadow_mirror_i/rst_ps7_0_100M/U0/slowest_sync_clk
    SLICE_X29Y78         FDRE                                         r  udp_gateway_shadow_mirror_i/rst_ps7_0_100M/U0/ACTIVE_LOW_PR_OUT_DFF[0].FDRE_PER_N/C
  -------------------------------------------------------------------    -------------------
    SLICE_X29Y78         FDRE (Prop_fdre_C_Q)         0.128     1.030 r  udp_gateway_shadow_mirror_i/rst_ps7_0_100M/U0/ACTIVE_LOW_PR_OUT_DFF[0].FDRE_PER_N/Q
                         net (fo=101, routed)         1.343     2.373    udp_gateway_shadow_mirror_i/axi_mem_intercon/m00_couplers/auto_pc/inst/gen_axi4_axi3.axi3_conv_inst/USE_WRITE.write_addr_inst/USE_BURSTS.cmd_queue/inst/aresetn
    SLICE_X56Y58         LUT1 (Prop_lut1_I0_O)        0.101     2.474 f  udp_gateway_shadow_mirror_i/axi_mem_intercon/m00_couplers/auto_pc/inst/gen_axi4_axi3.axi3_conv_inst/USE_WRITE.write_addr_inst/USE_BURSTS.cmd_queue/inst/S_AXI_AREADY_I_i_1/O
                         net (fo=253, routed)         0.932     3.406    udp_gateway_shadow_mirror_i/axi_mem_intercon/m00_couplers/auto_pc/inst/gen_axi4_axi3.axi3_conv_inst/USE_WRITE.write_addr_inst/USE_BURSTS.cmd_queue/inst/fifo_gen_inst/inst_fifo_gen/gconvfifo.rf/grf.rf/rstblk/ngwrdrst.grst.g7serrst.gnsckt_wrst.rst_wr_reg2_inst/src_arst
    SLICE_X35Y60         FDPE                                         f  udp_gateway_shadow_mirror_i/axi_mem_intercon/m00_couplers/auto_pc/inst/gen_axi4_axi3.axi3_conv_inst/USE_WRITE.write_addr_inst/USE_BURSTS.cmd_queue/inst/fifo_gen_inst/inst_fifo_gen/gconvfifo.rf/grf.rf/rstblk/ngwrdrst.grst.g7serrst.gnsckt_wrst.rst_wr_reg2_inst/arststages_ff_reg[1]/PRE
  -------------------------------------------------------------------    -------------------

                         (clock clk_fpga_0 rise edge)
                                                      0.000     0.000 r  
    PS7_X0Y0             PS7                          0.000     0.000 r  udp_gateway_shadow_mirror_i/processing_system7_0/inst/PS7_i/FCLKCLK[0]
                         net (fo=1, routed)           0.337     0.337    udp_gateway_shadow_mirror_i/processing_system7_0/inst/FCLK_CLK_unbuffered[0]
    BUFGCTRL_X0Y17       BUFG (Prop_bufg_I_O)         0.029     0.366 r  udp_gateway_shadow_mirror_i/processing_system7_0/inst/buffer_fclk_clk_0.FCLK_CLK_0_BUFG/O
                         net (fo=54559, routed)       0.823     1.189    udp_gateway_shadow_mirror_i/axi_mem_intercon/m00_couplers/auto_pc/inst/gen_axi4_axi3.axi3_conv_inst/USE_WRITE.write_addr_inst/USE_BURSTS.cmd_queue/inst/fifo_gen_inst/inst_fifo_gen/gconvfifo.rf/grf.rf/rstblk/ngwrdrst.grst.g7serrst.gnsckt_wrst.rst_wr_reg2_inst/dest_clk
    SLICE_X35Y60         FDPE                                         r  udp_gateway_shadow_mirror_i/axi_mem_intercon/m00_couplers/auto_pc/inst/gen_axi4_axi3.axi3_conv_inst/USE_WRITE.write_addr_inst/USE_BURSTS.cmd_queue/inst/fifo_gen_inst/inst_fifo_gen/gconvfifo.rf/grf.rf/rstblk/ngwrdrst.grst.g7serrst.gnsckt_wrst.rst_wr_reg2_inst/arststages_ff_reg[1]/C





--------------------------------------------------------------------------------------
Path Group:  (none)
From Clock:  
  To Clock:  

Max Delay           133 Endpoints
Min Delay           133 Endpoints
--------------------------------------------------------------------------------------


Max Delay Paths
--------------------------------------------------------------------------------------
Slack:                    inf
  Source:                 udp_gateway_shadow_mirror_i/dma_gateway_hybrid_0/inst/u_device_dna_reader/dna_shift_reg/C
                            (rising edge-triggered cell FDCE)
  Destination:            udp_gateway_shadow_mirror_i/dma_gateway_hybrid_0/inst/u_device_dna_reader/dna_shift_value_reg[12]/CE
  Path Group:             (none)
  Path Type:              Max at Slow Process Corner
  Data Path Delay:        5.276ns  (logic 0.580ns (10.992%)  route 4.696ns (89.008%))
  Logic Levels:           2  (FDCE=1 LUT3=1)

    Location             Delay type                Incr(ns)  Path(ns)    Netlist Resource(s)
  -------------------------------------------------------------------    -------------------
    SLICE_X65Y106        FDCE                         0.000     0.000 r  udp_gateway_shadow_mirror_i/dma_gateway_hybrid_0/inst/u_device_dna_reader/dna_shift_reg/C
    SLICE_X65Y106        FDCE (Prop_fdce_C_Q)         0.456     0.456 r  udp_gateway_shadow_mirror_i/dma_gateway_hybrid_0/inst/u_device_dna_reader/dna_shift_reg/Q
                         net (fo=4, routed)           1.438     1.894    udp_gateway_shadow_mirror_i/dma_gateway_hybrid_0/inst/u_device_dna_reader/dna_shift
    SLICE_X65Y102        LUT3 (Prop_lut3_I1_O)        0.124     2.018 r  udp_gateway_shadow_mirror_i/dma_gateway_hybrid_0/inst/u_device_dna_reader/dna_shift_value[56]_i_1/O
                         net (fo=64, routed)          3.258     5.276    udp_gateway_shadow_mirror_i/dma_gateway_hybrid_0/inst/u_device_dna_reader/dna_bit_count
    SLICE_X45Y91         FDCE                                         r  udp_gateway_shadow_mirror_i/dma_gateway_hybrid_0/inst/u_device_dna_reader/dna_shift_value_reg[12]/CE
  -------------------------------------------------------------------    -------------------

Slack:                    inf
  Source:                 udp_gateway_shadow_mirror_i/dma_gateway_hybrid_0/inst/u_device_dna_reader/dna_shift_reg/C
                            (rising edge-triggered cell FDCE)
  Destination:            udp_gateway_shadow_mirror_i/dma_gateway_hybrid_0/inst/u_device_dna_reader/dna_shift_value_reg[7]/CE
  Path Group:             (none)
  Path Type:              Max at Slow Process Corner
  Data Path Delay:        5.276ns  (logic 0.580ns (10.992%)  route 4.696ns (89.008%))
  Logic Levels:           2  (FDCE=1 LUT3=1)

    Location             Delay type                Incr(ns)  Path(ns)    Netlist Resource(s)
  -------------------------------------------------------------------    -------------------
    SLICE_X65Y106        FDCE                         0.000     0.000 r  udp_gateway_shadow_mirror_i/dma_gateway_hybrid_0/inst/u_device_dna_reader/dna_shift_reg/C
    SLICE_X65Y106        FDCE (Prop_fdce_C_Q)         0.456     0.456 r  udp_gateway_shadow_mirror_i/dma_gateway_hybrid_0/inst/u_device_dna_reader/dna_shift_reg/Q
                         net (fo=4, routed)           1.438     1.894    udp_gateway_shadow_mirror_i/dma_gateway_hybrid_0/inst/u_device_dna_reader/dna_shift
    SLICE_X65Y102        LUT3 (Prop_lut3_I1_O)        0.124     2.018 r  udp_gateway_shadow_mirror_i/dma_gateway_hybrid_0/inst/u_device_dna_reader/dna_shift_value[56]_i_1/O
                         net (fo=64, routed)          3.258     5.276    udp_gateway_shadow_mirror_i/dma_gateway_hybrid_0/inst/u_device_dna_reader/dna_bit_count
    SLICE_X45Y91         FDCE                                         r  udp_gateway_shadow_mirror_i/dma_gateway_hybrid_0/inst/u_device_dna_reader/dna_shift_value_reg[7]/CE
  -------------------------------------------------------------------    -------------------

Slack:                    inf
  Source:                 udp_gateway_shadow_mirror_i/dma_gateway_hybrid_0/inst/u_device_dna_reader/dna_shift_reg/C
                            (rising edge-triggered cell FDCE)
  Destination:            udp_gateway_shadow_mirror_i/dma_gateway_hybrid_0/inst/u_device_dna_reader/dna_shift_value_reg[8]/CE
  Path Group:             (none)
  Path Type:              Max at Slow Process Corner
  Data Path Delay:        5.276ns  (logic 0.580ns (10.992%)  route 4.696ns (89.008%))
  Logic Levels:           2  (FDCE=1 LUT3=1)

    Location             Delay type                Incr(ns)  Path(ns)    Netlist Resource(s)
  -------------------------------------------------------------------    -------------------
    SLICE_X65Y106        FDCE                         0.000     0.000 r  udp_gateway_shadow_mirror_i/dma_gateway_hybrid_0/inst/u_device_dna_reader/dna_shift_reg/C
    SLICE_X65Y106        FDCE (Prop_fdce_C_Q)         0.456     0.456 r  udp_gateway_shadow_mirror_i/dma_gateway_hybrid_0/inst/u_device_dna_reader/dna_shift_reg/Q
                         net (fo=4, routed)           1.438     1.894    udp_gateway_shadow_mirror_i/dma_gateway_hybrid_0/inst/u_device_dna_reader/dna_shift
    SLICE_X65Y102        LUT3 (Prop_lut3_I1_O)        0.124     2.018 r  udp_gateway_shadow_mirror_i/dma_gateway_hybrid_0/inst/u_device_dna_reader/dna_shift_value[56]_i_1/O
                         net (fo=64, routed)          3.258     5.276    udp_gateway_shadow_mirror_i/dma_gateway_hybrid_0/inst/u_device_dna_reader/dna_bit_count
    SLICE_X45Y91         FDCE                                         r  udp_gateway_shadow_mirror_i/dma_gateway_hybrid_0/inst/u_device_dna_reader/dna_shift_value_reg[8]/CE
  -------------------------------------------------------------------    -------------------

Slack:                    inf
  Source:                 udp_gateway_shadow_mirror_i/dma_gateway_hybrid_0/inst/u_device_dna_reader/dna_shift_reg/C
                            (rising edge-triggered cell FDCE)
  Destination:            udp_gateway_shadow_mirror_i/dma_gateway_hybrid_0/inst/u_device_dna_reader/dna_shift_value_reg[11]/CE
  Path Group:             (none)
  Path Type:              Max at Slow Process Corner
  Data Path Delay:        5.116ns  (logic 0.580ns (11.338%)  route 4.536ns (88.662%))
  Logic Levels:           2  (FDCE=1 LUT3=1)

    Location             Delay type                Incr(ns)  Path(ns)    Netlist Resource(s)
  -------------------------------------------------------------------    -------------------
    SLICE_X65Y106        FDCE                         0.000     0.000 r  udp_gateway_shadow_mirror_i/dma_gateway_hybrid_0/inst/u_device_dna_reader/dna_shift_reg/C
    SLICE_X65Y106        FDCE (Prop_fdce_C_Q)         0.456     0.456 r  udp_gateway_shadow_mirror_i/dma_gateway_hybrid_0/inst/u_device_dna_reader/dna_shift_reg/Q
                         net (fo=4, routed)           1.438     1.894    udp_gateway_shadow_mirror_i/dma_gateway_hybrid_0/inst/u_device_dna_reader/dna_shift
    SLICE_X65Y102        LUT3 (Prop_lut3_I1_O)        0.124     2.018 r  udp_gateway_shadow_mirror_i/dma_gateway_hybrid_0/inst/u_device_dna_reader/dna_shift_value[56]_i_1/O
                         net (fo=64, routed)          3.097     5.116    udp_gateway_shadow_mirror_i/dma_gateway_hybrid_0/inst/u_device_dna_reader/dna_bit_count
    SLICE_X43Y92         FDCE                                         r  udp_gateway_shadow_mirror_i/dma_gateway_hybrid_0/inst/u_device_dna_reader/dna_shift_value_reg[11]/CE
  -------------------------------------------------------------------    -------------------

Slack:                    inf
  Source:                 udp_gateway_shadow_mirror_i/dma_gateway_hybrid_0/inst/u_device_dna_reader/dna_shift_reg/C
                            (rising edge-triggered cell FDCE)
  Destination:            udp_gateway_shadow_mirror_i/dma_gateway_hybrid_0/inst/u_device_dna_reader/dna_shift_value_reg[5]/CE
  Path Group:             (none)
  Path Type:              Max at Slow Process Corner
  Data Path Delay:        5.116ns  (logic 0.580ns (11.338%)  route 4.536ns (88.662%))
  Logic Levels:           2  (FDCE=1 LUT3=1)

    Location             Delay type                Incr(ns)  Path(ns)    Netlist Resource(s)
  -------------------------------------------------------------------    -------------------
    SLICE_X65Y106        FDCE                         0.000     0.000 r  udp_gateway_shadow_mirror_i/dma_gateway_hybrid_0/inst/u_device_dna_reader/dna_shift_reg/C
    SLICE_X65Y106        FDCE (Prop_fdce_C_Q)         0.456     0.456 r  udp_gateway_shadow_mirror_i/dma_gateway_hybrid_0/inst/u_device_dna_reader/dna_shift_reg/Q
                         net (fo=4, routed)           1.438     1.894    udp_gateway_shadow_mirror_i/dma_gateway_hybrid_0/inst/u_device_dna_reader/dna_shift
    SLICE_X65Y102        LUT3 (Prop_lut3_I1_O)        0.124     2.018 r  udp_gateway_shadow_mirror_i/dma_gateway_hybrid_0/inst/u_device_dna_reader/dna_shift_value[56]_i_1/O
                         net (fo=64, routed)          3.097     5.116    udp_gateway_shadow_mirror_i/dma_gateway_hybrid_0/inst/u_device_dna_reader/dna_bit_count
    SLICE_X43Y92         FDCE                                         r  udp_gateway_shadow_mirror_i/dma_gateway_hybrid_0/inst/u_device_dna_reader/dna_shift_value_reg[5]/CE
  -------------------------------------------------------------------    -------------------

Slack:                    inf
  Source:                 udp_gateway_shadow_mirror_i/dma_gateway_hybrid_0/inst/u_device_dna_reader/dna_shift_reg/C
                            (rising edge-triggered cell FDCE)
  Destination:            udp_gateway_shadow_mirror_i/dma_gateway_hybrid_0/inst/u_device_dna_reader/dna_shift_value_reg[6]/CE
  Path Group:             (none)
  Path Type:              Max at Slow Process Corner
  Data Path Delay:        5.116ns  (logic 0.580ns (11.338%)  route 4.536ns (88.662%))
  Logic Levels:           2  (FDCE=1 LUT3=1)

    Location             Delay type                Incr(ns)  Path(ns)    Netlist Resource(s)
  -------------------------------------------------------------------    -------------------
    SLICE_X65Y106        FDCE                         0.000     0.000 r  udp_gateway_shadow_mirror_i/dma_gateway_hybrid_0/inst/u_device_dna_reader/dna_shift_reg/C
    SLICE_X65Y106        FDCE (Prop_fdce_C_Q)         0.456     0.456 r  udp_gateway_shadow_mirror_i/dma_gateway_hybrid_0/inst/u_device_dna_reader/dna_shift_reg/Q
                         net (fo=4, routed)           1.438     1.894    udp_gateway_shadow_mirror_i/dma_gateway_hybrid_0/inst/u_device_dna_reader/dna_shift
    SLICE_X65Y102        LUT3 (Prop_lut3_I1_O)        0.124     2.018 r  udp_gateway_shadow_mirror_i/dma_gateway_hybrid_0/inst/u_device_dna_reader/dna_shift_value[56]_i_1/O
                         net (fo=64, routed)          3.097     5.116    udp_gateway_shadow_mirror_i/dma_gateway_hybrid_0/inst/u_device_dna_reader/dna_bit_count
    SLICE_X43Y92         FDCE                                         r  udp_gateway_shadow_mirror_i/dma_gateway_hybrid_0/inst/u_device_dna_reader/dna_shift_value_reg[6]/CE
  -------------------------------------------------------------------    -------------------

Slack:                    inf
  Source:                 udp_gateway_shadow_mirror_i/dma_gateway_hybrid_0/inst/u_device_dna_reader/dna_shift_reg/C
                            (rising edge-triggered cell FDCE)
  Destination:            udp_gateway_shadow_mirror_i/dma_gateway_hybrid_0/inst/u_device_dna_reader/dna_shift_value_reg[0]/CE
  Path Group:             (none)
  Path Type:              Max at Slow Process Corner
  Data Path Delay:        4.915ns  (logic 0.580ns (11.801%)  route 4.335ns (88.199%))
  Logic Levels:           2  (FDCE=1 LUT3=1)

    Location             Delay type                Incr(ns)  Path(ns)    Netlist Resource(s)
  -------------------------------------------------------------------    -------------------
    SLICE_X65Y106        FDCE                         0.000     0.000 r  udp_gateway_shadow_mirror_i/dma_gateway_hybrid_0/inst/u_device_dna_reader/dna_shift_reg/C
    SLICE_X65Y106        FDCE (Prop_fdce_C_Q)         0.456     0.456 r  udp_gateway_shadow_mirror_i/dma_gateway_hybrid_0/inst/u_device_dna_reader/dna_shift_reg/Q
                         net (fo=4, routed)           1.438     1.894    udp_gateway_shadow_mirror_i/dma_gateway_hybrid_0/inst/u_device_dna_reader/dna_shift
    SLICE_X65Y102        LUT3 (Prop_lut3_I1_O)        0.124     2.018 r  udp_gateway_shadow_mirror_i/dma_gateway_hybrid_0/inst/u_device_dna_reader/dna_shift_value[56]_i_1/O
                         net (fo=64, routed)          2.896     4.915    udp_gateway_shadow_mirror_i/dma_gateway_hybrid_0/inst/u_device_dna_reader/dna_bit_count
    SLICE_X39Y96         FDCE                                         r  udp_gateway_shadow_mirror_i/dma_gateway_hybrid_0/inst/u_device_dna_reader/dna_shift_value_reg[0]/CE
  -------------------------------------------------------------------    -------------------

Slack:                    inf
  Source:                 udp_gateway_shadow_mirror_i/dma_gateway_hybrid_0/inst/u_device_dna_reader/dna_shift_reg/C
                            (rising edge-triggered cell FDCE)
  Destination:            udp_gateway_shadow_mirror_i/dma_gateway_hybrid_0/inst/u_device_dna_reader/dna_shift_value_reg[1]/CE
  Path Group:             (none)
  Path Type:              Max at Slow Process Corner
  Data Path Delay:        4.915ns  (logic 0.580ns (11.801%)  route 4.335ns (88.199%))
  Logic Levels:           2  (FDCE=1 LUT3=1)

    Location             Delay type                Incr(ns)  Path(ns)    Netlist Resource(s)
  -------------------------------------------------------------------    -------------------
    SLICE_X65Y106        FDCE                         0.000     0.000 r  udp_gateway_shadow_mirror_i/dma_gateway_hybrid_0/inst/u_device_dna_reader/dna_shift_reg/C
    SLICE_X65Y106        FDCE (Prop_fdce_C_Q)         0.456     0.456 r  udp_gateway_shadow_mirror_i/dma_gateway_hybrid_0/inst/u_device_dna_reader/dna_shift_reg/Q
                         net (fo=4, routed)           1.438     1.894    udp_gateway_shadow_mirror_i/dma_gateway_hybrid_0/inst/u_device_dna_reader/dna_shift
    SLICE_X65Y102        LUT3 (Prop_lut3_I1_O)        0.124     2.018 r  udp_gateway_shadow_mirror_i/dma_gateway_hybrid_0/inst/u_device_dna_reader/dna_shift_value[56]_i_1/O
                         net (fo=64, routed)          2.896     4.915    udp_gateway_shadow_mirror_i/dma_gateway_hybrid_0/inst/u_device_dna_reader/dna_bit_count
    SLICE_X39Y96         FDCE                                         r  udp_gateway_shadow_mirror_i/dma_gateway_hybrid_0/inst/u_device_dna_reader/dna_shift_value_reg[1]/CE
  -------------------------------------------------------------------    -------------------

Slack:                    inf
  Source:                 udp_gateway_shadow_mirror_i/dma_gateway_hybrid_0/inst/u_device_dna_reader/dna_shift_reg/C
                            (rising edge-triggered cell FDCE)
  Destination:            udp_gateway_shadow_mirror_i/dma_gateway_hybrid_0/inst/u_device_dna_reader/dna_shift_value_reg[2]/CE
  Path Group:             (none)
  Path Type:              Max at Slow Process Corner
  Data Path Delay:        4.915ns  (logic 0.580ns (11.801%)  route 4.335ns (88.199%))
  Logic Levels:           2  (FDCE=1 LUT3=1)

    Location             Delay type                Incr(ns)  Path(ns)    Netlist Resource(s)
  -------------------------------------------------------------------    -------------------
    SLICE_X65Y106        FDCE                         0.000     0.000 r  udp_gateway_shadow_mirror_i/dma_gateway_hybrid_0/inst/u_device_dna_reader/dna_shift_reg/C
    SLICE_X65Y106        FDCE (Prop_fdce_C_Q)         0.456     0.456 r  udp_gateway_shadow_mirror_i/dma_gateway_hybrid_0/inst/u_device_dna_reader/dna_shift_reg/Q
                         net (fo=4, routed)           1.438     1.894    udp_gateway_shadow_mirror_i/dma_gateway_hybrid_0/inst/u_device_dna_reader/dna_shift
    SLICE_X65Y102        LUT3 (Prop_lut3_I1_O)        0.124     2.018 r  udp_gateway_shadow_mirror_i/dma_gateway_hybrid_0/inst/u_device_dna_reader/dna_shift_value[56]_i_1/O
                         net (fo=64, routed)          2.896     4.915    udp_gateway_shadow_mirror_i/dma_gateway_hybrid_0/inst/u_device_dna_reader/dna_bit_count
    SLICE_X39Y96         FDCE                                         r  udp_gateway_shadow_mirror_i/dma_gateway_hybrid_0/inst/u_device_dna_reader/dna_shift_value_reg[2]/CE
  -------------------------------------------------------------------    -------------------

Slack:                    inf
  Source:                 udp_gateway_shadow_mirror_i/dma_gateway_hybrid_0/inst/u_device_dna_reader/dna_shift_reg/C
                            (rising edge-triggered cell FDCE)
  Destination:            udp_gateway_shadow_mirror_i/dma_gateway_hybrid_0/inst/u_device_dna_reader/dna_shift_value_reg[37]/CE
  Path Group:             (none)
  Path Type:              Max at Slow Process Corner
  Data Path Delay:        4.915ns  (logic 0.580ns (11.801%)  route 4.335ns (88.199%))
  Logic Levels:           2  (FDCE=1 LUT3=1)

    Location             Delay type                Incr(ns)  Path(ns)    Netlist Resource(s)
  -------------------------------------------------------------------    -------------------
    SLICE_X65Y106        FDCE                         0.000     0.000 r  udp_gateway_shadow_mirror_i/dma_gateway_hybrid_0/inst/u_device_dna_reader/dna_shift_reg/C
    SLICE_X65Y106        FDCE (Prop_fdce_C_Q)         0.456     0.456 r  udp_gateway_shadow_mirror_i/dma_gateway_hybrid_0/inst/u_device_dna_reader/dna_shift_reg/Q
                         net (fo=4, routed)           1.438     1.894    udp_gateway_shadow_mirror_i/dma_gateway_hybrid_0/inst/u_device_dna_reader/dna_shift
    SLICE_X65Y102        LUT3 (Prop_lut3_I1_O)        0.124     2.018 r  udp_gateway_shadow_mirror_i/dma_gateway_hybrid_0/inst/u_device_dna_reader/dna_shift_value[56]_i_1/O
                         net (fo=64, routed)          2.896     4.915    udp_gateway_shadow_mirror_i/dma_gateway_hybrid_0/inst/u_device_dna_reader/dna_bit_count
    SLICE_X39Y96         FDCE                                         r  udp_gateway_shadow_mirror_i/dma_gateway_hybrid_0/inst/u_device_dna_reader/dna_shift_value_reg[37]/CE
  -------------------------------------------------------------------    -------------------





Min Delay Paths
--------------------------------------------------------------------------------------
Slack:                    inf
  Source:                 udp_gateway_shadow_mirror_i/dma_gateway_hybrid_0/inst/u_device_dna_reader/dna_shift_value_reg[0]/C
                            (rising edge-triggered cell FDCE)
  Destination:            udp_gateway_shadow_mirror_i/dma_gateway_hybrid_0/inst/u_device_dna_reader/dna_shift_value_reg[1]/D
  Path Group:             (none)
  Path Type:              Min at Fast Process Corner
  Data Path Delay:        0.255ns  (logic 0.141ns (55.284%)  route 0.114ns (44.716%))
  Logic Levels:           1  (FDCE=1)

    Location             Delay type                Incr(ns)  Path(ns)    Netlist Resource(s)
  -------------------------------------------------------------------    -------------------
    SLICE_X39Y96         FDCE                         0.000     0.000 r  udp_gateway_shadow_mirror_i/dma_gateway_hybrid_0/inst/u_device_dna_reader/dna_shift_value_reg[0]/C
    SLICE_X39Y96         FDCE (Prop_fdce_C_Q)         0.141     0.141 r  udp_gateway_shadow_mirror_i/dma_gateway_hybrid_0/inst/u_device_dna_reader/dna_shift_value_reg[0]/Q
                         net (fo=2, routed)           0.114     0.255    udp_gateway_shadow_mirror_i/dma_gateway_hybrid_0/inst/u_device_dna_reader/dna_shift_value[0]
    SLICE_X39Y96         FDCE                                         r  udp_gateway_shadow_mirror_i/dma_gateway_hybrid_0/inst/u_device_dna_reader/dna_shift_value_reg[1]/D
  -------------------------------------------------------------------    -------------------

Slack:                    inf
  Source:                 udp_gateway_shadow_mirror_i/dma_gateway_hybrid_0/inst/u_device_dna_reader/dna_shift_value_reg[47]/C
                            (rising edge-triggered cell FDCE)
  Destination:            udp_gateway_shadow_mirror_i/dma_gateway_hybrid_0/inst/u_device_dna_reader/dna_shift_value_reg[48]/D
  Path Group:             (none)
  Path Type:              Min at Fast Process Corner
  Data Path Delay:        0.259ns  (logic 0.128ns (49.482%)  route 0.131ns (50.518%))
  Logic Levels:           1  (FDCE=1)

    Location             Delay type                Incr(ns)  Path(ns)    Netlist Resource(s)
  -------------------------------------------------------------------    -------------------
    SLICE_X41Y101        FDCE                         0.000     0.000 r  udp_gateway_shadow_mirror_i/dma_gateway_hybrid_0/inst/u_device_dna_reader/dna_shift_value_reg[47]/C
    SLICE_X41Y101        FDCE (Prop_fdce_C_Q)         0.128     0.128 r  udp_gateway_shadow_mirror_i/dma_gateway_hybrid_0/inst/u_device_dna_reader/dna_shift_value_reg[47]/Q
                         net (fo=2, routed)           0.131     0.259    udp_gateway_shadow_mirror_i/dma_gateway_hybrid_0/inst/u_device_dna_reader/dna_shift_value[47]
    SLICE_X41Y101        FDCE                                         r  udp_gateway_shadow_mirror_i/dma_gateway_hybrid_0/inst/u_device_dna_reader/dna_shift_value_reg[48]/D
  -------------------------------------------------------------------    -------------------

Slack:                    inf
  Source:                 udp_gateway_shadow_mirror_i/dma_gateway_hybrid_0/inst/u_device_dna_reader/dna_shift_value_reg[30]/C
                            (rising edge-triggered cell FDCE)
  Destination:            udp_gateway_shadow_mirror_i/dma_gateway_hybrid_0/inst/u_device_dna_reader/dna_shift_value_reg[31]/D
  Path Group:             (none)
  Path Type:              Min at Fast Process Corner
  Data Path Delay:        0.263ns  (logic 0.128ns (48.591%)  route 0.135ns (51.409%))
  Logic Levels:           1  (FDCE=1)

    Location             Delay type                Incr(ns)  Path(ns)    Netlist Resource(s)
  -------------------------------------------------------------------    -------------------
    SLICE_X45Y101        FDCE                         0.000     0.000 r  udp_gateway_shadow_mirror_i/dma_gateway_hybrid_0/inst/u_device_dna_reader/dna_shift_value_reg[30]/C
    SLICE_X45Y101        FDCE (Prop_fdce_C_Q)         0.128     0.128 r  udp_gateway_shadow_mirror_i/dma_gateway_hybrid_0/inst/u_device_dna_reader/dna_shift_value_reg[30]/Q
                         net (fo=2, routed)           0.135     0.263    udp_gateway_shadow_mirror_i/dma_gateway_hybrid_0/inst/u_device_dna_reader/dna_shift_value[30]
    SLICE_X45Y101        FDCE                                         r  udp_gateway_shadow_mirror_i/dma_gateway_hybrid_0/inst/u_device_dna_reader/dna_shift_value_reg[31]/D
  -------------------------------------------------------------------    -------------------

Slack:                    inf
  Source:                 udp_gateway_shadow_mirror_i/dma_gateway_hybrid_0/inst/u_device_dna_reader/dna_shift_value_reg[15]/C
                            (rising edge-triggered cell FDCE)
  Destination:            udp_gateway_shadow_mirror_i/dma_gateway_hybrid_0/inst/u_device_dna_reader/dna_shift_value_reg[16]/D
  Path Group:             (none)
  Path Type:              Min at Fast Process Corner
  Data Path Delay:        0.264ns  (logic 0.141ns (53.386%)  route 0.123ns (46.614%))
  Logic Levels:           1  (FDCE=1)

    Location             Delay type                Incr(ns)  Path(ns)    Netlist Resource(s)
  -------------------------------------------------------------------    -------------------
    SLICE_X44Y101        FDCE                         0.000     0.000 r  udp_gateway_shadow_mirror_i/dma_gateway_hybrid_0/inst/u_device_dna_reader/dna_shift_value_reg[15]/C
    SLICE_X44Y101        FDCE (Prop_fdce_C_Q)         0.141     0.141 r  udp_gateway_shadow_mirror_i/dma_gateway_hybrid_0/inst/u_device_dna_reader/dna_shift_value_reg[15]/Q
                         net (fo=2, routed)           0.123     0.264    udp_gateway_shadow_mirror_i/dma_gateway_hybrid_0/inst/u_device_dna_reader/dna_shift_value[15]
    SLICE_X45Y101        FDCE                                         r  udp_gateway_shadow_mirror_i/dma_gateway_hybrid_0/inst/u_device_dna_reader/dna_shift_value_reg[16]/D
  -------------------------------------------------------------------    -------------------

Slack:                    inf
  Source:                 udp_gateway_shadow_mirror_i/dma_gateway_hybrid_0/inst/u_device_dna_reader/dna_shift_value_reg[48]/C
                            (rising edge-triggered cell FDCE)
  Destination:            udp_gateway_shadow_mirror_i/dma_gateway_hybrid_0/inst/u_device_dna_reader/dna_shift_value_reg[49]/D
  Path Group:             (none)
  Path Type:              Min at Fast Process Corner
  Data Path Delay:        0.265ns  (logic 0.128ns (48.255%)  route 0.137ns (51.745%))
  Logic Levels:           1  (FDCE=1)

    Location             Delay type                Incr(ns)  Path(ns)    Netlist Resource(s)
  -------------------------------------------------------------------    -------------------
    SLICE_X41Y101        FDCE                         0.000     0.000 r  udp_gateway_shadow_mirror_i/dma_gateway_hybrid_0/inst/u_device_dna_reader/dna_shift_value_reg[48]/C
    SLICE_X41Y101        FDCE (Prop_fdce_C_Q)         0.128     0.128 r  udp_gateway_shadow_mirror_i/dma_gateway_hybrid_0/inst/u_device_dna_reader/dna_shift_value_reg[48]/Q
                         net (fo=2, routed)           0.137     0.265    udp_gateway_shadow_mirror_i/dma_gateway_hybrid_0/inst/u_device_dna_reader/dna_shift_value[48]
    SLICE_X41Y101        FDCE                                         r  udp_gateway_shadow_mirror_i/dma_gateway_hybrid_0/inst/u_device_dna_reader/dna_shift_value_reg[49]/D
  -------------------------------------------------------------------    -------------------

Slack:                    inf
  Source:                 udp_gateway_shadow_mirror_i/dma_gateway_hybrid_0/inst/u_device_dna_reader/dna_shift_value_reg[3]/C
                            (rising edge-triggered cell FDCE)
  Destination:            udp_gateway_shadow_mirror_i/dma_gateway_hybrid_0/inst/u_device_dna_reader/dna_shift_value_reg[4]/D
  Path Group:             (none)
  Path Type:              Min at Fast Process Corner
  Data Path Delay:        0.266ns  (logic 0.128ns (48.111%)  route 0.138ns (51.889%))
  Logic Levels:           1  (FDCE=1)

    Location             Delay type                Incr(ns)  Path(ns)    Netlist Resource(s)
  -------------------------------------------------------------------    -------------------
    SLICE_X39Y96         FDCE                         0.000     0.000 r  udp_gateway_shadow_mirror_i/dma_gateway_hybrid_0/inst/u_device_dna_reader/dna_shift_value_reg[3]/C
    SLICE_X39Y96         FDCE (Prop_fdce_C_Q)         0.128     0.128 r  udp_gateway_shadow_mirror_i/dma_gateway_hybrid_0/inst/u_device_dna_reader/dna_shift_value_reg[3]/Q
                         net (fo=2, routed)           0.138     0.266    udp_gateway_shadow_mirror_i/dma_gateway_hybrid_0/inst/u_device_dna_reader/dna_shift_value[3]
    SLICE_X39Y96         FDCE                                         r  udp_gateway_shadow_mirror_i/dma_gateway_hybrid_0/inst/u_device_dna_reader/dna_shift_value_reg[4]/D
  -------------------------------------------------------------------    -------------------

Slack:                    inf
  Source:                 udp_gateway_shadow_mirror_i/dma_gateway_hybrid_0/inst/u_device_dna_reader/dna_shift_value_reg[2]/C
                            (rising edge-triggered cell FDCE)
  Destination:            udp_gateway_shadow_mirror_i/dma_gateway_hybrid_0/inst/u_device_dna_reader/dna_shift_value_reg[3]/D
  Path Group:             (none)
  Path Type:              Min at Fast Process Corner
  Data Path Delay:        0.266ns  (logic 0.141ns (52.967%)  route 0.125ns (47.033%))
  Logic Levels:           1  (FDCE=1)

    Location             Delay type                Incr(ns)  Path(ns)    Netlist Resource(s)
  -------------------------------------------------------------------    -------------------
    SLICE_X39Y96         FDCE                         0.000     0.000 r  udp_gateway_shadow_mirror_i/dma_gateway_hybrid_0/inst/u_device_dna_reader/dna_shift_value_reg[2]/C
    SLICE_X39Y96         FDCE (Prop_fdce_C_Q)         0.141     0.141 r  udp_gateway_shadow_mirror_i/dma_gateway_hybrid_0/inst/u_device_dna_reader/dna_shift_value_reg[2]/Q
                         net (fo=2, routed)           0.125     0.266    udp_gateway_shadow_mirror_i/dma_gateway_hybrid_0/inst/u_device_dna_reader/dna_shift_value[2]
    SLICE_X39Y96         FDCE                                         r  udp_gateway_shadow_mirror_i/dma_gateway_hybrid_0/inst/u_device_dna_reader/dna_shift_value_reg[3]/D
  -------------------------------------------------------------------    -------------------

Slack:                    inf
  Source:                 udp_gateway_shadow_mirror_i/dma_gateway_hybrid_0/inst/u_device_dna_reader/dna_shift_value_reg[35]/C
                            (rising edge-triggered cell FDCE)
  Destination:            udp_gateway_shadow_mirror_i/dma_gateway_hybrid_0/inst/u_device_dna_reader/dna_shift_value_reg[36]/D
  Path Group:             (none)
  Path Type:              Min at Fast Process Corner
  Data Path Delay:        0.268ns  (logic 0.141ns (52.534%)  route 0.127ns (47.466%))
  Logic Levels:           1  (FDCE=1)

    Location             Delay type                Incr(ns)  Path(ns)    Netlist Resource(s)
  -------------------------------------------------------------------    -------------------
    SLICE_X44Y101        FDCE                         0.000     0.000 r  udp_gateway_shadow_mirror_i/dma_gateway_hybrid_0/inst/u_device_dna_reader/dna_shift_value_reg[35]/C
    SLICE_X44Y101        FDCE (Prop_fdce_C_Q)         0.141     0.141 r  udp_gateway_shadow_mirror_i/dma_gateway_hybrid_0/inst/u_device_dna_reader/dna_shift_value_reg[35]/Q
                         net (fo=2, routed)           0.127     0.268    udp_gateway_shadow_mirror_i/dma_gateway_hybrid_0/inst/u_device_dna_reader/dna_shift_value[35]
    SLICE_X41Y101        FDCE                                         r  udp_gateway_shadow_mirror_i/dma_gateway_hybrid_0/inst/u_device_dna_reader/dna_shift_value_reg[36]/D
  -------------------------------------------------------------------    -------------------

Slack:                    inf
  Source:                 udp_gateway_shadow_mirror_i/dma_gateway_hybrid_0/inst/u_device_dna_reader/dna_shift_value_reg[53]/C
                            (rising edge-triggered cell FDCE)
  Destination:            udp_gateway_shadow_mirror_i/dma_gateway_hybrid_0/inst/u_device_dna_reader/dna_shift_value_reg[54]/D
  Path Group:             (none)
  Path Type:              Min at Fast Process Corner
  Data Path Delay:        0.311ns  (logic 0.141ns (45.294%)  route 0.170ns (54.706%))
  Logic Levels:           1  (FDCE=1)

    Location             Delay type                Incr(ns)  Path(ns)    Netlist Resource(s)
  -------------------------------------------------------------------    -------------------
    SLICE_X57Y112        FDCE                         0.000     0.000 r  udp_gateway_shadow_mirror_i/dma_gateway_hybrid_0/inst/u_device_dna_reader/dna_shift_value_reg[53]/C
    SLICE_X57Y112        FDCE (Prop_fdce_C_Q)         0.141     0.141 r  udp_gateway_shadow_mirror_i/dma_gateway_hybrid_0/inst/u_device_dna_reader/dna_shift_value_reg[53]/Q
                         net (fo=2, routed)           0.170     0.311    udp_gateway_shadow_mirror_i/dma_gateway_hybrid_0/inst/u_device_dna_reader/dna_shift_value[53]
    SLICE_X57Y112        FDCE                                         r  udp_gateway_shadow_mirror_i/dma_gateway_hybrid_0/inst/u_device_dna_reader/dna_shift_value_reg[54]/D
  -------------------------------------------------------------------    -------------------

Slack:                    inf
  Source:                 udp_gateway_shadow_mirror_i/dma_gateway_hybrid_0/inst/u_device_dna_reader/dna_shift_value_reg[51]/C
                            (rising edge-triggered cell FDCE)
  Destination:            udp_gateway_shadow_mirror_i/dma_gateway_hybrid_0/inst/u_device_dna_reader/dna_shift_value_reg[52]/D
  Path Group:             (none)
  Path Type:              Min at Fast Process Corner
  Data Path Delay:        0.319ns  (logic 0.128ns (40.102%)  route 0.191ns (59.898%))
  Logic Levels:           1  (FDCE=1)

    Location             Delay type                Incr(ns)  Path(ns)    Netlist Resource(s)
  -------------------------------------------------------------------    -------------------
    SLICE_X44Y101        FDCE                         0.000     0.000 r  udp_gateway_shadow_mirror_i/dma_gateway_hybrid_0/inst/u_device_dna_reader/dna_shift_value_reg[51]/C
    SLICE_X44Y101        FDCE (Prop_fdce_C_Q)         0.128     0.128 r  udp_gateway_shadow_mirror_i/dma_gateway_hybrid_0/inst/u_device_dna_reader/dna_shift_value_reg[51]/Q
                         net (fo=2, routed)           0.191     0.319    udp_gateway_shadow_mirror_i/dma_gateway_hybrid_0/inst/u_device_dna_reader/dna_shift_value[51]
    SLICE_X45Y101        FDCE                                         r  udp_gateway_shadow_mirror_i/dma_gateway_hybrid_0/inst/u_device_dna_reader/dna_shift_value_reg[52]/D
  -------------------------------------------------------------------    -------------------





--------------------------------------------------------------------------------------
Path Group:  (none)
From Clock:  clk_fpga_0
  To Clock:  

Max Delay            67 Endpoints
Min Delay            67 Endpoints
--------------------------------------------------------------------------------------


Max Delay Paths
--------------------------------------------------------------------------------------
Slack:                    inf
  Source:                 udp_gateway_shadow_mirror_i/rst_ps7_0_100M/U0/ACTIVE_LOW_PR_OUT_DFF[0].FDRE_PER_N/C
                            (rising edge-triggered cell FDRE clocked by clk_fpga_0  {rise@0.000ns fall@10.000ns period=20.000ns})
  Destination:            udp_gateway_shadow_mirror_i/dma_gateway_hybrid_0/inst/u_device_dna_reader/dna_shift_value_reg[0]/CLR
  Path Group:             (none)
  Path Type:              Max at Slow Process Corner
  Data Path Delay:        13.535ns  (logic 0.715ns (5.283%)  route 12.820ns (94.717%))
  Logic Levels:           1  (LUT1=1)
  Clock Uncertainty:      0.301ns  ((TSJ^2 + TIJ^2)^1/2 + DJ) / 2 + PE
    Total System Jitter     (TSJ):    0.050ns
    Total Input Jitter      (TIJ):    0.600ns
    Discrete Jitter          (DJ):    0.000ns
    Phase Error              (PE):    0.000ns

    Location             Delay type                Incr(ns)  Path(ns)    Netlist Resource(s)
  -------------------------------------------------------------------    -------------------
                         (clock clk_fpga_0 rise edge)
                                                      0.000     0.000 r  
    PS7_X0Y0             PS7                          0.000     0.000 r  udp_gateway_shadow_mirror_i/processing_system7_0/inst/PS7_i/FCLKCLK[0]
                         net (fo=1, routed)           1.193     1.193    udp_gateway_shadow_mirror_i/processing_system7_0/inst/FCLK_CLK_unbuffered[0]
    BUFGCTRL_X0Y17       BUFG (Prop_bufg_I_O)         0.101     1.294 r  udp_gateway_shadow_mirror_i/processing_system7_0/inst/buffer_fclk_clk_0.FCLK_CLK_0_BUFG/O
                         net (fo=54559, routed)       1.685     2.979    udp_gateway_shadow_mirror_i/rst_ps7_0_100M/U0/slowest_sync_clk
    SLICE_X29Y78         FDRE                                         r  udp_gateway_shadow_mirror_i/rst_ps7_0_100M/U0/ACTIVE_LOW_PR_OUT_DFF[0].FDRE_PER_N/C
  -------------------------------------------------------------------    -------------------
    SLICE_X29Y78         FDRE (Prop_fdre_C_Q)         0.419     3.398 r  udp_gateway_shadow_mirror_i/rst_ps7_0_100M/U0/ACTIVE_LOW_PR_OUT_DFF[0].FDRE_PER_N/Q
                         net (fo=101, routed)         4.591     7.989    udp_gateway_shadow_mirror_i/dma_gateway_hybrid_0/inst/u_shadow_acl_filter/u_acl/rst_n
    SLICE_X84Y52         LUT1 (Prop_lut1_I0_O)        0.296     8.285 f  udp_gateway_shadow_mirror_i/dma_gateway_hybrid_0/inst/u_shadow_acl_filter/u_acl/s_axil_awready_i_2/O
                         net (fo=1991, routed)        8.228    16.514    udp_gateway_shadow_mirror_i/dma_gateway_hybrid_0/inst/u_device_dna_reader/o_dna_value_reg[56]_0
    SLICE_X39Y96         FDCE                                         f  udp_gateway_shadow_mirror_i/dma_gateway_hybrid_0/inst/u_device_dna_reader/dna_shift_value_reg[0]/CLR
  -------------------------------------------------------------------    -------------------

Slack:                    inf
  Source:                 udp_gateway_shadow_mirror_i/rst_ps7_0_100M/U0/ACTIVE_LOW_PR_OUT_DFF[0].FDRE_PER_N/C
                            (rising edge-triggered cell FDRE clocked by clk_fpga_0  {rise@0.000ns fall@10.000ns period=20.000ns})
  Destination:            udp_gateway_shadow_mirror_i/dma_gateway_hybrid_0/inst/u_device_dna_reader/dna_shift_value_reg[1]/CLR
  Path Group:             (none)
  Path Type:              Max at Slow Process Corner
  Data Path Delay:        13.535ns  (logic 0.715ns (5.283%)  route 12.820ns (94.717%))
  Logic Levels:           1  (LUT1=1)
  Clock Uncertainty:      0.301ns  ((TSJ^2 + TIJ^2)^1/2 + DJ) / 2 + PE
    Total System Jitter     (TSJ):    0.050ns
    Total Input Jitter      (TIJ):    0.600ns
    Discrete Jitter          (DJ):    0.000ns
    Phase Error              (PE):    0.000ns

    Location             Delay type                Incr(ns)  Path(ns)    Netlist Resource(s)
  -------------------------------------------------------------------    -------------------
                         (clock clk_fpga_0 rise edge)
                                                      0.000     0.000 r  
    PS7_X0Y0             PS7                          0.000     0.000 r  udp_gateway_shadow_mirror_i/processing_system7_0/inst/PS7_i/FCLKCLK[0]
                         net (fo=1, routed)           1.193     1.193    udp_gateway_shadow_mirror_i/processing_system7_0/inst/FCLK_CLK_unbuffered[0]
    BUFGCTRL_X0Y17       BUFG (Prop_bufg_I_O)         0.101     1.294 r  udp_gateway_shadow_mirror_i/processing_system7_0/inst/buffer_fclk_clk_0.FCLK_CLK_0_BUFG/O
                         net (fo=54559, routed)       1.685     2.979    udp_gateway_shadow_mirror_i/rst_ps7_0_100M/U0/slowest_sync_clk
    SLICE_X29Y78         FDRE                                         r  udp_gateway_shadow_mirror_i/rst_ps7_0_100M/U0/ACTIVE_LOW_PR_OUT_DFF[0].FDRE_PER_N/C
  -------------------------------------------------------------------    -------------------
    SLICE_X29Y78         FDRE (Prop_fdre_C_Q)         0.419     3.398 r  udp_gateway_shadow_mirror_i/rst_ps7_0_100M/U0/ACTIVE_LOW_PR_OUT_DFF[0].FDRE_PER_N/Q
                         net (fo=101, routed)         4.591     7.989    udp_gateway_shadow_mirror_i/dma_gateway_hybrid_0/inst/u_shadow_acl_filter/u_acl/rst_n
    SLICE_X84Y52         LUT1 (Prop_lut1_I0_O)        0.296     8.285 f  udp_gateway_shadow_mirror_i/dma_gateway_hybrid_0/inst/u_shadow_acl_filter/u_acl/s_axil_awready_i_2/O
                         net (fo=1991, routed)        8.228    16.514    udp_gateway_shadow_mirror_i/dma_gateway_hybrid_0/inst/u_device_dna_reader/o_dna_value_reg[56]_0
    SLICE_X39Y96         FDCE                                         f  udp_gateway_shadow_mirror_i/dma_gateway_hybrid_0/inst/u_device_dna_reader/dna_shift_value_reg[1]/CLR
  -------------------------------------------------------------------    -------------------

Slack:                    inf
  Source:                 udp_gateway_shadow_mirror_i/rst_ps7_0_100M/U0/ACTIVE_LOW_PR_OUT_DFF[0].FDRE_PER_N/C
                            (rising edge-triggered cell FDRE clocked by clk_fpga_0  {rise@0.000ns fall@10.000ns period=20.000ns})
  Destination:            udp_gateway_shadow_mirror_i/dma_gateway_hybrid_0/inst/u_device_dna_reader/dna_shift_value_reg[2]/CLR
  Path Group:             (none)
  Path Type:              Max at Slow Process Corner
  Data Path Delay:        13.535ns  (logic 0.715ns (5.283%)  route 12.820ns (94.717%))
  Logic Levels:           1  (LUT1=1)
  Clock Uncertainty:      0.301ns  ((TSJ^2 + TIJ^2)^1/2 + DJ) / 2 + PE
    Total System Jitter     (TSJ):    0.050ns
    Total Input Jitter      (TIJ):    0.600ns
    Discrete Jitter          (DJ):    0.000ns
    Phase Error              (PE):    0.000ns

    Location             Delay type                Incr(ns)  Path(ns)    Netlist Resource(s)
  -------------------------------------------------------------------    -------------------
                         (clock clk_fpga_0 rise edge)
                                                      0.000     0.000 r  
    PS7_X0Y0             PS7                          0.000     0.000 r  udp_gateway_shadow_mirror_i/processing_system7_0/inst/PS7_i/FCLKCLK[0]
                         net (fo=1, routed)           1.193     1.193    udp_gateway_shadow_mirror_i/processing_system7_0/inst/FCLK_CLK_unbuffered[0]
    BUFGCTRL_X0Y17       BUFG (Prop_bufg_I_O)         0.101     1.294 r  udp_gateway_shadow_mirror_i/processing_system7_0/inst/buffer_fclk_clk_0.FCLK_CLK_0_BUFG/O
                         net (fo=54559, routed)       1.685     2.979    udp_gateway_shadow_mirror_i/rst_ps7_0_100M/U0/slowest_sync_clk
    SLICE_X29Y78         FDRE                                         r  udp_gateway_shadow_mirror_i/rst_ps7_0_100M/U0/ACTIVE_LOW_PR_OUT_DFF[0].FDRE_PER_N/C
  -------------------------------------------------------------------    -------------------
    SLICE_X29Y78         FDRE (Prop_fdre_C_Q)         0.419     3.398 r  udp_gateway_shadow_mirror_i/rst_ps7_0_100M/U0/ACTIVE_LOW_PR_OUT_DFF[0].FDRE_PER_N/Q
                         net (fo=101, routed)         4.591     7.989    udp_gateway_shadow_mirror_i/dma_gateway_hybrid_0/inst/u_shadow_acl_filter/u_acl/rst_n
    SLICE_X84Y52         LUT1 (Prop_lut1_I0_O)        0.296     8.285 f  udp_gateway_shadow_mirror_i/dma_gateway_hybrid_0/inst/u_shadow_acl_filter/u_acl/s_axil_awready_i_2/O
                         net (fo=1991, routed)        8.228    16.514    udp_gateway_shadow_mirror_i/dma_gateway_hybrid_0/inst/u_device_dna_reader/o_dna_value_reg[56]_0
    SLICE_X39Y96         FDCE                                         f  udp_gateway_shadow_mirror_i/dma_gateway_hybrid_0/inst/u_device_dna_reader/dna_shift_value_reg[2]/CLR
  -------------------------------------------------------------------    -------------------

Slack:                    inf
  Source:                 udp_gateway_shadow_mirror_i/rst_ps7_0_100M/U0/ACTIVE_LOW_PR_OUT_DFF[0].FDRE_PER_N/C
                            (rising edge-triggered cell FDRE clocked by clk_fpga_0  {rise@0.000ns fall@10.000ns period=20.000ns})
  Destination:            udp_gateway_shadow_mirror_i/dma_gateway_hybrid_0/inst/u_device_dna_reader/dna_shift_value_reg[37]/CLR
  Path Group:             (none)
  Path Type:              Max at Slow Process Corner
  Data Path Delay:        13.535ns  (logic 0.715ns (5.283%)  route 12.820ns (94.717%))
  Logic Levels:           1  (LUT1=1)
  Clock Uncertainty:      0.301ns  ((TSJ^2 + TIJ^2)^1/2 + DJ) / 2 + PE
    Total System Jitter     (TSJ):    0.050ns
    Total Input Jitter      (TIJ):    0.600ns
    Discrete Jitter          (DJ):    0.000ns
    Phase Error              (PE):    0.000ns

    Location             Delay type                Incr(ns)  Path(ns)    Netlist Resource(s)
  -------------------------------------------------------------------    -------------------
                         (clock clk_fpga_0 rise edge)
                                                      0.000     0.000 r  
    PS7_X0Y0             PS7                          0.000     0.000 r  udp_gateway_shadow_mirror_i/processing_system7_0/inst/PS7_i/FCLKCLK[0]
                         net (fo=1, routed)           1.193     1.193    udp_gateway_shadow_mirror_i/processing_system7_0/inst/FCLK_CLK_unbuffered[0]
    BUFGCTRL_X0Y17       BUFG (Prop_bufg_I_O)         0.101     1.294 r  udp_gateway_shadow_mirror_i/processing_system7_0/inst/buffer_fclk_clk_0.FCLK_CLK_0_BUFG/O
                         net (fo=54559, routed)       1.685     2.979    udp_gateway_shadow_mirror_i/rst_ps7_0_100M/U0/slowest_sync_clk
    SLICE_X29Y78         FDRE                                         r  udp_gateway_shadow_mirror_i/rst_ps7_0_100M/U0/ACTIVE_LOW_PR_OUT_DFF[0].FDRE_PER_N/C
  -------------------------------------------------------------------    -------------------
    SLICE_X29Y78         FDRE (Prop_fdre_C_Q)         0.419     3.398 r  udp_gateway_shadow_mirror_i/rst_ps7_0_100M/U0/ACTIVE_LOW_PR_OUT_DFF[0].FDRE_PER_N/Q
                         net (fo=101, routed)         4.591     7.989    udp_gateway_shadow_mirror_i/dma_gateway_hybrid_0/inst/u_shadow_acl_filter/u_acl/rst_n
    SLICE_X84Y52         LUT1 (Prop_lut1_I0_O)        0.296     8.285 f  udp_gateway_shadow_mirror_i/dma_gateway_hybrid_0/inst/u_shadow_acl_filter/u_acl/s_axil_awready_i_2/O
                         net (fo=1991, routed)        8.228    16.514    udp_gateway_shadow_mirror_i/dma_gateway_hybrid_0/inst/u_device_dna_reader/o_dna_value_reg[56]_0
    SLICE_X39Y96         FDCE                                         f  udp_gateway_shadow_mirror_i/dma_gateway_hybrid_0/inst/u_device_dna_reader/dna_shift_value_reg[37]/CLR
  -------------------------------------------------------------------    -------------------

Slack:                    inf
  Source:                 udp_gateway_shadow_mirror_i/rst_ps7_0_100M/U0/ACTIVE_LOW_PR_OUT_DFF[0].FDRE_PER_N/C
                            (rising edge-triggered cell FDRE clocked by clk_fpga_0  {rise@0.000ns fall@10.000ns period=20.000ns})
  Destination:            udp_gateway_shadow_mirror_i/dma_gateway_hybrid_0/inst/u_device_dna_reader/dna_shift_value_reg[3]/CLR
  Path Group:             (none)
  Path Type:              Max at Slow Process Corner
  Data Path Delay:        13.535ns  (logic 0.715ns (5.283%)  route 12.820ns (94.717%))
  Logic Levels:           1  (LUT1=1)
  Clock Uncertainty:      0.301ns  ((TSJ^2 + TIJ^2)^1/2 + DJ) / 2 + PE
    Total System Jitter     (TSJ):    0.050ns
    Total Input Jitter      (TIJ):    0.600ns
    Discrete Jitter          (DJ):    0.000ns
    Phase Error              (PE):    0.000ns

    Location             Delay type                Incr(ns)  Path(ns)    Netlist Resource(s)
  -------------------------------------------------------------------    -------------------
                         (clock clk_fpga_0 rise edge)
                                                      0.000     0.000 r  
    PS7_X0Y0             PS7                          0.000     0.000 r  udp_gateway_shadow_mirror_i/processing_system7_0/inst/PS7_i/FCLKCLK[0]
                         net (fo=1, routed)           1.193     1.193    udp_gateway_shadow_mirror_i/processing_system7_0/inst/FCLK_CLK_unbuffered[0]
    BUFGCTRL_X0Y17       BUFG (Prop_bufg_I_O)         0.101     1.294 r  udp_gateway_shadow_mirror_i/processing_system7_0/inst/buffer_fclk_clk_0.FCLK_CLK_0_BUFG/O
                         net (fo=54559, routed)       1.685     2.979    udp_gateway_shadow_mirror_i/rst_ps7_0_100M/U0/slowest_sync_clk
    SLICE_X29Y78         FDRE                                         r  udp_gateway_shadow_mirror_i/rst_ps7_0_100M/U0/ACTIVE_LOW_PR_OUT_DFF[0].FDRE_PER_N/C
  -------------------------------------------------------------------    -------------------
    SLICE_X29Y78         FDRE (Prop_fdre_C_Q)         0.419     3.398 r  udp_gateway_shadow_mirror_i/rst_ps7_0_100M/U0/ACTIVE_LOW_PR_OUT_DFF[0].FDRE_PER_N/Q
                         net (fo=101, routed)         4.591     7.989    udp_gateway_shadow_mirror_i/dma_gateway_hybrid_0/inst/u_shadow_acl_filter/u_acl/rst_n
    SLICE_X84Y52         LUT1 (Prop_lut1_I0_O)        0.296     8.285 f  udp_gateway_shadow_mirror_i/dma_gateway_hybrid_0/inst/u_shadow_acl_filter/u_acl/s_axil_awready_i_2/O
                         net (fo=1991, routed)        8.228    16.514    udp_gateway_shadow_mirror_i/dma_gateway_hybrid_0/inst/u_device_dna_reader/o_dna_value_reg[56]_0
    SLICE_X39Y96         FDCE                                         f  udp_gateway_shadow_mirror_i/dma_gateway_hybrid_0/inst/u_device_dna_reader/dna_shift_value_reg[3]/CLR
  -------------------------------------------------------------------    -------------------

Slack:                    inf
  Source:                 udp_gateway_shadow_mirror_i/rst_ps7_0_100M/U0/ACTIVE_LOW_PR_OUT_DFF[0].FDRE_PER_N/C
                            (rising edge-triggered cell FDRE clocked by clk_fpga_0  {rise@0.000ns fall@10.000ns period=20.000ns})
  Destination:            udp_gateway_shadow_mirror_i/dma_gateway_hybrid_0/inst/u_device_dna_reader/dna_shift_value_reg[4]/CLR
  Path Group:             (none)
  Path Type:              Max at Slow Process Corner
  Data Path Delay:        13.535ns  (logic 0.715ns (5.283%)  route 12.820ns (94.717%))
  Logic Levels:           1  (LUT1=1)
  Clock Uncertainty:      0.301ns  ((TSJ^2 + TIJ^2)^1/2 + DJ) / 2 + PE
    Total System Jitter     (TSJ):    0.050ns
    Total Input Jitter      (TIJ):    0.600ns
    Discrete Jitter          (DJ):    0.000ns
    Phase Error              (PE):    0.000ns

    Location             Delay type                Incr(ns)  Path(ns)    Netlist Resource(s)
  -------------------------------------------------------------------    -------------------
                         (clock clk_fpga_0 rise edge)
                                                      0.000     0.000 r  
    PS7_X0Y0             PS7                          0.000     0.000 r  udp_gateway_shadow_mirror_i/processing_system7_0/inst/PS7_i/FCLKCLK[0]
                         net (fo=1, routed)           1.193     1.193    udp_gateway_shadow_mirror_i/processing_system7_0/inst/FCLK_CLK_unbuffered[0]
    BUFGCTRL_X0Y17       BUFG (Prop_bufg_I_O)         0.101     1.294 r  udp_gateway_shadow_mirror_i/processing_system7_0/inst/buffer_fclk_clk_0.FCLK_CLK_0_BUFG/O
                         net (fo=54559, routed)       1.685     2.979    udp_gateway_shadow_mirror_i/rst_ps7_0_100M/U0/slowest_sync_clk
    SLICE_X29Y78         FDRE                                         r  udp_gateway_shadow_mirror_i/rst_ps7_0_100M/U0/ACTIVE_LOW_PR_OUT_DFF[0].FDRE_PER_N/C
  -------------------------------------------------------------------    -------------------
    SLICE_X29Y78         FDRE (Prop_fdre_C_Q)         0.419     3.398 r  udp_gateway_shadow_mirror_i/rst_ps7_0_100M/U0/ACTIVE_LOW_PR_OUT_DFF[0].FDRE_PER_N/Q
                         net (fo=101, routed)         4.591     7.989    udp_gateway_shadow_mirror_i/dma_gateway_hybrid_0/inst/u_shadow_acl_filter/u_acl/rst_n
    SLICE_X84Y52         LUT1 (Prop_lut1_I0_O)        0.296     8.285 f  udp_gateway_shadow_mirror_i/dma_gateway_hybrid_0/inst/u_shadow_acl_filter/u_acl/s_axil_awready_i_2/O
                         net (fo=1991, routed)        8.228    16.514    udp_gateway_shadow_mirror_i/dma_gateway_hybrid_0/inst/u_device_dna_reader/o_dna_value_reg[56]_0
    SLICE_X39Y96         FDCE                                         f  udp_gateway_shadow_mirror_i/dma_gateway_hybrid_0/inst/u_device_dna_reader/dna_shift_value_reg[4]/CLR
  -------------------------------------------------------------------    -------------------

Slack:                    inf
  Source:                 udp_gateway_shadow_mirror_i/rst_ps7_0_100M/U0/ACTIVE_LOW_PR_OUT_DFF[0].FDRE_PER_N/C
                            (rising edge-triggered cell FDRE clocked by clk_fpga_0  {rise@0.000ns fall@10.000ns period=20.000ns})
  Destination:            udp_gateway_shadow_mirror_i/dma_gateway_hybrid_0/inst/u_device_dna_reader/dna_shift_value_reg[12]/CLR
  Path Group:             (none)
  Path Type:              Max at Slow Process Corner
  Data Path Delay:        12.937ns  (logic 0.715ns (5.527%)  route 12.222ns (94.473%))
  Logic Levels:           1  (LUT1=1)
  Clock Uncertainty:      0.301ns  ((TSJ^2 + TIJ^2)^1/2 + DJ) / 2 + PE
    Total System Jitter     (TSJ):    0.050ns
    Total Input Jitter      (TIJ):    0.600ns
    Discrete Jitter          (DJ):    0.000ns
    Phase Error              (PE):    0.000ns

    Location             Delay type                Incr(ns)  Path(ns)    Netlist Resource(s)
  -------------------------------------------------------------------    -------------------
                         (clock clk_fpga_0 rise edge)
                                                      0.000     0.000 r  
    PS7_X0Y0             PS7                          0.000     0.000 r  udp_gateway_shadow_mirror_i/processing_system7_0/inst/PS7_i/FCLKCLK[0]
                         net (fo=1, routed)           1.193     1.193    udp_gateway_shadow_mirror_i/processing_system7_0/inst/FCLK_CLK_unbuffered[0]
    BUFGCTRL_X0Y17       BUFG (Prop_bufg_I_O)         0.101     1.294 r  udp_gateway_shadow_mirror_i/processing_system7_0/inst/buffer_fclk_clk_0.FCLK_CLK_0_BUFG/O
                         net (fo=54559, routed)       1.685     2.979    udp_gateway_shadow_mirror_i/rst_ps7_0_100M/U0/slowest_sync_clk
    SLICE_X29Y78         FDRE                                         r  udp_gateway_shadow_mirror_i/rst_ps7_0_100M/U0/ACTIVE_LOW_PR_OUT_DFF[0].FDRE_PER_N/C
  -------------------------------------------------------------------    -------------------
    SLICE_X29Y78         FDRE (Prop_fdre_C_Q)         0.419     3.398 r  udp_gateway_shadow_mirror_i/rst_ps7_0_100M/U0/ACTIVE_LOW_PR_OUT_DFF[0].FDRE_PER_N/Q
                         net (fo=101, routed)         4.591     7.989    udp_gateway_shadow_mirror_i/dma_gateway_hybrid_0/inst/u_shadow_acl_filter/u_acl/rst_n
    SLICE_X84Y52         LUT1 (Prop_lut1_I0_O)        0.296     8.285 f  udp_gateway_shadow_mirror_i/dma_gateway_hybrid_0/inst/u_shadow_acl_filter/u_acl/s_axil_awready_i_2/O
                         net (fo=1991, routed)        7.631    15.916    udp_gateway_shadow_mirror_i/dma_gateway_hybrid_0/inst/u_device_dna_reader/o_dna_value_reg[56]_0
    SLICE_X45Y91         FDCE                                         f  udp_gateway_shadow_mirror_i/dma_gateway_hybrid_0/inst/u_device_dna_reader/dna_shift_value_reg[12]/CLR
  -------------------------------------------------------------------    -------------------

Slack:                    inf
  Source:                 udp_gateway_shadow_mirror_i/rst_ps7_0_100M/U0/ACTIVE_LOW_PR_OUT_DFF[0].FDRE_PER_N/C
                            (rising edge-triggered cell FDRE clocked by clk_fpga_0  {rise@0.000ns fall@10.000ns period=20.000ns})
  Destination:            udp_gateway_shadow_mirror_i/dma_gateway_hybrid_0/inst/u_device_dna_reader/dna_shift_value_reg[7]/CLR
  Path Group:             (none)
  Path Type:              Max at Slow Process Corner
  Data Path Delay:        12.937ns  (logic 0.715ns (5.527%)  route 12.222ns (94.473%))
  Logic Levels:           1  (LUT1=1)
  Clock Uncertainty:      0.301ns  ((TSJ^2 + TIJ^2)^1/2 + DJ) / 2 + PE
    Total System Jitter     (TSJ):    0.050ns
    Total Input Jitter      (TIJ):    0.600ns
    Discrete Jitter          (DJ):    0.000ns
    Phase Error              (PE):    0.000ns

    Location             Delay type                Incr(ns)  Path(ns)    Netlist Resource(s)
  -------------------------------------------------------------------    -------------------
                         (clock clk_fpga_0 rise edge)
                                                      0.000     0.000 r  
    PS7_X0Y0             PS7                          0.000     0.000 r  udp_gateway_shadow_mirror_i/processing_system7_0/inst/PS7_i/FCLKCLK[0]
                         net (fo=1, routed)           1.193     1.193    udp_gateway_shadow_mirror_i/processing_system7_0/inst/FCLK_CLK_unbuffered[0]
    BUFGCTRL_X0Y17       BUFG (Prop_bufg_I_O)         0.101     1.294 r  udp_gateway_shadow_mirror_i/processing_system7_0/inst/buffer_fclk_clk_0.FCLK_CLK_0_BUFG/O
                         net (fo=54559, routed)       1.685     2.979    udp_gateway_shadow_mirror_i/rst_ps7_0_100M/U0/slowest_sync_clk
    SLICE_X29Y78         FDRE                                         r  udp_gateway_shadow_mirror_i/rst_ps7_0_100M/U0/ACTIVE_LOW_PR_OUT_DFF[0].FDRE_PER_N/C
  -------------------------------------------------------------------    -------------------
    SLICE_X29Y78         FDRE (Prop_fdre_C_Q)         0.419     3.398 r  udp_gateway_shadow_mirror_i/rst_ps7_0_100M/U0/ACTIVE_LOW_PR_OUT_DFF[0].FDRE_PER_N/Q
                         net (fo=101, routed)         4.591     7.989    udp_gateway_shadow_mirror_i/dma_gateway_hybrid_0/inst/u_shadow_acl_filter/u_acl/rst_n
    SLICE_X84Y52         LUT1 (Prop_lut1_I0_O)        0.296     8.285 f  udp_gateway_shadow_mirror_i/dma_gateway_hybrid_0/inst/u_shadow_acl_filter/u_acl/s_axil_awready_i_2/O
                         net (fo=1991, routed)        7.631    15.916    udp_gateway_shadow_mirror_i/dma_gateway_hybrid_0/inst/u_device_dna_reader/o_dna_value_reg[56]_0
    SLICE_X45Y91         FDCE                                         f  udp_gateway_shadow_mirror_i/dma_gateway_hybrid_0/inst/u_device_dna_reader/dna_shift_value_reg[7]/CLR
  -------------------------------------------------------------------    -------------------

Slack:                    inf
  Source:                 udp_gateway_shadow_mirror_i/rst_ps7_0_100M/U0/ACTIVE_LOW_PR_OUT_DFF[0].FDRE_PER_N/C
                            (rising edge-triggered cell FDRE clocked by clk_fpga_0  {rise@0.000ns fall@10.000ns period=20.000ns})
  Destination:            udp_gateway_shadow_mirror_i/dma_gateway_hybrid_0/inst/u_device_dna_reader/dna_shift_value_reg[8]/CLR
  Path Group:             (none)
  Path Type:              Max at Slow Process Corner
  Data Path Delay:        12.937ns  (logic 0.715ns (5.527%)  route 12.222ns (94.473%))
  Logic Levels:           1  (LUT1=1)
  Clock Uncertainty:      0.301ns  ((TSJ^2 + TIJ^2)^1/2 + DJ) / 2 + PE
    Total System Jitter     (TSJ):    0.050ns
    Total Input Jitter      (TIJ):    0.600ns
    Discrete Jitter          (DJ):    0.000ns
    Phase Error              (PE):    0.000ns

    Location             Delay type                Incr(ns)  Path(ns)    Netlist Resource(s)
  -------------------------------------------------------------------    -------------------
                         (clock clk_fpga_0 rise edge)
                                                      0.000     0.000 r  
    PS7_X0Y0             PS7                          0.000     0.000 r  udp_gateway_shadow_mirror_i/processing_system7_0/inst/PS7_i/FCLKCLK[0]
                         net (fo=1, routed)           1.193     1.193    udp_gateway_shadow_mirror_i/processing_system7_0/inst/FCLK_CLK_unbuffered[0]
    BUFGCTRL_X0Y17       BUFG (Prop_bufg_I_O)         0.101     1.294 r  udp_gateway_shadow_mirror_i/processing_system7_0/inst/buffer_fclk_clk_0.FCLK_CLK_0_BUFG/O
                         net (fo=54559, routed)       1.685     2.979    udp_gateway_shadow_mirror_i/rst_ps7_0_100M/U0/slowest_sync_clk
    SLICE_X29Y78         FDRE                                         r  udp_gateway_shadow_mirror_i/rst_ps7_0_100M/U0/ACTIVE_LOW_PR_OUT_DFF[0].FDRE_PER_N/C
  -------------------------------------------------------------------    -------------------
    SLICE_X29Y78         FDRE (Prop_fdre_C_Q)         0.419     3.398 r  udp_gateway_shadow_mirror_i/rst_ps7_0_100M/U0/ACTIVE_LOW_PR_OUT_DFF[0].FDRE_PER_N/Q
                         net (fo=101, routed)         4.591     7.989    udp_gateway_shadow_mirror_i/dma_gateway_hybrid_0/inst/u_shadow_acl_filter/u_acl/rst_n
    SLICE_X84Y52         LUT1 (Prop_lut1_I0_O)        0.296     8.285 f  udp_gateway_shadow_mirror_i/dma_gateway_hybrid_0/inst/u_shadow_acl_filter/u_acl/s_axil_awready_i_2/O
                         net (fo=1991, routed)        7.631    15.916    udp_gateway_shadow_mirror_i/dma_gateway_hybrid_0/inst/u_device_dna_reader/o_dna_value_reg[56]_0
    SLICE_X45Y91         FDCE                                         f  udp_gateway_shadow_mirror_i/dma_gateway_hybrid_0/inst/u_device_dna_reader/dna_shift_value_reg[8]/CLR
  -------------------------------------------------------------------    -------------------

Slack:                    inf
  Source:                 udp_gateway_shadow_mirror_i/rst_ps7_0_100M/U0/ACTIVE_LOW_PR_OUT_DFF[0].FDRE_PER_N/C
                            (rising edge-triggered cell FDRE clocked by clk_fpga_0  {rise@0.000ns fall@10.000ns period=20.000ns})
  Destination:            udp_gateway_shadow_mirror_i/dma_gateway_hybrid_0/inst/u_device_dna_reader/dna_shift_value_reg[11]/CLR
  Path Group:             (none)
  Path Type:              Max at Slow Process Corner
  Data Path Delay:        12.496ns  (logic 0.715ns (5.722%)  route 11.781ns (94.278%))
  Logic Levels:           1  (LUT1=1)
  Clock Uncertainty:      0.301ns  ((TSJ^2 + TIJ^2)^1/2 + DJ) / 2 + PE
    Total System Jitter     (TSJ):    0.050ns
    Total Input Jitter      (TIJ):    0.600ns
    Discrete Jitter          (DJ):    0.000ns
    Phase Error              (PE):    0.000ns

    Location             Delay type                Incr(ns)  Path(ns)    Netlist Resource(s)
  -------------------------------------------------------------------    -------------------
                         (clock clk_fpga_0 rise edge)
                                                      0.000     0.000 r  
    PS7_X0Y0             PS7                          0.000     0.000 r  udp_gateway_shadow_mirror_i/processing_system7_0/inst/PS7_i/FCLKCLK[0]
                         net (fo=1, routed)           1.193     1.193    udp_gateway_shadow_mirror_i/processing_system7_0/inst/FCLK_CLK_unbuffered[0]
    BUFGCTRL_X0Y17       BUFG (Prop_bufg_I_O)         0.101     1.294 r  udp_gateway_shadow_mirror_i/processing_system7_0/inst/buffer_fclk_clk_0.FCLK_CLK_0_BUFG/O
                         net (fo=54559, routed)       1.685     2.979    udp_gateway_shadow_mirror_i/rst_ps7_0_100M/U0/slowest_sync_clk
    SLICE_X29Y78         FDRE                                         r  udp_gateway_shadow_mirror_i/rst_ps7_0_100M/U0/ACTIVE_LOW_PR_OUT_DFF[0].FDRE_PER_N/C
  -------------------------------------------------------------------    -------------------
    SLICE_X29Y78         FDRE (Prop_fdre_C_Q)         0.419     3.398 r  udp_gateway_shadow_mirror_i/rst_ps7_0_100M/U0/ACTIVE_LOW_PR_OUT_DFF[0].FDRE_PER_N/Q
                         net (fo=101, routed)         4.591     7.989    udp_gateway_shadow_mirror_i/dma_gateway_hybrid_0/inst/u_shadow_acl_filter/u_acl/rst_n
    SLICE_X84Y52         LUT1 (Prop_lut1_I0_O)        0.296     8.285 f  udp_gateway_shadow_mirror_i/dma_gateway_hybrid_0/inst/u_shadow_acl_filter/u_acl/s_axil_awready_i_2/O
                         net (fo=1991, routed)        7.190    15.475    udp_gateway_shadow_mirror_i/dma_gateway_hybrid_0/inst/u_device_dna_reader/o_dna_value_reg[56]_0
    SLICE_X43Y92         FDCE                                         f  udp_gateway_shadow_mirror_i/dma_gateway_hybrid_0/inst/u_device_dna_reader/dna_shift_value_reg[11]/CLR
  -------------------------------------------------------------------    -------------------





Min Delay Paths
--------------------------------------------------------------------------------------
Slack:                    inf
  Source:                 udp_gateway_shadow_mirror_i/rst_ps7_0_100M/U0/ACTIVE_LOW_PR_OUT_DFF[0].FDRE_PER_N/C
                            (rising edge-triggered cell FDRE clocked by clk_fpga_0  {rise@0.000ns fall@10.000ns period=20.000ns})
  Destination:            udp_gateway_shadow_mirror_i/dma_gateway_hybrid_0/inst/u_device_dna_reader/dna_bit_count_reg[3]/CLR
  Path Group:             (none)
  Path Type:              Min at Fast Process Corner
  Data Path Delay:        3.361ns  (logic 0.226ns (6.724%)  route 3.135ns (93.276%))
  Logic Levels:           1  (LUT1=1)
  Clock Uncertainty:      0.301ns  ((TSJ^2 + TIJ^2)^1/2 + DJ) / 2 + PE
    Total System Jitter     (TSJ):    0.050ns
    Total Input Jitter      (TIJ):    0.600ns
    Discrete Jitter          (DJ):    0.000ns
    Phase Error              (PE):    0.000ns

    Location             Delay type                Incr(ns)  Path(ns)    Netlist Resource(s)
  -------------------------------------------------------------------    -------------------
                         (clock clk_fpga_0 rise edge)
                                                      0.000     0.000 r  
    PS7_X0Y0             PS7                          0.000     0.000 r  udp_gateway_shadow_mirror_i/processing_system7_0/inst/PS7_i/FCLKCLK[0]
                         net (fo=1, routed)           0.310     0.310    udp_gateway_shadow_mirror_i/processing_system7_0/inst/FCLK_CLK_unbuffered[0]
    BUFGCTRL_X0Y17       BUFG (Prop_bufg_I_O)         0.026     0.336 r  udp_gateway_shadow_mirror_i/processing_system7_0/inst/buffer_fclk_clk_0.FCLK_CLK_0_BUFG/O
                         net (fo=54559, routed)       0.566     0.902    udp_gateway_shadow_mirror_i/rst_ps7_0_100M/U0/slowest_sync_clk
    SLICE_X29Y78         FDRE                                         r  udp_gateway_shadow_mirror_i/rst_ps7_0_100M/U0/ACTIVE_LOW_PR_OUT_DFF[0].FDRE_PER_N/C
  -------------------------------------------------------------------    -------------------
    SLICE_X29Y78         FDRE (Prop_fdre_C_Q)         0.128     1.030 r  udp_gateway_shadow_mirror_i/rst_ps7_0_100M/U0/ACTIVE_LOW_PR_OUT_DFF[0].FDRE_PER_N/Q
                         net (fo=101, routed)         2.060     3.090    udp_gateway_shadow_mirror_i/dma_gateway_hybrid_0/inst/u_shadow_acl_filter/u_acl/rst_n
    SLICE_X84Y52         LUT1 (Prop_lut1_I0_O)        0.098     3.188 f  udp_gateway_shadow_mirror_i/dma_gateway_hybrid_0/inst/u_shadow_acl_filter/u_acl/s_axil_awready_i_2/O
                         net (fo=1991, routed)        1.075     4.263    udp_gateway_shadow_mirror_i/dma_gateway_hybrid_0/inst/u_device_dna_reader/o_dna_value_reg[56]_0
    SLICE_X52Y100        FDCE                                         f  udp_gateway_shadow_mirror_i/dma_gateway_hybrid_0/inst/u_device_dna_reader/dna_bit_count_reg[3]/CLR
  -------------------------------------------------------------------    -------------------

Slack:                    inf
  Source:                 udp_gateway_shadow_mirror_i/rst_ps7_0_100M/U0/ACTIVE_LOW_PR_OUT_DFF[0].FDRE_PER_N/C
                            (rising edge-triggered cell FDRE clocked by clk_fpga_0  {rise@0.000ns fall@10.000ns period=20.000ns})
  Destination:            udp_gateway_shadow_mirror_i/dma_gateway_hybrid_0/inst/u_device_dna_reader/dna_bit_count_reg[4]/CLR
  Path Group:             (none)
  Path Type:              Min at Fast Process Corner
  Data Path Delay:        3.361ns  (logic 0.226ns (6.724%)  route 3.135ns (93.276%))
  Logic Levels:           1  (LUT1=1)
  Clock Uncertainty:      0.301ns  ((TSJ^2 + TIJ^2)^1/2 + DJ) / 2 + PE
    Total System Jitter     (TSJ):    0.050ns
    Total Input Jitter      (TIJ):    0.600ns
    Discrete Jitter          (DJ):    0.000ns
    Phase Error              (PE):    0.000ns

    Location             Delay type                Incr(ns)  Path(ns)    Netlist Resource(s)
  -------------------------------------------------------------------    -------------------
                         (clock clk_fpga_0 rise edge)
                                                      0.000     0.000 r  
    PS7_X0Y0             PS7                          0.000     0.000 r  udp_gateway_shadow_mirror_i/processing_system7_0/inst/PS7_i/FCLKCLK[0]
                         net (fo=1, routed)           0.310     0.310    udp_gateway_shadow_mirror_i/processing_system7_0/inst/FCLK_CLK_unbuffered[0]
    BUFGCTRL_X0Y17       BUFG (Prop_bufg_I_O)         0.026     0.336 r  udp_gateway_shadow_mirror_i/processing_system7_0/inst/buffer_fclk_clk_0.FCLK_CLK_0_BUFG/O
                         net (fo=54559, routed)       0.566     0.902    udp_gateway_shadow_mirror_i/rst_ps7_0_100M/U0/slowest_sync_clk
    SLICE_X29Y78         FDRE                                         r  udp_gateway_shadow_mirror_i/rst_ps7_0_100M/U0/ACTIVE_LOW_PR_OUT_DFF[0].FDRE_PER_N/C
  -------------------------------------------------------------------    -------------------
    SLICE_X29Y78         FDRE (Prop_fdre_C_Q)         0.128     1.030 r  udp_gateway_shadow_mirror_i/rst_ps7_0_100M/U0/ACTIVE_LOW_PR_OUT_DFF[0].FDRE_PER_N/Q
                         net (fo=101, routed)         2.060     3.090    udp_gateway_shadow_mirror_i/dma_gateway_hybrid_0/inst/u_shadow_acl_filter/u_acl/rst_n
    SLICE_X84Y52         LUT1 (Prop_lut1_I0_O)        0.098     3.188 f  udp_gateway_shadow_mirror_i/dma_gateway_hybrid_0/inst/u_shadow_acl_filter/u_acl/s_axil_awready_i_2/O
                         net (fo=1991, routed)        1.075     4.263    udp_gateway_shadow_mirror_i/dma_gateway_hybrid_0/inst/u_device_dna_reader/o_dna_value_reg[56]_0
    SLICE_X52Y100        FDCE                                         f  udp_gateway_shadow_mirror_i/dma_gateway_hybrid_0/inst/u_device_dna_reader/dna_bit_count_reg[4]/CLR
  -------------------------------------------------------------------    -------------------

Slack:                    inf
  Source:                 udp_gateway_shadow_mirror_i/rst_ps7_0_100M/U0/ACTIVE_LOW_PR_OUT_DFF[0].FDRE_PER_N/C
                            (rising edge-triggered cell FDRE clocked by clk_fpga_0  {rise@0.000ns fall@10.000ns period=20.000ns})
  Destination:            udp_gateway_shadow_mirror_i/dma_gateway_hybrid_0/inst/u_device_dna_reader/dna_shift_value_reg[13]/CLR
  Path Group:             (none)
  Path Type:              Min at Fast Process Corner
  Data Path Delay:        3.361ns  (logic 0.226ns (6.724%)  route 3.135ns (93.276%))
  Logic Levels:           1  (LUT1=1)
  Clock Uncertainty:      0.301ns  ((TSJ^2 + TIJ^2)^1/2 + DJ) / 2 + PE
    Total System Jitter     (TSJ):    0.050ns
    Total Input Jitter      (TIJ):    0.600ns
    Discrete Jitter          (DJ):    0.000ns
    Phase Error              (PE):    0.000ns

    Location             Delay type                Incr(ns)  Path(ns)    Netlist Resource(s)
  -------------------------------------------------------------------    -------------------
                         (clock clk_fpga_0 rise edge)
                                                      0.000     0.000 r  
    PS7_X0Y0             PS7                          0.000     0.000 r  udp_gateway_shadow_mirror_i/processing_system7_0/inst/PS7_i/FCLKCLK[0]
                         net (fo=1, routed)           0.310     0.310    udp_gateway_shadow_mirror_i/processing_system7_0/inst/FCLK_CLK_unbuffered[0]
    BUFGCTRL_X0Y17       BUFG (Prop_bufg_I_O)         0.026     0.336 r  udp_gateway_shadow_mirror_i/processing_system7_0/inst/buffer_fclk_clk_0.FCLK_CLK_0_BUFG/O
                         net (fo=54559, routed)       0.566     0.902    udp_gateway_shadow_mirror_i/rst_ps7_0_100M/U0/slowest_sync_clk
    SLICE_X29Y78         FDRE                                         r  udp_gateway_shadow_mirror_i/rst_ps7_0_100M/U0/ACTIVE_LOW_PR_OUT_DFF[0].FDRE_PER_N/C
  -------------------------------------------------------------------    -------------------
    SLICE_X29Y78         FDRE (Prop_fdre_C_Q)         0.128     1.030 r  udp_gateway_shadow_mirror_i/rst_ps7_0_100M/U0/ACTIVE_LOW_PR_OUT_DFF[0].FDRE_PER_N/Q
                         net (fo=101, routed)         2.060     3.090    udp_gateway_shadow_mirror_i/dma_gateway_hybrid_0/inst/u_shadow_acl_filter/u_acl/rst_n
    SLICE_X84Y52         LUT1 (Prop_lut1_I0_O)        0.098     3.188 f  udp_gateway_shadow_mirror_i/dma_gateway_hybrid_0/inst/u_shadow_acl_filter/u_acl/s_axil_awready_i_2/O
                         net (fo=1991, routed)        1.075     4.263    udp_gateway_shadow_mirror_i/dma_gateway_hybrid_0/inst/u_device_dna_reader/o_dna_value_reg[56]_0
    SLICE_X52Y100        FDCE                                         f  udp_gateway_shadow_mirror_i/dma_gateway_hybrid_0/inst/u_device_dna_reader/dna_shift_value_reg[13]/CLR
  -------------------------------------------------------------------    -------------------

Slack:                    inf
  Source:                 udp_gateway_shadow_mirror_i/rst_ps7_0_100M/U0/ACTIVE_LOW_PR_OUT_DFF[0].FDRE_PER_N/C
                            (rising edge-triggered cell FDRE clocked by clk_fpga_0  {rise@0.000ns fall@10.000ns period=20.000ns})
  Destination:            udp_gateway_shadow_mirror_i/dma_gateway_hybrid_0/inst/u_device_dna_reader/dna_shift_value_reg[14]/CLR
  Path Group:             (none)
  Path Type:              Min at Fast Process Corner
  Data Path Delay:        3.361ns  (logic 0.226ns (6.724%)  route 3.135ns (93.276%))
  Logic Levels:           1  (LUT1=1)
  Clock Uncertainty:      0.301ns  ((TSJ^2 + TIJ^2)^1/2 + DJ) / 2 + PE
    Total System Jitter     (TSJ):    0.050ns
    Total Input Jitter      (TIJ):    0.600ns
    Discrete Jitter          (DJ):    0.000ns
    Phase Error              (PE):    0.000ns

    Location             Delay type                Incr(ns)  Path(ns)    Netlist Resource(s)
  -------------------------------------------------------------------    -------------------
                         (clock clk_fpga_0 rise edge)
                                                      0.000     0.000 r  
    PS7_X0Y0             PS7                          0.000     0.000 r  udp_gateway_shadow_mirror_i/processing_system7_0/inst/PS7_i/FCLKCLK[0]
                         net (fo=1, routed)           0.310     0.310    udp_gateway_shadow_mirror_i/processing_system7_0/inst/FCLK_CLK_unbuffered[0]
    BUFGCTRL_X0Y17       BUFG (Prop_bufg_I_O)         0.026     0.336 r  udp_gateway_shadow_mirror_i/processing_system7_0/inst/buffer_fclk_clk_0.FCLK_CLK_0_BUFG/O
                         net (fo=54559, routed)       0.566     0.902    udp_gateway_shadow_mirror_i/rst_ps7_0_100M/U0/slowest_sync_clk
    SLICE_X29Y78         FDRE                                         r  udp_gateway_shadow_mirror_i/rst_ps7_0_100M/U0/ACTIVE_LOW_PR_OUT_DFF[0].FDRE_PER_N/C
  -------------------------------------------------------------------    -------------------
    SLICE_X29Y78         FDRE (Prop_fdre_C_Q)         0.128     1.030 r  udp_gateway_shadow_mirror_i/rst_ps7_0_100M/U0/ACTIVE_LOW_PR_OUT_DFF[0].FDRE_PER_N/Q
                         net (fo=101, routed)         2.060     3.090    udp_gateway_shadow_mirror_i/dma_gateway_hybrid_0/inst/u_shadow_acl_filter/u_acl/rst_n
    SLICE_X84Y52         LUT1 (Prop_lut1_I0_O)        0.098     3.188 f  udp_gateway_shadow_mirror_i/dma_gateway_hybrid_0/inst/u_shadow_acl_filter/u_acl/s_axil_awready_i_2/O
                         net (fo=1991, routed)        1.075     4.263    udp_gateway_shadow_mirror_i/dma_gateway_hybrid_0/inst/u_device_dna_reader/o_dna_value_reg[56]_0
    SLICE_X52Y100        FDCE                                         f  udp_gateway_shadow_mirror_i/dma_gateway_hybrid_0/inst/u_device_dna_reader/dna_shift_value_reg[14]/CLR
  -------------------------------------------------------------------    -------------------

Slack:                    inf
  Source:                 udp_gateway_shadow_mirror_i/rst_ps7_0_100M/U0/ACTIVE_LOW_PR_OUT_DFF[0].FDRE_PER_N/C
                            (rising edge-triggered cell FDRE clocked by clk_fpga_0  {rise@0.000ns fall@10.000ns period=20.000ns})
  Destination:            udp_gateway_shadow_mirror_i/dma_gateway_hybrid_0/inst/u_device_dna_reader/dna_shift_value_reg[32]/CLR
  Path Group:             (none)
  Path Type:              Min at Fast Process Corner
  Data Path Delay:        3.361ns  (logic 0.226ns (6.724%)  route 3.135ns (93.276%))
  Logic Levels:           1  (LUT1=1)
  Clock Uncertainty:      0.301ns  ((TSJ^2 + TIJ^2)^1/2 + DJ) / 2 + PE
    Total System Jitter     (TSJ):    0.050ns
    Total Input Jitter      (TIJ):    0.600ns
    Discrete Jitter          (DJ):    0.000ns
    Phase Error              (PE):    0.000ns

    Location             Delay type                Incr(ns)  Path(ns)    Netlist Resource(s)
  -------------------------------------------------------------------    -------------------
                         (clock clk_fpga_0 rise edge)
                                                      0.000     0.000 r  
    PS7_X0Y0             PS7                          0.000     0.000 r  udp_gateway_shadow_mirror_i/processing_system7_0/inst/PS7_i/FCLKCLK[0]
                         net (fo=1, routed)           0.310     0.310    udp_gateway_shadow_mirror_i/processing_system7_0/inst/FCLK_CLK_unbuffered[0]
    BUFGCTRL_X0Y17       BUFG (Prop_bufg_I_O)         0.026     0.336 r  udp_gateway_shadow_mirror_i/processing_system7_0/inst/buffer_fclk_clk_0.FCLK_CLK_0_BUFG/O
                         net (fo=54559, routed)       0.566     0.902    udp_gateway_shadow_mirror_i/rst_ps7_0_100M/U0/slowest_sync_clk
    SLICE_X29Y78         FDRE                                         r  udp_gateway_shadow_mirror_i/rst_ps7_0_100M/U0/ACTIVE_LOW_PR_OUT_DFF[0].FDRE_PER_N/C
  -------------------------------------------------------------------    -------------------
    SLICE_X29Y78         FDRE (Prop_fdre_C_Q)         0.128     1.030 r  udp_gateway_shadow_mirror_i/rst_ps7_0_100M/U0/ACTIVE_LOW_PR_OUT_DFF[0].FDRE_PER_N/Q
                         net (fo=101, routed)         2.060     3.090    udp_gateway_shadow_mirror_i/dma_gateway_hybrid_0/inst/u_shadow_acl_filter/u_acl/rst_n
    SLICE_X84Y52         LUT1 (Prop_lut1_I0_O)        0.098     3.188 f  udp_gateway_shadow_mirror_i/dma_gateway_hybrid_0/inst/u_shadow_acl_filter/u_acl/s_axil_awready_i_2/O
                         net (fo=1991, routed)        1.075     4.263    udp_gateway_shadow_mirror_i/dma_gateway_hybrid_0/inst/u_device_dna_reader/o_dna_value_reg[56]_0
    SLICE_X52Y100        FDCE                                         f  udp_gateway_shadow_mirror_i/dma_gateway_hybrid_0/inst/u_device_dna_reader/dna_shift_value_reg[32]/CLR
  -------------------------------------------------------------------    -------------------

Slack:                    inf
  Source:                 udp_gateway_shadow_mirror_i/rst_ps7_0_100M/U0/ACTIVE_LOW_PR_OUT_DFF[0].FDRE_PER_N/C
                            (rising edge-triggered cell FDRE clocked by clk_fpga_0  {rise@0.000ns fall@10.000ns period=20.000ns})
  Destination:            udp_gateway_shadow_mirror_i/dma_gateway_hybrid_0/inst/u_device_dna_reader/dna_shift_value_reg[33]/CLR
  Path Group:             (none)
  Path Type:              Min at Fast Process Corner
  Data Path Delay:        3.361ns  (logic 0.226ns (6.724%)  route 3.135ns (93.276%))
  Logic Levels:           1  (LUT1=1)
  Clock Uncertainty:      0.301ns  ((TSJ^2 + TIJ^2)^1/2 + DJ) / 2 + PE
    Total System Jitter     (TSJ):    0.050ns
    Total Input Jitter      (TIJ):    0.600ns
    Discrete Jitter          (DJ):    0.000ns
    Phase Error              (PE):    0.000ns

    Location             Delay type                Incr(ns)  Path(ns)    Netlist Resource(s)
  -------------------------------------------------------------------    -------------------
                         (clock clk_fpga_0 rise edge)
                                                      0.000     0.000 r  
    PS7_X0Y0             PS7                          0.000     0.000 r  udp_gateway_shadow_mirror_i/processing_system7_0/inst/PS7_i/FCLKCLK[0]
                         net (fo=1, routed)           0.310     0.310    udp_gateway_shadow_mirror_i/processing_system7_0/inst/FCLK_CLK_unbuffered[0]
    BUFGCTRL_X0Y17       BUFG (Prop_bufg_I_O)         0.026     0.336 r  udp_gateway_shadow_mirror_i/processing_system7_0/inst/buffer_fclk_clk_0.FCLK_CLK_0_BUFG/O
                         net (fo=54559, routed)       0.566     0.902    udp_gateway_shadow_mirror_i/rst_ps7_0_100M/U0/slowest_sync_clk
    SLICE_X29Y78         FDRE                                         r  udp_gateway_shadow_mirror_i/rst_ps7_0_100M/U0/ACTIVE_LOW_PR_OUT_DFF[0].FDRE_PER_N/C
  -------------------------------------------------------------------    -------------------
    SLICE_X29Y78         FDRE (Prop_fdre_C_Q)         0.128     1.030 r  udp_gateway_shadow_mirror_i/rst_ps7_0_100M/U0/ACTIVE_LOW_PR_OUT_DFF[0].FDRE_PER_N/Q
                         net (fo=101, routed)         2.060     3.090    udp_gateway_shadow_mirror_i/dma_gateway_hybrid_0/inst/u_shadow_acl_filter/u_acl/rst_n
    SLICE_X84Y52         LUT1 (Prop_lut1_I0_O)        0.098     3.188 f  udp_gateway_shadow_mirror_i/dma_gateway_hybrid_0/inst/u_shadow_acl_filter/u_acl/s_axil_awready_i_2/O
                         net (fo=1991, routed)        1.075     4.263    udp_gateway_shadow_mirror_i/dma_gateway_hybrid_0/inst/u_device_dna_reader/o_dna_value_reg[56]_0
    SLICE_X52Y100        FDCE                                         f  udp_gateway_shadow_mirror_i/dma_gateway_hybrid_0/inst/u_device_dna_reader/dna_shift_value_reg[33]/CLR
  -------------------------------------------------------------------    -------------------

Slack:                    inf
  Source:                 udp_gateway_shadow_mirror_i/rst_ps7_0_100M/U0/ACTIVE_LOW_PR_OUT_DFF[0].FDRE_PER_N/C
                            (rising edge-triggered cell FDRE clocked by clk_fpga_0  {rise@0.000ns fall@10.000ns period=20.000ns})
  Destination:            udp_gateway_shadow_mirror_i/dma_gateway_hybrid_0/inst/u_device_dna_reader/dna_shift_value_reg[39]/CLR
  Path Group:             (none)
  Path Type:              Min at Fast Process Corner
  Data Path Delay:        3.560ns  (logic 0.226ns (6.349%)  route 3.334ns (93.651%))
  Logic Levels:           1  (LUT1=1)
  Clock Uncertainty:      0.301ns  ((TSJ^2 + TIJ^2)^1/2 + DJ) / 2 + PE
    Total System Jitter     (TSJ):    0.050ns
    Total Input Jitter      (TIJ):    0.600ns
    Discrete Jitter          (DJ):    0.000ns
    Phase Error              (PE):    0.000ns

    Location             Delay type                Incr(ns)  Path(ns)    Netlist Resource(s)
  -------------------------------------------------------------------    -------------------
                         (clock clk_fpga_0 rise edge)
                                                      0.000     0.000 r  
    PS7_X0Y0             PS7                          0.000     0.000 r  udp_gateway_shadow_mirror_i/processing_system7_0/inst/PS7_i/FCLKCLK[0]
                         net (fo=1, routed)           0.310     0.310    udp_gateway_shadow_mirror_i/processing_system7_0/inst/FCLK_CLK_unbuffered[0]
    BUFGCTRL_X0Y17       BUFG (Prop_bufg_I_O)         0.026     0.336 r  udp_gateway_shadow_mirror_i/processing_system7_0/inst/buffer_fclk_clk_0.FCLK_CLK_0_BUFG/O
                         net (fo=54559, routed)       0.566     0.902    udp_gateway_shadow_mirror_i/rst_ps7_0_100M/U0/slowest_sync_clk
    SLICE_X29Y78         FDRE                                         r  udp_gateway_shadow_mirror_i/rst_ps7_0_100M/U0/ACTIVE_LOW_PR_OUT_DFF[0].FDRE_PER_N/C
  -------------------------------------------------------------------    -------------------
    SLICE_X29Y78         FDRE (Prop_fdre_C_Q)         0.128     1.030 r  udp_gateway_shadow_mirror_i/rst_ps7_0_100M/U0/ACTIVE_LOW_PR_OUT_DFF[0].FDRE_PER_N/Q
                         net (fo=101, routed)         2.060     3.090    udp_gateway_shadow_mirror_i/dma_gateway_hybrid_0/inst/u_shadow_acl_filter/u_acl/rst_n
    SLICE_X84Y52         LUT1 (Prop_lut1_I0_O)        0.098     3.188 f  udp_gateway_shadow_mirror_i/dma_gateway_hybrid_0/inst/u_shadow_acl_filter/u_acl/s_axil_awready_i_2/O
                         net (fo=1991, routed)        1.274     4.461    udp_gateway_shadow_mirror_i/dma_gateway_hybrid_0/inst/u_device_dna_reader/o_dna_value_reg[56]_0
    SLICE_X47Y106        FDCE                                         f  udp_gateway_shadow_mirror_i/dma_gateway_hybrid_0/inst/u_device_dna_reader/dna_shift_value_reg[39]/CLR
  -------------------------------------------------------------------    -------------------

Slack:                    inf
  Source:                 udp_gateway_shadow_mirror_i/rst_ps7_0_100M/U0/ACTIVE_LOW_PR_OUT_DFF[0].FDRE_PER_N/C
                            (rising edge-triggered cell FDRE clocked by clk_fpga_0  {rise@0.000ns fall@10.000ns period=20.000ns})
  Destination:            udp_gateway_shadow_mirror_i/dma_gateway_hybrid_0/inst/u_device_dna_reader/dna_shift_value_reg[41]/CLR
  Path Group:             (none)
  Path Type:              Min at Fast Process Corner
  Data Path Delay:        3.661ns  (logic 0.226ns (6.172%)  route 3.435ns (93.828%))
  Logic Levels:           1  (LUT1=1)
  Clock Uncertainty:      0.301ns  ((TSJ^2 + TIJ^2)^1/2 + DJ) / 2 + PE
    Total System Jitter     (TSJ):    0.050ns
    Total Input Jitter      (TIJ):    0.600ns
    Discrete Jitter          (DJ):    0.000ns
    Phase Error              (PE):    0.000ns

    Location             Delay type                Incr(ns)  Path(ns)    Netlist Resource(s)
  -------------------------------------------------------------------    -------------------
                         (clock clk_fpga_0 rise edge)
                                                      0.000     0.000 r  
    PS7_X0Y0             PS7                          0.000     0.000 r  udp_gateway_shadow_mirror_i/processing_system7_0/inst/PS7_i/FCLKCLK[0]
                         net (fo=1, routed)           0.310     0.310    udp_gateway_shadow_mirror_i/processing_system7_0/inst/FCLK_CLK_unbuffered[0]
    BUFGCTRL_X0Y17       BUFG (Prop_bufg_I_O)         0.026     0.336 r  udp_gateway_shadow_mirror_i/processing_system7_0/inst/buffer_fclk_clk_0.FCLK_CLK_0_BUFG/O
                         net (fo=54559, routed)       0.566     0.902    udp_gateway_shadow_mirror_i/rst_ps7_0_100M/U0/slowest_sync_clk
    SLICE_X29Y78         FDRE                                         r  udp_gateway_shadow_mirror_i/rst_ps7_0_100M/U0/ACTIVE_LOW_PR_OUT_DFF[0].FDRE_PER_N/C
  -------------------------------------------------------------------    -------------------
    SLICE_X29Y78         FDRE (Prop_fdre_C_Q)         0.128     1.030 r  udp_gateway_shadow_mirror_i/rst_ps7_0_100M/U0/ACTIVE_LOW_PR_OUT_DFF[0].FDRE_PER_N/Q
                         net (fo=101, routed)         2.060     3.090    udp_gateway_shadow_mirror_i/dma_gateway_hybrid_0/inst/u_shadow_acl_filter/u_acl/rst_n
    SLICE_X84Y52         LUT1 (Prop_lut1_I0_O)        0.098     3.188 f  udp_gateway_shadow_mirror_i/dma_gateway_hybrid_0/inst/u_shadow_acl_filter/u_acl/s_axil_awready_i_2/O
                         net (fo=1991, routed)        1.375     4.563    udp_gateway_shadow_mirror_i/dma_gateway_hybrid_0/inst/u_device_dna_reader/o_dna_value_reg[56]_0
    SLICE_X48Y107        FDCE                                         f  udp_gateway_shadow_mirror_i/dma_gateway_hybrid_0/inst/u_device_dna_reader/dna_shift_value_reg[41]/CLR
  -------------------------------------------------------------------    -------------------

Slack:                    inf
  Source:                 udp_gateway_shadow_mirror_i/rst_ps7_0_100M/U0/ACTIVE_LOW_PR_OUT_DFF[0].FDRE_PER_N/C
                            (rising edge-triggered cell FDRE clocked by clk_fpga_0  {rise@0.000ns fall@10.000ns period=20.000ns})
  Destination:            udp_gateway_shadow_mirror_i/dma_gateway_hybrid_0/inst/u_device_dna_reader/dna_shift_value_reg[19]/CLR
  Path Group:             (none)
  Path Type:              Min at Fast Process Corner
  Data Path Delay:        3.674ns  (logic 0.226ns (6.152%)  route 3.448ns (93.848%))
  Logic Levels:           1  (LUT1=1)
  Clock Uncertainty:      0.301ns  ((TSJ^2 + TIJ^2)^1/2 + DJ) / 2 + PE
    Total System Jitter     (TSJ):    0.050ns
    Total Input Jitter      (TIJ):    0.600ns
    Discrete Jitter          (DJ):    0.000ns
    Phase Error              (PE):    0.000ns

    Location             Delay type                Incr(ns)  Path(ns)    Netlist Resource(s)
  -------------------------------------------------------------------    -------------------
                         (clock clk_fpga_0 rise edge)
                                                      0.000     0.000 r  
    PS7_X0Y0             PS7                          0.000     0.000 r  udp_gateway_shadow_mirror_i/processing_system7_0/inst/PS7_i/FCLKCLK[0]
                         net (fo=1, routed)           0.310     0.310    udp_gateway_shadow_mirror_i/processing_system7_0/inst/FCLK_CLK_unbuffered[0]
    BUFGCTRL_X0Y17       BUFG (Prop_bufg_I_O)         0.026     0.336 r  udp_gateway_shadow_mirror_i/processing_system7_0/inst/buffer_fclk_clk_0.FCLK_CLK_0_BUFG/O
                         net (fo=54559, routed)       0.566     0.902    udp_gateway_shadow_mirror_i/rst_ps7_0_100M/U0/slowest_sync_clk
    SLICE_X29Y78         FDRE                                         r  udp_gateway_shadow_mirror_i/rst_ps7_0_100M/U0/ACTIVE_LOW_PR_OUT_DFF[0].FDRE_PER_N/C
  -------------------------------------------------------------------    -------------------
    SLICE_X29Y78         FDRE (Prop_fdre_C_Q)         0.128     1.030 r  udp_gateway_shadow_mirror_i/rst_ps7_0_100M/U0/ACTIVE_LOW_PR_OUT_DFF[0].FDRE_PER_N/Q
                         net (fo=101, routed)         2.060     3.090    udp_gateway_shadow_mirror_i/dma_gateway_hybrid_0/inst/u_shadow_acl_filter/u_acl/rst_n
    SLICE_X84Y52         LUT1 (Prop_lut1_I0_O)        0.098     3.188 f  udp_gateway_shadow_mirror_i/dma_gateway_hybrid_0/inst/u_shadow_acl_filter/u_acl/s_axil_awready_i_2/O
                         net (fo=1991, routed)        1.388     4.575    udp_gateway_shadow_mirror_i/dma_gateway_hybrid_0/inst/u_device_dna_reader/o_dna_value_reg[56]_0
    SLICE_X47Y109        FDCE                                         f  udp_gateway_shadow_mirror_i/dma_gateway_hybrid_0/inst/u_device_dna_reader/dna_shift_value_reg[19]/CLR
  -------------------------------------------------------------------    -------------------

Slack:                    inf
  Source:                 udp_gateway_shadow_mirror_i/rst_ps7_0_100M/U0/ACTIVE_LOW_PR_OUT_DFF[0].FDRE_PER_N/C
                            (rising edge-triggered cell FDRE clocked by clk_fpga_0  {rise@0.000ns fall@10.000ns period=20.000ns})
  Destination:            udp_gateway_shadow_mirror_i/dma_gateway_hybrid_0/inst/u_device_dna_reader/dna_shift_value_reg[20]/CLR
  Path Group:             (none)
  Path Type:              Min at Fast Process Corner
  Data Path Delay:        3.674ns  (logic 0.226ns (6.152%)  route 3.448ns (93.848%))
  Logic Levels:           1  (LUT1=1)
  Clock Uncertainty:      0.301ns  ((TSJ^2 + TIJ^2)^1/2 + DJ) / 2 + PE
    Total System Jitter     (TSJ):    0.050ns
    Total Input Jitter      (TIJ):    0.600ns
    Discrete Jitter          (DJ):    0.000ns
    Phase Error              (PE):    0.000ns

    Location             Delay type                Incr(ns)  Path(ns)    Netlist Resource(s)
  -------------------------------------------------------------------    -------------------
                         (clock clk_fpga_0 rise edge)
                                                      0.000     0.000 r  
    PS7_X0Y0             PS7                          0.000     0.000 r  udp_gateway_shadow_mirror_i/processing_system7_0/inst/PS7_i/FCLKCLK[0]
                         net (fo=1, routed)           0.310     0.310    udp_gateway_shadow_mirror_i/processing_system7_0/inst/FCLK_CLK_unbuffered[0]
    BUFGCTRL_X0Y17       BUFG (Prop_bufg_I_O)         0.026     0.336 r  udp_gateway_shadow_mirror_i/processing_system7_0/inst/buffer_fclk_clk_0.FCLK_CLK_0_BUFG/O
                         net (fo=54559, routed)       0.566     0.902    udp_gateway_shadow_mirror_i/rst_ps7_0_100M/U0/slowest_sync_clk
    SLICE_X29Y78         FDRE                                         r  udp_gateway_shadow_mirror_i/rst_ps7_0_100M/U0/ACTIVE_LOW_PR_OUT_DFF[0].FDRE_PER_N/C
  -------------------------------------------------------------------    -------------------
    SLICE_X29Y78         FDRE (Prop_fdre_C_Q)         0.128     1.030 r  udp_gateway_shadow_mirror_i/rst_ps7_0_100M/U0/ACTIVE_LOW_PR_OUT_DFF[0].FDRE_PER_N/Q
                         net (fo=101, routed)         2.060     3.090    udp_gateway_shadow_mirror_i/dma_gateway_hybrid_0/inst/u_shadow_acl_filter/u_acl/rst_n
    SLICE_X84Y52         LUT1 (Prop_lut1_I0_O)        0.098     3.188 f  udp_gateway_shadow_mirror_i/dma_gateway_hybrid_0/inst/u_shadow_acl_filter/u_acl/s_axil_awready_i_2/O
                         net (fo=1991, routed)        1.388     4.575    udp_gateway_shadow_mirror_i/dma_gateway_hybrid_0/inst/u_device_dna_reader/o_dna_value_reg[56]_0
    SLICE_X47Y109        FDCE                                         f  udp_gateway_shadow_mirror_i/dma_gateway_hybrid_0/inst/u_device_dna_reader/dna_shift_value_reg[20]/CLR
  -------------------------------------------------------------------    -------------------





--------------------------------------------------------------------------------------
Path Group:  (none)
From Clock:  
  To Clock:  clk_fpga_0

Max Delay            63 Endpoints
Min Delay            63 Endpoints
--------------------------------------------------------------------------------------


Max Delay Paths
--------------------------------------------------------------------------------------
Slack:                    inf
  Source:                 udp_gateway_shadow_mirror_i/dma_gateway_hybrid_0/inst/u_device_dna_reader/dna_busy_raw_reg/C
                            (rising edge-triggered cell FDPE)
  Destination:            udp_gateway_shadow_mirror_i/dma_gateway_hybrid_0/inst/u_device_dna_reader/dna_done_sync_ff1_reg/D
                            (rising edge-triggered cell FDCE clocked by clk_fpga_0  {rise@0.000ns fall@10.000ns period=20.000ns})
  Path Group:             (none)
  Path Type:              Setup (Max at Slow Process Corner)
  Data Path Delay:        2.524ns  (logic 0.580ns (22.984%)  route 1.944ns (77.016%))
  Logic Levels:           2  (FDPE=1 LUT1=1)
  Clock Uncertainty:      0.301ns  ((TSJ^2 + TIJ^2)^1/2 + DJ) / 2 + PE
    Total System Jitter     (TSJ):    0.050ns
    Total Input Jitter      (TIJ):    0.600ns
    Discrete Jitter          (DJ):    0.000ns
    Phase Error              (PE):    0.000ns

    Location             Delay type                Incr(ns)  Path(ns)    Netlist Resource(s)
  -------------------------------------------------------------------    -------------------
    SLICE_X65Y106        FDPE                         0.000     0.000 r  udp_gateway_shadow_mirror_i/dma_gateway_hybrid_0/inst/u_device_dna_reader/dna_busy_raw_reg/C
    SLICE_X65Y106        FDPE (Prop_fdpe_C_Q)         0.456     0.456 f  udp_gateway_shadow_mirror_i/dma_gateway_hybrid_0/inst/u_device_dna_reader/dna_busy_raw_reg/Q
                         net (fo=10, routed)          1.944     2.400    udp_gateway_shadow_mirror_i/dma_gateway_hybrid_0/inst/u_device_dna_reader/dna_busy_raw
    SLICE_X47Y110        LUT1 (Prop_lut1_I0_O)        0.124     2.524 r  udp_gateway_shadow_mirror_i/dma_gateway_hybrid_0/inst/u_device_dna_reader/dna_done_sync_ff1_i_1/O
                         net (fo=1, routed)           0.000     2.524    udp_gateway_shadow_mirror_i/dma_gateway_hybrid_0/inst/u_device_dna_reader/dna_done_sync_ff1_i_1_n_0
    SLICE_X47Y110        FDCE                                         r  udp_gateway_shadow_mirror_i/dma_gateway_hybrid_0/inst/u_device_dna_reader/dna_done_sync_ff1_reg/D
  -------------------------------------------------------------------    -------------------

                         (clock clk_fpga_0 rise edge)
                                                      0.000     0.000 r  
    PS7_X0Y0             PS7                          0.000     0.000 r  udp_gateway_shadow_mirror_i/processing_system7_0/inst/PS7_i/FCLKCLK[0]
                         net (fo=1, routed)           1.088     1.088    udp_gateway_shadow_mirror_i/processing_system7_0/inst/FCLK_CLK_unbuffered[0]
    BUFGCTRL_X0Y17       BUFG (Prop_bufg_I_O)         0.091     1.179 r  udp_gateway_shadow_mirror_i/processing_system7_0/inst/buffer_fclk_clk_0.FCLK_CLK_0_BUFG/O
                         net (fo=54559, routed)       1.650     2.829    udp_gateway_shadow_mirror_i/dma_gateway_hybrid_0/inst/u_device_dna_reader/clk
    SLICE_X47Y110        FDCE                                         r  udp_gateway_shadow_mirror_i/dma_gateway_hybrid_0/inst/u_device_dna_reader/dna_done_sync_ff1_reg/C

Slack:                    inf
  Source:                 udp_gateway_shadow_mirror_i/dma_gateway_hybrid_0/inst/u_device_dna_reader/dna_shift_value_reg[38]/C
                            (rising edge-triggered cell FDCE)
  Destination:            udp_gateway_shadow_mirror_i/dma_gateway_hybrid_0/inst/u_device_dna_reader/o_dna_value_reg[38]/D
                            (rising edge-triggered cell FDCE clocked by clk_fpga_0  {rise@0.000ns fall@10.000ns period=20.000ns})
  Path Group:             (none)
  Path Type:              Setup (Max at Slow Process Corner)
  Data Path Delay:        2.256ns  (logic 0.419ns (18.574%)  route 1.837ns (81.426%))
  Logic Levels:           1  (FDCE=1)
  Clock Uncertainty:      0.301ns  ((TSJ^2 + TIJ^2)^1/2 + DJ) / 2 + PE
    Total System Jitter     (TSJ):    0.050ns
    Total Input Jitter      (TIJ):    0.600ns
    Discrete Jitter          (DJ):    0.000ns
    Phase Error              (PE):    0.000ns

    Location             Delay type                Incr(ns)  Path(ns)    Netlist Resource(s)
  -------------------------------------------------------------------    -------------------
    SLICE_X40Y101        FDCE                         0.000     0.000 r  udp_gateway_shadow_mirror_i/dma_gateway_hybrid_0/inst/u_device_dna_reader/dna_shift_value_reg[38]/C
    SLICE_X40Y101        FDCE (Prop_fdce_C_Q)         0.419     0.419 r  udp_gateway_shadow_mirror_i/dma_gateway_hybrid_0/inst/u_device_dna_reader/dna_shift_value_reg[38]/Q
                         net (fo=2, routed)           1.837     2.256    udp_gateway_shadow_mirror_i/dma_gateway_hybrid_0/inst/u_device_dna_reader/dna_shift_value[38]
    SLICE_X43Y100        FDCE                                         r  udp_gateway_shadow_mirror_i/dma_gateway_hybrid_0/inst/u_device_dna_reader/o_dna_value_reg[38]/D
  -------------------------------------------------------------------    -------------------

                         (clock clk_fpga_0 rise edge)
                                                      0.000     0.000 r  
    PS7_X0Y0             PS7                          0.000     0.000 r  udp_gateway_shadow_mirror_i/processing_system7_0/inst/PS7_i/FCLKCLK[0]
                         net (fo=1, routed)           1.088     1.088    udp_gateway_shadow_mirror_i/processing_system7_0/inst/FCLK_CLK_unbuffered[0]
    BUFGCTRL_X0Y17       BUFG (Prop_bufg_I_O)         0.091     1.179 r  udp_gateway_shadow_mirror_i/processing_system7_0/inst/buffer_fclk_clk_0.FCLK_CLK_0_BUFG/O
                         net (fo=54559, routed)       1.654     2.833    udp_gateway_shadow_mirror_i/dma_gateway_hybrid_0/inst/u_device_dna_reader/clk
    SLICE_X43Y100        FDCE                                         r  udp_gateway_shadow_mirror_i/dma_gateway_hybrid_0/inst/u_device_dna_reader/o_dna_value_reg[38]/C

Slack:                    inf
  Source:                 udp_gateway_shadow_mirror_i/dma_gateway_hybrid_0/inst/u_device_dna_reader/dna_shift_value_reg[52]/C
                            (rising edge-triggered cell FDCE)
  Destination:            udp_gateway_shadow_mirror_i/dma_gateway_hybrid_0/inst/u_device_dna_reader/o_dna_value_reg[52]/D
                            (rising edge-triggered cell FDCE clocked by clk_fpga_0  {rise@0.000ns fall@10.000ns period=20.000ns})
  Path Group:             (none)
  Path Type:              Setup (Max at Slow Process Corner)
  Data Path Delay:        1.992ns  (logic 0.419ns (21.037%)  route 1.573ns (78.963%))
  Logic Levels:           1  (FDCE=1)
  Clock Uncertainty:      0.301ns  ((TSJ^2 + TIJ^2)^1/2 + DJ) / 2 + PE
    Total System Jitter     (TSJ):    0.050ns
    Total Input Jitter      (TIJ):    0.600ns
    Discrete Jitter          (DJ):    0.000ns
    Phase Error              (PE):    0.000ns

    Location             Delay type                Incr(ns)  Path(ns)    Netlist Resource(s)
  -------------------------------------------------------------------    -------------------
    SLICE_X45Y101        FDCE                         0.000     0.000 r  udp_gateway_shadow_mirror_i/dma_gateway_hybrid_0/inst/u_device_dna_reader/dna_shift_value_reg[52]/C
    SLICE_X45Y101        FDCE (Prop_fdce_C_Q)         0.419     0.419 r  udp_gateway_shadow_mirror_i/dma_gateway_hybrid_0/inst/u_device_dna_reader/dna_shift_value_reg[52]/Q
                         net (fo=2, routed)           1.573     1.992    udp_gateway_shadow_mirror_i/dma_gateway_hybrid_0/inst/u_device_dna_reader/dna_shift_value[52]
    SLICE_X52Y110        FDCE                                         r  udp_gateway_shadow_mirror_i/dma_gateway_hybrid_0/inst/u_device_dna_reader/o_dna_value_reg[52]/D
  -------------------------------------------------------------------    -------------------

                         (clock clk_fpga_0 rise edge)
                                                      0.000     0.000 r  
    PS7_X0Y0             PS7                          0.000     0.000 r  udp_gateway_shadow_mirror_i/processing_system7_0/inst/PS7_i/FCLKCLK[0]
                         net (fo=1, routed)           1.088     1.088    udp_gateway_shadow_mirror_i/processing_system7_0/inst/FCLK_CLK_unbuffered[0]
    BUFGCTRL_X0Y17       BUFG (Prop_bufg_I_O)         0.091     1.179 r  udp_gateway_shadow_mirror_i/processing_system7_0/inst/buffer_fclk_clk_0.FCLK_CLK_0_BUFG/O
                         net (fo=54559, routed)       1.638     2.817    udp_gateway_shadow_mirror_i/dma_gateway_hybrid_0/inst/u_device_dna_reader/clk
    SLICE_X52Y110        FDCE                                         r  udp_gateway_shadow_mirror_i/dma_gateway_hybrid_0/inst/u_device_dna_reader/o_dna_value_reg[52]/C

Slack:                    inf
  Source:                 udp_gateway_shadow_mirror_i/dma_gateway_hybrid_0/inst/u_device_dna_reader/dna_busy_raw_reg/C
                            (rising edge-triggered cell FDPE)
  Destination:            udp_gateway_shadow_mirror_i/dma_gateway_hybrid_0/inst/u_device_dna_reader/dna_clk_div_ctr_reg[3]/D
                            (rising edge-triggered cell FDCE clocked by clk_fpga_0  {rise@0.000ns fall@10.000ns period=20.000ns})
  Path Group:             (none)
  Path Type:              Setup (Max at Slow Process Corner)
  Data Path Delay:        1.939ns  (logic 0.608ns (31.349%)  route 1.331ns (68.651%))
  Logic Levels:           2  (FDPE=1 LUT5=1)
  Clock Uncertainty:      0.301ns  ((TSJ^2 + TIJ^2)^1/2 + DJ) / 2 + PE
    Total System Jitter     (TSJ):    0.050ns
    Total Input Jitter      (TIJ):    0.600ns
    Discrete Jitter          (DJ):    0.000ns
    Phase Error              (PE):    0.000ns

    Location             Delay type                Incr(ns)  Path(ns)    Netlist Resource(s)
  -------------------------------------------------------------------    -------------------
    SLICE_X65Y106        FDPE                         0.000     0.000 r  udp_gateway_shadow_mirror_i/dma_gateway_hybrid_0/inst/u_device_dna_reader/dna_busy_raw_reg/C
    SLICE_X65Y106        FDPE (Prop_fdpe_C_Q)         0.456     0.456 r  udp_gateway_shadow_mirror_i/dma_gateway_hybrid_0/inst/u_device_dna_reader/dna_busy_raw_reg/Q
                         net (fo=10, routed)          1.331     1.787    udp_gateway_shadow_mirror_i/dma_gateway_hybrid_0/inst/u_device_dna_reader/dna_busy_raw
    SLICE_X57Y100        LUT5 (Prop_lut5_I0_O)        0.152     1.939 r  udp_gateway_shadow_mirror_i/dma_gateway_hybrid_0/inst/u_device_dna_reader/dna_clk_div_ctr[3]_i_1/O
                         net (fo=1, routed)           0.000     1.939    udp_gateway_shadow_mirror_i/dma_gateway_hybrid_0/inst/u_device_dna_reader/dna_clk_div_ctr[3]_i_1_n_0
    SLICE_X57Y100        FDCE                                         r  udp_gateway_shadow_mirror_i/dma_gateway_hybrid_0/inst/u_device_dna_reader/dna_clk_div_ctr_reg[3]/D
  -------------------------------------------------------------------    -------------------

                         (clock clk_fpga_0 rise edge)
                                                      0.000     0.000 r  
    PS7_X0Y0             PS7                          0.000     0.000 r  udp_gateway_shadow_mirror_i/processing_system7_0/inst/PS7_i/FCLKCLK[0]
                         net (fo=1, routed)           1.088     1.088    udp_gateway_shadow_mirror_i/processing_system7_0/inst/FCLK_CLK_unbuffered[0]
    BUFGCTRL_X0Y17       BUFG (Prop_bufg_I_O)         0.091     1.179 r  udp_gateway_shadow_mirror_i/processing_system7_0/inst/buffer_fclk_clk_0.FCLK_CLK_0_BUFG/O
                         net (fo=54559, routed)       1.712     2.891    udp_gateway_shadow_mirror_i/dma_gateway_hybrid_0/inst/u_device_dna_reader/clk
    SLICE_X57Y100        FDCE                                         r  udp_gateway_shadow_mirror_i/dma_gateway_hybrid_0/inst/u_device_dna_reader/dna_clk_div_ctr_reg[3]/C

Slack:                    inf
  Source:                 udp_gateway_shadow_mirror_i/dma_gateway_hybrid_0/inst/u_device_dna_reader/dna_busy_raw_reg/C
                            (rising edge-triggered cell FDPE)
  Destination:            udp_gateway_shadow_mirror_i/dma_gateway_hybrid_0/inst/u_device_dna_reader/dna_clk_div_ctr_reg[1]/D
                            (rising edge-triggered cell FDCE clocked by clk_fpga_0  {rise@0.000ns fall@10.000ns period=20.000ns})
  Path Group:             (none)
  Path Type:              Setup (Max at Slow Process Corner)
  Data Path Delay:        1.937ns  (logic 0.608ns (31.381%)  route 1.329ns (68.619%))
  Logic Levels:           2  (FDPE=1 LUT3=1)
  Clock Uncertainty:      0.301ns  ((TSJ^2 + TIJ^2)^1/2 + DJ) / 2 + PE
    Total System Jitter     (TSJ):    0.050ns
    Total Input Jitter      (TIJ):    0.600ns
    Discrete Jitter          (DJ):    0.000ns
    Phase Error              (PE):    0.000ns

    Location             Delay type                Incr(ns)  Path(ns)    Netlist Resource(s)
  -------------------------------------------------------------------    -------------------
    SLICE_X65Y106        FDPE                         0.000     0.000 r  udp_gateway_shadow_mirror_i/dma_gateway_hybrid_0/inst/u_device_dna_reader/dna_busy_raw_reg/C
    SLICE_X65Y106        FDPE (Prop_fdpe_C_Q)         0.456     0.456 r  udp_gateway_shadow_mirror_i/dma_gateway_hybrid_0/inst/u_device_dna_reader/dna_busy_raw_reg/Q
                         net (fo=10, routed)          1.329     1.785    udp_gateway_shadow_mirror_i/dma_gateway_hybrid_0/inst/u_device_dna_reader/dna_busy_raw
    SLICE_X57Y100        LUT3 (Prop_lut3_I0_O)        0.152     1.937 r  udp_gateway_shadow_mirror_i/dma_gateway_hybrid_0/inst/u_device_dna_reader/dna_clk_div_ctr[1]_i_1/O
                         net (fo=1, routed)           0.000     1.937    udp_gateway_shadow_mirror_i/dma_gateway_hybrid_0/inst/u_device_dna_reader/dna_clk_div_ctr[1]_i_1_n_0
    SLICE_X57Y100        FDCE                                         r  udp_gateway_shadow_mirror_i/dma_gateway_hybrid_0/inst/u_device_dna_reader/dna_clk_div_ctr_reg[1]/D
  -------------------------------------------------------------------    -------------------

                         (clock clk_fpga_0 rise edge)
                                                      0.000     0.000 r  
    PS7_X0Y0             PS7                          0.000     0.000 r  udp_gateway_shadow_mirror_i/processing_system7_0/inst/PS7_i/FCLKCLK[0]
                         net (fo=1, routed)           1.088     1.088    udp_gateway_shadow_mirror_i/processing_system7_0/inst/FCLK_CLK_unbuffered[0]
    BUFGCTRL_X0Y17       BUFG (Prop_bufg_I_O)         0.091     1.179 r  udp_gateway_shadow_mirror_i/processing_system7_0/inst/buffer_fclk_clk_0.FCLK_CLK_0_BUFG/O
                         net (fo=54559, routed)       1.712     2.891    udp_gateway_shadow_mirror_i/dma_gateway_hybrid_0/inst/u_device_dna_reader/clk
    SLICE_X57Y100        FDCE                                         r  udp_gateway_shadow_mirror_i/dma_gateway_hybrid_0/inst/u_device_dna_reader/dna_clk_div_ctr_reg[1]/C

Slack:                    inf
  Source:                 udp_gateway_shadow_mirror_i/dma_gateway_hybrid_0/inst/u_device_dna_reader/dna_busy_raw_reg/C
                            (rising edge-triggered cell FDPE)
  Destination:            udp_gateway_shadow_mirror_i/dma_gateway_hybrid_0/inst/u_device_dna_reader/dna_clk_div_ctr_reg[2]/D
                            (rising edge-triggered cell FDCE clocked by clk_fpga_0  {rise@0.000ns fall@10.000ns period=20.000ns})
  Path Group:             (none)
  Path Type:              Setup (Max at Slow Process Corner)
  Data Path Delay:        1.911ns  (logic 0.580ns (30.343%)  route 1.331ns (69.657%))
  Logic Levels:           2  (FDPE=1 LUT4=1)
  Clock Uncertainty:      0.301ns  ((TSJ^2 + TIJ^2)^1/2 + DJ) / 2 + PE
    Total System Jitter     (TSJ):    0.050ns
    Total Input Jitter      (TIJ):    0.600ns
    Discrete Jitter          (DJ):    0.000ns
    Phase Error              (PE):    0.000ns

    Location             Delay type                Incr(ns)  Path(ns)    Netlist Resource(s)
  -------------------------------------------------------------------    -------------------
    SLICE_X65Y106        FDPE                         0.000     0.000 r  udp_gateway_shadow_mirror_i/dma_gateway_hybrid_0/inst/u_device_dna_reader/dna_busy_raw_reg/C
    SLICE_X65Y106        FDPE (Prop_fdpe_C_Q)         0.456     0.456 r  udp_gateway_shadow_mirror_i/dma_gateway_hybrid_0/inst/u_device_dna_reader/dna_busy_raw_reg/Q
                         net (fo=10, routed)          1.331     1.787    udp_gateway_shadow_mirror_i/dma_gateway_hybrid_0/inst/u_device_dna_reader/dna_busy_raw
    SLICE_X57Y100        LUT4 (Prop_lut4_I0_O)        0.124     1.911 r  udp_gateway_shadow_mirror_i/dma_gateway_hybrid_0/inst/u_device_dna_reader/dna_clk_div_ctr[2]_i_1/O
                         net (fo=1, routed)           0.000     1.911    udp_gateway_shadow_mirror_i/dma_gateway_hybrid_0/inst/u_device_dna_reader/dna_clk_div_ctr[2]_i_1_n_0
    SLICE_X57Y100        FDCE                                         r  udp_gateway_shadow_mirror_i/dma_gateway_hybrid_0/inst/u_device_dna_reader/dna_clk_div_ctr_reg[2]/D
  -------------------------------------------------------------------    -------------------

                         (clock clk_fpga_0 rise edge)
                                                      0.000     0.000 r  
    PS7_X0Y0             PS7                          0.000     0.000 r  udp_gateway_shadow_mirror_i/processing_system7_0/inst/PS7_i/FCLKCLK[0]
                         net (fo=1, routed)           1.088     1.088    udp_gateway_shadow_mirror_i/processing_system7_0/inst/FCLK_CLK_unbuffered[0]
    BUFGCTRL_X0Y17       BUFG (Prop_bufg_I_O)         0.091     1.179 r  udp_gateway_shadow_mirror_i/processing_system7_0/inst/buffer_fclk_clk_0.FCLK_CLK_0_BUFG/O
                         net (fo=54559, routed)       1.712     2.891    udp_gateway_shadow_mirror_i/dma_gateway_hybrid_0/inst/u_device_dna_reader/clk
    SLICE_X57Y100        FDCE                                         r  udp_gateway_shadow_mirror_i/dma_gateway_hybrid_0/inst/u_device_dna_reader/dna_clk_div_ctr_reg[2]/C

Slack:                    inf
  Source:                 udp_gateway_shadow_mirror_i/dma_gateway_hybrid_0/inst/u_device_dna_reader/dna_busy_raw_reg/C
                            (rising edge-triggered cell FDPE)
  Destination:            udp_gateway_shadow_mirror_i/dma_gateway_hybrid_0/inst/u_device_dna_reader/dna_clk_div_ctr_reg[0]/D
                            (rising edge-triggered cell FDCE clocked by clk_fpga_0  {rise@0.000ns fall@10.000ns period=20.000ns})
  Path Group:             (none)
  Path Type:              Setup (Max at Slow Process Corner)
  Data Path Delay:        1.909ns  (logic 0.580ns (30.375%)  route 1.329ns (69.625%))
  Logic Levels:           2  (FDPE=1 LUT2=1)
  Clock Uncertainty:      0.301ns  ((TSJ^2 + TIJ^2)^1/2 + DJ) / 2 + PE
    Total System Jitter     (TSJ):    0.050ns
    Total Input Jitter      (TIJ):    0.600ns
    Discrete Jitter          (DJ):    0.000ns
    Phase Error              (PE):    0.000ns

    Location             Delay type                Incr(ns)  Path(ns)    Netlist Resource(s)
  -------------------------------------------------------------------    -------------------
    SLICE_X65Y106        FDPE                         0.000     0.000 r  udp_gateway_shadow_mirror_i/dma_gateway_hybrid_0/inst/u_device_dna_reader/dna_busy_raw_reg/C
    SLICE_X65Y106        FDPE (Prop_fdpe_C_Q)         0.456     0.456 r  udp_gateway_shadow_mirror_i/dma_gateway_hybrid_0/inst/u_device_dna_reader/dna_busy_raw_reg/Q
                         net (fo=10, routed)          1.329     1.785    udp_gateway_shadow_mirror_i/dma_gateway_hybrid_0/inst/u_device_dna_reader/dna_busy_raw
    SLICE_X57Y100        LUT2 (Prop_lut2_I0_O)        0.124     1.909 r  udp_gateway_shadow_mirror_i/dma_gateway_hybrid_0/inst/u_device_dna_reader/dna_clk_div_ctr[0]_i_1/O
                         net (fo=1, routed)           0.000     1.909    udp_gateway_shadow_mirror_i/dma_gateway_hybrid_0/inst/u_device_dna_reader/dna_clk_div_ctr[0]_i_1_n_0
    SLICE_X57Y100        FDCE                                         r  udp_gateway_shadow_mirror_i/dma_gateway_hybrid_0/inst/u_device_dna_reader/dna_clk_div_ctr_reg[0]/D
  -------------------------------------------------------------------    -------------------

                         (clock clk_fpga_0 rise edge)
                                                      0.000     0.000 r  
    PS7_X0Y0             PS7                          0.000     0.000 r  udp_gateway_shadow_mirror_i/processing_system7_0/inst/PS7_i/FCLKCLK[0]
                         net (fo=1, routed)           1.088     1.088    udp_gateway_shadow_mirror_i/processing_system7_0/inst/FCLK_CLK_unbuffered[0]
    BUFGCTRL_X0Y17       BUFG (Prop_bufg_I_O)         0.091     1.179 r  udp_gateway_shadow_mirror_i/processing_system7_0/inst/buffer_fclk_clk_0.FCLK_CLK_0_BUFG/O
                         net (fo=54559, routed)       1.712     2.891    udp_gateway_shadow_mirror_i/dma_gateway_hybrid_0/inst/u_device_dna_reader/clk
    SLICE_X57Y100        FDCE                                         r  udp_gateway_shadow_mirror_i/dma_gateway_hybrid_0/inst/u_device_dna_reader/dna_clk_div_ctr_reg[0]/C

Slack:                    inf
  Source:                 udp_gateway_shadow_mirror_i/dma_gateway_hybrid_0/inst/u_device_dna_reader/dna_shift_value_reg[49]/C
                            (rising edge-triggered cell FDCE)
  Destination:            udp_gateway_shadow_mirror_i/dma_gateway_hybrid_0/inst/u_device_dna_reader/o_dna_value_reg[49]/D
                            (rising edge-triggered cell FDCE clocked by clk_fpga_0  {rise@0.000ns fall@10.000ns period=20.000ns})
  Path Group:             (none)
  Path Type:              Setup (Max at Slow Process Corner)
  Data Path Delay:        1.869ns  (logic 0.419ns (22.416%)  route 1.450ns (77.584%))
  Logic Levels:           1  (FDCE=1)
  Clock Uncertainty:      0.301ns  ((TSJ^2 + TIJ^2)^1/2 + DJ) / 2 + PE
    Total System Jitter     (TSJ):    0.050ns
    Total Input Jitter      (TIJ):    0.600ns
    Discrete Jitter          (DJ):    0.000ns
    Phase Error              (PE):    0.000ns

    Location             Delay type                Incr(ns)  Path(ns)    Netlist Resource(s)
  -------------------------------------------------------------------    -------------------
    SLICE_X41Y101        FDCE                         0.000     0.000 r  udp_gateway_shadow_mirror_i/dma_gateway_hybrid_0/inst/u_device_dna_reader/dna_shift_value_reg[49]/C
    SLICE_X41Y101        FDCE (Prop_fdce_C_Q)         0.419     0.419 r  udp_gateway_shadow_mirror_i/dma_gateway_hybrid_0/inst/u_device_dna_reader/dna_shift_value_reg[49]/Q
                         net (fo=2, routed)           1.450     1.869    udp_gateway_shadow_mirror_i/dma_gateway_hybrid_0/inst/u_device_dna_reader/dna_shift_value[49]
    SLICE_X43Y100        FDCE                                         r  udp_gateway_shadow_mirror_i/dma_gateway_hybrid_0/inst/u_device_dna_reader/o_dna_value_reg[49]/D
  -------------------------------------------------------------------    -------------------

                         (clock clk_fpga_0 rise edge)
                                                      0.000     0.000 r  
    PS7_X0Y0             PS7                          0.000     0.000 r  udp_gateway_shadow_mirror_i/processing_system7_0/inst/PS7_i/FCLKCLK[0]
                         net (fo=1, routed)           1.088     1.088    udp_gateway_shadow_mirror_i/processing_system7_0/inst/FCLK_CLK_unbuffered[0]
    BUFGCTRL_X0Y17       BUFG (Prop_bufg_I_O)         0.091     1.179 r  udp_gateway_shadow_mirror_i/processing_system7_0/inst/buffer_fclk_clk_0.FCLK_CLK_0_BUFG/O
                         net (fo=54559, routed)       1.654     2.833    udp_gateway_shadow_mirror_i/dma_gateway_hybrid_0/inst/u_device_dna_reader/clk
    SLICE_X43Y100        FDCE                                         r  udp_gateway_shadow_mirror_i/dma_gateway_hybrid_0/inst/u_device_dna_reader/o_dna_value_reg[49]/C

Slack:                    inf
  Source:                 udp_gateway_shadow_mirror_i/dma_gateway_hybrid_0/inst/u_device_dna_reader/dna_shift_value_reg[54]/C
                            (rising edge-triggered cell FDCE)
  Destination:            udp_gateway_shadow_mirror_i/dma_gateway_hybrid_0/inst/u_device_dna_reader/o_dna_value_reg[54]/D
                            (rising edge-triggered cell FDCE clocked by clk_fpga_0  {rise@0.000ns fall@10.000ns period=20.000ns})
  Path Group:             (none)
  Path Type:              Setup (Max at Slow Process Corner)
  Data Path Delay:        1.802ns  (logic 0.456ns (25.304%)  route 1.346ns (74.696%))
  Logic Levels:           1  (FDCE=1)
  Clock Uncertainty:      0.301ns  ((TSJ^2 + TIJ^2)^1/2 + DJ) / 2 + PE
    Total System Jitter     (TSJ):    0.050ns
    Total Input Jitter      (TIJ):    0.600ns
    Discrete Jitter          (DJ):    0.000ns
    Phase Error              (PE):    0.000ns

    Location             Delay type                Incr(ns)  Path(ns)    Netlist Resource(s)
  -------------------------------------------------------------------    -------------------
    SLICE_X57Y112        FDCE                         0.000     0.000 r  udp_gateway_shadow_mirror_i/dma_gateway_hybrid_0/inst/u_device_dna_reader/dna_shift_value_reg[54]/C
    SLICE_X57Y112        FDCE (Prop_fdce_C_Q)         0.456     0.456 r  udp_gateway_shadow_mirror_i/dma_gateway_hybrid_0/inst/u_device_dna_reader/dna_shift_value_reg[54]/Q
                         net (fo=2, routed)           1.346     1.802    udp_gateway_shadow_mirror_i/dma_gateway_hybrid_0/inst/u_device_dna_reader/dna_shift_value[54]
    SLICE_X47Y104        FDCE                                         r  udp_gateway_shadow_mirror_i/dma_gateway_hybrid_0/inst/u_device_dna_reader/o_dna_value_reg[54]/D
  -------------------------------------------------------------------    -------------------

                         (clock clk_fpga_0 rise edge)
                                                      0.000     0.000 r  
    PS7_X0Y0             PS7                          0.000     0.000 r  udp_gateway_shadow_mirror_i/processing_system7_0/inst/PS7_i/FCLKCLK[0]
                         net (fo=1, routed)           1.088     1.088    udp_gateway_shadow_mirror_i/processing_system7_0/inst/FCLK_CLK_unbuffered[0]
    BUFGCTRL_X0Y17       BUFG (Prop_bufg_I_O)         0.091     1.179 r  udp_gateway_shadow_mirror_i/processing_system7_0/inst/buffer_fclk_clk_0.FCLK_CLK_0_BUFG/O
                         net (fo=54559, routed)       1.652     2.831    udp_gateway_shadow_mirror_i/dma_gateway_hybrid_0/inst/u_device_dna_reader/clk
    SLICE_X47Y104        FDCE                                         r  udp_gateway_shadow_mirror_i/dma_gateway_hybrid_0/inst/u_device_dna_reader/o_dna_value_reg[54]/C

Slack:                    inf
  Source:                 udp_gateway_shadow_mirror_i/dma_gateway_hybrid_0/inst/u_device_dna_reader/dna_shift_value_reg[8]/C
                            (rising edge-triggered cell FDCE)
  Destination:            udp_gateway_shadow_mirror_i/dma_gateway_hybrid_0/inst/u_device_dna_reader/o_dna_value_reg[8]/D
                            (rising edge-triggered cell FDCE clocked by clk_fpga_0  {rise@0.000ns fall@10.000ns period=20.000ns})
  Path Group:             (none)
  Path Type:              Setup (Max at Slow Process Corner)
  Data Path Delay:        1.716ns  (logic 0.456ns (26.569%)  route 1.260ns (73.431%))
  Logic Levels:           1  (FDCE=1)
  Clock Uncertainty:      0.301ns  ((TSJ^2 + TIJ^2)^1/2 + DJ) / 2 + PE
    Total System Jitter     (TSJ):    0.050ns
    Total Input Jitter      (TIJ):    0.600ns
    Discrete Jitter          (DJ):    0.000ns
    Phase Error              (PE):    0.000ns

    Location             Delay type                Incr(ns)  Path(ns)    Netlist Resource(s)
  -------------------------------------------------------------------    -------------------
    SLICE_X45Y91         FDCE                         0.000     0.000 r  udp_gateway_shadow_mirror_i/dma_gateway_hybrid_0/inst/u_device_dna_reader/dna_shift_value_reg[8]/C
    SLICE_X45Y91         FDCE (Prop_fdce_C_Q)         0.456     0.456 r  udp_gateway_shadow_mirror_i/dma_gateway_hybrid_0/inst/u_device_dna_reader/dna_shift_value_reg[8]/Q
                         net (fo=2, routed)           1.260     1.716    udp_gateway_shadow_mirror_i/dma_gateway_hybrid_0/inst/u_device_dna_reader/dna_shift_value[8]
    SLICE_X47Y107        FDCE                                         r  udp_gateway_shadow_mirror_i/dma_gateway_hybrid_0/inst/u_device_dna_reader/o_dna_value_reg[8]/D
  -------------------------------------------------------------------    -------------------

                         (clock clk_fpga_0 rise edge)
                                                      0.000     0.000 r  
    PS7_X0Y0             PS7                          0.000     0.000 r  udp_gateway_shadow_mirror_i/processing_system7_0/inst/PS7_i/FCLKCLK[0]
                         net (fo=1, routed)           1.088     1.088    udp_gateway_shadow_mirror_i/processing_system7_0/inst/FCLK_CLK_unbuffered[0]
    BUFGCTRL_X0Y17       BUFG (Prop_bufg_I_O)         0.091     1.179 r  udp_gateway_shadow_mirror_i/processing_system7_0/inst/buffer_fclk_clk_0.FCLK_CLK_0_BUFG/O
                         net (fo=54559, routed)       1.651     2.830    udp_gateway_shadow_mirror_i/dma_gateway_hybrid_0/inst/u_device_dna_reader/clk
    SLICE_X47Y107        FDCE                                         r  udp_gateway_shadow_mirror_i/dma_gateway_hybrid_0/inst/u_device_dna_reader/o_dna_value_reg[8]/C





Min Delay Paths
--------------------------------------------------------------------------------------
Slack:                    inf
  Source:                 udp_gateway_shadow_mirror_i/dma_gateway_hybrid_0/inst/u_device_dna_reader/dna_shift_value_reg[56]/C
                            (rising edge-triggered cell FDCE)
  Destination:            udp_gateway_shadow_mirror_i/dma_gateway_hybrid_0/inst/u_device_dna_reader/o_dna_value_reg[56]/D
                            (rising edge-triggered cell FDCE clocked by clk_fpga_0  {rise@0.000ns fall@10.000ns period=20.000ns})
  Path Group:             (none)
  Path Type:              Hold (Min at Fast Process Corner)
  Data Path Delay:        0.253ns  (logic 0.141ns (55.730%)  route 0.112ns (44.270%))
  Logic Levels:           1  (FDCE=1)
  Clock Uncertainty:      0.301ns  ((TSJ^2 + TIJ^2)^1/2 + DJ) / 2 + PE
    Total System Jitter     (TSJ):    0.050ns
    Total Input Jitter      (TIJ):    0.600ns
    Discrete Jitter          (DJ):    0.000ns
    Phase Error              (PE):    0.000ns

    Location             Delay type                Incr(ns)  Path(ns)    Netlist Resource(s)
  -------------------------------------------------------------------    -------------------
    SLICE_X41Y107        FDCE                         0.000     0.000 r  udp_gateway_shadow_mirror_i/dma_gateway_hybrid_0/inst/u_device_dna_reader/dna_shift_value_reg[56]/C
    SLICE_X41Y107        FDCE (Prop_fdce_C_Q)         0.141     0.141 r  udp_gateway_shadow_mirror_i/dma_gateway_hybrid_0/inst/u_device_dna_reader/dna_shift_value_reg[56]/Q
                         net (fo=1, routed)           0.112     0.253    udp_gateway_shadow_mirror_i/dma_gateway_hybrid_0/inst/u_device_dna_reader/dna_shift_value[56]
    SLICE_X40Y107        FDCE                                         r  udp_gateway_shadow_mirror_i/dma_gateway_hybrid_0/inst/u_device_dna_reader/o_dna_value_reg[56]/D
  -------------------------------------------------------------------    -------------------

                         (clock clk_fpga_0 rise edge)
                                                      0.000     0.000 r  
    PS7_X0Y0             PS7                          0.000     0.000 r  udp_gateway_shadow_mirror_i/processing_system7_0/inst/PS7_i/FCLKCLK[0]
                         net (fo=1, routed)           0.337     0.337    udp_gateway_shadow_mirror_i/processing_system7_0/inst/FCLK_CLK_unbuffered[0]
    BUFGCTRL_X0Y17       BUFG (Prop_bufg_I_O)         0.029     0.366 r  udp_gateway_shadow_mirror_i/processing_system7_0/inst/buffer_fclk_clk_0.FCLK_CLK_0_BUFG/O
                         net (fo=54559, routed)       0.909     1.275    udp_gateway_shadow_mirror_i/dma_gateway_hybrid_0/inst/u_device_dna_reader/clk
    SLICE_X40Y107        FDCE                                         r  udp_gateway_shadow_mirror_i/dma_gateway_hybrid_0/inst/u_device_dna_reader/o_dna_value_reg[56]/C

Slack:                    inf
  Source:                 udp_gateway_shadow_mirror_i/dma_gateway_hybrid_0/inst/u_device_dna_reader/dna_shift_value_reg[43]/C
                            (rising edge-triggered cell FDCE)
  Destination:            udp_gateway_shadow_mirror_i/dma_gateway_hybrid_0/inst/u_device_dna_reader/o_dna_value_reg[43]/D
                            (rising edge-triggered cell FDCE clocked by clk_fpga_0  {rise@0.000ns fall@10.000ns period=20.000ns})
  Path Group:             (none)
  Path Type:              Hold (Min at Fast Process Corner)
  Data Path Delay:        0.253ns  (logic 0.141ns (55.648%)  route 0.112ns (44.352%))
  Logic Levels:           1  (FDCE=1)
  Clock Uncertainty:      0.301ns  ((TSJ^2 + TIJ^2)^1/2 + DJ) / 2 + PE
    Total System Jitter     (TSJ):    0.050ns
    Total Input Jitter      (TIJ):    0.600ns
    Discrete Jitter          (DJ):    0.000ns
    Phase Error              (PE):    0.000ns

    Location             Delay type                Incr(ns)  Path(ns)    Netlist Resource(s)
  -------------------------------------------------------------------    -------------------
    SLICE_X41Y101        FDCE                         0.000     0.000 r  udp_gateway_shadow_mirror_i/dma_gateway_hybrid_0/inst/u_device_dna_reader/dna_shift_value_reg[43]/C
    SLICE_X41Y101        FDCE (Prop_fdce_C_Q)         0.141     0.141 r  udp_gateway_shadow_mirror_i/dma_gateway_hybrid_0/inst/u_device_dna_reader/dna_shift_value_reg[43]/Q
                         net (fo=2, routed)           0.112     0.253    udp_gateway_shadow_mirror_i/dma_gateway_hybrid_0/inst/u_device_dna_reader/dna_shift_value[43]
    SLICE_X43Y100        FDCE                                         r  udp_gateway_shadow_mirror_i/dma_gateway_hybrid_0/inst/u_device_dna_reader/o_dna_value_reg[43]/D
  -------------------------------------------------------------------    -------------------

                         (clock clk_fpga_0 rise edge)
                                                      0.000     0.000 r  
    PS7_X0Y0             PS7                          0.000     0.000 r  udp_gateway_shadow_mirror_i/processing_system7_0/inst/PS7_i/FCLKCLK[0]
                         net (fo=1, routed)           0.337     0.337    udp_gateway_shadow_mirror_i/processing_system7_0/inst/FCLK_CLK_unbuffered[0]
    BUFGCTRL_X0Y17       BUFG (Prop_bufg_I_O)         0.029     0.366 r  udp_gateway_shadow_mirror_i/processing_system7_0/inst/buffer_fclk_clk_0.FCLK_CLK_0_BUFG/O
                         net (fo=54559, routed)       0.911     1.277    udp_gateway_shadow_mirror_i/dma_gateway_hybrid_0/inst/u_device_dna_reader/clk
    SLICE_X43Y100        FDCE                                         r  udp_gateway_shadow_mirror_i/dma_gateway_hybrid_0/inst/u_device_dna_reader/o_dna_value_reg[43]/C

Slack:                    inf
  Source:                 udp_gateway_shadow_mirror_i/dma_gateway_hybrid_0/inst/u_device_dna_reader/dna_shift_value_reg[22]/C
                            (rising edge-triggered cell FDCE)
  Destination:            udp_gateway_shadow_mirror_i/dma_gateway_hybrid_0/inst/u_device_dna_reader/o_dna_value_reg[22]/D
                            (rising edge-triggered cell FDCE clocked by clk_fpga_0  {rise@0.000ns fall@10.000ns period=20.000ns})
  Path Group:             (none)
  Path Type:              Hold (Min at Fast Process Corner)
  Data Path Delay:        0.254ns  (logic 0.128ns (50.324%)  route 0.126ns (49.676%))
  Logic Levels:           1  (FDCE=1)
  Clock Uncertainty:      0.301ns  ((TSJ^2 + TIJ^2)^1/2 + DJ) / 2 + PE
    Total System Jitter     (TSJ):    0.050ns
    Total Input Jitter      (TIJ):    0.600ns
    Discrete Jitter          (DJ):    0.000ns
    Phase Error              (PE):    0.000ns

    Location             Delay type                Incr(ns)  Path(ns)    Netlist Resource(s)
  -------------------------------------------------------------------    -------------------
    SLICE_X45Y101        FDCE                         0.000     0.000 r  udp_gateway_shadow_mirror_i/dma_gateway_hybrid_0/inst/u_device_dna_reader/dna_shift_value_reg[22]/C
    SLICE_X45Y101        FDCE (Prop_fdce_C_Q)         0.128     0.128 r  udp_gateway_shadow_mirror_i/dma_gateway_hybrid_0/inst/u_device_dna_reader/dna_shift_value_reg[22]/Q
                         net (fo=2, routed)           0.126     0.254    udp_gateway_shadow_mirror_i/dma_gateway_hybrid_0/inst/u_device_dna_reader/dna_shift_value[22]
    SLICE_X45Y100        FDCE                                         r  udp_gateway_shadow_mirror_i/dma_gateway_hybrid_0/inst/u_device_dna_reader/o_dna_value_reg[22]/D
  -------------------------------------------------------------------    -------------------

                         (clock clk_fpga_0 rise edge)
                                                      0.000     0.000 r  
    PS7_X0Y0             PS7                          0.000     0.000 r  udp_gateway_shadow_mirror_i/processing_system7_0/inst/PS7_i/FCLKCLK[0]
                         net (fo=1, routed)           0.337     0.337    udp_gateway_shadow_mirror_i/processing_system7_0/inst/FCLK_CLK_unbuffered[0]
    BUFGCTRL_X0Y17       BUFG (Prop_bufg_I_O)         0.029     0.366 r  udp_gateway_shadow_mirror_i/processing_system7_0/inst/buffer_fclk_clk_0.FCLK_CLK_0_BUFG/O
                         net (fo=54559, routed)       0.911     1.277    udp_gateway_shadow_mirror_i/dma_gateway_hybrid_0/inst/u_device_dna_reader/clk
    SLICE_X45Y100        FDCE                                         r  udp_gateway_shadow_mirror_i/dma_gateway_hybrid_0/inst/u_device_dna_reader/o_dna_value_reg[22]/C

Slack:                    inf
  Source:                 udp_gateway_shadow_mirror_i/dma_gateway_hybrid_0/inst/u_device_dna_reader/dna_shift_value_reg[13]/C
                            (rising edge-triggered cell FDCE)
  Destination:            udp_gateway_shadow_mirror_i/dma_gateway_hybrid_0/inst/u_device_dna_reader/o_dna_value_reg[13]/D
                            (rising edge-triggered cell FDCE clocked by clk_fpga_0  {rise@0.000ns fall@10.000ns period=20.000ns})
  Path Group:             (none)
  Path Type:              Hold (Min at Fast Process Corner)
  Data Path Delay:        0.255ns  (logic 0.141ns (55.202%)  route 0.114ns (44.798%))
  Logic Levels:           1  (FDCE=1)
  Clock Uncertainty:      0.301ns  ((TSJ^2 + TIJ^2)^1/2 + DJ) / 2 + PE
    Total System Jitter     (TSJ):    0.050ns
    Total Input Jitter      (TIJ):    0.600ns
    Discrete Jitter          (DJ):    0.000ns
    Phase Error              (PE):    0.000ns

    Location             Delay type                Incr(ns)  Path(ns)    Netlist Resource(s)
  -------------------------------------------------------------------    -------------------
    SLICE_X52Y100        FDCE                         0.000     0.000 r  udp_gateway_shadow_mirror_i/dma_gateway_hybrid_0/inst/u_device_dna_reader/dna_shift_value_reg[13]/C
    SLICE_X52Y100        FDCE (Prop_fdce_C_Q)         0.141     0.141 r  udp_gateway_shadow_mirror_i/dma_gateway_hybrid_0/inst/u_device_dna_reader/dna_shift_value_reg[13]/Q
                         net (fo=2, routed)           0.114     0.255    udp_gateway_shadow_mirror_i/dma_gateway_hybrid_0/inst/u_device_dna_reader/dna_shift_value[13]
    SLICE_X51Y99         FDCE                                         r  udp_gateway_shadow_mirror_i/dma_gateway_hybrid_0/inst/u_device_dna_reader/o_dna_value_reg[13]/D
  -------------------------------------------------------------------    -------------------

                         (clock clk_fpga_0 rise edge)
                                                      0.000     0.000 r  
    PS7_X0Y0             PS7                          0.000     0.000 r  udp_gateway_shadow_mirror_i/processing_system7_0/inst/PS7_i/FCLKCLK[0]
                         net (fo=1, routed)           0.337     0.337    udp_gateway_shadow_mirror_i/processing_system7_0/inst/FCLK_CLK_unbuffered[0]
    BUFGCTRL_X0Y17       BUFG (Prop_bufg_I_O)         0.029     0.366 r  udp_gateway_shadow_mirror_i/processing_system7_0/inst/buffer_fclk_clk_0.FCLK_CLK_0_BUFG/O
                         net (fo=54559, routed)       0.821     1.187    udp_gateway_shadow_mirror_i/dma_gateway_hybrid_0/inst/u_device_dna_reader/clk
    SLICE_X51Y99         FDCE                                         r  udp_gateway_shadow_mirror_i/dma_gateway_hybrid_0/inst/u_device_dna_reader/o_dna_value_reg[13]/C

Slack:                    inf
  Source:                 udp_gateway_shadow_mirror_i/dma_gateway_hybrid_0/inst/u_device_dna_reader/dna_shift_value_reg[30]/C
                            (rising edge-triggered cell FDCE)
  Destination:            udp_gateway_shadow_mirror_i/dma_gateway_hybrid_0/inst/u_device_dna_reader/o_dna_value_reg[30]/D
                            (rising edge-triggered cell FDCE clocked by clk_fpga_0  {rise@0.000ns fall@10.000ns period=20.000ns})
  Path Group:             (none)
  Path Type:              Hold (Min at Fast Process Corner)
  Data Path Delay:        0.256ns  (logic 0.128ns (49.996%)  route 0.128ns (50.004%))
  Logic Levels:           1  (FDCE=1)
  Clock Uncertainty:      0.301ns  ((TSJ^2 + TIJ^2)^1/2 + DJ) / 2 + PE
    Total System Jitter     (TSJ):    0.050ns
    Total Input Jitter      (TIJ):    0.600ns
    Discrete Jitter          (DJ):    0.000ns
    Phase Error              (PE):    0.000ns

    Location             Delay type                Incr(ns)  Path(ns)    Netlist Resource(s)
  -------------------------------------------------------------------    -------------------
    SLICE_X45Y101        FDCE                         0.000     0.000 r  udp_gateway_shadow_mirror_i/dma_gateway_hybrid_0/inst/u_device_dna_reader/dna_shift_value_reg[30]/C
    SLICE_X45Y101        FDCE (Prop_fdce_C_Q)         0.128     0.128 r  udp_gateway_shadow_mirror_i/dma_gateway_hybrid_0/inst/u_device_dna_reader/dna_shift_value_reg[30]/Q
                         net (fo=2, routed)           0.128     0.256    udp_gateway_shadow_mirror_i/dma_gateway_hybrid_0/inst/u_device_dna_reader/dna_shift_value[30]
    SLICE_X45Y102        FDCE                                         r  udp_gateway_shadow_mirror_i/dma_gateway_hybrid_0/inst/u_device_dna_reader/o_dna_value_reg[30]/D
  -------------------------------------------------------------------    -------------------

                         (clock clk_fpga_0 rise edge)
                                                      0.000     0.000 r  
    PS7_X0Y0             PS7                          0.000     0.000 r  udp_gateway_shadow_mirror_i/processing_system7_0/inst/PS7_i/FCLKCLK[0]
                         net (fo=1, routed)           0.337     0.337    udp_gateway_shadow_mirror_i/processing_system7_0/inst/FCLK_CLK_unbuffered[0]
    BUFGCTRL_X0Y17       BUFG (Prop_bufg_I_O)         0.029     0.366 r  udp_gateway_shadow_mirror_i/processing_system7_0/inst/buffer_fclk_clk_0.FCLK_CLK_0_BUFG/O
                         net (fo=54559, routed)       0.911     1.277    udp_gateway_shadow_mirror_i/dma_gateway_hybrid_0/inst/u_device_dna_reader/clk
    SLICE_X45Y102        FDCE                                         r  udp_gateway_shadow_mirror_i/dma_gateway_hybrid_0/inst/u_device_dna_reader/o_dna_value_reg[30]/C

Slack:                    inf
  Source:                 udp_gateway_shadow_mirror_i/dma_gateway_hybrid_0/inst/u_device_dna_reader/dna_shift_value_reg[51]/C
                            (rising edge-triggered cell FDCE)
  Destination:            udp_gateway_shadow_mirror_i/dma_gateway_hybrid_0/inst/u_device_dna_reader/o_dna_value_reg[51]/D
                            (rising edge-triggered cell FDCE clocked by clk_fpga_0  {rise@0.000ns fall@10.000ns period=20.000ns})
  Path Group:             (none)
  Path Type:              Hold (Min at Fast Process Corner)
  Data Path Delay:        0.259ns  (logic 0.128ns (49.436%)  route 0.131ns (50.564%))
  Logic Levels:           1  (FDCE=1)
  Clock Uncertainty:      0.301ns  ((TSJ^2 + TIJ^2)^1/2 + DJ) / 2 + PE
    Total System Jitter     (TSJ):    0.050ns
    Total Input Jitter      (TIJ):    0.600ns
    Discrete Jitter          (DJ):    0.000ns
    Phase Error              (PE):    0.000ns

    Location             Delay type                Incr(ns)  Path(ns)    Netlist Resource(s)
  -------------------------------------------------------------------    -------------------
    SLICE_X44Y101        FDCE                         0.000     0.000 r  udp_gateway_shadow_mirror_i/dma_gateway_hybrid_0/inst/u_device_dna_reader/dna_shift_value_reg[51]/C
    SLICE_X44Y101        FDCE (Prop_fdce_C_Q)         0.128     0.128 r  udp_gateway_shadow_mirror_i/dma_gateway_hybrid_0/inst/u_device_dna_reader/dna_shift_value_reg[51]/Q
                         net (fo=2, routed)           0.131     0.259    udp_gateway_shadow_mirror_i/dma_gateway_hybrid_0/inst/u_device_dna_reader/dna_shift_value[51]
    SLICE_X45Y100        FDCE                                         r  udp_gateway_shadow_mirror_i/dma_gateway_hybrid_0/inst/u_device_dna_reader/o_dna_value_reg[51]/D
  -------------------------------------------------------------------    -------------------

                         (clock clk_fpga_0 rise edge)
                                                      0.000     0.000 r  
    PS7_X0Y0             PS7                          0.000     0.000 r  udp_gateway_shadow_mirror_i/processing_system7_0/inst/PS7_i/FCLKCLK[0]
                         net (fo=1, routed)           0.337     0.337    udp_gateway_shadow_mirror_i/processing_system7_0/inst/FCLK_CLK_unbuffered[0]
    BUFGCTRL_X0Y17       BUFG (Prop_bufg_I_O)         0.029     0.366 r  udp_gateway_shadow_mirror_i/processing_system7_0/inst/buffer_fclk_clk_0.FCLK_CLK_0_BUFG/O
                         net (fo=54559, routed)       0.911     1.277    udp_gateway_shadow_mirror_i/dma_gateway_hybrid_0/inst/u_device_dna_reader/clk
    SLICE_X45Y100        FDCE                                         r  udp_gateway_shadow_mirror_i/dma_gateway_hybrid_0/inst/u_device_dna_reader/o_dna_value_reg[51]/C

Slack:                    inf
  Source:                 udp_gateway_shadow_mirror_i/dma_gateway_hybrid_0/inst/u_device_dna_reader/dna_shift_value_reg[46]/C
                            (rising edge-triggered cell FDCE)
  Destination:            udp_gateway_shadow_mirror_i/dma_gateway_hybrid_0/inst/u_device_dna_reader/o_dna_value_reg[46]/D
                            (rising edge-triggered cell FDCE clocked by clk_fpga_0  {rise@0.000ns fall@10.000ns period=20.000ns})
  Path Group:             (none)
  Path Type:              Hold (Min at Fast Process Corner)
  Data Path Delay:        0.264ns  (logic 0.128ns (48.434%)  route 0.136ns (51.566%))
  Logic Levels:           1  (FDCE=1)
  Clock Uncertainty:      0.301ns  ((TSJ^2 + TIJ^2)^1/2 + DJ) / 2 + PE
    Total System Jitter     (TSJ):    0.050ns
    Total Input Jitter      (TIJ):    0.600ns
    Discrete Jitter          (DJ):    0.000ns
    Phase Error              (PE):    0.000ns

    Location             Delay type                Incr(ns)  Path(ns)    Netlist Resource(s)
  -------------------------------------------------------------------    -------------------
    SLICE_X44Y101        FDCE                         0.000     0.000 r  udp_gateway_shadow_mirror_i/dma_gateway_hybrid_0/inst/u_device_dna_reader/dna_shift_value_reg[46]/C
    SLICE_X44Y101        FDCE (Prop_fdce_C_Q)         0.128     0.128 r  udp_gateway_shadow_mirror_i/dma_gateway_hybrid_0/inst/u_device_dna_reader/dna_shift_value_reg[46]/Q
                         net (fo=2, routed)           0.136     0.264    udp_gateway_shadow_mirror_i/dma_gateway_hybrid_0/inst/u_device_dna_reader/dna_shift_value[46]
    SLICE_X45Y102        FDCE                                         r  udp_gateway_shadow_mirror_i/dma_gateway_hybrid_0/inst/u_device_dna_reader/o_dna_value_reg[46]/D
  -------------------------------------------------------------------    -------------------

                         (clock clk_fpga_0 rise edge)
                                                      0.000     0.000 r  
    PS7_X0Y0             PS7                          0.000     0.000 r  udp_gateway_shadow_mirror_i/processing_system7_0/inst/PS7_i/FCLKCLK[0]
                         net (fo=1, routed)           0.337     0.337    udp_gateway_shadow_mirror_i/processing_system7_0/inst/FCLK_CLK_unbuffered[0]
    BUFGCTRL_X0Y17       BUFG (Prop_bufg_I_O)         0.029     0.366 r  udp_gateway_shadow_mirror_i/processing_system7_0/inst/buffer_fclk_clk_0.FCLK_CLK_0_BUFG/O
                         net (fo=54559, routed)       0.911     1.277    udp_gateway_shadow_mirror_i/dma_gateway_hybrid_0/inst/u_device_dna_reader/clk
    SLICE_X45Y102        FDCE                                         r  udp_gateway_shadow_mirror_i/dma_gateway_hybrid_0/inst/u_device_dna_reader/o_dna_value_reg[46]/C

Slack:                    inf
  Source:                 udp_gateway_shadow_mirror_i/dma_gateway_hybrid_0/inst/u_device_dna_reader/dna_shift_value_reg[41]/C
                            (rising edge-triggered cell FDCE)
  Destination:            udp_gateway_shadow_mirror_i/dma_gateway_hybrid_0/inst/u_device_dna_reader/o_dna_value_reg[41]/D
                            (rising edge-triggered cell FDCE clocked by clk_fpga_0  {rise@0.000ns fall@10.000ns period=20.000ns})
  Path Group:             (none)
  Path Type:              Hold (Min at Fast Process Corner)
  Data Path Delay:        0.272ns  (logic 0.141ns (51.835%)  route 0.131ns (48.165%))
  Logic Levels:           1  (FDCE=1)
  Clock Uncertainty:      0.301ns  ((TSJ^2 + TIJ^2)^1/2 + DJ) / 2 + PE
    Total System Jitter     (TSJ):    0.050ns
    Total Input Jitter      (TIJ):    0.600ns
    Discrete Jitter          (DJ):    0.000ns
    Phase Error              (PE):    0.000ns

    Location             Delay type                Incr(ns)  Path(ns)    Netlist Resource(s)
  -------------------------------------------------------------------    -------------------
    SLICE_X48Y107        FDCE                         0.000     0.000 r  udp_gateway_shadow_mirror_i/dma_gateway_hybrid_0/inst/u_device_dna_reader/dna_shift_value_reg[41]/C
    SLICE_X48Y107        FDCE (Prop_fdce_C_Q)         0.141     0.141 r  udp_gateway_shadow_mirror_i/dma_gateway_hybrid_0/inst/u_device_dna_reader/dna_shift_value_reg[41]/Q
                         net (fo=2, routed)           0.131     0.272    udp_gateway_shadow_mirror_i/dma_gateway_hybrid_0/inst/u_device_dna_reader/dna_shift_value[41]
    SLICE_X47Y107        FDCE                                         r  udp_gateway_shadow_mirror_i/dma_gateway_hybrid_0/inst/u_device_dna_reader/o_dna_value_reg[41]/D
  -------------------------------------------------------------------    -------------------

                         (clock clk_fpga_0 rise edge)
                                                      0.000     0.000 r  
    PS7_X0Y0             PS7                          0.000     0.000 r  udp_gateway_shadow_mirror_i/processing_system7_0/inst/PS7_i/FCLKCLK[0]
                         net (fo=1, routed)           0.337     0.337    udp_gateway_shadow_mirror_i/processing_system7_0/inst/FCLK_CLK_unbuffered[0]
    BUFGCTRL_X0Y17       BUFG (Prop_bufg_I_O)         0.029     0.366 r  udp_gateway_shadow_mirror_i/processing_system7_0/inst/buffer_fclk_clk_0.FCLK_CLK_0_BUFG/O
                         net (fo=54559, routed)       0.909     1.275    udp_gateway_shadow_mirror_i/dma_gateway_hybrid_0/inst/u_device_dna_reader/clk
    SLICE_X47Y107        FDCE                                         r  udp_gateway_shadow_mirror_i/dma_gateway_hybrid_0/inst/u_device_dna_reader/o_dna_value_reg[41]/C

Slack:                    inf
  Source:                 udp_gateway_shadow_mirror_i/dma_gateway_hybrid_0/inst/u_device_dna_reader/dna_shift_value_reg[36]/C
                            (rising edge-triggered cell FDCE)
  Destination:            udp_gateway_shadow_mirror_i/dma_gateway_hybrid_0/inst/u_device_dna_reader/o_dna_value_reg[36]/D
                            (rising edge-triggered cell FDCE clocked by clk_fpga_0  {rise@0.000ns fall@10.000ns period=20.000ns})
  Path Group:             (none)
  Path Type:              Hold (Min at Fast Process Corner)
  Data Path Delay:        0.299ns  (logic 0.141ns (47.211%)  route 0.158ns (52.789%))
  Logic Levels:           1  (FDCE=1)
  Clock Uncertainty:      0.301ns  ((TSJ^2 + TIJ^2)^1/2 + DJ) / 2 + PE
    Total System Jitter     (TSJ):    0.050ns
    Total Input Jitter      (TIJ):    0.600ns
    Discrete Jitter          (DJ):    0.000ns
    Phase Error              (PE):    0.000ns

    Location             Delay type                Incr(ns)  Path(ns)    Netlist Resource(s)
  -------------------------------------------------------------------    -------------------
    SLICE_X41Y101        FDCE                         0.000     0.000 r  udp_gateway_shadow_mirror_i/dma_gateway_hybrid_0/inst/u_device_dna_reader/dna_shift_value_reg[36]/C
    SLICE_X41Y101        FDCE (Prop_fdce_C_Q)         0.141     0.141 r  udp_gateway_shadow_mirror_i/dma_gateway_hybrid_0/inst/u_device_dna_reader/dna_shift_value_reg[36]/Q
                         net (fo=2, routed)           0.158     0.299    udp_gateway_shadow_mirror_i/dma_gateway_hybrid_0/inst/u_device_dna_reader/dna_shift_value[36]
    SLICE_X43Y99         FDCE                                         r  udp_gateway_shadow_mirror_i/dma_gateway_hybrid_0/inst/u_device_dna_reader/o_dna_value_reg[36]/D
  -------------------------------------------------------------------    -------------------

                         (clock clk_fpga_0 rise edge)
                                                      0.000     0.000 r  
    PS7_X0Y0             PS7                          0.000     0.000 r  udp_gateway_shadow_mirror_i/processing_system7_0/inst/PS7_i/FCLKCLK[0]
                         net (fo=1, routed)           0.337     0.337    udp_gateway_shadow_mirror_i/processing_system7_0/inst/FCLK_CLK_unbuffered[0]
    BUFGCTRL_X0Y17       BUFG (Prop_bufg_I_O)         0.029     0.366 r  udp_gateway_shadow_mirror_i/processing_system7_0/inst/buffer_fclk_clk_0.FCLK_CLK_0_BUFG/O
                         net (fo=54559, routed)       0.825     1.191    udp_gateway_shadow_mirror_i/dma_gateway_hybrid_0/inst/u_device_dna_reader/clk
    SLICE_X43Y99         FDCE                                         r  udp_gateway_shadow_mirror_i/dma_gateway_hybrid_0/inst/u_device_dna_reader/o_dna_value_reg[36]/C

Slack:                    inf
  Source:                 udp_gateway_shadow_mirror_i/dma_gateway_hybrid_0/inst/u_device_dna_reader/dna_shift_value_reg[27]/C
                            (rising edge-triggered cell FDCE)
  Destination:            udp_gateway_shadow_mirror_i/dma_gateway_hybrid_0/inst/u_device_dna_reader/o_dna_value_reg[27]/D
                            (rising edge-triggered cell FDCE clocked by clk_fpga_0  {rise@0.000ns fall@10.000ns period=20.000ns})
  Path Group:             (none)
  Path Type:              Hold (Min at Fast Process Corner)
  Data Path Delay:        0.305ns  (logic 0.128ns (41.954%)  route 0.177ns (58.046%))
  Logic Levels:           1  (FDCE=1)
  Clock Uncertainty:      0.301ns  ((TSJ^2 + TIJ^2)^1/2 + DJ) / 2 + PE
    Total System Jitter     (TSJ):    0.050ns
    Total Input Jitter      (TIJ):    0.600ns
    Discrete Jitter          (DJ):    0.000ns
    Phase Error              (PE):    0.000ns

    Location             Delay type                Incr(ns)  Path(ns)    Netlist Resource(s)
  -------------------------------------------------------------------    -------------------
    SLICE_X40Y101        FDCE                         0.000     0.000 r  udp_gateway_shadow_mirror_i/dma_gateway_hybrid_0/inst/u_device_dna_reader/dna_shift_value_reg[27]/C
    SLICE_X40Y101        FDCE (Prop_fdce_C_Q)         0.128     0.128 r  udp_gateway_shadow_mirror_i/dma_gateway_hybrid_0/inst/u_device_dna_reader/dna_shift_value_reg[27]/Q
                         net (fo=2, routed)           0.177     0.305    udp_gateway_shadow_mirror_i/dma_gateway_hybrid_0/inst/u_device_dna_reader/dna_shift_value[27]
    SLICE_X45Y102        FDCE                                         r  udp_gateway_shadow_mirror_i/dma_gateway_hybrid_0/inst/u_device_dna_reader/o_dna_value_reg[27]/D
  -------------------------------------------------------------------    -------------------

                         (clock clk_fpga_0 rise edge)
                                                      0.000     0.000 r  
    PS7_X0Y0             PS7                          0.000     0.000 r  udp_gateway_shadow_mirror_i/processing_system7_0/inst/PS7_i/FCLKCLK[0]
                         net (fo=1, routed)           0.337     0.337    udp_gateway_shadow_mirror_i/processing_system7_0/inst/FCLK_CLK_unbuffered[0]
    BUFGCTRL_X0Y17       BUFG (Prop_bufg_I_O)         0.029     0.366 r  udp_gateway_shadow_mirror_i/processing_system7_0/inst/buffer_fclk_clk_0.FCLK_CLK_0_BUFG/O
                         net (fo=54559, routed)       0.911     1.277    udp_gateway_shadow_mirror_i/dma_gateway_hybrid_0/inst/u_device_dna_reader/clk
    SLICE_X45Y102        FDCE                                         r  udp_gateway_shadow_mirror_i/dma_gateway_hybrid_0/inst/u_device_dna_reader/o_dna_value_reg[27]/C





