Copyright 1986-2022 Xilinx, Inc. All Rights Reserved. Copyright 2022-2024 Advanced Micro Devices, Inc. All Rights Reserved.
----------------------------------------------------------------------------------------------------------------------------------------------------------------------------------------------------------------------------------------------------------------------------------------------------------
| Tool Version : Vivado v.2024.1 (win64) Build 5076996 Wed May 22 18:37:14 MDT 2024
| Date         : Thu Apr  2 08:36:31 2026
| Host         : LAPTOP-96UDD738 running 64-bit major release  (build 9200)
| Command      : report_timing_summary -max_paths 10 -report_unconstrained -warn_on_violation -file D:/FPGAhanjia/Hetero_SoC_2026_3/Hetero_SoC_2026/doc/reports/engineering_evidence/shadow_mirror_20260402_083542/fresh_reports/udp_gateway_shadow_mirror_wrapper_timing_summary_postroute_physopted.rpt
| Design       : udp_gateway_shadow_mirror_wrapper
| Device       : 7z020-clg400
| Speed File   : -1  PRODUCTION 1.12 2019-11-22
| Design State : Physopt postRoute
----------------------------------------------------------------------------------------------------------------------------------------------------------------------------------------------------------------------------------------------------------------------------------------------------------

Timing Summary Report

------------------------------------------------------------------------------------------------
| Timer Settings
| --------------
------------------------------------------------------------------------------------------------

  Enable Multi Corner Analysis               :  Yes
  Enable Pessimism Removal                   :  Yes
  Pessimism Removal Resolution               :  Nearest Common Node
  Enable Input Delay Default Clock           :  No
  Enable Preset / Clear Arcs                 :  No
  Disable Flight Delays                      :  No
  Ignore I/O Paths                           :  No
  Timing Early Launch at Borrowing Latches   :  No
  Borrow Time for Max Delay Exceptions       :  Yes
  Merge Timing Exceptions                    :  Yes
  Inter-SLR Compensation                     :  Conservative

  Corner  Analyze    Analyze    
  Name    Max Paths  Min Paths  
  ------  ---------  ---------  
  Slow    Yes        Yes        
  Fast    Yes        Yes        


------------------------------------------------------------------------------------------------
| Report Methodology
| ------------------
------------------------------------------------------------------------------------------------

Rule     Severity  Description                   Violations  
-------  --------  ----------------------------  ----------  
LUTAR-1  Warning   LUT drives async reset alert  3           

Note: This report is based on the most recent report_methodology run and may not be up-to-date. Run report_methodology on the current design for the latest report.



check_timing report

Table of Contents
-----------------
1. checking no_clock (0)
2. checking constant_clock (0)
3. checking pulse_width_clock (0)
4. checking unconstrained_internal_endpoints (0)
5. checking no_input_delay (0)
6. checking no_output_delay (0)
7. checking multiple_clock (0)
8. checking generated_clocks (0)
9. checking loops (0)
10. checking partial_input_delay (0)
11. checking partial_output_delay (0)
12. checking latch_loops (0)

1. checking no_clock (0)
------------------------
 There are 0 register/latch pins with no clock.


2. checking constant_clock (0)
------------------------------
 There are 0 register/latch pins with constant_clock.


3. checking pulse_width_clock (0)
---------------------------------
 There are 0 register/latch pins which need pulse_width check


4. checking unconstrained_internal_endpoints (0)
------------------------------------------------
 There are 0 pins that are not constrained for maximum delay.

 There are 0 pins that are not constrained for maximum delay due to constant clock.


5. checking no_input_delay (0)
------------------------------
 There are 0 input ports with no input delay specified.

 There are 0 input ports with no input delay but user has a false path constraint.


6. checking no_output_delay (0)
-------------------------------
 There are 0 ports with no output delay specified.

 There are 0 ports with no output delay but user has a false path constraint

 There are 0 ports with no output delay but with a timing clock defined on it or propagating through it


7. checking multiple_clock (0)
------------------------------
 There are 0 register/latch pins with multiple clocks.


8. checking generated_clocks (0)
--------------------------------
 There are 0 generated clocks that are not connected to a clock source.


9. checking loops (0)
---------------------
 There are 0 combinational loops in the design.


10. checking partial_input_delay (0)
------------------------------------
 There are 0 input ports with partial input delay specified.


11. checking partial_output_delay (0)
-------------------------------------
 There are 0 ports with partial output delay specified.


12. checking latch_loops (0)
----------------------------
 There are 0 combinational latch loops in the design through latch input



------------------------------------------------------------------------------------------------
| Design Timing Summary
| ---------------------
------------------------------------------------------------------------------------------------

    WNS(ns)      TNS(ns)  TNS Failing Endpoints  TNS Total Endpoints      WHS(ns)      THS(ns)  THS Failing Endpoints  THS Total Endpoints     WPWS(ns)     TPWS(ns)  TPWS Failing Endpoints  TPWS Total Endpoints  
    -------      -------  ---------------------  -------------------      -------      -------  ---------------------  -------------------     --------     --------  ----------------------  --------------------  
      3.394        0.000                      0               172867        0.018        0.000                      0               172867        8.750        0.000                       0                 42895  


All user specified timing constraints are met.


------------------------------------------------------------------------------------------------
| Clock Summary
| -------------
------------------------------------------------------------------------------------------------

Clock             Waveform(ns)         Period(ns)      Frequency(MHz)
-----             ------------         ----------      --------------
clk_fpga_0        {0.000 10.000}       20.000          50.000          
  shadow_dna_clk  {0.000 320.000}      640.000         1.562           


------------------------------------------------------------------------------------------------
| Intra Clock Table
| -----------------
------------------------------------------------------------------------------------------------

Clock                 WNS(ns)      TNS(ns)  TNS Failing Endpoints  TNS Total Endpoints      WHS(ns)      THS(ns)  THS Failing Endpoints  THS Total Endpoints     WPWS(ns)     TPWS(ns)  TPWS Failing Endpoints  TPWS Total Endpoints  
-----                 -------      -------  ---------------------  -------------------      -------      -------  ---------------------  -------------------     --------     --------  ----------------------  --------------------  
clk_fpga_0              3.394        0.000                      0               151418        0.018        0.000                      0               151418        8.750        0.000                       0                 42826  
  shadow_dna_clk      632.483        0.000                      0                  133        0.279        0.000                      0                  133      319.500        0.000                       0                    69  


------------------------------------------------------------------------------------------------
| Inter Clock Table
| -----------------
------------------------------------------------------------------------------------------------

From Clock      To Clock            WNS(ns)      TNS(ns)  TNS Failing Endpoints  TNS Total Endpoints      WHS(ns)      THS(ns)  THS Failing Endpoints  THS Total Endpoints  
----------      --------            -------      -------  ---------------------  -------------------      -------      -------  ---------------------  -------------------  
shadow_dna_clk  clk_fpga_0           10.530        0.000                      0                   63        1.214        0.000                      0                   63  


------------------------------------------------------------------------------------------------
| Other Path Groups Table
| -----------------------
------------------------------------------------------------------------------------------------

Path Group         From Clock         To Clock               WNS(ns)      TNS(ns)  TNS Failing Endpoints  TNS Total Endpoints      WHS(ns)      THS(ns)  THS Failing Endpoints  THS Total Endpoints  
----------         ----------         --------               -------      -------  ---------------------  -------------------      -------      -------  ---------------------  -------------------  
**async_default**  clk_fpga_0         clk_fpga_0               4.291        0.000                      0                21191        0.605        0.000                      0                21191  
**async_default**  clk_fpga_0         shadow_dna_clk           9.709        0.000                      0                   67        1.884        0.000                      0                   67  


------------------------------------------------------------------------------------------------
| User Ignored Path Table
| -----------------------
------------------------------------------------------------------------------------------------

Path Group    From Clock    To Clock    
----------    ----------    --------    
(none)                      clk_fpga_0    
(none)        clk_fpga_0    clk_fpga_0    


------------------------------------------------------------------------------------------------
| Unconstrained Path Table
| ------------------------
------------------------------------------------------------------------------------------------

Path Group    From Clock    To Clock    
----------    ----------    --------    


------------------------------------------------------------------------------------------------
| Timing Details
| --------------
------------------------------------------------------------------------------------------------


---------------------------------------------------------------------------------------------------
From Clock:  clk_fpga_0
  To Clock:  clk_fpga_0

Setup :            0  Failing Endpoints,  Worst Slack        3.394ns,  Total Violation        0.000ns
Hold  :            0  Failing Endpoints,  Worst Slack        0.018ns,  Total Violation        0.000ns
PW    :            0  Failing Endpoints,  Worst Slack        8.750ns,  Total Violation        0.000ns
---------------------------------------------------------------------------------------------------


Max Delay Paths
--------------------------------------------------------------------------------------
Slack (MET) :             3.394ns  (required time - arrival time)
  Source:                 udp_gateway_shadow_mirror_i/processing_system7_0/inst/PS7_i/MAXIGP0ACLK
                            (rising edge-triggered cell PS7 clocked by clk_fpga_0  {rise@0.000ns fall@10.000ns period=20.000ns})
  Destination:            udp_gateway_shadow_mirror_i/dma_gateway_hybrid_0/inst/gen_shadow_ctrl_csr.u_shadow_ctrl_csr/reg_acl_addr_reg[7]/D
                            (rising edge-triggered cell FDRE clocked by clk_fpga_0  {rise@0.000ns fall@10.000ns period=20.000ns})
  Path Group:             clk_fpga_0
  Path Type:              Setup (Max at Slow Process Corner)
  Requirement:            20.000ns  (clk_fpga_0 rise@20.000ns - clk_fpga_0 rise@0.000ns)
  Data Path Delay:        16.196ns  (logic 1.450ns (8.953%)  route 14.746ns (91.047%))
  Logic Levels:           0  
  Clock Path Skew:        -0.041ns (DCD - SCD + CPR)
    Destination Clock Delay (DCD):    2.861ns = ( 22.861 - 20.000 ) 
    Source Clock Delay      (SCD):    3.031ns
    Clock Pessimism Removal (CPR):    0.129ns
  Clock Uncertainty:      0.302ns  ((TSJ^2 + TIJ^2)^1/2 + DJ) / 2 + PE
    Total System Jitter     (TSJ):    0.071ns
    Total Input Jitter      (TIJ):    0.600ns
    Discrete Jitter          (DJ):    0.000ns
    Phase Error              (PE):    0.000ns

    Location             Delay type                Incr(ns)  Path(ns)    Netlist Resource(s)
  -------------------------------------------------------------------    -------------------
                         (clock clk_fpga_0 rise edge)
                                                      0.000     0.000 r  
    PS7_X0Y0             PS7                          0.000     0.000 r  udp_gateway_shadow_mirror_i/processing_system7_0/inst/PS7_i/FCLKCLK[0]
                         net (fo=1, routed)           1.193     1.193    udp_gateway_shadow_mirror_i/processing_system7_0/inst/FCLK_CLK_unbuffered[0]
    BUFGCTRL_X0Y17       BUFG (Prop_bufg_I_O)         0.101     1.294 r  udp_gateway_shadow_mirror_i/processing_system7_0/inst/buffer_fclk_clk_0.FCLK_CLK_0_BUFG/O
                         net (fo=42827, routed)       1.737     3.031    udp_gateway_shadow_mirror_i/processing_system7_0/inst/M_AXI_GP0_ACLK
    PS7_X0Y0             PS7                                          r  udp_gateway_shadow_mirror_i/processing_system7_0/inst/PS7_i/MAXIGP0ACLK
  -------------------------------------------------------------------    -------------------
    PS7_X0Y0             PS7 (Prop_ps7_MAXIGP0ACLK_MAXIGP0WDATA[7])
                                                      1.450     4.481 r  udp_gateway_shadow_mirror_i/processing_system7_0/inst/PS7_i/MAXIGP0WDATA[7]
                         net (fo=50, routed)         14.746    19.226    udp_gateway_shadow_mirror_i/dma_gateway_hybrid_0/inst/gen_shadow_ctrl_csr.u_shadow_ctrl_csr/s_axil_ctrl_wdata[7]
    SLICE_X107Y91        FDRE                                         r  udp_gateway_shadow_mirror_i/dma_gateway_hybrid_0/inst/gen_shadow_ctrl_csr.u_shadow_ctrl_csr/reg_acl_addr_reg[7]/D
  -------------------------------------------------------------------    -------------------

                         (clock clk_fpga_0 rise edge)
                                                     20.000    20.000 r  
    PS7_X0Y0             PS7                          0.000    20.000 r  udp_gateway_shadow_mirror_i/processing_system7_0/inst/PS7_i/FCLKCLK[0]
                         net (fo=1, routed)           1.088    21.088    udp_gateway_shadow_mirror_i/processing_system7_0/inst/FCLK_CLK_unbuffered[0]
    BUFGCTRL_X0Y17       BUFG (Prop_bufg_I_O)         0.091    21.179 r  udp_gateway_shadow_mirror_i/processing_system7_0/inst/buffer_fclk_clk_0.FCLK_CLK_0_BUFG/O
                         net (fo=42827, routed)       1.682    22.861    udp_gateway_shadow_mirror_i/dma_gateway_hybrid_0/inst/gen_shadow_ctrl_csr.u_shadow_ctrl_csr/clk
    SLICE_X107Y91        FDRE                                         r  udp_gateway_shadow_mirror_i/dma_gateway_hybrid_0/inst/gen_shadow_ctrl_csr.u_shadow_ctrl_csr/reg_acl_addr_reg[7]/C
                         clock pessimism              0.129    22.990    
                         clock uncertainty           -0.302    22.688    
    SLICE_X107Y91        FDRE (Setup_fdre_C_D)       -0.067    22.621    udp_gateway_shadow_mirror_i/dma_gateway_hybrid_0/inst/gen_shadow_ctrl_csr.u_shadow_ctrl_csr/reg_acl_addr_reg[7]
  -------------------------------------------------------------------
                         required time                         22.621    
                         arrival time                         -19.226    
  -------------------------------------------------------------------
                         slack                                  3.394    

Slack (MET) :             3.535ns  (required time - arrival time)
  Source:                 udp_gateway_shadow_mirror_i/dma_gateway_hybrid_0/inst/i_hybrid_dma/u_crypto_bridge/gen_crypto_cores[0].u_sm4/u_encdec/round_cnt_reg[0]/C
                            (rising edge-triggered cell FDCE clocked by clk_fpga_0  {rise@0.000ns fall@10.000ns period=20.000ns})
  Destination:            udp_gateway_shadow_mirror_i/dma_gateway_hybrid_0/inst/i_hybrid_dma/u_crypto_bridge/gen_crypto_cores[0].u_sm4/u_encdec/current_state_reg_reg[17]/D
                            (rising edge-triggered cell FDCE clocked by clk_fpga_0  {rise@0.000ns fall@10.000ns period=20.000ns})
  Path Group:             clk_fpga_0
  Path Type:              Setup (Max at Slow Process Corner)
  Requirement:            20.000ns  (clk_fpga_0 rise@20.000ns - clk_fpga_0 rise@0.000ns)
  Data Path Delay:        16.023ns  (logic 2.591ns (16.171%)  route 13.432ns (83.829%))
  Logic Levels:           13  (LUT2=1 LUT5=2 LUT6=7 MUXF7=2 MUXF8=1)
  Clock Path Skew:        -0.172ns (DCD - SCD + CPR)
    Destination Clock Delay (DCD):    2.725ns = ( 22.726 - 20.000 ) 
    Source Clock Delay      (SCD):    3.012ns
    Clock Pessimism Removal (CPR):    0.115ns
  Clock Uncertainty:      0.302ns  ((TSJ^2 + TIJ^2)^1/2 + DJ) / 2 + PE
    Total System Jitter     (TSJ):    0.071ns
    Total Input Jitter      (TIJ):    0.600ns
    Discrete Jitter          (DJ):    0.000ns
    Phase Error              (PE):    0.000ns

    Location             Delay type                Incr(ns)  Path(ns)    PBlock               Netlist Resource(s)
  -------------------------------------------------------------------    ----------------------------------------
                         (clock clk_fpga_0 rise edge)
                                                      0.000     0.000 r                       
    PS7_X0Y0             PS7                          0.000     0.000 r                       udp_gateway_shadow_mirror_i/processing_system7_0/inst/PS7_i/FCLKCLK[0]
                         net (fo=1, routed)           1.193     1.193                         udp_gateway_shadow_mirror_i/processing_system7_0/inst/FCLK_CLK_unbuffered[0]
    BUFGCTRL_X0Y17       BUFG (Prop_bufg_I_O)         0.101     1.294 r                       udp_gateway_shadow_mirror_i/processing_system7_0/inst/buffer_fclk_clk_0.FCLK_CLK_0_BUFG/O
                         net (fo=42827, routed)       1.718     3.012                         udp_gateway_shadow_mirror_i/dma_gateway_hybrid_0/inst/i_hybrid_dma/u_crypto_bridge/gen_crypto_cores[0].u_sm4/u_encdec/clk
    SLICE_X81Y61         FDCE                                         r  shadow_core_region   udp_gateway_shadow_mirror_i/dma_gateway_hybrid_0/inst/i_hybrid_dma/u_crypto_bridge/gen_crypto_cores[0].u_sm4/u_encdec/round_cnt_reg[0]/C
  -------------------------------------------------------------------    ----------------------------------------
    SLICE_X81Y61         FDCE (Prop_fdce_C_Q)         0.456     3.468 r  shadow_core_region   udp_gateway_shadow_mirror_i/dma_gateway_hybrid_0/inst/i_hybrid_dma/u_crypto_bridge/gen_crypto_cores[0].u_sm4/u_encdec/round_cnt_reg[0]/Q
                         net (fo=264, routed)         2.592     6.060                         udp_gateway_shadow_mirror_i/dma_gateway_hybrid_0/inst/i_hybrid_dma/u_crypto_bridge/gen_crypto_cores[0].u_sm4/u_key/g0_b0__11_i_1[0]
    SLICE_X111Y72        LUT6 (Prop_lut6_I4_O)        0.124     6.184 r  shadow_core_region   udp_gateway_shadow_mirror_i/dma_gateway_hybrid_0/inst/i_hybrid_dma/u_crypto_bridge/gen_crypto_cores[0].u_sm4/u_key/g0_b0__7_i_23/O
                         net (fo=1, routed)           1.440     7.624                         udp_gateway_shadow_mirror_i/dma_gateway_hybrid_0/inst/i_hybrid_dma/u_crypto_bridge/gen_crypto_cores[0].u_sm4/u_key/g0_b0__7_i_23_n_0
    SLICE_X109Y69        LUT6 (Prop_lut6_I4_O)        0.124     7.748 r  shadow_core_region   udp_gateway_shadow_mirror_i/dma_gateway_hybrid_0/inst/i_hybrid_dma/u_crypto_bridge/gen_crypto_cores[0].u_sm4/u_key/g0_b0__7_i_9/O
                         net (fo=1, routed)           2.299    10.047                         udp_gateway_shadow_mirror_i/dma_gateway_hybrid_0/inst/i_hybrid_dma/u_crypto_bridge/gen_crypto_cores[0].u_sm4/u_encdec/g0_b0__7_5
    SLICE_X80Y33         LUT5 (Prop_lut5_I4_O)        0.124    10.171 r  shadow_core_region   udp_gateway_shadow_mirror_i/dma_gateway_hybrid_0/inst/i_hybrid_dma/u_crypto_bridge/gen_crypto_cores[0].u_sm4/u_encdec/g0_b0__7_i_1/O
                         net (fo=32, routed)          1.200    11.371                         udp_gateway_shadow_mirror_i/dma_gateway_hybrid_0/inst/i_hybrid_dma/u_crypto_bridge/gen_crypto_cores[0].u_sm4/u_encdec/data_for_transform_0[0]
    SLICE_X71Y34         LUT6 (Prop_lut6_I0_O)        0.124    11.495 r  shadow_core_region   udp_gateway_shadow_mirror_i/dma_gateway_hybrid_0/inst/i_hybrid_dma/u_crypto_bridge/gen_crypto_cores[0].u_sm4/u_encdec/g3_b1__7/O
                         net (fo=1, routed)           0.000    11.495                         udp_gateway_shadow_mirror_i/dma_gateway_hybrid_0/inst/i_hybrid_dma/u_crypto_bridge/gen_crypto_cores[0].u_sm4/u_encdec/u_iter_0/u_transform/u_3/result_out_reg_reg[83]_i_3_3
    SLICE_X71Y34         MUXF7 (Prop_muxf7_I1_O)      0.217    11.712 r  shadow_core_region   udp_gateway_shadow_mirror_i/dma_gateway_hybrid_0/inst/i_hybrid_dma/u_crypto_bridge/gen_crypto_cores[0].u_sm4/u_encdec/u_iter_0/u_transform/u_3/result_out_reg_reg[83]_i_5/O
                         net (fo=1, routed)           0.000    11.712                         udp_gateway_shadow_mirror_i/dma_gateway_hybrid_0/inst/i_hybrid_dma/u_crypto_bridge/gen_crypto_cores[0].u_sm4/u_encdec/u_iter_0/u_transform/u_3/result_out_reg_reg[83]_i_5_n_0
    SLICE_X71Y34         MUXF8 (Prop_muxf8_I1_O)      0.094    11.806 r  shadow_core_region   udp_gateway_shadow_mirror_i/dma_gateway_hybrid_0/inst/i_hybrid_dma/u_crypto_bridge/gen_crypto_cores[0].u_sm4/u_encdec/u_iter_0/u_transform/u_3/result_out_reg_reg[83]_i_3/O
                         net (fo=3, routed)           0.841    12.647                         udp_gateway_shadow_mirror_i/dma_gateway_hybrid_0/inst/i_hybrid_dma/u_crypto_bridge/gen_crypto_cores[0].u_sm4/u_encdec/word_replaced[1]
    SLICE_X68Y33         LUT2 (Prop_lut2_I1_O)        0.316    12.963 r  shadow_core_region   udp_gateway_shadow_mirror_i/dma_gateway_hybrid_0/inst/i_hybrid_dma/u_crypto_bridge/gen_crypto_cores[0].u_sm4/u_encdec/result_out_reg[89]_i_4/O
                         net (fo=3, routed)           0.461    13.424                         udp_gateway_shadow_mirror_i/dma_gateway_hybrid_0/inst/i_hybrid_dma/u_crypto_bridge/gen_crypto_cores[0].u_sm4/u_encdec/result_out_reg[89]_i_4_n_0
    SLICE_X74Y33         LUT5 (Prop_lut5_I1_O)        0.124    13.548 r  shadow_core_region   udp_gateway_shadow_mirror_i/dma_gateway_hybrid_0/inst/i_hybrid_dma/u_crypto_bridge/gen_crypto_cores[0].u_sm4/u_encdec/result_out_reg[67]_i_1/O
                         net (fo=3, routed)           0.661    14.209                         udp_gateway_shadow_mirror_i/dma_gateway_hybrid_0/inst/i_hybrid_dma/u_crypto_bridge/gen_crypto_cores[0].u_sm4/u_encdec/iter_result_0[3]
    SLICE_X74Y30         LUT6 (Prop_lut6_I5_O)        0.124    14.333 r  shadow_core_region   udp_gateway_shadow_mirror_i/dma_gateway_hybrid_0/inst/i_hybrid_dma/u_crypto_bridge/gen_crypto_cores[0].u_sm4/u_encdec/g0_b0__11_i_4/O
                         net (fo=32, routed)          1.826    16.158                         udp_gateway_shadow_mirror_i/dma_gateway_hybrid_0/inst/i_hybrid_dma/u_crypto_bridge/gen_crypto_cores[0].u_sm4/u_encdec/data_for_transform[3]
    SLICE_X52Y26         LUT6 (Prop_lut6_I3_O)        0.124    16.282 r  shadow_core_region   udp_gateway_shadow_mirror_i/dma_gateway_hybrid_0/inst/i_hybrid_dma/u_crypto_bridge/gen_crypto_cores[0].u_sm4/u_encdec/g3_b7__11/O
                         net (fo=2, routed)           0.000    16.282                         udp_gateway_shadow_mirror_i/dma_gateway_hybrid_0/inst/i_hybrid_dma/u_crypto_bridge/gen_crypto_cores[0].u_sm4/u_encdec/u_iter_1/u_transform/u_3/result_out_reg_reg[113]
    SLICE_X52Y26         MUXF7 (Prop_muxf7_I1_O)      0.217    16.499 r  shadow_core_region   udp_gateway_shadow_mirror_i/dma_gateway_hybrid_0/inst/i_hybrid_dma/u_crypto_bridge/gen_crypto_cores[0].u_sm4/u_encdec/u_iter_1/u_transform/u_3/current_state_reg_reg[31]_i_7/O
                         net (fo=2, routed)           1.455    17.954                         udp_gateway_shadow_mirror_i/dma_gateway_hybrid_0/inst/i_hybrid_dma/u_crypto_bridge/gen_crypto_cores[0].u_sm4/u_encdec/u_iter_1_n_32
    SLICE_X60Y29         LUT6 (Prop_lut6_I2_O)        0.299    18.253 r  shadow_core_region   udp_gateway_shadow_mirror_i/dma_gateway_hybrid_0/inst/i_hybrid_dma/u_crypto_bridge/gen_crypto_cores[0].u_sm4/u_encdec/current_state_reg[17]_i_2/O
                         net (fo=2, routed)           0.658    18.911                         udp_gateway_shadow_mirror_i/dma_gateway_hybrid_0/inst/i_hybrid_dma/u_crypto_bridge/gen_crypto_cores[0].u_sm4/u_encdec/current_state_reg[17]_i_2_n_0
    SLICE_X64Y29         LUT6 (Prop_lut6_I1_O)        0.124    19.035 r  shadow_core_region   udp_gateway_shadow_mirror_i/dma_gateway_hybrid_0/inst/i_hybrid_dma/u_crypto_bridge/gen_crypto_cores[0].u_sm4/u_encdec/current_state_reg[17]_i_1/O
                         net (fo=1, routed)           0.000    19.035                         udp_gateway_shadow_mirror_i/dma_gateway_hybrid_0/inst/i_hybrid_dma/u_crypto_bridge/gen_crypto_cores[0].u_sm4/u_encdec/p_0_in[17]
    SLICE_X64Y29         FDCE                                         r  shadow_core_region   udp_gateway_shadow_mirror_i/dma_gateway_hybrid_0/inst/i_hybrid_dma/u_crypto_bridge/gen_crypto_cores[0].u_sm4/u_encdec/current_state_reg_reg[17]/D
  -------------------------------------------------------------------    ----------------------------------------

                         (clock clk_fpga_0 rise edge)
                                                     20.000    20.000 r                       
    PS7_X0Y0             PS7                          0.000    20.000 r                       udp_gateway_shadow_mirror_i/processing_system7_0/inst/PS7_i/FCLKCLK[0]
                         net (fo=1, routed)           1.088    21.088                         udp_gateway_shadow_mirror_i/processing_system7_0/inst/FCLK_CLK_unbuffered[0]
    BUFGCTRL_X0Y17       BUFG (Prop_bufg_I_O)         0.091    21.179 r                       udp_gateway_shadow_mirror_i/processing_system7_0/inst/buffer_fclk_clk_0.FCLK_CLK_0_BUFG/O
                         net (fo=42827, routed)       1.546    22.726                         udp_gateway_shadow_mirror_i/dma_gateway_hybrid_0/inst/i_hybrid_dma/u_crypto_bridge/gen_crypto_cores[0].u_sm4/u_encdec/clk
    SLICE_X64Y29         FDCE                                         r  shadow_core_region   udp_gateway_shadow_mirror_i/dma_gateway_hybrid_0/inst/i_hybrid_dma/u_crypto_bridge/gen_crypto_cores[0].u_sm4/u_encdec/current_state_reg_reg[17]/C
                         clock pessimism              0.115    22.840                           
                         clock uncertainty           -0.302    22.538                           
    SLICE_X64Y29         FDCE (Setup_fdce_C_D)        0.031    22.569    shadow_core_region     udp_gateway_shadow_mirror_i/dma_gateway_hybrid_0/inst/i_hybrid_dma/u_crypto_bridge/gen_crypto_cores[0].u_sm4/u_encdec/current_state_reg_reg[17]
  -------------------------------------------------------------------
                         required time                         22.569                           
                         arrival time                         -19.035                           
  -------------------------------------------------------------------
                         slack                                  3.535                           

Slack (MET) :             3.564ns  (required time - arrival time)
  Source:                 udp_gateway_shadow_mirror_i/dma_gateway_hybrid_0/inst/i_hybrid_dma/u_crypto_bridge/gen_crypto_cores[0].u_sm4/u_encdec/round_cnt_reg[2]/C
                            (rising edge-triggered cell FDCE clocked by clk_fpga_0  {rise@0.000ns fall@10.000ns period=20.000ns})
  Destination:            udp_gateway_shadow_mirror_i/dma_gateway_hybrid_0/inst/i_hybrid_dma/u_crypto_bridge/gen_crypto_cores[0].u_sm4/u_encdec/result_out_reg_reg[124]/D
                            (rising edge-triggered cell FDCE clocked by clk_fpga_0  {rise@0.000ns fall@10.000ns period=20.000ns})
  Path Group:             clk_fpga_0
  Path Type:              Setup (Max at Slow Process Corner)
  Requirement:            20.000ns  (clk_fpga_0 rise@20.000ns - clk_fpga_0 rise@0.000ns)
  Data Path Delay:        16.089ns  (logic 2.955ns (18.367%)  route 13.134ns (81.633%))
  Logic Levels:           12  (LUT2=1 LUT5=1 LUT6=6 MUXF7=2 MUXF8=2)
  Clock Path Skew:        -0.076ns (DCD - SCD + CPR)
    Destination Clock Delay (DCD):    2.719ns = ( 22.719 - 20.000 ) 
    Source Clock Delay      (SCD):    3.025ns
    Clock Pessimism Removal (CPR):    0.230ns
  Clock Uncertainty:      0.302ns  ((TSJ^2 + TIJ^2)^1/2 + DJ) / 2 + PE
    Total System Jitter     (TSJ):    0.071ns
    Total Input Jitter      (TIJ):    0.600ns
    Discrete Jitter          (DJ):    0.000ns
    Phase Error              (PE):    0.000ns

    Location             Delay type                Incr(ns)  Path(ns)    PBlock               Netlist Resource(s)
  -------------------------------------------------------------------    ----------------------------------------
                         (clock clk_fpga_0 rise edge)
                                                      0.000     0.000 r                       
    PS7_X0Y0             PS7                          0.000     0.000 r                       udp_gateway_shadow_mirror_i/processing_system7_0/inst/PS7_i/FCLKCLK[0]
                         net (fo=1, routed)           1.193     1.193                         udp_gateway_shadow_mirror_i/processing_system7_0/inst/FCLK_CLK_unbuffered[0]
    BUFGCTRL_X0Y17       BUFG (Prop_bufg_I_O)         0.101     1.294 r                       udp_gateway_shadow_mirror_i/processing_system7_0/inst/buffer_fclk_clk_0.FCLK_CLK_0_BUFG/O
                         net (fo=42827, routed)       1.731     3.025                         udp_gateway_shadow_mirror_i/dma_gateway_hybrid_0/inst/i_hybrid_dma/u_crypto_bridge/gen_crypto_cores[0].u_sm4/u_encdec/clk
    SLICE_X69Y40         FDCE                                         r  shadow_core_region   udp_gateway_shadow_mirror_i/dma_gateway_hybrid_0/inst/i_hybrid_dma/u_crypto_bridge/gen_crypto_cores[0].u_sm4/u_encdec/round_cnt_reg[2]/C
  -------------------------------------------------------------------    ----------------------------------------
    SLICE_X69Y40         FDCE (Prop_fdce_C_Q)         0.419     3.444 r  shadow_core_region   udp_gateway_shadow_mirror_i/dma_gateway_hybrid_0/inst/i_hybrid_dma/u_crypto_bridge/gen_crypto_cores[0].u_sm4/u_encdec/round_cnt_reg[2]/Q
                         net (fo=115, routed)         3.388     6.832                         udp_gateway_shadow_mirror_i/dma_gateway_hybrid_0/inst/i_hybrid_dma/u_crypto_bridge/gen_crypto_cores[0].u_sm4/u_key/g0_b0__11_i_1[2]
    SLICE_X110Y87        MUXF7 (Prop_muxf7_S_O)       0.471     7.303 r  shadow_core_region   udp_gateway_shadow_mirror_i/dma_gateway_hybrid_0/inst/i_hybrid_dma/u_crypto_bridge/gen_crypto_cores[0].u_sm4/u_key/g0_b0__9_i_25/O
                         net (fo=1, routed)           0.000     7.303                         udp_gateway_shadow_mirror_i/dma_gateway_hybrid_0/inst/i_hybrid_dma/u_crypto_bridge/gen_crypto_cores[0].u_sm4/u_key/g0_b0__9_i_25_n_0
    SLICE_X110Y87        MUXF8 (Prop_muxf8_I0_O)      0.104     7.407 r  shadow_core_region   udp_gateway_shadow_mirror_i/dma_gateway_hybrid_0/inst/i_hybrid_dma/u_crypto_bridge/gen_crypto_cores[0].u_sm4/u_key/g0_b0__9_i_13/O
                         net (fo=1, routed)           2.761    10.168                         udp_gateway_shadow_mirror_i/dma_gateway_hybrid_0/inst/i_hybrid_dma/u_crypto_bridge/gen_crypto_cores[0].u_sm4/u_encdec/g0_b0__9_2
    SLICE_X81Y33         LUT5 (Prop_lut5_I0_O)        0.316    10.484 r  shadow_core_region   udp_gateway_shadow_mirror_i/dma_gateway_hybrid_0/inst/i_hybrid_dma/u_crypto_bridge/gen_crypto_cores[0].u_sm4/u_encdec/g0_b0__9_i_4/O
                         net (fo=32, routed)          1.255    11.739                         udp_gateway_shadow_mirror_i/dma_gateway_hybrid_0/inst/i_hybrid_dma/u_crypto_bridge/gen_crypto_cores[0].u_sm4/u_encdec/data_for_transform_0[19]
    SLICE_X73Y35         LUT6 (Prop_lut6_I3_O)        0.124    11.863 r  shadow_core_region   udp_gateway_shadow_mirror_i/dma_gateway_hybrid_0/inst/i_hybrid_dma/u_crypto_bridge/gen_crypto_cores[0].u_sm4/u_encdec/g1_b3__9/O
                         net (fo=1, routed)           0.000    11.863                         udp_gateway_shadow_mirror_i/dma_gateway_hybrid_0/inst/i_hybrid_dma/u_crypto_bridge/gen_crypto_cores[0].u_sm4/u_encdec/u_iter_0/u_transform/u_1/result_out_reg_reg[69]_i_3_1
    SLICE_X73Y35         MUXF7 (Prop_muxf7_I1_O)      0.245    12.108 r  shadow_core_region   udp_gateway_shadow_mirror_i/dma_gateway_hybrid_0/inst/i_hybrid_dma/u_crypto_bridge/gen_crypto_cores[0].u_sm4/u_encdec/u_iter_0/u_transform/u_1/result_out_reg_reg[69]_i_4/O
                         net (fo=1, routed)           0.000    12.108                         udp_gateway_shadow_mirror_i/dma_gateway_hybrid_0/inst/i_hybrid_dma/u_crypto_bridge/gen_crypto_cores[0].u_sm4/u_encdec/u_iter_0/u_transform/u_1/result_out_reg_reg[69]_i_4_n_0
    SLICE_X73Y35         MUXF8 (Prop_muxf8_I0_O)      0.104    12.212 r  shadow_core_region   udp_gateway_shadow_mirror_i/dma_gateway_hybrid_0/inst/i_hybrid_dma/u_crypto_bridge/gen_crypto_cores[0].u_sm4/u_encdec/u_iter_0/u_transform/u_1/result_out_reg_reg[69]_i_3/O
                         net (fo=3, routed)           0.659    12.871                         udp_gateway_shadow_mirror_i/dma_gateway_hybrid_0/inst/i_hybrid_dma/u_crypto_bridge/gen_crypto_cores[0].u_sm4/u_encdec/word_replaced[19]
    SLICE_X73Y34         LUT2 (Prop_lut2_I1_O)        0.344    13.215 r  shadow_core_region   udp_gateway_shadow_mirror_i/dma_gateway_hybrid_0/inst/i_hybrid_dma/u_crypto_bridge/gen_crypto_cores[0].u_sm4/u_encdec/result_out_reg[93]_i_3/O
                         net (fo=2, routed)           0.667    13.882                         udp_gateway_shadow_mirror_i/dma_gateway_hybrid_0/inst/i_hybrid_dma/u_crypto_bridge/gen_crypto_cores[0].u_sm4/u_encdec/result_out_reg[93]_i_3_n_0
    SLICE_X69Y34         LUT6 (Prop_lut6_I4_O)        0.332    14.214 r  shadow_core_region   udp_gateway_shadow_mirror_i/dma_gateway_hybrid_0/inst/i_hybrid_dma/u_crypto_bridge/gen_crypto_cores[0].u_sm4/u_encdec/result_out_reg[93]_i_1/O
                         net (fo=3, routed)           0.731    14.945                         udp_gateway_shadow_mirror_i/dma_gateway_hybrid_0/inst/i_hybrid_dma/u_crypto_bridge/gen_crypto_cores[0].u_sm4/u_encdec/iter_result_0[29]
    SLICE_X70Y32         LUT6 (Prop_lut6_I4_O)        0.124    15.069 r  shadow_core_region   udp_gateway_shadow_mirror_i/dma_gateway_hybrid_0/inst/i_hybrid_dma/u_crypto_bridge/gen_crypto_cores[0].u_sm4/u_encdec/g0_b0__14_i_6/O
                         net (fo=32, routed)          1.627    16.696                         udp_gateway_shadow_mirror_i/dma_gateway_hybrid_0/inst/i_hybrid_dma/u_crypto_bridge/gen_crypto_cores[0].u_sm4/u_encdec/data_for_transform[29]
    SLICE_X59Y20         LUT6 (Prop_lut6_I5_O)        0.124    16.820 r  shadow_core_region   udp_gateway_shadow_mirror_i/dma_gateway_hybrid_0/inst/i_hybrid_dma/u_crypto_bridge/gen_crypto_cores[0].u_sm4/u_encdec/g2_b4__14/O
                         net (fo=2, routed)           0.640    17.460                         udp_gateway_shadow_mirror_i/dma_gateway_hybrid_0/inst/i_hybrid_dma/u_crypto_bridge/gen_crypto_cores[0].u_sm4/u_encdec/u_iter_1/u_transform/u_0/result_out_reg_reg[116]_0
    SLICE_X59Y20         LUT6 (Prop_lut6_I1_O)        0.124    17.584 r  shadow_core_region   udp_gateway_shadow_mirror_i/dma_gateway_hybrid_0/inst/i_hybrid_dma/u_crypto_bridge/gen_crypto_cores[0].u_sm4/u_encdec/u_iter_1/u_transform/u_0/result_out_reg[126]_i_4/O
                         net (fo=6, routed)           1.405    18.990                         udp_gateway_shadow_mirror_i/dma_gateway_hybrid_0/inst/i_hybrid_dma/u_crypto_bridge/gen_crypto_cores[0].u_sm4/u_encdec/word_replaced_1[28]
    SLICE_X64Y25         LUT6 (Prop_lut6_I4_O)        0.124    19.114 r  shadow_core_region   udp_gateway_shadow_mirror_i/dma_gateway_hybrid_0/inst/i_hybrid_dma/u_crypto_bridge/gen_crypto_cores[0].u_sm4/u_encdec/result_out_reg[124]_i_1/O
                         net (fo=1, routed)           0.000    19.114                         udp_gateway_shadow_mirror_i/dma_gateway_hybrid_0/inst/i_hybrid_dma/u_crypto_bridge/gen_crypto_cores[0].u_sm4/u_encdec/iter_result_1[28]
    SLICE_X64Y25         FDCE                                         r  shadow_core_region   udp_gateway_shadow_mirror_i/dma_gateway_hybrid_0/inst/i_hybrid_dma/u_crypto_bridge/gen_crypto_cores[0].u_sm4/u_encdec/result_out_reg_reg[124]/D
  -------------------------------------------------------------------    ----------------------------------------

                         (clock clk_fpga_0 rise edge)
                                                     20.000    20.000 r                       
    PS7_X0Y0             PS7                          0.000    20.000 r                       udp_gateway_shadow_mirror_i/processing_system7_0/inst/PS7_i/FCLKCLK[0]
                         net (fo=1, routed)           1.088    21.088                         udp_gateway_shadow_mirror_i/processing_system7_0/inst/FCLK_CLK_unbuffered[0]
    BUFGCTRL_X0Y17       BUFG (Prop_bufg_I_O)         0.091    21.179 r                       udp_gateway_shadow_mirror_i/processing_system7_0/inst/buffer_fclk_clk_0.FCLK_CLK_0_BUFG/O
                         net (fo=42827, routed)       1.540    22.719                         udp_gateway_shadow_mirror_i/dma_gateway_hybrid_0/inst/i_hybrid_dma/u_crypto_bridge/gen_crypto_cores[0].u_sm4/u_encdec/clk
    SLICE_X64Y25         FDCE                                         r  shadow_core_region   udp_gateway_shadow_mirror_i/dma_gateway_hybrid_0/inst/i_hybrid_dma/u_crypto_bridge/gen_crypto_cores[0].u_sm4/u_encdec/result_out_reg_reg[124]/C
                         clock pessimism              0.230    22.949                           
                         clock uncertainty           -0.302    22.647                           
    SLICE_X64Y25         FDCE (Setup_fdce_C_D)        0.031    22.678    shadow_core_region     udp_gateway_shadow_mirror_i/dma_gateway_hybrid_0/inst/i_hybrid_dma/u_crypto_bridge/gen_crypto_cores[0].u_sm4/u_encdec/result_out_reg_reg[124]
  -------------------------------------------------------------------
                         required time                         22.678                           
                         arrival time                         -19.114                           
  -------------------------------------------------------------------
                         slack                                  3.564                           

Slack (MET) :             3.579ns  (required time - arrival time)
  Source:                 udp_gateway_shadow_mirror_i/rst_ps7_0_100M/U0/ACTIVE_LOW_PR_OUT_DFF[0].FDRE_PER_N/C
                            (rising edge-triggered cell FDRE clocked by clk_fpga_0  {rise@0.000ns fall@10.000ns period=20.000ns})
  Destination:            udp_gateway_shadow_mirror_i/dma_gateway_hybrid_0/inst/i_hybrid_dma/u_crypto_bridge/u_mid_fifo/mem_reg[5][23]/CE
                            (rising edge-triggered cell FDRE clocked by clk_fpga_0  {rise@0.000ns fall@10.000ns period=20.000ns})
  Path Group:             clk_fpga_0
  Path Type:              Setup (Max at Slow Process Corner)
  Requirement:            20.000ns  (clk_fpga_0 rise@20.000ns - clk_fpga_0 rise@0.000ns)
  Data Path Delay:        15.718ns  (logic 0.580ns (3.690%)  route 15.138ns (96.310%))
  Logic Levels:           1  (LUT6=1)
  Clock Path Skew:        -0.196ns (DCD - SCD + CPR)
    Destination Clock Delay (DCD):    2.882ns = ( 22.882 - 20.000 ) 
    Source Clock Delay      (SCD):    3.193ns
    Clock Pessimism Removal (CPR):    0.115ns
  Clock Uncertainty:      0.302ns  ((TSJ^2 + TIJ^2)^1/2 + DJ) / 2 + PE
    Total System Jitter     (TSJ):    0.071ns
    Total Input Jitter      (TIJ):    0.600ns
    Discrete Jitter          (DJ):    0.000ns
    Phase Error              (PE):    0.000ns

    Location             Delay type                Incr(ns)  Path(ns)    PBlock               Netlist Resource(s)
  -------------------------------------------------------------------    ----------------------------------------
                         (clock clk_fpga_0 rise edge)
                                                      0.000     0.000 r                       
    PS7_X0Y0             PS7                          0.000     0.000 r                       udp_gateway_shadow_mirror_i/processing_system7_0/inst/PS7_i/FCLKCLK[0]
                         net (fo=1, routed)           1.193     1.193                         udp_gateway_shadow_mirror_i/processing_system7_0/inst/FCLK_CLK_unbuffered[0]
    BUFGCTRL_X0Y17       BUFG (Prop_bufg_I_O)         0.101     1.294 r                       udp_gateway_shadow_mirror_i/processing_system7_0/inst/buffer_fclk_clk_0.FCLK_CLK_0_BUFG/O
                         net (fo=42827, routed)       1.899     3.193                         udp_gateway_shadow_mirror_i/rst_ps7_0_100M/U0/slowest_sync_clk
    SLICE_X57Y135        FDRE                                         r                       udp_gateway_shadow_mirror_i/rst_ps7_0_100M/U0/ACTIVE_LOW_PR_OUT_DFF[0].FDRE_PER_N/C
  -------------------------------------------------------------------    ----------------------------------------
    SLICE_X57Y135        FDRE (Prop_fdre_C_Q)         0.456     3.649 r                       udp_gateway_shadow_mirror_i/rst_ps7_0_100M/U0/ACTIVE_LOW_PR_OUT_DFF[0].FDRE_PER_N/Q
                         net (fo=93, routed)          9.396    13.045                         udp_gateway_shadow_mirror_i/dma_gateway_hybrid_0/inst/i_hybrid_dma/u_crypto_bridge/u_mid_fifo/rst_n
    SLICE_X37Y3          LUT6 (Prop_lut6_I1_O)        0.124    13.169 r  shadow_core_region   udp_gateway_shadow_mirror_i/dma_gateway_hybrid_0/inst/i_hybrid_dma/u_crypto_bridge/u_mid_fifo/mem[5][127]_i_1/O
                         net (fo=128, routed)         5.742    18.911                         udp_gateway_shadow_mirror_i/dma_gateway_hybrid_0/inst/i_hybrid_dma/u_crypto_bridge/u_mid_fifo/mem[5][127]_i_1_n_0
    SLICE_X111Y1         FDRE                                         r  shadow_core_region   udp_gateway_shadow_mirror_i/dma_gateway_hybrid_0/inst/i_hybrid_dma/u_crypto_bridge/u_mid_fifo/mem_reg[5][23]/CE
  -------------------------------------------------------------------    ----------------------------------------

                         (clock clk_fpga_0 rise edge)
                                                     20.000    20.000 r                       
    PS7_X0Y0             PS7                          0.000    20.000 r                       udp_gateway_shadow_mirror_i/processing_system7_0/inst/PS7_i/FCLKCLK[0]
                         net (fo=1, routed)           1.088    21.088                         udp_gateway_shadow_mirror_i/processing_system7_0/inst/FCLK_CLK_unbuffered[0]
    BUFGCTRL_X0Y17       BUFG (Prop_bufg_I_O)         0.091    21.179 r                       udp_gateway_shadow_mirror_i/processing_system7_0/inst/buffer_fclk_clk_0.FCLK_CLK_0_BUFG/O
                         net (fo=42827, routed)       1.703    22.882                         udp_gateway_shadow_mirror_i/dma_gateway_hybrid_0/inst/i_hybrid_dma/u_crypto_bridge/u_mid_fifo/clk
    SLICE_X111Y1         FDRE                                         r  shadow_core_region   udp_gateway_shadow_mirror_i/dma_gateway_hybrid_0/inst/i_hybrid_dma/u_crypto_bridge/u_mid_fifo/mem_reg[5][23]/C
                         clock pessimism              0.115    22.997                           
                         clock uncertainty           -0.302    22.695                           
    SLICE_X111Y1         FDRE (Setup_fdre_C_CE)      -0.205    22.490    shadow_core_region     udp_gateway_shadow_mirror_i/dma_gateway_hybrid_0/inst/i_hybrid_dma/u_crypto_bridge/u_mid_fifo/mem_reg[5][23]
  -------------------------------------------------------------------
                         required time                         22.490                           
                         arrival time                         -18.911                           
  -------------------------------------------------------------------
                         slack                                  3.579                           

Slack (MET) :             3.579ns  (required time - arrival time)
  Source:                 udp_gateway_shadow_mirror_i/rst_ps7_0_100M/U0/ACTIVE_LOW_PR_OUT_DFF[0].FDRE_PER_N/C
                            (rising edge-triggered cell FDRE clocked by clk_fpga_0  {rise@0.000ns fall@10.000ns period=20.000ns})
  Destination:            udp_gateway_shadow_mirror_i/dma_gateway_hybrid_0/inst/i_hybrid_dma/u_crypto_bridge/u_mid_fifo/mem_reg[5][73]/CE
                            (rising edge-triggered cell FDRE clocked by clk_fpga_0  {rise@0.000ns fall@10.000ns period=20.000ns})
  Path Group:             clk_fpga_0
  Path Type:              Setup (Max at Slow Process Corner)
  Requirement:            20.000ns  (clk_fpga_0 rise@20.000ns - clk_fpga_0 rise@0.000ns)
  Data Path Delay:        15.718ns  (logic 0.580ns (3.690%)  route 15.138ns (96.310%))
  Logic Levels:           1  (LUT6=1)
  Clock Path Skew:        -0.196ns (DCD - SCD + CPR)
    Destination Clock Delay (DCD):    2.882ns = ( 22.882 - 20.000 ) 
    Source Clock Delay      (SCD):    3.193ns
    Clock Pessimism Removal (CPR):    0.115ns
  Clock Uncertainty:      0.302ns  ((TSJ^2 + TIJ^2)^1/2 + DJ) / 2 + PE
    Total System Jitter     (TSJ):    0.071ns
    Total Input Jitter      (TIJ):    0.600ns
    Discrete Jitter          (DJ):    0.000ns
    Phase Error              (PE):    0.000ns

    Location             Delay type                Incr(ns)  Path(ns)    PBlock               Netlist Resource(s)
  -------------------------------------------------------------------    ----------------------------------------
                         (clock clk_fpga_0 rise edge)
                                                      0.000     0.000 r                       
    PS7_X0Y0             PS7                          0.000     0.000 r                       udp_gateway_shadow_mirror_i/processing_system7_0/inst/PS7_i/FCLKCLK[0]
                         net (fo=1, routed)           1.193     1.193                         udp_gateway_shadow_mirror_i/processing_system7_0/inst/FCLK_CLK_unbuffered[0]
    BUFGCTRL_X0Y17       BUFG (Prop_bufg_I_O)         0.101     1.294 r                       udp_gateway_shadow_mirror_i/processing_system7_0/inst/buffer_fclk_clk_0.FCLK_CLK_0_BUFG/O
                         net (fo=42827, routed)       1.899     3.193                         udp_gateway_shadow_mirror_i/rst_ps7_0_100M/U0/slowest_sync_clk
    SLICE_X57Y135        FDRE                                         r                       udp_gateway_shadow_mirror_i/rst_ps7_0_100M/U0/ACTIVE_LOW_PR_OUT_DFF[0].FDRE_PER_N/C
  -------------------------------------------------------------------    ----------------------------------------
    SLICE_X57Y135        FDRE (Prop_fdre_C_Q)         0.456     3.649 r                       udp_gateway_shadow_mirror_i/rst_ps7_0_100M/U0/ACTIVE_LOW_PR_OUT_DFF[0].FDRE_PER_N/Q
                         net (fo=93, routed)          9.396    13.045                         udp_gateway_shadow_mirror_i/dma_gateway_hybrid_0/inst/i_hybrid_dma/u_crypto_bridge/u_mid_fifo/rst_n
    SLICE_X37Y3          LUT6 (Prop_lut6_I1_O)        0.124    13.169 r  shadow_core_region   udp_gateway_shadow_mirror_i/dma_gateway_hybrid_0/inst/i_hybrid_dma/u_crypto_bridge/u_mid_fifo/mem[5][127]_i_1/O
                         net (fo=128, routed)         5.742    18.911                         udp_gateway_shadow_mirror_i/dma_gateway_hybrid_0/inst/i_hybrid_dma/u_crypto_bridge/u_mid_fifo/mem[5][127]_i_1_n_0
    SLICE_X111Y1         FDRE                                         r  shadow_core_region   udp_gateway_shadow_mirror_i/dma_gateway_hybrid_0/inst/i_hybrid_dma/u_crypto_bridge/u_mid_fifo/mem_reg[5][73]/CE
  -------------------------------------------------------------------    ----------------------------------------

                         (clock clk_fpga_0 rise edge)
                                                     20.000    20.000 r                       
    PS7_X0Y0             PS7                          0.000    20.000 r                       udp_gateway_shadow_mirror_i/processing_system7_0/inst/PS7_i/FCLKCLK[0]
                         net (fo=1, routed)           1.088    21.088                         udp_gateway_shadow_mirror_i/processing_system7_0/inst/FCLK_CLK_unbuffered[0]
    BUFGCTRL_X0Y17       BUFG (Prop_bufg_I_O)         0.091    21.179 r                       udp_gateway_shadow_mirror_i/processing_system7_0/inst/buffer_fclk_clk_0.FCLK_CLK_0_BUFG/O
                         net (fo=42827, routed)       1.703    22.882                         udp_gateway_shadow_mirror_i/dma_gateway_hybrid_0/inst/i_hybrid_dma/u_crypto_bridge/u_mid_fifo/clk
    SLICE_X111Y1         FDRE                                         r  shadow_core_region   udp_gateway_shadow_mirror_i/dma_gateway_hybrid_0/inst/i_hybrid_dma/u_crypto_bridge/u_mid_fifo/mem_reg[5][73]/C
                         clock pessimism              0.115    22.997                           
                         clock uncertainty           -0.302    22.695                           
    SLICE_X111Y1         FDRE (Setup_fdre_C_CE)      -0.205    22.490    shadow_core_region     udp_gateway_shadow_mirror_i/dma_gateway_hybrid_0/inst/i_hybrid_dma/u_crypto_bridge/u_mid_fifo/mem_reg[5][73]
  -------------------------------------------------------------------
                         required time                         22.490                           
                         arrival time                         -18.911                           
  -------------------------------------------------------------------
                         slack                                  3.579                           

Slack (MET) :             3.603ns  (required time - arrival time)
  Source:                 udp_gateway_shadow_mirror_i/dma_gateway_hybrid_0/inst/i_hybrid_dma/u_crypto_bridge/gen_crypto_cores[0].u_sm4/u_encdec/round_cnt_reg[0]/C
                            (rising edge-triggered cell FDCE clocked by clk_fpga_0  {rise@0.000ns fall@10.000ns period=20.000ns})
  Destination:            udp_gateway_shadow_mirror_i/dma_gateway_hybrid_0/inst/i_hybrid_dma/u_crypto_bridge/gen_crypto_cores[0].u_sm4/u_encdec/current_state_reg_reg[3]/D
                            (rising edge-triggered cell FDCE clocked by clk_fpga_0  {rise@0.000ns fall@10.000ns period=20.000ns})
  Path Group:             clk_fpga_0
  Path Type:              Setup (Max at Slow Process Corner)
  Requirement:            20.000ns  (clk_fpga_0 rise@20.000ns - clk_fpga_0 rise@0.000ns)
  Data Path Delay:        15.954ns  (logic 2.629ns (16.479%)  route 13.325ns (83.521%))
  Logic Levels:           13  (LUT2=1 LUT5=2 LUT6=7 MUXF7=2 MUXF8=1)
  Clock Path Skew:        -0.172ns (DCD - SCD + CPR)
    Destination Clock Delay (DCD):    2.725ns = ( 22.726 - 20.000 ) 
    Source Clock Delay      (SCD):    3.012ns
    Clock Pessimism Removal (CPR):    0.115ns
  Clock Uncertainty:      0.302ns  ((TSJ^2 + TIJ^2)^1/2 + DJ) / 2 + PE
    Total System Jitter     (TSJ):    0.071ns
    Total Input Jitter      (TIJ):    0.600ns
    Discrete Jitter          (DJ):    0.000ns
    Phase Error              (PE):    0.000ns

    Location             Delay type                Incr(ns)  Path(ns)    PBlock               Netlist Resource(s)
  -------------------------------------------------------------------    ----------------------------------------
                         (clock clk_fpga_0 rise edge)
                                                      0.000     0.000 r                       
    PS7_X0Y0             PS7                          0.000     0.000 r                       udp_gateway_shadow_mirror_i/processing_system7_0/inst/PS7_i/FCLKCLK[0]
                         net (fo=1, routed)           1.193     1.193                         udp_gateway_shadow_mirror_i/processing_system7_0/inst/FCLK_CLK_unbuffered[0]
    BUFGCTRL_X0Y17       BUFG (Prop_bufg_I_O)         0.101     1.294 r                       udp_gateway_shadow_mirror_i/processing_system7_0/inst/buffer_fclk_clk_0.FCLK_CLK_0_BUFG/O
                         net (fo=42827, routed)       1.718     3.012                         udp_gateway_shadow_mirror_i/dma_gateway_hybrid_0/inst/i_hybrid_dma/u_crypto_bridge/gen_crypto_cores[0].u_sm4/u_encdec/clk
    SLICE_X81Y61         FDCE                                         r  shadow_core_region   udp_gateway_shadow_mirror_i/dma_gateway_hybrid_0/inst/i_hybrid_dma/u_crypto_bridge/gen_crypto_cores[0].u_sm4/u_encdec/round_cnt_reg[0]/C
  -------------------------------------------------------------------    ----------------------------------------
    SLICE_X81Y61         FDCE (Prop_fdce_C_Q)         0.456     3.468 r  shadow_core_region   udp_gateway_shadow_mirror_i/dma_gateway_hybrid_0/inst/i_hybrid_dma/u_crypto_bridge/gen_crypto_cores[0].u_sm4/u_encdec/round_cnt_reg[0]/Q
                         net (fo=264, routed)         2.592     6.060                         udp_gateway_shadow_mirror_i/dma_gateway_hybrid_0/inst/i_hybrid_dma/u_crypto_bridge/gen_crypto_cores[0].u_sm4/u_key/g0_b0__11_i_1[0]
    SLICE_X111Y72        LUT6 (Prop_lut6_I4_O)        0.124     6.184 r  shadow_core_region   udp_gateway_shadow_mirror_i/dma_gateway_hybrid_0/inst/i_hybrid_dma/u_crypto_bridge/gen_crypto_cores[0].u_sm4/u_key/g0_b0__7_i_23/O
                         net (fo=1, routed)           1.440     7.624                         udp_gateway_shadow_mirror_i/dma_gateway_hybrid_0/inst/i_hybrid_dma/u_crypto_bridge/gen_crypto_cores[0].u_sm4/u_key/g0_b0__7_i_23_n_0
    SLICE_X109Y69        LUT6 (Prop_lut6_I4_O)        0.124     7.748 r  shadow_core_region   udp_gateway_shadow_mirror_i/dma_gateway_hybrid_0/inst/i_hybrid_dma/u_crypto_bridge/gen_crypto_cores[0].u_sm4/u_key/g0_b0__7_i_9/O
                         net (fo=1, routed)           2.299    10.047                         udp_gateway_shadow_mirror_i/dma_gateway_hybrid_0/inst/i_hybrid_dma/u_crypto_bridge/gen_crypto_cores[0].u_sm4/u_encdec/g0_b0__7_5
    SLICE_X80Y33         LUT5 (Prop_lut5_I4_O)        0.124    10.171 r  shadow_core_region   udp_gateway_shadow_mirror_i/dma_gateway_hybrid_0/inst/i_hybrid_dma/u_crypto_bridge/gen_crypto_cores[0].u_sm4/u_encdec/g0_b0__7_i_1/O
                         net (fo=32, routed)          1.144    11.314                         udp_gateway_shadow_mirror_i/dma_gateway_hybrid_0/inst/i_hybrid_dma/u_crypto_bridge/gen_crypto_cores[0].u_sm4/u_encdec/data_for_transform_0[0]
    SLICE_X71Y33         LUT6 (Prop_lut6_I0_O)        0.124    11.438 r  shadow_core_region   udp_gateway_shadow_mirror_i/dma_gateway_hybrid_0/inst/i_hybrid_dma/u_crypto_bridge/gen_crypto_cores[0].u_sm4/u_encdec/g1_b0__7/O
                         net (fo=1, routed)           0.000    11.438                         udp_gateway_shadow_mirror_i/dma_gateway_hybrid_0/inst/i_hybrid_dma/u_crypto_bridge/gen_crypto_cores[0].u_sm4/u_encdec/u_iter_0/u_transform/u_3/result_out_reg_reg[82]_i_3_1
    SLICE_X71Y33         MUXF7 (Prop_muxf7_I1_O)      0.245    11.683 r  shadow_core_region   udp_gateway_shadow_mirror_i/dma_gateway_hybrid_0/inst/i_hybrid_dma/u_crypto_bridge/gen_crypto_cores[0].u_sm4/u_encdec/u_iter_0/u_transform/u_3/result_out_reg_reg[82]_i_4/O
                         net (fo=1, routed)           0.000    11.683                         udp_gateway_shadow_mirror_i/dma_gateway_hybrid_0/inst/i_hybrid_dma/u_crypto_bridge/gen_crypto_cores[0].u_sm4/u_encdec/u_iter_0/u_transform/u_3/result_out_reg_reg[82]_i_4_n_0
    SLICE_X71Y33         MUXF8 (Prop_muxf8_I0_O)      0.104    11.787 r  shadow_core_region   udp_gateway_shadow_mirror_i/dma_gateway_hybrid_0/inst/i_hybrid_dma/u_crypto_bridge/gen_crypto_cores[0].u_sm4/u_encdec/u_iter_0/u_transform/u_3/result_out_reg_reg[82]_i_3/O
                         net (fo=3, routed)           1.045    12.832                         udp_gateway_shadow_mirror_i/dma_gateway_hybrid_0/inst/i_hybrid_dma/u_crypto_bridge/gen_crypto_cores[0].u_sm4/u_encdec/word_replaced[0]
    SLICE_X74Y32         LUT2 (Prop_lut2_I1_O)        0.316    13.148 r  shadow_core_region   udp_gateway_shadow_mirror_i/dma_gateway_hybrid_0/inst/i_hybrid_dma/u_crypto_bridge/gen_crypto_cores[0].u_sm4/u_encdec/result_out_reg[88]_i_5/O
                         net (fo=3, routed)           0.455    13.603                         udp_gateway_shadow_mirror_i/dma_gateway_hybrid_0/inst/i_hybrid_dma/u_crypto_bridge/gen_crypto_cores[0].u_sm4/u_encdec/result_out_reg[88]_i_5_n_0
    SLICE_X76Y32         LUT5 (Prop_lut5_I0_O)        0.124    13.727 r  shadow_core_region   udp_gateway_shadow_mirror_i/dma_gateway_hybrid_0/inst/i_hybrid_dma/u_crypto_bridge/gen_crypto_cores[0].u_sm4/u_encdec/result_out_reg[66]_i_1/O
                         net (fo=3, routed)           0.565    14.292                         udp_gateway_shadow_mirror_i/dma_gateway_hybrid_0/inst/i_hybrid_dma/u_crypto_bridge/gen_crypto_cores[0].u_sm4/u_encdec/iter_result_0[2]
    SLICE_X77Y29         LUT6 (Prop_lut6_I5_O)        0.124    14.416 r  shadow_core_region   udp_gateway_shadow_mirror_i/dma_gateway_hybrid_0/inst/i_hybrid_dma/u_crypto_bridge/gen_crypto_cores[0].u_sm4/u_encdec/g0_b0__11_i_3/O
                         net (fo=32, routed)          1.829    16.245                         udp_gateway_shadow_mirror_i/dma_gateway_hybrid_0/inst/i_hybrid_dma/u_crypto_bridge/gen_crypto_cores[0].u_sm4/u_encdec/data_for_transform[2]
    SLICE_X53Y31         LUT6 (Prop_lut6_I2_O)        0.124    16.369 r  shadow_core_region   udp_gateway_shadow_mirror_i/dma_gateway_hybrid_0/inst/i_hybrid_dma/u_crypto_bridge/gen_crypto_cores[0].u_sm4/u_encdec/g1_b1__11/O
                         net (fo=2, routed)           0.000    16.369                         udp_gateway_shadow_mirror_i/dma_gateway_hybrid_0/inst/i_hybrid_dma/u_crypto_bridge/gen_crypto_cores[0].u_sm4/u_encdec/u_iter_1/u_transform/u_3/result_out_reg_reg[97]_1
    SLICE_X53Y31         MUXF7 (Prop_muxf7_I1_O)      0.217    16.586 r  shadow_core_region   udp_gateway_shadow_mirror_i/dma_gateway_hybrid_0/inst/i_hybrid_dma/u_crypto_bridge/gen_crypto_cores[0].u_sm4/u_encdec/u_iter_1/u_transform/u_3/current_state_reg_reg[25]_i_8/O
                         net (fo=2, routed)           1.237    17.823                         udp_gateway_shadow_mirror_i/dma_gateway_hybrid_0/inst/i_hybrid_dma/u_crypto_bridge/gen_crypto_cores[0].u_sm4/u_encdec/u_iter_1_n_45
    SLICE_X60Y29         LUT6 (Prop_lut6_I3_O)        0.299    18.122 r  shadow_core_region   udp_gateway_shadow_mirror_i/dma_gateway_hybrid_0/inst/i_hybrid_dma/u_crypto_bridge/gen_crypto_cores[0].u_sm4/u_encdec/current_state_reg[25]_i_3/O
                         net (fo=3, routed)           0.720    18.842                         udp_gateway_shadow_mirror_i/dma_gateway_hybrid_0/inst/i_hybrid_dma/u_crypto_bridge/gen_crypto_cores[0].u_sm4/u_encdec/current_state_reg[25]_i_3_n_0
    SLICE_X67Y29         LUT6 (Prop_lut6_I0_O)        0.124    18.966 r  shadow_core_region   udp_gateway_shadow_mirror_i/dma_gateway_hybrid_0/inst/i_hybrid_dma/u_crypto_bridge/gen_crypto_cores[0].u_sm4/u_encdec/current_state_reg[3]_i_1/O
                         net (fo=1, routed)           0.000    18.966                         udp_gateway_shadow_mirror_i/dma_gateway_hybrid_0/inst/i_hybrid_dma/u_crypto_bridge/gen_crypto_cores[0].u_sm4/u_encdec/p_0_in[3]
    SLICE_X67Y29         FDCE                                         r  shadow_core_region   udp_gateway_shadow_mirror_i/dma_gateway_hybrid_0/inst/i_hybrid_dma/u_crypto_bridge/gen_crypto_cores[0].u_sm4/u_encdec/current_state_reg_reg[3]/D
  -------------------------------------------------------------------    ----------------------------------------

                         (clock clk_fpga_0 rise edge)
                                                     20.000    20.000 r                       
    PS7_X0Y0             PS7                          0.000    20.000 r                       udp_gateway_shadow_mirror_i/processing_system7_0/inst/PS7_i/FCLKCLK[0]
                         net (fo=1, routed)           1.088    21.088                         udp_gateway_shadow_mirror_i/processing_system7_0/inst/FCLK_CLK_unbuffered[0]
    BUFGCTRL_X0Y17       BUFG (Prop_bufg_I_O)         0.091    21.179 r                       udp_gateway_shadow_mirror_i/processing_system7_0/inst/buffer_fclk_clk_0.FCLK_CLK_0_BUFG/O
                         net (fo=42827, routed)       1.546    22.726                         udp_gateway_shadow_mirror_i/dma_gateway_hybrid_0/inst/i_hybrid_dma/u_crypto_bridge/gen_crypto_cores[0].u_sm4/u_encdec/clk
    SLICE_X67Y29         FDCE                                         r  shadow_core_region   udp_gateway_shadow_mirror_i/dma_gateway_hybrid_0/inst/i_hybrid_dma/u_crypto_bridge/gen_crypto_cores[0].u_sm4/u_encdec/current_state_reg_reg[3]/C
                         clock pessimism              0.115    22.840                           
                         clock uncertainty           -0.302    22.538                           
    SLICE_X67Y29         FDCE (Setup_fdce_C_D)        0.031    22.569    shadow_core_region     udp_gateway_shadow_mirror_i/dma_gateway_hybrid_0/inst/i_hybrid_dma/u_crypto_bridge/gen_crypto_cores[0].u_sm4/u_encdec/current_state_reg_reg[3]
  -------------------------------------------------------------------
                         required time                         22.569                           
                         arrival time                         -18.966                           
  -------------------------------------------------------------------
                         slack                                  3.603                           

Slack (MET) :             3.621ns  (required time - arrival time)
  Source:                 udp_gateway_shadow_mirror_i/dma_gateway_hybrid_0/inst/u_shadow_acl_filter/FSM_sequential_state_reg[2]/C
                            (rising edge-triggered cell FDRE clocked by clk_fpga_0  {rise@0.000ns fall@10.000ns period=20.000ns})
  Destination:            udp_gateway_shadow_mirror_i/dma_gateway_hybrid_0/inst/i_hybrid_dma/u_pbm/ram_reg_r2_896_959_24_26/RAMC/I
                            (rising edge-triggered cell RAMD64E clocked by clk_fpga_0  {rise@0.000ns fall@10.000ns period=20.000ns})
  Path Group:             clk_fpga_0
  Path Type:              Setup (Max at Slow Process Corner)
  Requirement:            20.000ns  (clk_fpga_0 rise@20.000ns - clk_fpga_0 rise@0.000ns)
  Data Path Delay:        15.337ns  (logic 1.332ns (8.685%)  route 14.005ns (91.315%))
  Logic Levels:           5  (LUT3=2 LUT5=3)
  Clock Path Skew:        -0.207ns (DCD - SCD + CPR)
    Destination Clock Delay (DCD):    2.737ns = ( 22.737 - 20.000 ) 
    Source Clock Delay      (SCD):    3.174ns
    Clock Pessimism Removal (CPR):    0.230ns
  Clock Uncertainty:      0.302ns  ((TSJ^2 + TIJ^2)^1/2 + DJ) / 2 + PE
    Total System Jitter     (TSJ):    0.071ns
    Total Input Jitter      (TIJ):    0.600ns
    Discrete Jitter          (DJ):    0.000ns
    Phase Error              (PE):    0.000ns

    Location             Delay type                Incr(ns)  Path(ns)    PBlock               Netlist Resource(s)
  -------------------------------------------------------------------    ----------------------------------------
                         (clock clk_fpga_0 rise edge)
                                                      0.000     0.000 r                       
    PS7_X0Y0             PS7                          0.000     0.000 r                       udp_gateway_shadow_mirror_i/processing_system7_0/inst/PS7_i/FCLKCLK[0]
                         net (fo=1, routed)           1.193     1.193                         udp_gateway_shadow_mirror_i/processing_system7_0/inst/FCLK_CLK_unbuffered[0]
    BUFGCTRL_X0Y17       BUFG (Prop_bufg_I_O)         0.101     1.294 r                       udp_gateway_shadow_mirror_i/processing_system7_0/inst/buffer_fclk_clk_0.FCLK_CLK_0_BUFG/O
                         net (fo=42827, routed)       1.880     3.174                         udp_gateway_shadow_mirror_i/dma_gateway_hybrid_0/inst/u_shadow_acl_filter/clk
    SLICE_X113Y39        FDRE                                         r                       udp_gateway_shadow_mirror_i/dma_gateway_hybrid_0/inst/u_shadow_acl_filter/FSM_sequential_state_reg[2]/C
  -------------------------------------------------------------------    ----------------------------------------
    SLICE_X113Y39        FDRE (Prop_fdre_C_Q)         0.456     3.630 r                       udp_gateway_shadow_mirror_i/dma_gateway_hybrid_0/inst/u_shadow_acl_filter/FSM_sequential_state_reg[2]/Q
                         net (fo=71, routed)          2.685     6.315                         udp_gateway_shadow_mirror_i/dma_gateway_hybrid_0/inst/u_shadow_acl_filter/state__0[2]
    SLICE_X105Y12        LUT3 (Prop_lut3_I2_O)        0.152     6.467 f                       udp_gateway_shadow_mirror_i/dma_gateway_hybrid_0/inst/u_shadow_acl_filter/txcap_payload_mem_reg_0_63_15_17_i_12/O
                         net (fo=13, routed)          0.941     7.408                         udp_gateway_shadow_mirror_i/dma_gateway_hybrid_0/inst/u_shadow_acl_filter/txcap_payload_mem_reg_0_63_15_17_i_12_n_0
    SLICE_X106Y8         LUT5 (Prop_lut5_I4_O)        0.326     7.734 f                       udp_gateway_shadow_mirror_i/dma_gateway_hybrid_0/inst/u_shadow_acl_filter/txcap_payload_mem_reg_0_63_24_26_i_10/O
                         net (fo=1, routed)           0.406     8.140                         udp_gateway_shadow_mirror_i/dma_gateway_hybrid_0/inst/u_shadow_acl_filter/txcap_payload_mem_reg_0_63_24_26_i_10_n_0
    SLICE_X111Y8         LUT5 (Prop_lut5_I2_O)        0.124     8.264 r                       udp_gateway_shadow_mirror_i/dma_gateway_hybrid_0/inst/u_shadow_acl_filter/txcap_payload_mem_reg_0_63_24_26_i_3/O
                         net (fo=20, routed)          2.768    11.032                         udp_gateway_shadow_mirror_i/dma_gateway_hybrid_0/inst/u_shadow_acl_filter/aclf_tdata[26]
    SLICE_X111Y57        LUT5 (Prop_lut5_I4_O)        0.124    11.156 r                       udp_gateway_shadow_mirror_i/dma_gateway_hybrid_0/inst/u_shadow_acl_filter/i_hybrid_dma_i_7/O
                         net (fo=3, routed)           3.947    15.103                         udp_gateway_shadow_mirror_i/dma_gateway_hybrid_0/inst/i_hybrid_dma/u_pbm/i_wr_data[26]
    SLICE_X40Y34         LUT3 (Prop_lut3_I2_O)        0.150    15.253 r  shadow_core_region   udp_gateway_shadow_mirror_i/dma_gateway_hybrid_0/inst/i_hybrid_dma/u_pbm/ram_reg_r1_0_63_24_26_i_3/O
                         net (fo=128, routed)         3.258    18.511                         udp_gateway_shadow_mirror_i/dma_gateway_hybrid_0/inst/i_hybrid_dma/u_pbm/ram_reg_r2_896_959_24_26/DIC
    SLICE_X66Y0          RAMD64E                                      r  shadow_core_region   udp_gateway_shadow_mirror_i/dma_gateway_hybrid_0/inst/i_hybrid_dma/u_pbm/ram_reg_r2_896_959_24_26/RAMC/I
  -------------------------------------------------------------------    ----------------------------------------

                         (clock clk_fpga_0 rise edge)
                                                     20.000    20.000 r                       
    PS7_X0Y0             PS7                          0.000    20.000 r                       udp_gateway_shadow_mirror_i/processing_system7_0/inst/PS7_i/FCLKCLK[0]
                         net (fo=1, routed)           1.088    21.088                         udp_gateway_shadow_mirror_i/processing_system7_0/inst/FCLK_CLK_unbuffered[0]
    BUFGCTRL_X0Y17       BUFG (Prop_bufg_I_O)         0.091    21.179 r                       udp_gateway_shadow_mirror_i/processing_system7_0/inst/buffer_fclk_clk_0.FCLK_CLK_0_BUFG/O
                         net (fo=42827, routed)       1.558    22.737                         udp_gateway_shadow_mirror_i/dma_gateway_hybrid_0/inst/i_hybrid_dma/u_pbm/ram_reg_r2_896_959_24_26/WCLK
    SLICE_X66Y0          RAMD64E                                      r  shadow_core_region   udp_gateway_shadow_mirror_i/dma_gateway_hybrid_0/inst/i_hybrid_dma/u_pbm/ram_reg_r2_896_959_24_26/RAMC/CLK
                         clock pessimism              0.230    22.967                           
                         clock uncertainty           -0.302    22.665                           
    SLICE_X66Y0          RAMD64E (Setup_ramd64e_CLK_I)
                                                     -0.533    22.132    shadow_core_region     udp_gateway_shadow_mirror_i/dma_gateway_hybrid_0/inst/i_hybrid_dma/u_pbm/ram_reg_r2_896_959_24_26/RAMC
  -------------------------------------------------------------------
                         required time                         22.132                           
                         arrival time                         -18.511                           
  -------------------------------------------------------------------
                         slack                                  3.621                           

Slack (MET) :             3.637ns  (required time - arrival time)
  Source:                 udp_gateway_shadow_mirror_i/dma_gateway_hybrid_0/inst/i_hybrid_dma/u_crypto_bridge/gen_crypto_cores[0].u_sm4/u_encdec/round_cnt_reg[2]/C
                            (rising edge-triggered cell FDCE clocked by clk_fpga_0  {rise@0.000ns fall@10.000ns period=20.000ns})
  Destination:            udp_gateway_shadow_mirror_i/dma_gateway_hybrid_0/inst/i_hybrid_dma/u_crypto_bridge/gen_crypto_cores[0].u_sm4/u_encdec/current_state_reg_reg[30]/D
                            (rising edge-triggered cell FDCE clocked by clk_fpga_0  {rise@0.000ns fall@10.000ns period=20.000ns})
  Path Group:             clk_fpga_0
  Path Type:              Setup (Max at Slow Process Corner)
  Requirement:            20.000ns  (clk_fpga_0 rise@20.000ns - clk_fpga_0 rise@0.000ns)
  Data Path Delay:        16.018ns  (logic 3.347ns (20.895%)  route 12.671ns (79.105%))
  Logic Levels:           13  (LUT2=1 LUT5=1 LUT6=6 MUXF7=3 MUXF8=2)
  Clock Path Skew:        -0.075ns (DCD - SCD + CPR)
    Destination Clock Delay (DCD):    2.720ns = ( 22.720 - 20.000 ) 
    Source Clock Delay      (SCD):    3.025ns
    Clock Pessimism Removal (CPR):    0.230ns
  Clock Uncertainty:      0.302ns  ((TSJ^2 + TIJ^2)^1/2 + DJ) / 2 + PE
    Total System Jitter     (TSJ):    0.071ns
    Total Input Jitter      (TIJ):    0.600ns
    Discrete Jitter          (DJ):    0.000ns
    Phase Error              (PE):    0.000ns

    Location             Delay type                Incr(ns)  Path(ns)    PBlock               Netlist Resource(s)
  -------------------------------------------------------------------    ----------------------------------------
                         (clock clk_fpga_0 rise edge)
                                                      0.000     0.000 r                       
    PS7_X0Y0             PS7                          0.000     0.000 r                       udp_gateway_shadow_mirror_i/processing_system7_0/inst/PS7_i/FCLKCLK[0]
                         net (fo=1, routed)           1.193     1.193                         udp_gateway_shadow_mirror_i/processing_system7_0/inst/FCLK_CLK_unbuffered[0]
    BUFGCTRL_X0Y17       BUFG (Prop_bufg_I_O)         0.101     1.294 r                       udp_gateway_shadow_mirror_i/processing_system7_0/inst/buffer_fclk_clk_0.FCLK_CLK_0_BUFG/O
                         net (fo=42827, routed)       1.731     3.025                         udp_gateway_shadow_mirror_i/dma_gateway_hybrid_0/inst/i_hybrid_dma/u_crypto_bridge/gen_crypto_cores[0].u_sm4/u_encdec/clk
    SLICE_X69Y40         FDCE                                         r  shadow_core_region   udp_gateway_shadow_mirror_i/dma_gateway_hybrid_0/inst/i_hybrid_dma/u_crypto_bridge/gen_crypto_cores[0].u_sm4/u_encdec/round_cnt_reg[2]/C
  -------------------------------------------------------------------    ----------------------------------------
    SLICE_X69Y40         FDCE (Prop_fdce_C_Q)         0.419     3.444 r  shadow_core_region   udp_gateway_shadow_mirror_i/dma_gateway_hybrid_0/inst/i_hybrid_dma/u_crypto_bridge/gen_crypto_cores[0].u_sm4/u_encdec/round_cnt_reg[2]/Q
                         net (fo=115, routed)         3.388     6.832                         udp_gateway_shadow_mirror_i/dma_gateway_hybrid_0/inst/i_hybrid_dma/u_crypto_bridge/gen_crypto_cores[0].u_sm4/u_key/g0_b0__11_i_1[2]
    SLICE_X110Y87        MUXF7 (Prop_muxf7_S_O)       0.471     7.303 r  shadow_core_region   udp_gateway_shadow_mirror_i/dma_gateway_hybrid_0/inst/i_hybrid_dma/u_crypto_bridge/gen_crypto_cores[0].u_sm4/u_key/g0_b0__9_i_25/O
                         net (fo=1, routed)           0.000     7.303                         udp_gateway_shadow_mirror_i/dma_gateway_hybrid_0/inst/i_hybrid_dma/u_crypto_bridge/gen_crypto_cores[0].u_sm4/u_key/g0_b0__9_i_25_n_0
    SLICE_X110Y87        MUXF8 (Prop_muxf8_I0_O)      0.104     7.407 r  shadow_core_region   udp_gateway_shadow_mirror_i/dma_gateway_hybrid_0/inst/i_hybrid_dma/u_crypto_bridge/gen_crypto_cores[0].u_sm4/u_key/g0_b0__9_i_13/O
                         net (fo=1, routed)           2.761    10.168                         udp_gateway_shadow_mirror_i/dma_gateway_hybrid_0/inst/i_hybrid_dma/u_crypto_bridge/gen_crypto_cores[0].u_sm4/u_encdec/g0_b0__9_2
    SLICE_X81Y33         LUT5 (Prop_lut5_I0_O)        0.316    10.484 r  shadow_core_region   udp_gateway_shadow_mirror_i/dma_gateway_hybrid_0/inst/i_hybrid_dma/u_crypto_bridge/gen_crypto_cores[0].u_sm4/u_encdec/g0_b0__9_i_4/O
                         net (fo=32, routed)          1.255    11.739                         udp_gateway_shadow_mirror_i/dma_gateway_hybrid_0/inst/i_hybrid_dma/u_crypto_bridge/gen_crypto_cores[0].u_sm4/u_encdec/data_for_transform_0[19]
    SLICE_X73Y35         LUT6 (Prop_lut6_I3_O)        0.124    11.863 r  shadow_core_region   udp_gateway_shadow_mirror_i/dma_gateway_hybrid_0/inst/i_hybrid_dma/u_crypto_bridge/gen_crypto_cores[0].u_sm4/u_encdec/g1_b3__9/O
                         net (fo=1, routed)           0.000    11.863                         udp_gateway_shadow_mirror_i/dma_gateway_hybrid_0/inst/i_hybrid_dma/u_crypto_bridge/gen_crypto_cores[0].u_sm4/u_encdec/u_iter_0/u_transform/u_1/result_out_reg_reg[69]_i_3_1
    SLICE_X73Y35         MUXF7 (Prop_muxf7_I1_O)      0.245    12.108 r  shadow_core_region   udp_gateway_shadow_mirror_i/dma_gateway_hybrid_0/inst/i_hybrid_dma/u_crypto_bridge/gen_crypto_cores[0].u_sm4/u_encdec/u_iter_0/u_transform/u_1/result_out_reg_reg[69]_i_4/O
                         net (fo=1, routed)           0.000    12.108                         udp_gateway_shadow_mirror_i/dma_gateway_hybrid_0/inst/i_hybrid_dma/u_crypto_bridge/gen_crypto_cores[0].u_sm4/u_encdec/u_iter_0/u_transform/u_1/result_out_reg_reg[69]_i_4_n_0
    SLICE_X73Y35         MUXF8 (Prop_muxf8_I0_O)      0.104    12.212 r  shadow_core_region   udp_gateway_shadow_mirror_i/dma_gateway_hybrid_0/inst/i_hybrid_dma/u_crypto_bridge/gen_crypto_cores[0].u_sm4/u_encdec/u_iter_0/u_transform/u_1/result_out_reg_reg[69]_i_3/O
                         net (fo=3, routed)           0.659    12.871                         udp_gateway_shadow_mirror_i/dma_gateway_hybrid_0/inst/i_hybrid_dma/u_crypto_bridge/gen_crypto_cores[0].u_sm4/u_encdec/word_replaced[19]
    SLICE_X73Y34         LUT2 (Prop_lut2_I1_O)        0.344    13.215 r  shadow_core_region   udp_gateway_shadow_mirror_i/dma_gateway_hybrid_0/inst/i_hybrid_dma/u_crypto_bridge/gen_crypto_cores[0].u_sm4/u_encdec/result_out_reg[93]_i_3/O
                         net (fo=2, routed)           0.667    13.882                         udp_gateway_shadow_mirror_i/dma_gateway_hybrid_0/inst/i_hybrid_dma/u_crypto_bridge/gen_crypto_cores[0].u_sm4/u_encdec/result_out_reg[93]_i_3_n_0
    SLICE_X69Y34         LUT6 (Prop_lut6_I4_O)        0.332    14.214 r  shadow_core_region   udp_gateway_shadow_mirror_i/dma_gateway_hybrid_0/inst/i_hybrid_dma/u_crypto_bridge/gen_crypto_cores[0].u_sm4/u_encdec/result_out_reg[93]_i_1/O
                         net (fo=3, routed)           0.731    14.945                         udp_gateway_shadow_mirror_i/dma_gateway_hybrid_0/inst/i_hybrid_dma/u_crypto_bridge/gen_crypto_cores[0].u_sm4/u_encdec/iter_result_0[29]
    SLICE_X70Y32         LUT6 (Prop_lut6_I4_O)        0.124    15.069 r  shadow_core_region   udp_gateway_shadow_mirror_i/dma_gateway_hybrid_0/inst/i_hybrid_dma/u_crypto_bridge/gen_crypto_cores[0].u_sm4/u_encdec/g0_b0__14_i_6/O
                         net (fo=32, routed)          1.580    16.648                         udp_gateway_shadow_mirror_i/dma_gateway_hybrid_0/inst/i_hybrid_dma/u_crypto_bridge/gen_crypto_cores[0].u_sm4/u_encdec/data_for_transform[29]
    SLICE_X57Y20         LUT6 (Prop_lut6_I5_O)        0.124    16.772 r  shadow_core_region   udp_gateway_shadow_mirror_i/dma_gateway_hybrid_0/inst/i_hybrid_dma/u_crypto_bridge/gen_crypto_cores[0].u_sm4/u_encdec/g1_b4__14/O
                         net (fo=2, routed)           0.000    16.772                         udp_gateway_shadow_mirror_i/dma_gateway_hybrid_0/inst/i_hybrid_dma/u_crypto_bridge/gen_crypto_cores[0].u_sm4/u_encdec/u_iter_1/u_transform/u_0/result_out_reg_reg[116]_1
    SLICE_X57Y20         MUXF7 (Prop_muxf7_I1_O)      0.217    16.989 r  shadow_core_region   udp_gateway_shadow_mirror_i/dma_gateway_hybrid_0/inst/i_hybrid_dma/u_crypto_bridge/gen_crypto_cores[0].u_sm4/u_encdec/u_iter_1/u_transform/u_0/current_state_reg_reg[30]_i_4/O
                         net (fo=2, routed)           1.044    18.033                         udp_gateway_shadow_mirror_i/dma_gateway_hybrid_0/inst/i_hybrid_dma/u_crypto_bridge/gen_crypto_cores[0].u_sm4/u_encdec/u_iter_1_n_87
    SLICE_X59Y26         LUT6 (Prop_lut6_I0_O)        0.299    18.332 r  shadow_core_region   udp_gateway_shadow_mirror_i/dma_gateway_hybrid_0/inst/i_hybrid_dma/u_crypto_bridge/gen_crypto_cores[0].u_sm4/u_encdec/current_state_reg[30]_i_2/O
                         net (fo=2, routed)           0.587    18.919                         udp_gateway_shadow_mirror_i/dma_gateway_hybrid_0/inst/i_hybrid_dma/u_crypto_bridge/gen_crypto_cores[0].u_sm4/u_encdec/current_state_reg[30]_i_2_n_0
    SLICE_X63Y26         LUT6 (Prop_lut6_I1_O)        0.124    19.043 r  shadow_core_region   udp_gateway_shadow_mirror_i/dma_gateway_hybrid_0/inst/i_hybrid_dma/u_crypto_bridge/gen_crypto_cores[0].u_sm4/u_encdec/current_state_reg[30]_i_1/O
                         net (fo=1, routed)           0.000    19.043                         udp_gateway_shadow_mirror_i/dma_gateway_hybrid_0/inst/i_hybrid_dma/u_crypto_bridge/gen_crypto_cores[0].u_sm4/u_encdec/p_0_in[30]
    SLICE_X63Y26         FDCE                                         r  shadow_core_region   udp_gateway_shadow_mirror_i/dma_gateway_hybrid_0/inst/i_hybrid_dma/u_crypto_bridge/gen_crypto_cores[0].u_sm4/u_encdec/current_state_reg_reg[30]/D
  -------------------------------------------------------------------    ----------------------------------------

                         (clock clk_fpga_0 rise edge)
                                                     20.000    20.000 r                       
    PS7_X0Y0             PS7                          0.000    20.000 r                       udp_gateway_shadow_mirror_i/processing_system7_0/inst/PS7_i/FCLKCLK[0]
                         net (fo=1, routed)           1.088    21.088                         udp_gateway_shadow_mirror_i/processing_system7_0/inst/FCLK_CLK_unbuffered[0]
    BUFGCTRL_X0Y17       BUFG (Prop_bufg_I_O)         0.091    21.179 r                       udp_gateway_shadow_mirror_i/processing_system7_0/inst/buffer_fclk_clk_0.FCLK_CLK_0_BUFG/O
                         net (fo=42827, routed)       1.541    22.721                         udp_gateway_shadow_mirror_i/dma_gateway_hybrid_0/inst/i_hybrid_dma/u_crypto_bridge/gen_crypto_cores[0].u_sm4/u_encdec/clk
    SLICE_X63Y26         FDCE                                         r  shadow_core_region   udp_gateway_shadow_mirror_i/dma_gateway_hybrid_0/inst/i_hybrid_dma/u_crypto_bridge/gen_crypto_cores[0].u_sm4/u_encdec/current_state_reg_reg[30]/C
                         clock pessimism              0.230    22.950                           
                         clock uncertainty           -0.302    22.648                           
    SLICE_X63Y26         FDCE (Setup_fdce_C_D)        0.032    22.680    shadow_core_region     udp_gateway_shadow_mirror_i/dma_gateway_hybrid_0/inst/i_hybrid_dma/u_crypto_bridge/gen_crypto_cores[0].u_sm4/u_encdec/current_state_reg_reg[30]
  -------------------------------------------------------------------
                         required time                         22.680                           
                         arrival time                         -19.043                           
  -------------------------------------------------------------------
                         slack                                  3.637                           

Slack (MET) :             3.659ns  (required time - arrival time)
  Source:                 udp_gateway_shadow_mirror_i/dma_gateway_hybrid_0/inst/u_shadow_acl_filter/flush_idx_reg[0]/C
                            (rising edge-triggered cell FDRE clocked by clk_fpga_0  {rise@0.000ns fall@10.000ns period=20.000ns})
  Destination:            udp_gateway_shadow_mirror_i/dma_gateway_hybrid_0/inst/txcap_header_mem_reg[10][25]/CE
                            (rising edge-triggered cell FDRE clocked by clk_fpga_0  {rise@0.000ns fall@10.000ns period=20.000ns})
  Path Group:             clk_fpga_0
  Path Type:              Setup (Max at Slow Process Corner)
  Requirement:            20.000ns  (clk_fpga_0 rise@20.000ns - clk_fpga_0 rise@0.000ns)
  Data Path Delay:        15.634ns  (logic 4.136ns (26.455%)  route 11.498ns (73.545%))
  Logic Levels:           16  (CARRY4=7 LUT1=1 LUT4=2 LUT5=3 LUT6=3)
  Clock Path Skew:        -0.199ns (DCD - SCD + CPR)
    Destination Clock Delay (DCD):    2.854ns = ( 22.854 - 20.000 ) 
    Source Clock Delay      (SCD):    3.168ns
    Clock Pessimism Removal (CPR):    0.115ns
  Clock Uncertainty:      0.302ns  ((TSJ^2 + TIJ^2)^1/2 + DJ) / 2 + PE
    Total System Jitter     (TSJ):    0.071ns
    Total Input Jitter      (TIJ):    0.600ns
    Discrete Jitter          (DJ):    0.000ns
    Phase Error              (PE):    0.000ns

    Location             Delay type                Incr(ns)  Path(ns)    Netlist Resource(s)
  -------------------------------------------------------------------    -------------------
                         (clock clk_fpga_0 rise edge)
                                                      0.000     0.000 r  
    PS7_X0Y0             PS7                          0.000     0.000 r  udp_gateway_shadow_mirror_i/processing_system7_0/inst/PS7_i/FCLKCLK[0]
                         net (fo=1, routed)           1.193     1.193    udp_gateway_shadow_mirror_i/processing_system7_0/inst/FCLK_CLK_unbuffered[0]
    BUFGCTRL_X0Y17       BUFG (Prop_bufg_I_O)         0.101     1.294 r  udp_gateway_shadow_mirror_i/processing_system7_0/inst/buffer_fclk_clk_0.FCLK_CLK_0_BUFG/O
                         net (fo=42827, routed)       1.874     3.168    udp_gateway_shadow_mirror_i/dma_gateway_hybrid_0/inst/u_shadow_acl_filter/clk
    SLICE_X113Y33        FDRE                                         r  udp_gateway_shadow_mirror_i/dma_gateway_hybrid_0/inst/u_shadow_acl_filter/flush_idx_reg[0]/C
  -------------------------------------------------------------------    -------------------
    SLICE_X113Y33        FDRE (Prop_fdre_C_Q)         0.419     3.587 r  udp_gateway_shadow_mirror_i/dma_gateway_hybrid_0/inst/u_shadow_acl_filter/flush_idx_reg[0]/Q
                         net (fo=104, routed)         2.783     6.370    udp_gateway_shadow_mirror_i/dma_gateway_hybrid_0/inst/u_shadow_acl_filter/flush_idx_reg_n_0_[0]
    SLICE_X106Y5         LUT6 (Prop_lut6_I4_O)        0.296     6.666 r  udp_gateway_shadow_mirror_i/dma_gateway_hybrid_0/inst/u_shadow_acl_filter/txcap_payload_mem_reg_0_63_12_14_i_12/O
                         net (fo=1, routed)           0.618     7.284    udp_gateway_shadow_mirror_i/dma_gateway_hybrid_0/inst/u_shadow_acl_filter/txcap_payload_mem_reg_0_63_12_14_i_12_n_0
    SLICE_X107Y6         LUT6 (Prop_lut6_I2_O)        0.124     7.408 f  udp_gateway_shadow_mirror_i/dma_gateway_hybrid_0/inst/u_shadow_acl_filter/txcap_payload_mem_reg_0_63_12_14_i_5/O
                         net (fo=1, routed)           0.575     7.983    udp_gateway_shadow_mirror_i/dma_gateway_hybrid_0/inst/u_shadow_acl_filter/txcap_payload_mem_reg_0_63_12_14_i_5_n_0
    SLICE_X107Y8         LUT5 (Prop_lut5_I4_O)        0.124     8.107 f  udp_gateway_shadow_mirror_i/dma_gateway_hybrid_0/inst/u_shadow_acl_filter/txcap_payload_mem_reg_0_63_12_14_i_2/O
                         net (fo=23, routed)          1.473     9.579    udp_gateway_shadow_mirror_i/dma_gateway_hybrid_0/inst/u_shadow_acl_filter/aclf_tdata[13]
    SLICE_X110Y26        LUT1 (Prop_lut1_I0_O)        0.124     9.703 r  udp_gateway_shadow_mirror_i/dma_gateway_hybrid_0/inst/u_shadow_acl_filter/txcap_count_q[9]_i_38/O
                         net (fo=1, routed)           0.000     9.703    udp_gateway_shadow_mirror_i/dma_gateway_hybrid_0/inst/u_shadow_acl_filter/txcap_count_q[9]_i_38_n_0
    SLICE_X110Y26        CARRY4 (Prop_carry4_S[3]_CO[3])
                                                      0.401    10.104 r  udp_gateway_shadow_mirror_i/dma_gateway_hybrid_0/inst/u_shadow_acl_filter/txcap_count_q_reg[9]_i_23/CO[3]
                         net (fo=1, routed)           0.000    10.104    udp_gateway_shadow_mirror_i/dma_gateway_hybrid_0/inst/u_shadow_acl_filter/txcap_count_q_reg[9]_i_23_n_0
    SLICE_X110Y27        CARRY4 (Prop_carry4_CI_O[2])
                                                      0.239    10.343 r  udp_gateway_shadow_mirror_i/dma_gateway_hybrid_0/inst/u_shadow_acl_filter/FSM_sequential_fastpath_route_state_q_reg[2]_i_23/O[2]
                         net (fo=16, routed)          0.548    10.891    udp_gateway_shadow_mirror_i/dma_gateway_hybrid_0/inst/u_shadow_acl_filter/fastpath_route_state_q5[16]
    SLICE_X111Y27        CARRY4 (Prop_carry4_S[1]_CO[3])
                                                      0.852    11.743 r  udp_gateway_shadow_mirror_i/dma_gateway_hybrid_0/inst/u_shadow_acl_filter/FSM_sequential_fastpath_route_state_q_reg[2]_i_12/CO[3]
                         net (fo=1, routed)           0.000    11.743    udp_gateway_shadow_mirror_i/dma_gateway_hybrid_0/inst/u_shadow_acl_filter/FSM_sequential_fastpath_route_state_q_reg[2]_i_12_n_0
    SLICE_X111Y28        CARRY4 (Prop_carry4_CI_CO[3])
                                                      0.114    11.857 r  udp_gateway_shadow_mirror_i/dma_gateway_hybrid_0/inst/u_shadow_acl_filter/txcap_count_q_reg[9]_i_33/CO[3]
                         net (fo=1, routed)           0.000    11.857    udp_gateway_shadow_mirror_i/dma_gateway_hybrid_0/inst/u_shadow_acl_filter/txcap_count_q_reg[9]_i_33_n_0
    SLICE_X111Y29        CARRY4 (Prop_carry4_CI_CO[3])
                                                      0.114    11.971 r  udp_gateway_shadow_mirror_i/dma_gateway_hybrid_0/inst/u_shadow_acl_filter/FSM_sequential_fastpath_route_state_q_reg[2]_i_13/CO[3]
                         net (fo=1, routed)           0.000    11.971    udp_gateway_shadow_mirror_i/dma_gateway_hybrid_0/inst/u_shadow_acl_filter/FSM_sequential_fastpath_route_state_q_reg[2]_i_13_n_0
    SLICE_X111Y30        CARRY4 (Prop_carry4_CI_CO[3])
                                                      0.114    12.085 r  udp_gateway_shadow_mirror_i/dma_gateway_hybrid_0/inst/u_shadow_acl_filter/FSM_sequential_fastpath_route_state_q_reg[2]_i_11/CO[3]
                         net (fo=1, routed)           0.000    12.085    udp_gateway_shadow_mirror_i/dma_gateway_hybrid_0/inst/u_shadow_acl_filter/FSM_sequential_fastpath_route_state_q_reg[2]_i_11_n_0
    SLICE_X111Y31        CARRY4 (Prop_carry4_CI_CO[1])
                                                      0.157    12.242 f  udp_gateway_shadow_mirror_i/dma_gateway_hybrid_0/inst/u_shadow_acl_filter/FSM_sequential_fastpath_route_state_q_reg[2]_i_24/CO[1]
                         net (fo=2, routed)           0.945    13.187    udp_gateway_shadow_mirror_i/dma_gateway_hybrid_0/inst/u_shadow_acl_filter/FSM_sequential_fastpath_route_state_q_reg[2]_i_24_n_2
    SLICE_X112Y27        LUT4 (Prop_lut4_I1_O)        0.329    13.516 f  udp_gateway_shadow_mirror_i/dma_gateway_hybrid_0/inst/u_shadow_acl_filter/FSM_sequential_fastpath_route_state_q[2]_i_15/O
                         net (fo=1, routed)           0.640    14.156    udp_gateway_shadow_mirror_i/dma_gateway_hybrid_0/inst/u_shadow_acl_filter/FSM_sequential_fastpath_route_state_q[2]_i_15_n_0
    SLICE_X113Y27        LUT5 (Prop_lut5_I4_O)        0.124    14.280 f  udp_gateway_shadow_mirror_i/dma_gateway_hybrid_0/inst/u_shadow_acl_filter/FSM_sequential_fastpath_route_state_q[2]_i_7/O
                         net (fo=1, routed)           0.651    14.931    udp_gateway_shadow_mirror_i/dma_gateway_hybrid_0/inst/u_shadow_acl_filter/FSM_sequential_fastpath_route_state_q[2]_i_7_n_0
    SLICE_X110Y23        LUT6 (Prop_lut6_I2_O)        0.124    15.055 f  udp_gateway_shadow_mirror_i/dma_gateway_hybrid_0/inst/u_shadow_acl_filter/FSM_sequential_fastpath_route_state_q[2]_i_4/O
                         net (fo=4, routed)           0.587    15.642    udp_gateway_shadow_mirror_i/dma_gateway_hybrid_0/inst/u_shadow_acl_filter/FSM_sequential_fastpath_route_state_q[2]_i_4_n_0
    SLICE_X110Y22        LUT4 (Prop_lut4_I1_O)        0.149    15.791 r  udp_gateway_shadow_mirror_i/dma_gateway_hybrid_0/inst/u_shadow_acl_filter/txcap_payload_wr_ptr_q[8]_i_4/O
                         net (fo=25, routed)          0.542    16.333    udp_gateway_shadow_mirror_i/dma_gateway_hybrid_0/inst/u_shadow_acl_filter/reg_ctrl_reg[11]_0
    SLICE_X109Y24        LUT5 (Prop_lut5_I0_O)        0.332    16.665 r  udp_gateway_shadow_mirror_i/dma_gateway_hybrid_0/inst/u_shadow_acl_filter/txcap_header_mem[0][31]_i_1/O
                         net (fo=352, routed)         2.138    18.802    udp_gateway_shadow_mirror_i/dma_gateway_hybrid_0/inst/u_shadow_acl_filter_n_132
    SLICE_X111Y69        FDRE                                         r  udp_gateway_shadow_mirror_i/dma_gateway_hybrid_0/inst/txcap_header_mem_reg[10][25]/CE
  -------------------------------------------------------------------    -------------------

                         (clock clk_fpga_0 rise edge)
                                                     20.000    20.000 r  
    PS7_X0Y0             PS7                          0.000    20.000 r  udp_gateway_shadow_mirror_i/processing_system7_0/inst/PS7_i/FCLKCLK[0]
                         net (fo=1, routed)           1.088    21.088    udp_gateway_shadow_mirror_i/processing_system7_0/inst/FCLK_CLK_unbuffered[0]
    BUFGCTRL_X0Y17       BUFG (Prop_bufg_I_O)         0.091    21.179 r  udp_gateway_shadow_mirror_i/processing_system7_0/inst/buffer_fclk_clk_0.FCLK_CLK_0_BUFG/O
                         net (fo=42827, routed)       1.675    22.854    udp_gateway_shadow_mirror_i/dma_gateway_hybrid_0/inst/clk
    SLICE_X111Y69        FDRE                                         r  udp_gateway_shadow_mirror_i/dma_gateway_hybrid_0/inst/txcap_header_mem_reg[10][25]/C
                         clock pessimism              0.115    22.969    
                         clock uncertainty           -0.302    22.667    
    SLICE_X111Y69        FDRE (Setup_fdre_C_CE)      -0.205    22.462    udp_gateway_shadow_mirror_i/dma_gateway_hybrid_0/inst/txcap_header_mem_reg[10][25]
  -------------------------------------------------------------------
                         required time                         22.462    
                         arrival time                         -18.802    
  -------------------------------------------------------------------
                         slack                                  3.659    

Slack (MET) :             3.666ns  (required time - arrival time)
  Source:                 udp_gateway_shadow_mirror_i/dma_gateway_hybrid_0/inst/i_hybrid_dma/u_crypto_bridge/gen_crypto_cores[0].u_sm4/u_encdec/round_cnt_reg[0]/C
                            (rising edge-triggered cell FDCE clocked by clk_fpga_0  {rise@0.000ns fall@10.000ns period=20.000ns})
  Destination:            udp_gateway_shadow_mirror_i/dma_gateway_hybrid_0/inst/i_hybrid_dma/u_crypto_bridge/gen_crypto_cores[0].u_sm4/u_encdec/current_state_reg_reg[5]/D
                            (rising edge-triggered cell FDCE clocked by clk_fpga_0  {rise@0.000ns fall@10.000ns period=20.000ns})
  Path Group:             clk_fpga_0
  Path Type:              Setup (Max at Slow Process Corner)
  Requirement:            20.000ns  (clk_fpga_0 rise@20.000ns - clk_fpga_0 rise@0.000ns)
  Data Path Delay:        15.892ns  (logic 2.505ns (15.762%)  route 13.387ns (84.238%))
  Logic Levels:           12  (LUT5=2 LUT6=7 MUXF7=2 MUXF8=1)
  Clock Path Skew:        -0.172ns (DCD - SCD + CPR)
    Destination Clock Delay (DCD):    2.725ns = ( 22.726 - 20.000 ) 
    Source Clock Delay      (SCD):    3.012ns
    Clock Pessimism Removal (CPR):    0.115ns
  Clock Uncertainty:      0.302ns  ((TSJ^2 + TIJ^2)^1/2 + DJ) / 2 + PE
    Total System Jitter     (TSJ):    0.071ns
    Total Input Jitter      (TIJ):    0.600ns
    Discrete Jitter          (DJ):    0.000ns
    Phase Error              (PE):    0.000ns

    Location             Delay type                Incr(ns)  Path(ns)    PBlock               Netlist Resource(s)
  -------------------------------------------------------------------    ----------------------------------------
                         (clock clk_fpga_0 rise edge)
                                                      0.000     0.000 r                       
    PS7_X0Y0             PS7                          0.000     0.000 r                       udp_gateway_shadow_mirror_i/processing_system7_0/inst/PS7_i/FCLKCLK[0]
                         net (fo=1, routed)           1.193     1.193                         udp_gateway_shadow_mirror_i/processing_system7_0/inst/FCLK_CLK_unbuffered[0]
    BUFGCTRL_X0Y17       BUFG (Prop_bufg_I_O)         0.101     1.294 r                       udp_gateway_shadow_mirror_i/processing_system7_0/inst/buffer_fclk_clk_0.FCLK_CLK_0_BUFG/O
                         net (fo=42827, routed)       1.718     3.012                         udp_gateway_shadow_mirror_i/dma_gateway_hybrid_0/inst/i_hybrid_dma/u_crypto_bridge/gen_crypto_cores[0].u_sm4/u_encdec/clk
    SLICE_X81Y61         FDCE                                         r  shadow_core_region   udp_gateway_shadow_mirror_i/dma_gateway_hybrid_0/inst/i_hybrid_dma/u_crypto_bridge/gen_crypto_cores[0].u_sm4/u_encdec/round_cnt_reg[0]/C
  -------------------------------------------------------------------    ----------------------------------------
    SLICE_X81Y61         FDCE (Prop_fdce_C_Q)         0.456     3.468 r  shadow_core_region   udp_gateway_shadow_mirror_i/dma_gateway_hybrid_0/inst/i_hybrid_dma/u_crypto_bridge/gen_crypto_cores[0].u_sm4/u_encdec/round_cnt_reg[0]/Q
                         net (fo=264, routed)         2.592     6.060                         udp_gateway_shadow_mirror_i/dma_gateway_hybrid_0/inst/i_hybrid_dma/u_crypto_bridge/gen_crypto_cores[0].u_sm4/u_key/g0_b0__11_i_1[0]
    SLICE_X111Y72        LUT6 (Prop_lut6_I4_O)        0.124     6.184 r  shadow_core_region   udp_gateway_shadow_mirror_i/dma_gateway_hybrid_0/inst/i_hybrid_dma/u_crypto_bridge/gen_crypto_cores[0].u_sm4/u_key/g0_b0__7_i_23/O
                         net (fo=1, routed)           1.440     7.624                         udp_gateway_shadow_mirror_i/dma_gateway_hybrid_0/inst/i_hybrid_dma/u_crypto_bridge/gen_crypto_cores[0].u_sm4/u_key/g0_b0__7_i_23_n_0
    SLICE_X109Y69        LUT6 (Prop_lut6_I4_O)        0.124     7.748 r  shadow_core_region   udp_gateway_shadow_mirror_i/dma_gateway_hybrid_0/inst/i_hybrid_dma/u_crypto_bridge/gen_crypto_cores[0].u_sm4/u_key/g0_b0__7_i_9/O
                         net (fo=1, routed)           2.299    10.047                         udp_gateway_shadow_mirror_i/dma_gateway_hybrid_0/inst/i_hybrid_dma/u_crypto_bridge/gen_crypto_cores[0].u_sm4/u_encdec/g0_b0__7_5
    SLICE_X80Y33         LUT5 (Prop_lut5_I4_O)        0.124    10.171 r  shadow_core_region   udp_gateway_shadow_mirror_i/dma_gateway_hybrid_0/inst/i_hybrid_dma/u_crypto_bridge/gen_crypto_cores[0].u_sm4/u_encdec/g0_b0__7_i_1/O
                         net (fo=32, routed)          1.560    11.731                         udp_gateway_shadow_mirror_i/dma_gateway_hybrid_0/inst/i_hybrid_dma/u_crypto_bridge/gen_crypto_cores[0].u_sm4/u_encdec/data_for_transform_0[0]
    SLICE_X71Y35         LUT6 (Prop_lut6_I0_O)        0.124    11.855 r  shadow_core_region   udp_gateway_shadow_mirror_i/dma_gateway_hybrid_0/inst/i_hybrid_dma/u_crypto_bridge/gen_crypto_cores[0].u_sm4/u_encdec/g1_b5__7/O
                         net (fo=1, routed)           0.000    11.855                         udp_gateway_shadow_mirror_i/dma_gateway_hybrid_0/inst/i_hybrid_dma/u_crypto_bridge/gen_crypto_cores[0].u_sm4/u_encdec/u_iter_0/u_transform/u_3/result_out_reg[93]_i_2_0
    SLICE_X71Y35         MUXF7 (Prop_muxf7_I1_O)      0.245    12.100 r  shadow_core_region   udp_gateway_shadow_mirror_i/dma_gateway_hybrid_0/inst/i_hybrid_dma/u_crypto_bridge/gen_crypto_cores[0].u_sm4/u_encdec/u_iter_0/u_transform/u_3/result_out_reg_reg[93]_i_5/O
                         net (fo=2, routed)           0.000    12.100                         udp_gateway_shadow_mirror_i/dma_gateway_hybrid_0/inst/i_hybrid_dma/u_crypto_bridge/gen_crypto_cores[0].u_sm4/u_encdec/u_iter_0/u_transform/u_3/gen_inst_ctrl[0].inst_plaintext_reg[0][70]
    SLICE_X71Y35         MUXF8 (Prop_muxf8_I0_O)      0.104    12.204 r  shadow_core_region   udp_gateway_shadow_mirror_i/dma_gateway_hybrid_0/inst/i_hybrid_dma/u_crypto_bridge/gen_crypto_cores[0].u_sm4/u_encdec/u_iter_0/u_transform/u_3/result_out_reg_reg[87]_i_2/O
                         net (fo=5, routed)           1.249    13.453                         udp_gateway_shadow_mirror_i/dma_gateway_hybrid_0/inst/i_hybrid_dma/u_crypto_bridge/gen_crypto_cores[0].u_sm4/u_encdec/word_replaced[5]
    SLICE_X74Y33         LUT5 (Prop_lut5_I2_O)        0.316    13.769 r  shadow_core_region   udp_gateway_shadow_mirror_i/dma_gateway_hybrid_0/inst/i_hybrid_dma/u_crypto_bridge/gen_crypto_cores[0].u_sm4/u_encdec/result_out_reg[69]_i_1/O
                         net (fo=3, routed)           0.632    14.401                         udp_gateway_shadow_mirror_i/dma_gateway_hybrid_0/inst/i_hybrid_dma/u_crypto_bridge/gen_crypto_cores[0].u_sm4/u_encdec/iter_result_0[5]
    SLICE_X65Y31         LUT6 (Prop_lut6_I5_O)        0.124    14.525 r  shadow_core_region   udp_gateway_shadow_mirror_i/dma_gateway_hybrid_0/inst/i_hybrid_dma/u_crypto_bridge/gen_crypto_cores[0].u_sm4/u_encdec/g0_b0__11_i_6/O
                         net (fo=32, routed)          1.644    16.168                         udp_gateway_shadow_mirror_i/dma_gateway_hybrid_0/inst/i_hybrid_dma/u_crypto_bridge/gen_crypto_cores[0].u_sm4/u_encdec/data_for_transform[5]
    SLICE_X52Y33         LUT6 (Prop_lut6_I5_O)        0.124    16.292 r  shadow_core_region   udp_gateway_shadow_mirror_i/dma_gateway_hybrid_0/inst/i_hybrid_dma/u_crypto_bridge/gen_crypto_cores[0].u_sm4/u_encdec/g1_b5__11/O
                         net (fo=2, routed)           0.000    16.292                         udp_gateway_shadow_mirror_i/dma_gateway_hybrid_0/inst/i_hybrid_dma/u_crypto_bridge/gen_crypto_cores[0].u_sm4/u_encdec/u_iter_1/u_transform/u_3/result_out_reg_reg[111]_1
    SLICE_X52Y33         MUXF7 (Prop_muxf7_I1_O)      0.217    16.509 r  shadow_core_region   udp_gateway_shadow_mirror_i/dma_gateway_hybrid_0/inst/i_hybrid_dma/u_crypto_bridge/gen_crypto_cores[0].u_sm4/u_encdec/u_iter_1/u_transform/u_3/current_state_reg_reg[29]_i_4/O
                         net (fo=2, routed)           1.263    17.772                         udp_gateway_shadow_mirror_i/dma_gateway_hybrid_0/inst/i_hybrid_dma/u_crypto_bridge/gen_crypto_cores[0].u_sm4/u_encdec/u_iter_1_n_37
    SLICE_X58Y30         LUT6 (Prop_lut6_I3_O)        0.299    18.071 r  shadow_core_region   udp_gateway_shadow_mirror_i/dma_gateway_hybrid_0/inst/i_hybrid_dma/u_crypto_bridge/gen_crypto_cores[0].u_sm4/u_encdec/current_state_reg[15]_i_2/O
                         net (fo=2, routed)           0.709    18.780                         udp_gateway_shadow_mirror_i/dma_gateway_hybrid_0/inst/i_hybrid_dma/u_crypto_bridge/gen_crypto_cores[0].u_sm4/u_encdec/current_state_reg[15]_i_2_n_0
    SLICE_X64Y29         LUT6 (Prop_lut6_I1_O)        0.124    18.904 r  shadow_core_region   udp_gateway_shadow_mirror_i/dma_gateway_hybrid_0/inst/i_hybrid_dma/u_crypto_bridge/gen_crypto_cores[0].u_sm4/u_encdec/current_state_reg[5]_i_1/O
                         net (fo=1, routed)           0.000    18.904                         udp_gateway_shadow_mirror_i/dma_gateway_hybrid_0/inst/i_hybrid_dma/u_crypto_bridge/gen_crypto_cores[0].u_sm4/u_encdec/p_0_in[5]
    SLICE_X64Y29         FDCE                                         r  shadow_core_region   udp_gateway_shadow_mirror_i/dma_gateway_hybrid_0/inst/i_hybrid_dma/u_crypto_bridge/gen_crypto_cores[0].u_sm4/u_encdec/current_state_reg_reg[5]/D
  -------------------------------------------------------------------    ----------------------------------------

                         (clock clk_fpga_0 rise edge)
                                                     20.000    20.000 r                       
    PS7_X0Y0             PS7                          0.000    20.000 r                       udp_gateway_shadow_mirror_i/processing_system7_0/inst/PS7_i/FCLKCLK[0]
                         net (fo=1, routed)           1.088    21.088                         udp_gateway_shadow_mirror_i/processing_system7_0/inst/FCLK_CLK_unbuffered[0]
    BUFGCTRL_X0Y17       BUFG (Prop_bufg_I_O)         0.091    21.179 r                       udp_gateway_shadow_mirror_i/processing_system7_0/inst/buffer_fclk_clk_0.FCLK_CLK_0_BUFG/O
                         net (fo=42827, routed)       1.546    22.726                         udp_gateway_shadow_mirror_i/dma_gateway_hybrid_0/inst/i_hybrid_dma/u_crypto_bridge/gen_crypto_cores[0].u_sm4/u_encdec/clk
    SLICE_X64Y29         FDCE                                         r  shadow_core_region   udp_gateway_shadow_mirror_i/dma_gateway_hybrid_0/inst/i_hybrid_dma/u_crypto_bridge/gen_crypto_cores[0].u_sm4/u_encdec/current_state_reg_reg[5]/C
                         clock pessimism              0.115    22.840                           
                         clock uncertainty           -0.302    22.538                           
    SLICE_X64Y29         FDCE (Setup_fdce_C_D)        0.032    22.570    shadow_core_region     udp_gateway_shadow_mirror_i/dma_gateway_hybrid_0/inst/i_hybrid_dma/u_crypto_bridge/gen_crypto_cores[0].u_sm4/u_encdec/current_state_reg_reg[5]
  -------------------------------------------------------------------
                         required time                         22.570                           
                         arrival time                         -18.904                           
  -------------------------------------------------------------------
                         slack                                  3.666                           





Min Delay Paths
--------------------------------------------------------------------------------------
Slack (MET) :             0.018ns  (arrival time - required time)
  Source:                 udp_gateway_shadow_mirror_i/crypto_accel_axi_0/inst/u_design1_crypto_accel_axi/crypto_accel_axi_slave_lite_v1_0_S00_AXI_inst/u_crypto_bridge_top/plaintext_reg_reg[3]/C
                            (rising edge-triggered cell FDCE clocked by clk_fpga_0  {rise@0.000ns fall@10.000ns period=20.000ns})
  Destination:            udp_gateway_shadow_mirror_i/crypto_accel_axi_0/inst/u_design1_crypto_accel_axi/crypto_accel_axi_slave_lite_v1_0_S00_AXI_inst/u_crypto_bridge_top/plaintext_reg_reg[35]/D
                            (rising edge-triggered cell FDCE clocked by clk_fpga_0  {rise@0.000ns fall@10.000ns period=20.000ns})
  Path Group:             clk_fpga_0
  Path Type:              Hold (Min at Fast Process Corner)
  Requirement:            0.000ns  (clk_fpga_0 rise@0.000ns - clk_fpga_0 rise@0.000ns)
  Data Path Delay:        0.399ns  (logic 0.186ns (46.661%)  route 0.213ns (53.339%))
  Logic Levels:           1  (LUT2=1)
  Clock Path Skew:        0.260ns (DCD - SCD - CPR)
    Destination Clock Delay (DCD):    1.185ns
    Source Clock Delay      (SCD):    0.890ns
    Clock Pessimism Removal (CPR):    0.035ns

    Location             Delay type                Incr(ns)  Path(ns)    PBlock               Netlist Resource(s)
  -------------------------------------------------------------------    ----------------------------------------
                         (clock clk_fpga_0 rise edge)
                                                      0.000     0.000 r                       
    PS7_X0Y0             PS7                          0.000     0.000 r                       udp_gateway_shadow_mirror_i/processing_system7_0/inst/PS7_i/FCLKCLK[0]
                         net (fo=1, routed)           0.310     0.310                         udp_gateway_shadow_mirror_i/processing_system7_0/inst/FCLK_CLK_unbuffered[0]
    BUFGCTRL_X0Y17       BUFG (Prop_bufg_I_O)         0.026     0.336 r                       udp_gateway_shadow_mirror_i/processing_system7_0/inst/buffer_fclk_clk_0.FCLK_CLK_0_BUFG/O
                         net (fo=42827, routed)       0.554     0.890                         udp_gateway_shadow_mirror_i/crypto_accel_axi_0/inst/u_design1_crypto_accel_axi/crypto_accel_axi_slave_lite_v1_0_S00_AXI_inst/u_crypto_bridge_top/s00_axi_aclk
    SLICE_X49Y92         FDCE                                         r  shadow_core_region   udp_gateway_shadow_mirror_i/crypto_accel_axi_0/inst/u_design1_crypto_accel_axi/crypto_accel_axi_slave_lite_v1_0_S00_AXI_inst/u_crypto_bridge_top/plaintext_reg_reg[3]/C
  -------------------------------------------------------------------    ----------------------------------------
    SLICE_X49Y92         FDCE (Prop_fdce_C_Q)         0.141     1.031 r  shadow_core_region   udp_gateway_shadow_mirror_i/crypto_accel_axi_0/inst/u_design1_crypto_accel_axi/crypto_accel_axi_slave_lite_v1_0_S00_AXI_inst/u_crypto_bridge_top/plaintext_reg_reg[3]/Q
                         net (fo=2, routed)           0.213     1.243                         udp_gateway_shadow_mirror_i/crypto_accel_axi_0/inst/u_design1_crypto_accel_axi/crypto_accel_axi_slave_lite_v1_0_S00_AXI_inst/u_crypto_bridge_top/plaintext_reg_reg_n_0_[3]
    SLICE_X50Y92         LUT2 (Prop_lut2_I0_O)        0.045     1.288 r  shadow_core_region   udp_gateway_shadow_mirror_i/crypto_accel_axi_0/inst/u_design1_crypto_accel_axi/crypto_accel_axi_slave_lite_v1_0_S00_AXI_inst/u_crypto_bridge_top/plaintext_reg[35]_i_1/O
                         net (fo=1, routed)           0.000     1.288                         udp_gateway_shadow_mirror_i/crypto_accel_axi_0/inst/u_design1_crypto_accel_axi/crypto_accel_axi_slave_lite_v1_0_S00_AXI_inst/u_crypto_bridge_top/plaintext_reg[35]
    SLICE_X50Y92         FDCE                                         r  shadow_core_region   udp_gateway_shadow_mirror_i/crypto_accel_axi_0/inst/u_design1_crypto_accel_axi/crypto_accel_axi_slave_lite_v1_0_S00_AXI_inst/u_crypto_bridge_top/plaintext_reg_reg[35]/D
  -------------------------------------------------------------------    ----------------------------------------

                         (clock clk_fpga_0 rise edge)
                                                      0.000     0.000 r                       
    PS7_X0Y0             PS7                          0.000     0.000 r                       udp_gateway_shadow_mirror_i/processing_system7_0/inst/PS7_i/FCLKCLK[0]
                         net (fo=1, routed)           0.337     0.337                         udp_gateway_shadow_mirror_i/processing_system7_0/inst/FCLK_CLK_unbuffered[0]
    BUFGCTRL_X0Y17       BUFG (Prop_bufg_I_O)         0.029     0.366 r                       udp_gateway_shadow_mirror_i/processing_system7_0/inst/buffer_fclk_clk_0.FCLK_CLK_0_BUFG/O
                         net (fo=42827, routed)       0.819     1.185                         udp_gateway_shadow_mirror_i/crypto_accel_axi_0/inst/u_design1_crypto_accel_axi/crypto_accel_axi_slave_lite_v1_0_S00_AXI_inst/u_crypto_bridge_top/s00_axi_aclk
    SLICE_X50Y92         FDCE                                         r  shadow_core_region   udp_gateway_shadow_mirror_i/crypto_accel_axi_0/inst/u_design1_crypto_accel_axi/crypto_accel_axi_slave_lite_v1_0_S00_AXI_inst/u_crypto_bridge_top/plaintext_reg_reg[35]/C
                         clock pessimism             -0.035     1.150                           
    SLICE_X50Y92         FDCE (Hold_fdce_C_D)         0.120     1.270    shadow_core_region     udp_gateway_shadow_mirror_i/crypto_accel_axi_0/inst/u_design1_crypto_accel_axi/crypto_accel_axi_slave_lite_v1_0_S00_AXI_inst/u_crypto_bridge_top/plaintext_reg_reg[35]
  -------------------------------------------------------------------
                         required time                         -1.270                           
                         arrival time                           1.288                           
  -------------------------------------------------------------------
                         slack                                  0.018                           

Slack (MET) :             0.023ns  (arrival time - required time)
  Source:                 udp_gateway_shadow_mirror_i/dma_gateway_hybrid_0/inst/i_hybrid_dma/u_crypto_bridge/key_lfsr_reg[176]/C
                            (rising edge-triggered cell FDCE clocked by clk_fpga_0  {rise@0.000ns fall@10.000ns period=20.000ns})
  Destination:            udp_gateway_shadow_mirror_i/dma_gateway_hybrid_0/inst/i_hybrid_dma/u_crypto_bridge/key_lfsr_reg[177]/D
                            (rising edge-triggered cell FDCE clocked by clk_fpga_0  {rise@0.000ns fall@10.000ns period=20.000ns})
  Path Group:             clk_fpga_0
  Path Type:              Hold (Min at Fast Process Corner)
  Requirement:            0.000ns  (clk_fpga_0 rise@0.000ns - clk_fpga_0 rise@0.000ns)
  Data Path Delay:        0.352ns  (logic 0.141ns (40.035%)  route 0.211ns (59.965%))
  Logic Levels:           0  
  Clock Path Skew:        0.263ns (DCD - SCD - CPR)
    Destination Clock Delay (DCD):    1.219ns
    Source Clock Delay      (SCD):    0.926ns
    Clock Pessimism Removal (CPR):    0.030ns

    Location             Delay type                Incr(ns)  Path(ns)    PBlock               Netlist Resource(s)
  -------------------------------------------------------------------    ----------------------------------------
                         (clock clk_fpga_0 rise edge)
                                                      0.000     0.000 r                       
    PS7_X0Y0             PS7                          0.000     0.000 r                       udp_gateway_shadow_mirror_i/processing_system7_0/inst/PS7_i/FCLKCLK[0]
                         net (fo=1, routed)           0.310     0.310                         udp_gateway_shadow_mirror_i/processing_system7_0/inst/FCLK_CLK_unbuffered[0]
    BUFGCTRL_X0Y17       BUFG (Prop_bufg_I_O)         0.026     0.336 r                       udp_gateway_shadow_mirror_i/processing_system7_0/inst/buffer_fclk_clk_0.FCLK_CLK_0_BUFG/O
                         net (fo=42827, routed)       0.590     0.926                         udp_gateway_shadow_mirror_i/dma_gateway_hybrid_0/inst/i_hybrid_dma/u_crypto_bridge/clk
    SLICE_X80Y49         FDCE                                         r  shadow_core_region   udp_gateway_shadow_mirror_i/dma_gateway_hybrid_0/inst/i_hybrid_dma/u_crypto_bridge/key_lfsr_reg[176]/C
  -------------------------------------------------------------------    ----------------------------------------
    SLICE_X80Y49         FDCE (Prop_fdce_C_Q)         0.141     1.067 r  shadow_core_region   udp_gateway_shadow_mirror_i/dma_gateway_hybrid_0/inst/i_hybrid_dma/u_crypto_bridge/key_lfsr_reg[176]/Q
                         net (fo=3, routed)           0.211     1.278                         udp_gateway_shadow_mirror_i/dma_gateway_hybrid_0/inst/i_hybrid_dma/u_crypto_bridge/p_0_in[48]
    SLICE_X81Y50         FDCE                                         r  shadow_core_region   udp_gateway_shadow_mirror_i/dma_gateway_hybrid_0/inst/i_hybrid_dma/u_crypto_bridge/key_lfsr_reg[177]/D
  -------------------------------------------------------------------    ----------------------------------------

                         (clock clk_fpga_0 rise edge)
                                                      0.000     0.000 r                       
    PS7_X0Y0             PS7                          0.000     0.000 r                       udp_gateway_shadow_mirror_i/processing_system7_0/inst/PS7_i/FCLKCLK[0]
                         net (fo=1, routed)           0.337     0.337                         udp_gateway_shadow_mirror_i/processing_system7_0/inst/FCLK_CLK_unbuffered[0]
    BUFGCTRL_X0Y17       BUFG (Prop_bufg_I_O)         0.029     0.366 r                       udp_gateway_shadow_mirror_i/processing_system7_0/inst/buffer_fclk_clk_0.FCLK_CLK_0_BUFG/O
                         net (fo=42827, routed)       0.853     1.219                         udp_gateway_shadow_mirror_i/dma_gateway_hybrid_0/inst/i_hybrid_dma/u_crypto_bridge/clk
    SLICE_X81Y50         FDCE                                         r  shadow_core_region   udp_gateway_shadow_mirror_i/dma_gateway_hybrid_0/inst/i_hybrid_dma/u_crypto_bridge/key_lfsr_reg[177]/C
                         clock pessimism             -0.030     1.189                           
    SLICE_X81Y50         FDCE (Hold_fdce_C_D)         0.066     1.255    shadow_core_region     udp_gateway_shadow_mirror_i/dma_gateway_hybrid_0/inst/i_hybrid_dma/u_crypto_bridge/key_lfsr_reg[177]
  -------------------------------------------------------------------
                         required time                         -1.255                           
                         arrival time                           1.278                           
  -------------------------------------------------------------------
                         slack                                  0.023                           

Slack (MET) :             0.026ns  (arrival time - required time)
  Source:                 udp_gateway_shadow_mirror_i/crypto_accel_axi_0/inst/u_design1_crypto_accel_axi/crypto_accel_axi_slave_lite_v1_0_S00_AXI_inst/u_crypto_bridge_top/key_lfsr_reg[77]/C
                            (rising edge-triggered cell FDCE clocked by clk_fpga_0  {rise@0.000ns fall@10.000ns period=20.000ns})
  Destination:            udp_gateway_shadow_mirror_i/crypto_accel_axi_0/inst/u_design1_crypto_accel_axi/crypto_accel_axi_slave_lite_v1_0_S00_AXI_inst/u_crypto_bridge_top/key_mask_lo_reg_reg[77]/D
                            (rising edge-triggered cell FDCE clocked by clk_fpga_0  {rise@0.000ns fall@10.000ns period=20.000ns})
  Path Group:             clk_fpga_0
  Path Type:              Hold (Min at Fast Process Corner)
  Requirement:            0.000ns  (clk_fpga_0 rise@0.000ns - clk_fpga_0 rise@0.000ns)
  Data Path Delay:        0.316ns  (logic 0.148ns (46.846%)  route 0.168ns (53.154%))
  Logic Levels:           0  
  Clock Path Skew:        0.265ns (DCD - SCD - CPR)
    Destination Clock Delay (DCD):    1.185ns
    Source Clock Delay      (SCD):    0.885ns
    Clock Pessimism Removal (CPR):    0.035ns

    Location             Delay type                Incr(ns)  Path(ns)    PBlock               Netlist Resource(s)
  -------------------------------------------------------------------    ----------------------------------------
                         (clock clk_fpga_0 rise edge)
                                                      0.000     0.000 r                       
    PS7_X0Y0             PS7                          0.000     0.000 r                       udp_gateway_shadow_mirror_i/processing_system7_0/inst/PS7_i/FCLKCLK[0]
                         net (fo=1, routed)           0.310     0.310                         udp_gateway_shadow_mirror_i/processing_system7_0/inst/FCLK_CLK_unbuffered[0]
    BUFGCTRL_X0Y17       BUFG (Prop_bufg_I_O)         0.026     0.336 r                       udp_gateway_shadow_mirror_i/processing_system7_0/inst/buffer_fclk_clk_0.FCLK_CLK_0_BUFG/O
                         net (fo=42827, routed)       0.549     0.885                         udp_gateway_shadow_mirror_i/crypto_accel_axi_0/inst/u_design1_crypto_accel_axi/crypto_accel_axi_slave_lite_v1_0_S00_AXI_inst/u_crypto_bridge_top/s00_axi_aclk
    SLICE_X50Y87         FDCE                                         r  shadow_core_region   udp_gateway_shadow_mirror_i/crypto_accel_axi_0/inst/u_design1_crypto_accel_axi/crypto_accel_axi_slave_lite_v1_0_S00_AXI_inst/u_crypto_bridge_top/key_lfsr_reg[77]/C
  -------------------------------------------------------------------    ----------------------------------------
    SLICE_X50Y87         FDCE (Prop_fdce_C_Q)         0.148     1.033 r  shadow_core_region   udp_gateway_shadow_mirror_i/crypto_accel_axi_0/inst/u_design1_crypto_accel_axi/crypto_accel_axi_slave_lite_v1_0_S00_AXI_inst/u_crypto_bridge_top/key_lfsr_reg[77]/Q
                         net (fo=3, routed)           0.168     1.201                         udp_gateway_shadow_mirror_i/crypto_accel_axi_0/inst/u_design1_crypto_accel_axi/crypto_accel_axi_slave_lite_v1_0_S00_AXI_inst/u_crypto_bridge_top/key_lfsr_reg_n_0_[77]
    SLICE_X49Y86         FDCE                                         r  shadow_core_region   udp_gateway_shadow_mirror_i/crypto_accel_axi_0/inst/u_design1_crypto_accel_axi/crypto_accel_axi_slave_lite_v1_0_S00_AXI_inst/u_crypto_bridge_top/key_mask_lo_reg_reg[77]/D
  -------------------------------------------------------------------    ----------------------------------------

                         (clock clk_fpga_0 rise edge)
                                                      0.000     0.000 r                       
    PS7_X0Y0             PS7                          0.000     0.000 r                       udp_gateway_shadow_mirror_i/processing_system7_0/inst/PS7_i/FCLKCLK[0]
                         net (fo=1, routed)           0.337     0.337                         udp_gateway_shadow_mirror_i/processing_system7_0/inst/FCLK_CLK_unbuffered[0]
    BUFGCTRL_X0Y17       BUFG (Prop_bufg_I_O)         0.029     0.366 r                       udp_gateway_shadow_mirror_i/processing_system7_0/inst/buffer_fclk_clk_0.FCLK_CLK_0_BUFG/O
                         net (fo=42827, routed)       0.819     1.185                         udp_gateway_shadow_mirror_i/crypto_accel_axi_0/inst/u_design1_crypto_accel_axi/crypto_accel_axi_slave_lite_v1_0_S00_AXI_inst/u_crypto_bridge_top/s00_axi_aclk
    SLICE_X49Y86         FDCE                                         r  shadow_core_region   udp_gateway_shadow_mirror_i/crypto_accel_axi_0/inst/u_design1_crypto_accel_axi/crypto_accel_axi_slave_lite_v1_0_S00_AXI_inst/u_crypto_bridge_top/key_mask_lo_reg_reg[77]/C
                         clock pessimism             -0.035     1.150                           
    SLICE_X49Y86         FDCE (Hold_fdce_C_D)         0.025     1.175    shadow_core_region     udp_gateway_shadow_mirror_i/crypto_accel_axi_0/inst/u_design1_crypto_accel_axi/crypto_accel_axi_slave_lite_v1_0_S00_AXI_inst/u_crypto_bridge_top/key_mask_lo_reg_reg[77]
  -------------------------------------------------------------------
                         required time                         -1.175                           
                         arrival time                           1.201                           
  -------------------------------------------------------------------
                         slack                                  0.026                           

Slack (MET) :             0.026ns  (arrival time - required time)
  Source:                 udp_gateway_shadow_mirror_i/crypto_accel_axi_0/inst/u_design1_crypto_accel_axi/crypto_accel_axi_slave_lite_v1_0_S00_AXI_inst/u_crypto_bridge_top/key_lfsr_reg[12]/C
                            (rising edge-triggered cell FDCE clocked by clk_fpga_0  {rise@0.000ns fall@10.000ns period=20.000ns})
  Destination:            udp_gateway_shadow_mirror_i/crypto_accel_axi_0/inst/u_design1_crypto_accel_axi/crypto_accel_axi_slave_lite_v1_0_S00_AXI_inst/u_crypto_bridge_top/key_lfsr_reg[13]/D
                            (rising edge-triggered cell FDCE clocked by clk_fpga_0  {rise@0.000ns fall@10.000ns period=20.000ns})
  Path Group:             clk_fpga_0
  Path Type:              Hold (Min at Fast Process Corner)
  Requirement:            0.000ns  (clk_fpga_0 rise@0.000ns - clk_fpga_0 rise@0.000ns)
  Data Path Delay:        0.358ns  (logic 0.141ns (39.437%)  route 0.217ns (60.563%))
  Logic Levels:           0  
  Clock Path Skew:        0.265ns (DCD - SCD - CPR)
    Destination Clock Delay (DCD):    1.184ns
    Source Clock Delay      (SCD):    0.884ns
    Clock Pessimism Removal (CPR):    0.035ns

    Location             Delay type                Incr(ns)  Path(ns)    PBlock               Netlist Resource(s)
  -------------------------------------------------------------------    ----------------------------------------
                         (clock clk_fpga_0 rise edge)
                                                      0.000     0.000 r                       
    PS7_X0Y0             PS7                          0.000     0.000 r                       udp_gateway_shadow_mirror_i/processing_system7_0/inst/PS7_i/FCLKCLK[0]
                         net (fo=1, routed)           0.310     0.310                         udp_gateway_shadow_mirror_i/processing_system7_0/inst/FCLK_CLK_unbuffered[0]
    BUFGCTRL_X0Y17       BUFG (Prop_bufg_I_O)         0.026     0.336 r                       udp_gateway_shadow_mirror_i/processing_system7_0/inst/buffer_fclk_clk_0.FCLK_CLK_0_BUFG/O
                         net (fo=42827, routed)       0.548     0.884                         udp_gateway_shadow_mirror_i/crypto_accel_axi_0/inst/u_design1_crypto_accel_axi/crypto_accel_axi_slave_lite_v1_0_S00_AXI_inst/u_crypto_bridge_top/s00_axi_aclk
    SLICE_X53Y85         FDCE                                         r  shadow_core_region   udp_gateway_shadow_mirror_i/crypto_accel_axi_0/inst/u_design1_crypto_accel_axi/crypto_accel_axi_slave_lite_v1_0_S00_AXI_inst/u_crypto_bridge_top/key_lfsr_reg[12]/C
  -------------------------------------------------------------------    ----------------------------------------
    SLICE_X53Y85         FDCE (Prop_fdce_C_Q)         0.141     1.025 r  shadow_core_region   udp_gateway_shadow_mirror_i/crypto_accel_axi_0/inst/u_design1_crypto_accel_axi/crypto_accel_axi_slave_lite_v1_0_S00_AXI_inst/u_crypto_bridge_top/key_lfsr_reg[12]/Q
                         net (fo=3, routed)           0.217     1.241                         udp_gateway_shadow_mirror_i/crypto_accel_axi_0/inst/u_design1_crypto_accel_axi/crypto_accel_axi_slave_lite_v1_0_S00_AXI_inst/u_crypto_bridge_top/key_lfsr_reg_n_0_[12]
    SLICE_X49Y84         FDCE                                         r  shadow_core_region   udp_gateway_shadow_mirror_i/crypto_accel_axi_0/inst/u_design1_crypto_accel_axi/crypto_accel_axi_slave_lite_v1_0_S00_AXI_inst/u_crypto_bridge_top/key_lfsr_reg[13]/D
  -------------------------------------------------------------------    ----------------------------------------

                         (clock clk_fpga_0 rise edge)
                                                      0.000     0.000 r                       
    PS7_X0Y0             PS7                          0.000     0.000 r                       udp_gateway_shadow_mirror_i/processing_system7_0/inst/PS7_i/FCLKCLK[0]
                         net (fo=1, routed)           0.337     0.337                         udp_gateway_shadow_mirror_i/processing_system7_0/inst/FCLK_CLK_unbuffered[0]
    BUFGCTRL_X0Y17       BUFG (Prop_bufg_I_O)         0.029     0.366 r                       udp_gateway_shadow_mirror_i/processing_system7_0/inst/buffer_fclk_clk_0.FCLK_CLK_0_BUFG/O
                         net (fo=42827, routed)       0.818     1.184                         udp_gateway_shadow_mirror_i/crypto_accel_axi_0/inst/u_design1_crypto_accel_axi/crypto_accel_axi_slave_lite_v1_0_S00_AXI_inst/u_crypto_bridge_top/s00_axi_aclk
    SLICE_X49Y84         FDCE                                         r  shadow_core_region   udp_gateway_shadow_mirror_i/crypto_accel_axi_0/inst/u_design1_crypto_accel_axi/crypto_accel_axi_slave_lite_v1_0_S00_AXI_inst/u_crypto_bridge_top/key_lfsr_reg[13]/C
                         clock pessimism             -0.035     1.149                           
    SLICE_X49Y84         FDCE (Hold_fdce_C_D)         0.066     1.215    shadow_core_region     udp_gateway_shadow_mirror_i/crypto_accel_axi_0/inst/u_design1_crypto_accel_axi/crypto_accel_axi_slave_lite_v1_0_S00_AXI_inst/u_crypto_bridge_top/key_lfsr_reg[13]
  -------------------------------------------------------------------
                         required time                         -1.215                           
                         arrival time                           1.241                           
  -------------------------------------------------------------------
                         slack                                  0.026                           

Slack (MET) :             0.028ns  (arrival time - required time)
  Source:                 udp_gateway_shadow_mirror_i/crypto_accel_axi_0/inst/u_design1_crypto_accel_axi/crypto_accel_axi_slave_lite_v1_0_S00_AXI_inst/u_crypto_bridge_top/key_lfsr_reg[45]/C
                            (rising edge-triggered cell FDCE clocked by clk_fpga_0  {rise@0.000ns fall@10.000ns period=20.000ns})
  Destination:            udp_gateway_shadow_mirror_i/crypto_accel_axi_0/inst/u_design1_crypto_accel_axi/crypto_accel_axi_slave_lite_v1_0_S00_AXI_inst/u_crypto_bridge_top/key_mask_lo_reg_reg[45]/D
                            (rising edge-triggered cell FDCE clocked by clk_fpga_0  {rise@0.000ns fall@10.000ns period=20.000ns})
  Path Group:             clk_fpga_0
  Path Type:              Hold (Min at Fast Process Corner)
  Requirement:            0.000ns  (clk_fpga_0 rise@0.000ns - clk_fpga_0 rise@0.000ns)
  Data Path Delay:        0.315ns  (logic 0.148ns (46.994%)  route 0.167ns (53.006%))
  Logic Levels:           0  
  Clock Path Skew:        0.265ns (DCD - SCD - CPR)
    Destination Clock Delay (DCD):    1.185ns
    Source Clock Delay      (SCD):    0.885ns
    Clock Pessimism Removal (CPR):    0.035ns

    Location             Delay type                Incr(ns)  Path(ns)    PBlock               Netlist Resource(s)
  -------------------------------------------------------------------    ----------------------------------------
                         (clock clk_fpga_0 rise edge)
                                                      0.000     0.000 r                       
    PS7_X0Y0             PS7                          0.000     0.000 r                       udp_gateway_shadow_mirror_i/processing_system7_0/inst/PS7_i/FCLKCLK[0]
                         net (fo=1, routed)           0.310     0.310                         udp_gateway_shadow_mirror_i/processing_system7_0/inst/FCLK_CLK_unbuffered[0]
    BUFGCTRL_X0Y17       BUFG (Prop_bufg_I_O)         0.026     0.336 r                       udp_gateway_shadow_mirror_i/processing_system7_0/inst/buffer_fclk_clk_0.FCLK_CLK_0_BUFG/O
                         net (fo=42827, routed)       0.549     0.885                         udp_gateway_shadow_mirror_i/crypto_accel_axi_0/inst/u_design1_crypto_accel_axi/crypto_accel_axi_slave_lite_v1_0_S00_AXI_inst/u_crypto_bridge_top/s00_axi_aclk
    SLICE_X50Y87         FDCE                                         r  shadow_core_region   udp_gateway_shadow_mirror_i/crypto_accel_axi_0/inst/u_design1_crypto_accel_axi/crypto_accel_axi_slave_lite_v1_0_S00_AXI_inst/u_crypto_bridge_top/key_lfsr_reg[45]/C
  -------------------------------------------------------------------    ----------------------------------------
    SLICE_X50Y87         FDCE (Prop_fdce_C_Q)         0.148     1.033 r  shadow_core_region   udp_gateway_shadow_mirror_i/crypto_accel_axi_0/inst/u_design1_crypto_accel_axi/crypto_accel_axi_slave_lite_v1_0_S00_AXI_inst/u_crypto_bridge_top/key_lfsr_reg[45]/Q
                         net (fo=3, routed)           0.167     1.200                         udp_gateway_shadow_mirror_i/crypto_accel_axi_0/inst/u_design1_crypto_accel_axi/crypto_accel_axi_slave_lite_v1_0_S00_AXI_inst/u_crypto_bridge_top/key_lfsr_reg_n_0_[45]
    SLICE_X49Y86         FDCE                                         r  shadow_core_region   udp_gateway_shadow_mirror_i/crypto_accel_axi_0/inst/u_design1_crypto_accel_axi/crypto_accel_axi_slave_lite_v1_0_S00_AXI_inst/u_crypto_bridge_top/key_mask_lo_reg_reg[45]/D
  -------------------------------------------------------------------    ----------------------------------------

                         (clock clk_fpga_0 rise edge)
                                                      0.000     0.000 r                       
    PS7_X0Y0             PS7                          0.000     0.000 r                       udp_gateway_shadow_mirror_i/processing_system7_0/inst/PS7_i/FCLKCLK[0]
                         net (fo=1, routed)           0.337     0.337                         udp_gateway_shadow_mirror_i/processing_system7_0/inst/FCLK_CLK_unbuffered[0]
    BUFGCTRL_X0Y17       BUFG (Prop_bufg_I_O)         0.029     0.366 r                       udp_gateway_shadow_mirror_i/processing_system7_0/inst/buffer_fclk_clk_0.FCLK_CLK_0_BUFG/O
                         net (fo=42827, routed)       0.819     1.185                         udp_gateway_shadow_mirror_i/crypto_accel_axi_0/inst/u_design1_crypto_accel_axi/crypto_accel_axi_slave_lite_v1_0_S00_AXI_inst/u_crypto_bridge_top/s00_axi_aclk
    SLICE_X49Y86         FDCE                                         r  shadow_core_region   udp_gateway_shadow_mirror_i/crypto_accel_axi_0/inst/u_design1_crypto_accel_axi/crypto_accel_axi_slave_lite_v1_0_S00_AXI_inst/u_crypto_bridge_top/key_mask_lo_reg_reg[45]/C
                         clock pessimism             -0.035     1.150                           
    SLICE_X49Y86         FDCE (Hold_fdce_C_D)         0.022     1.172    shadow_core_region     udp_gateway_shadow_mirror_i/crypto_accel_axi_0/inst/u_design1_crypto_accel_axi/crypto_accel_axi_slave_lite_v1_0_S00_AXI_inst/u_crypto_bridge_top/key_mask_lo_reg_reg[45]
  -------------------------------------------------------------------
                         required time                         -1.172                           
                         arrival time                           1.200                           
  -------------------------------------------------------------------
                         slack                                  0.028                           

Slack (MET) :             0.032ns  (arrival time - required time)
  Source:                 udp_gateway_shadow_mirror_i/crypto_accel_axi_0/inst/u_design1_crypto_accel_axi/crypto_accel_axi_slave_lite_v1_0_S00_AXI_inst/u_crypto_bridge_top/u_mid_fifo/mem_reg[1][82]/C
                            (rising edge-triggered cell FDRE clocked by clk_fpga_0  {rise@0.000ns fall@10.000ns period=20.000ns})
  Destination:            udp_gateway_shadow_mirror_i/crypto_accel_axi_0/inst/u_design1_crypto_accel_axi/crypto_accel_axi_slave_lite_v1_0_S00_AXI_inst/u_crypto_bridge_top/u_gearbox/data_reg_reg[82]/D
                            (rising edge-triggered cell FDCE clocked by clk_fpga_0  {rise@0.000ns fall@10.000ns period=20.000ns})
  Path Group:             clk_fpga_0
  Path Type:              Hold (Min at Fast Process Corner)
  Requirement:            0.000ns  (clk_fpga_0 rise@0.000ns - clk_fpga_0 rise@0.000ns)
  Data Path Delay:        0.426ns  (logic 0.281ns (65.924%)  route 0.145ns (34.076%))
  Logic Levels:           3  (LUT6=1 MUXF7=1 MUXF8=1)
  Clock Path Skew:        0.260ns (DCD - SCD - CPR)
    Destination Clock Delay (DCD):    1.272ns
    Source Clock Delay      (SCD):    0.973ns
    Clock Pessimism Removal (CPR):    0.039ns

    Location             Delay type                Incr(ns)  Path(ns)    PBlock               Netlist Resource(s)
  -------------------------------------------------------------------    ----------------------------------------
                         (clock clk_fpga_0 rise edge)
                                                      0.000     0.000 r                       
    PS7_X0Y0             PS7                          0.000     0.000 r                       udp_gateway_shadow_mirror_i/processing_system7_0/inst/PS7_i/FCLKCLK[0]
                         net (fo=1, routed)           0.310     0.310                         udp_gateway_shadow_mirror_i/processing_system7_0/inst/FCLK_CLK_unbuffered[0]
    BUFGCTRL_X0Y17       BUFG (Prop_bufg_I_O)         0.026     0.336 r                       udp_gateway_shadow_mirror_i/processing_system7_0/inst/buffer_fclk_clk_0.FCLK_CLK_0_BUFG/O
                         net (fo=42827, routed)       0.637     0.973                         udp_gateway_shadow_mirror_i/crypto_accel_axi_0/inst/u_design1_crypto_accel_axi/crypto_accel_axi_slave_lite_v1_0_S00_AXI_inst/u_crypto_bridge_top/u_mid_fifo/s00_axi_aclk
    SLICE_X48Y143        FDRE                                         r  shadow_core_region   udp_gateway_shadow_mirror_i/crypto_accel_axi_0/inst/u_design1_crypto_accel_axi/crypto_accel_axi_slave_lite_v1_0_S00_AXI_inst/u_crypto_bridge_top/u_mid_fifo/mem_reg[1][82]/C
  -------------------------------------------------------------------    ----------------------------------------
    SLICE_X48Y143        FDRE (Prop_fdre_C_Q)         0.141     1.114 r  shadow_core_region   udp_gateway_shadow_mirror_i/crypto_accel_axi_0/inst/u_design1_crypto_accel_axi/crypto_accel_axi_slave_lite_v1_0_S00_AXI_inst/u_crypto_bridge_top/u_mid_fifo/mem_reg[1][82]/Q
                         net (fo=1, routed)           0.145     1.259                         udp_gateway_shadow_mirror_i/crypto_accel_axi_0/inst/u_design1_crypto_accel_axi/crypto_accel_axi_slave_lite_v1_0_S00_AXI_inst/u_crypto_bridge_top/u_mid_fifo/mem_reg[1]_29[82]
    SLICE_X50Y143        LUT6 (Prop_lut6_I3_O)        0.045     1.304 r  shadow_core_region   udp_gateway_shadow_mirror_i/crypto_accel_axi_0/inst/u_design1_crypto_accel_axi/crypto_accel_axi_slave_lite_v1_0_S00_AXI_inst/u_crypto_bridge_top/u_mid_fifo/data_reg[82]_i_4/O
                         net (fo=1, routed)           0.000     1.304                         udp_gateway_shadow_mirror_i/crypto_accel_axi_0/inst/u_design1_crypto_accel_axi/crypto_accel_axi_slave_lite_v1_0_S00_AXI_inst/u_crypto_bridge_top/u_mid_fifo/data_reg[82]_i_4_n_0
    SLICE_X50Y143        MUXF7 (Prop_muxf7_I0_O)      0.073     1.377 r  shadow_core_region   udp_gateway_shadow_mirror_i/crypto_accel_axi_0/inst/u_design1_crypto_accel_axi/crypto_accel_axi_slave_lite_v1_0_S00_AXI_inst/u_crypto_bridge_top/u_mid_fifo/data_reg_reg[82]_i_2/O
                         net (fo=1, routed)           0.000     1.377                         udp_gateway_shadow_mirror_i/crypto_accel_axi_0/inst/u_design1_crypto_accel_axi/crypto_accel_axi_slave_lite_v1_0_S00_AXI_inst/u_crypto_bridge_top/u_mid_fifo/data_reg_reg[82]_i_2_n_0
    SLICE_X50Y143        MUXF8 (Prop_muxf8_I0_O)      0.022     1.399 r  shadow_core_region   udp_gateway_shadow_mirror_i/crypto_accel_axi_0/inst/u_design1_crypto_accel_axi/crypto_accel_axi_slave_lite_v1_0_S00_AXI_inst/u_crypto_bridge_top/u_mid_fifo/data_reg_reg[82]_i_1/O
                         net (fo=1, routed)           0.000     1.399                         udp_gateway_shadow_mirror_i/crypto_accel_axi_0/inst/u_design1_crypto_accel_axi/crypto_accel_axi_slave_lite_v1_0_S00_AXI_inst/u_crypto_bridge_top/u_gearbox/D[82]
    SLICE_X50Y143        FDCE                                         r  shadow_core_region   udp_gateway_shadow_mirror_i/crypto_accel_axi_0/inst/u_design1_crypto_accel_axi/crypto_accel_axi_slave_lite_v1_0_S00_AXI_inst/u_crypto_bridge_top/u_gearbox/data_reg_reg[82]/D
  -------------------------------------------------------------------    ----------------------------------------

                         (clock clk_fpga_0 rise edge)
                                                      0.000     0.000 r                       
    PS7_X0Y0             PS7                          0.000     0.000 r                       udp_gateway_shadow_mirror_i/processing_system7_0/inst/PS7_i/FCLKCLK[0]
                         net (fo=1, routed)           0.337     0.337                         udp_gateway_shadow_mirror_i/processing_system7_0/inst/FCLK_CLK_unbuffered[0]
    BUFGCTRL_X0Y17       BUFG (Prop_bufg_I_O)         0.029     0.366 r                       udp_gateway_shadow_mirror_i/processing_system7_0/inst/buffer_fclk_clk_0.FCLK_CLK_0_BUFG/O
                         net (fo=42827, routed)       0.906     1.272                         udp_gateway_shadow_mirror_i/crypto_accel_axi_0/inst/u_design1_crypto_accel_axi/crypto_accel_axi_slave_lite_v1_0_S00_AXI_inst/u_crypto_bridge_top/u_gearbox/s00_axi_aclk
    SLICE_X50Y143        FDCE                                         r  shadow_core_region   udp_gateway_shadow_mirror_i/crypto_accel_axi_0/inst/u_design1_crypto_accel_axi/crypto_accel_axi_slave_lite_v1_0_S00_AXI_inst/u_crypto_bridge_top/u_gearbox/data_reg_reg[82]/C
                         clock pessimism             -0.039     1.233                           
    SLICE_X50Y143        FDCE (Hold_fdce_C_D)         0.134     1.367    shadow_core_region     udp_gateway_shadow_mirror_i/crypto_accel_axi_0/inst/u_design1_crypto_accel_axi/crypto_accel_axi_slave_lite_v1_0_S00_AXI_inst/u_crypto_bridge_top/u_gearbox/data_reg_reg[82]
  -------------------------------------------------------------------
                         required time                         -1.367                           
                         arrival time                           1.399                           
  -------------------------------------------------------------------
                         slack                                  0.032                           

Slack (MET) :             0.042ns  (arrival time - required time)
  Source:                 udp_gateway_shadow_mirror_i/dma_gateway_hybrid_0/inst/i_hybrid_dma/u_crypto_bridge/key_lfsr_reg[223]/C
                            (rising edge-triggered cell FDCE clocked by clk_fpga_0  {rise@0.000ns fall@10.000ns period=20.000ns})
  Destination:            udp_gateway_shadow_mirror_i/dma_gateway_hybrid_0/inst/i_hybrid_dma/u_crypto_bridge/key_mask_hi_reg_reg[95]/D
                            (rising edge-triggered cell FDCE clocked by clk_fpga_0  {rise@0.000ns fall@10.000ns period=20.000ns})
  Path Group:             clk_fpga_0
  Path Type:              Hold (Min at Fast Process Corner)
  Requirement:            0.000ns  (clk_fpga_0 rise@0.000ns - clk_fpga_0 rise@0.000ns)
  Data Path Delay:        0.379ns  (logic 0.141ns (37.166%)  route 0.238ns (62.834%))
  Logic Levels:           0  
  Clock Path Skew:        0.266ns (DCD - SCD - CPR)
    Destination Clock Delay (DCD):    1.195ns
    Source Clock Delay      (SCD):    0.894ns
    Clock Pessimism Removal (CPR):    0.035ns

    Location             Delay type                Incr(ns)  Path(ns)    PBlock               Netlist Resource(s)
  -------------------------------------------------------------------    ----------------------------------------
                         (clock clk_fpga_0 rise edge)
                                                      0.000     0.000 r                       
    PS7_X0Y0             PS7                          0.000     0.000 r                       udp_gateway_shadow_mirror_i/processing_system7_0/inst/PS7_i/FCLKCLK[0]
                         net (fo=1, routed)           0.310     0.310                         udp_gateway_shadow_mirror_i/processing_system7_0/inst/FCLK_CLK_unbuffered[0]
    BUFGCTRL_X0Y17       BUFG (Prop_bufg_I_O)         0.026     0.336 r                       udp_gateway_shadow_mirror_i/processing_system7_0/inst/buffer_fclk_clk_0.FCLK_CLK_0_BUFG/O
                         net (fo=42827, routed)       0.558     0.894                         udp_gateway_shadow_mirror_i/dma_gateway_hybrid_0/inst/i_hybrid_dma/u_crypto_bridge/clk
    SLICE_X51Y46         FDCE                                         r  shadow_core_region   udp_gateway_shadow_mirror_i/dma_gateway_hybrid_0/inst/i_hybrid_dma/u_crypto_bridge/key_lfsr_reg[223]/C
  -------------------------------------------------------------------    ----------------------------------------
    SLICE_X51Y46         FDCE (Prop_fdce_C_Q)         0.141     1.035 r  shadow_core_region   udp_gateway_shadow_mirror_i/dma_gateway_hybrid_0/inst/i_hybrid_dma/u_crypto_bridge/key_lfsr_reg[223]/Q
                         net (fo=3, routed)           0.238     1.273                         udp_gateway_shadow_mirror_i/dma_gateway_hybrid_0/inst/i_hybrid_dma/u_crypto_bridge/p_0_in[95]
    SLICE_X45Y46         FDCE                                         r  shadow_core_region   udp_gateway_shadow_mirror_i/dma_gateway_hybrid_0/inst/i_hybrid_dma/u_crypto_bridge/key_mask_hi_reg_reg[95]/D
  -------------------------------------------------------------------    ----------------------------------------

                         (clock clk_fpga_0 rise edge)
                                                      0.000     0.000 r                       
    PS7_X0Y0             PS7                          0.000     0.000 r                       udp_gateway_shadow_mirror_i/processing_system7_0/inst/PS7_i/FCLKCLK[0]
                         net (fo=1, routed)           0.337     0.337                         udp_gateway_shadow_mirror_i/processing_system7_0/inst/FCLK_CLK_unbuffered[0]
    BUFGCTRL_X0Y17       BUFG (Prop_bufg_I_O)         0.029     0.366 r                       udp_gateway_shadow_mirror_i/processing_system7_0/inst/buffer_fclk_clk_0.FCLK_CLK_0_BUFG/O
                         net (fo=42827, routed)       0.829     1.195                         udp_gateway_shadow_mirror_i/dma_gateway_hybrid_0/inst/i_hybrid_dma/u_crypto_bridge/clk
    SLICE_X45Y46         FDCE                                         r  shadow_core_region   udp_gateway_shadow_mirror_i/dma_gateway_hybrid_0/inst/i_hybrid_dma/u_crypto_bridge/key_mask_hi_reg_reg[95]/C
                         clock pessimism             -0.035     1.160                           
    SLICE_X45Y46         FDCE (Hold_fdce_C_D)         0.071     1.231    shadow_core_region     udp_gateway_shadow_mirror_i/dma_gateway_hybrid_0/inst/i_hybrid_dma/u_crypto_bridge/key_mask_hi_reg_reg[95]
  -------------------------------------------------------------------
                         required time                         -1.231                           
                         arrival time                           1.273                           
  -------------------------------------------------------------------
                         slack                                  0.042                           

Slack (MET) :             0.046ns  (arrival time - required time)
  Source:                 udp_gateway_shadow_mirror_i/dma_gateway_hybrid_0/inst/fastpath_header_mem_reg[9][21]/C
                            (rising edge-triggered cell FDRE clocked by clk_fpga_0  {rise@0.000ns fall@10.000ns period=20.000ns})
  Destination:            udp_gateway_shadow_mirror_i/dma_gateway_hybrid_0/inst/txcap_header_mem_reg[9][21]/D
                            (rising edge-triggered cell FDRE clocked by clk_fpga_0  {rise@0.000ns fall@10.000ns period=20.000ns})
  Path Group:             clk_fpga_0
  Path Type:              Hold (Min at Fast Process Corner)
  Requirement:            0.000ns  (clk_fpga_0 rise@0.000ns - clk_fpga_0 rise@0.000ns)
  Data Path Delay:        0.383ns  (logic 0.141ns (36.800%)  route 0.242ns (63.200%))
  Logic Levels:           0  
  Clock Path Skew:        0.266ns (DCD - SCD - CPR)
    Destination Clock Delay (DCD):    1.275ns
    Source Clock Delay      (SCD):    0.979ns
    Clock Pessimism Removal (CPR):    0.030ns

    Location             Delay type                Incr(ns)  Path(ns)    Netlist Resource(s)
  -------------------------------------------------------------------    -------------------
                         (clock clk_fpga_0 rise edge)
                                                      0.000     0.000 r  
    PS7_X0Y0             PS7                          0.000     0.000 r  udp_gateway_shadow_mirror_i/processing_system7_0/inst/PS7_i/FCLKCLK[0]
                         net (fo=1, routed)           0.310     0.310    udp_gateway_shadow_mirror_i/processing_system7_0/inst/FCLK_CLK_unbuffered[0]
    BUFGCTRL_X0Y17       BUFG (Prop_bufg_I_O)         0.026     0.336 r  udp_gateway_shadow_mirror_i/processing_system7_0/inst/buffer_fclk_clk_0.FCLK_CLK_0_BUFG/O
                         net (fo=42827, routed)       0.643     0.979    udp_gateway_shadow_mirror_i/dma_gateway_hybrid_0/inst/clk
    SLICE_X110Y49        FDRE                                         r  udp_gateway_shadow_mirror_i/dma_gateway_hybrid_0/inst/fastpath_header_mem_reg[9][21]/C
  -------------------------------------------------------------------    -------------------
    SLICE_X110Y49        FDRE (Prop_fdre_C_Q)         0.141     1.120 r  udp_gateway_shadow_mirror_i/dma_gateway_hybrid_0/inst/fastpath_header_mem_reg[9][21]/Q
                         net (fo=2, routed)           0.242     1.362    udp_gateway_shadow_mirror_i/dma_gateway_hybrid_0/inst/fastpath_header_mem_reg[9]_24[21]
    SLICE_X111Y50        FDRE                                         r  udp_gateway_shadow_mirror_i/dma_gateway_hybrid_0/inst/txcap_header_mem_reg[9][21]/D
  -------------------------------------------------------------------    -------------------

                         (clock clk_fpga_0 rise edge)
                                                      0.000     0.000 r  
    PS7_X0Y0             PS7                          0.000     0.000 r  udp_gateway_shadow_mirror_i/processing_system7_0/inst/PS7_i/FCLKCLK[0]
                         net (fo=1, routed)           0.337     0.337    udp_gateway_shadow_mirror_i/processing_system7_0/inst/FCLK_CLK_unbuffered[0]
    BUFGCTRL_X0Y17       BUFG (Prop_bufg_I_O)         0.029     0.366 r  udp_gateway_shadow_mirror_i/processing_system7_0/inst/buffer_fclk_clk_0.FCLK_CLK_0_BUFG/O
                         net (fo=42827, routed)       0.909     1.275    udp_gateway_shadow_mirror_i/dma_gateway_hybrid_0/inst/clk
    SLICE_X111Y50        FDRE                                         r  udp_gateway_shadow_mirror_i/dma_gateway_hybrid_0/inst/txcap_header_mem_reg[9][21]/C
                         clock pessimism             -0.030     1.245    
    SLICE_X111Y50        FDRE (Hold_fdre_C_D)         0.071     1.316    udp_gateway_shadow_mirror_i/dma_gateway_hybrid_0/inst/txcap_header_mem_reg[9][21]
  -------------------------------------------------------------------
                         required time                         -1.316    
                         arrival time                           1.362    
  -------------------------------------------------------------------
                         slack                                  0.046    

Slack (MET) :             0.049ns  (arrival time - required time)
  Source:                 udp_gateway_shadow_mirror_i/crypto_accel_axi_0/inst/u_design1_crypto_accel_axi/crypto_accel_axi_slave_lite_v1_0_S00_AXI_inst/axi_wdata_reg_reg[0]/C
                            (rising edge-triggered cell FDRE clocked by clk_fpga_0  {rise@0.000ns fall@10.000ns period=20.000ns})
  Destination:            udp_gateway_shadow_mirror_i/crypto_accel_axi_0/inst/u_design1_crypto_accel_axi/crypto_accel_axi_slave_lite_v1_0_S00_AXI_inst/pbm_fifo_mem_reg_0_7_0_5/RAMA/I
                            (rising edge-triggered cell RAMD32 clocked by clk_fpga_0  {rise@0.000ns fall@10.000ns period=20.000ns})
  Path Group:             clk_fpga_0
  Path Type:              Hold (Min at Fast Process Corner)
  Requirement:            0.000ns  (clk_fpga_0 rise@0.000ns - clk_fpga_0 rise@0.000ns)
  Data Path Delay:        0.209ns  (logic 0.141ns (67.454%)  route 0.068ns (32.546%))
  Logic Levels:           0  
  Clock Path Skew:        0.013ns (DCD - SCD - CPR)
    Destination Clock Delay (DCD):    1.181ns
    Source Clock Delay      (SCD):    0.885ns
    Clock Pessimism Removal (CPR):    0.283ns

    Location             Delay type                Incr(ns)  Path(ns)    PBlock               Netlist Resource(s)
  -------------------------------------------------------------------    ----------------------------------------
                         (clock clk_fpga_0 rise edge)
                                                      0.000     0.000 r                       
    PS7_X0Y0             PS7                          0.000     0.000 r                       udp_gateway_shadow_mirror_i/processing_system7_0/inst/PS7_i/FCLKCLK[0]
                         net (fo=1, routed)           0.310     0.310                         udp_gateway_shadow_mirror_i/processing_system7_0/inst/FCLK_CLK_unbuffered[0]
    BUFGCTRL_X0Y17       BUFG (Prop_bufg_I_O)         0.026     0.336 r                       udp_gateway_shadow_mirror_i/processing_system7_0/inst/buffer_fclk_clk_0.FCLK_CLK_0_BUFG/O
                         net (fo=42827, routed)       0.549     0.885                         udp_gateway_shadow_mirror_i/crypto_accel_axi_0/inst/u_design1_crypto_accel_axi/crypto_accel_axi_slave_lite_v1_0_S00_AXI_inst/s00_axi_aclk
    SLICE_X47Y81         FDRE                                         r  shadow_core_region   udp_gateway_shadow_mirror_i/crypto_accel_axi_0/inst/u_design1_crypto_accel_axi/crypto_accel_axi_slave_lite_v1_0_S00_AXI_inst/axi_wdata_reg_reg[0]/C
  -------------------------------------------------------------------    ----------------------------------------
    SLICE_X47Y81         FDRE (Prop_fdre_C_Q)         0.141     1.026 r  shadow_core_region   udp_gateway_shadow_mirror_i/crypto_accel_axi_0/inst/u_design1_crypto_accel_axi/crypto_accel_axi_slave_lite_v1_0_S00_AXI_inst/axi_wdata_reg_reg[0]/Q
                         net (fo=14, routed)          0.068     1.094                         udp_gateway_shadow_mirror_i/crypto_accel_axi_0/inst/u_design1_crypto_accel_axi/crypto_accel_axi_slave_lite_v1_0_S00_AXI_inst/pbm_fifo_mem_reg_0_7_0_5/DIA0
    SLICE_X46Y81         RAMD32                                       r  shadow_core_region   udp_gateway_shadow_mirror_i/crypto_accel_axi_0/inst/u_design1_crypto_accel_axi/crypto_accel_axi_slave_lite_v1_0_S00_AXI_inst/pbm_fifo_mem_reg_0_7_0_5/RAMA/I
  -------------------------------------------------------------------    ----------------------------------------

                         (clock clk_fpga_0 rise edge)
                                                      0.000     0.000 r                       
    PS7_X0Y0             PS7                          0.000     0.000 r                       udp_gateway_shadow_mirror_i/processing_system7_0/inst/PS7_i/FCLKCLK[0]
                         net (fo=1, routed)           0.337     0.337                         udp_gateway_shadow_mirror_i/processing_system7_0/inst/FCLK_CLK_unbuffered[0]
    BUFGCTRL_X0Y17       BUFG (Prop_bufg_I_O)         0.029     0.366 r                       udp_gateway_shadow_mirror_i/processing_system7_0/inst/buffer_fclk_clk_0.FCLK_CLK_0_BUFG/O
                         net (fo=42827, routed)       0.815     1.181                         udp_gateway_shadow_mirror_i/crypto_accel_axi_0/inst/u_design1_crypto_accel_axi/crypto_accel_axi_slave_lite_v1_0_S00_AXI_inst/pbm_fifo_mem_reg_0_7_0_5/WCLK
    SLICE_X46Y81         RAMD32                                       r  shadow_core_region   udp_gateway_shadow_mirror_i/crypto_accel_axi_0/inst/u_design1_crypto_accel_axi/crypto_accel_axi_slave_lite_v1_0_S00_AXI_inst/pbm_fifo_mem_reg_0_7_0_5/RAMA/CLK
                         clock pessimism             -0.283     0.898                           
    SLICE_X46Y81         RAMD32 (Hold_ramd32_CLK_I)
                                                      0.147     1.045    shadow_core_region     udp_gateway_shadow_mirror_i/crypto_accel_axi_0/inst/u_design1_crypto_accel_axi/crypto_accel_axi_slave_lite_v1_0_S00_AXI_inst/pbm_fifo_mem_reg_0_7_0_5/RAMA
  -------------------------------------------------------------------
                         required time                         -1.045                           
                         arrival time                           1.094                           
  -------------------------------------------------------------------
                         slack                                  0.049                           

Slack (MET) :             0.049ns  (arrival time - required time)
  Source:                 udp_gateway_shadow_mirror_i/dma_gateway_hybrid_0/inst/fastpath_header_mem_reg[8][21]/C
                            (rising edge-triggered cell FDRE clocked by clk_fpga_0  {rise@0.000ns fall@10.000ns period=20.000ns})
  Destination:            udp_gateway_shadow_mirror_i/dma_gateway_hybrid_0/inst/txcap_header_mem_reg[8][21]/D
                            (rising edge-triggered cell FDRE clocked by clk_fpga_0  {rise@0.000ns fall@10.000ns period=20.000ns})
  Path Group:             clk_fpga_0
  Path Type:              Hold (Min at Fast Process Corner)
  Requirement:            0.000ns  (clk_fpga_0 rise@0.000ns - clk_fpga_0 rise@0.000ns)
  Data Path Delay:        0.388ns  (logic 0.141ns (36.379%)  route 0.247ns (63.621%))
  Logic Levels:           0  
  Clock Path Skew:        0.262ns (DCD - SCD - CPR)
    Destination Clock Delay (DCD):    1.271ns
    Source Clock Delay      (SCD):    0.979ns
    Clock Pessimism Removal (CPR):    0.030ns

    Location             Delay type                Incr(ns)  Path(ns)    Netlist Resource(s)
  -------------------------------------------------------------------    -------------------
                         (clock clk_fpga_0 rise edge)
                                                      0.000     0.000 r  
    PS7_X0Y0             PS7                          0.000     0.000 r  udp_gateway_shadow_mirror_i/processing_system7_0/inst/PS7_i/FCLKCLK[0]
                         net (fo=1, routed)           0.310     0.310    udp_gateway_shadow_mirror_i/processing_system7_0/inst/FCLK_CLK_unbuffered[0]
    BUFGCTRL_X0Y17       BUFG (Prop_bufg_I_O)         0.026     0.336 r  udp_gateway_shadow_mirror_i/processing_system7_0/inst/buffer_fclk_clk_0.FCLK_CLK_0_BUFG/O
                         net (fo=42827, routed)       0.643     0.979    udp_gateway_shadow_mirror_i/dma_gateway_hybrid_0/inst/clk
    SLICE_X111Y49        FDRE                                         r  udp_gateway_shadow_mirror_i/dma_gateway_hybrid_0/inst/fastpath_header_mem_reg[8][21]/C
  -------------------------------------------------------------------    -------------------
    SLICE_X111Y49        FDRE (Prop_fdre_C_Q)         0.141     1.120 r  udp_gateway_shadow_mirror_i/dma_gateway_hybrid_0/inst/fastpath_header_mem_reg[8][21]/Q
                         net (fo=2, routed)           0.247     1.366    udp_gateway_shadow_mirror_i/dma_gateway_hybrid_0/inst/fastpath_header_mem_reg[8]_22[21]
    SLICE_X109Y53        FDRE                                         r  udp_gateway_shadow_mirror_i/dma_gateway_hybrid_0/inst/txcap_header_mem_reg[8][21]/D
  -------------------------------------------------------------------    -------------------

                         (clock clk_fpga_0 rise edge)
                                                      0.000     0.000 r  
    PS7_X0Y0             PS7                          0.000     0.000 r  udp_gateway_shadow_mirror_i/processing_system7_0/inst/PS7_i/FCLKCLK[0]
                         net (fo=1, routed)           0.337     0.337    udp_gateway_shadow_mirror_i/processing_system7_0/inst/FCLK_CLK_unbuffered[0]
    BUFGCTRL_X0Y17       BUFG (Prop_bufg_I_O)         0.029     0.366 r  udp_gateway_shadow_mirror_i/processing_system7_0/inst/buffer_fclk_clk_0.FCLK_CLK_0_BUFG/O
                         net (fo=42827, routed)       0.905     1.271    udp_gateway_shadow_mirror_i/dma_gateway_hybrid_0/inst/clk
    SLICE_X109Y53        FDRE                                         r  udp_gateway_shadow_mirror_i/dma_gateway_hybrid_0/inst/txcap_header_mem_reg[8][21]/C
                         clock pessimism             -0.030     1.241    
    SLICE_X109Y53        FDRE (Hold_fdre_C_D)         0.076     1.317    udp_gateway_shadow_mirror_i/dma_gateway_hybrid_0/inst/txcap_header_mem_reg[8][21]
  -------------------------------------------------------------------
                         required time                         -1.317    
                         arrival time                           1.366    
  -------------------------------------------------------------------
                         slack                                  0.049    





Pulse Width Checks
--------------------------------------------------------------------------------------
Clock Name:         clk_fpga_0
Waveform(ns):       { 0.000 10.000 }
Period(ns):         20.000
Sources:            { udp_gateway_shadow_mirror_i/processing_system7_0/inst/PS7_i/FCLKCLK[0] }

Check Type        Corner  Lib Pin             Reference Pin  Required(ns)  Actual(ns)  Slack(ns)  Location      Pin
Min Period        n/a     RAMB36E1/CLKARDCLK  n/a            2.944         20.000      17.056     RAMB36_X3Y2   udp_gateway_shadow_mirror_i/dma_gateway_hybrid_0/inst/u_shadow_acl_filter/u_acl/bram_way0_reg_0/CLKARDCLK
Min Period        n/a     RAMB36E1/CLKARDCLK  n/a            2.944         20.000      17.056     RAMB36_X5Y2   udp_gateway_shadow_mirror_i/dma_gateway_hybrid_0/inst/u_shadow_acl_filter/u_acl/bram_way0_reg_1/CLKARDCLK
Min Period        n/a     RAMB36E1/CLKARDCLK  n/a            2.944         20.000      17.056     RAMB36_X4Y8   udp_gateway_shadow_mirror_i/dma_gateway_hybrid_0/inst/u_shadow_acl_filter/u_acl/bram_way0_reg_10/CLKARDCLK
Min Period        n/a     RAMB36E1/CLKARDCLK  n/a            2.944         20.000      17.056     RAMB36_X5Y8   udp_gateway_shadow_mirror_i/dma_gateway_hybrid_0/inst/u_shadow_acl_filter/u_acl/bram_way0_reg_11/CLKARDCLK
Min Period        n/a     RAMB36E1/CLKARDCLK  n/a            2.944         20.000      17.056     RAMB36_X4Y4   udp_gateway_shadow_mirror_i/dma_gateway_hybrid_0/inst/u_shadow_acl_filter/u_acl/bram_way0_reg_2/CLKARDCLK
Min Period        n/a     RAMB36E1/CLKARDCLK  n/a            2.944         20.000      17.056     RAMB36_X4Y0   udp_gateway_shadow_mirror_i/dma_gateway_hybrid_0/inst/u_shadow_acl_filter/u_acl/bram_way0_reg_3/CLKARDCLK
Min Period        n/a     RAMB36E1/CLKARDCLK  n/a            2.944         20.000      17.056     RAMB36_X3Y0   udp_gateway_shadow_mirror_i/dma_gateway_hybrid_0/inst/u_shadow_acl_filter/u_acl/bram_way0_reg_4/CLKARDCLK
Min Period        n/a     RAMB36E1/CLKARDCLK  n/a            2.944         20.000      17.056     RAMB36_X3Y3   udp_gateway_shadow_mirror_i/dma_gateway_hybrid_0/inst/u_shadow_acl_filter/u_acl/bram_way0_reg_5/CLKARDCLK
Min Period        n/a     RAMB36E1/CLKARDCLK  n/a            2.944         20.000      17.056     RAMB36_X3Y5   udp_gateway_shadow_mirror_i/dma_gateway_hybrid_0/inst/u_shadow_acl_filter/u_acl/bram_way0_reg_6/CLKARDCLK
Min Period        n/a     RAMB36E1/CLKARDCLK  n/a            2.944         20.000      17.056     RAMB36_X4Y1   udp_gateway_shadow_mirror_i/dma_gateway_hybrid_0/inst/u_shadow_acl_filter/u_acl/bram_way0_reg_7/CLKARDCLK
Low Pulse Width   Slow    RAMD32/CLK          n/a            1.250         10.000      8.750      SLICE_X26Y80  udp_gateway_shadow_mirror_i/axi_mem_intercon/m00_couplers/auto_pc/inst/gen_axi4_axi3.axi3_conv_inst/USE_READ.USE_SPLIT_R.read_addr_inst/USE_R_CHANNEL.cmd_queue/inst/fifo_gen_inst/inst_fifo_gen/gconvfifo.rf/grf.rf/gntv_or_sync_fifo.mem/gdm.dm_gen.dm/RAM_reg_0_31_0_0/DP/CLK
Low Pulse Width   Fast    RAMD32/CLK          n/a            1.250         10.000      8.750      SLICE_X26Y80  udp_gateway_shadow_mirror_i/axi_mem_intercon/m00_couplers/auto_pc/inst/gen_axi4_axi3.axi3_conv_inst/USE_READ.USE_SPLIT_R.read_addr_inst/USE_R_CHANNEL.cmd_queue/inst/fifo_gen_inst/inst_fifo_gen/gconvfifo.rf/grf.rf/gntv_or_sync_fifo.mem/gdm.dm_gen.dm/RAM_reg_0_31_0_0/DP/CLK
Low Pulse Width   Slow    RAMD32/CLK          n/a            1.250         10.000      8.750      SLICE_X26Y80  udp_gateway_shadow_mirror_i/axi_mem_intercon/m00_couplers/auto_pc/inst/gen_axi4_axi3.axi3_conv_inst/USE_READ.USE_SPLIT_R.read_addr_inst/USE_R_CHANNEL.cmd_queue/inst/fifo_gen_inst/inst_fifo_gen/gconvfifo.rf/grf.rf/gntv_or_sync_fifo.mem/gdm.dm_gen.dm/RAM_reg_0_31_0_0/SP/CLK
Low Pulse Width   Fast    RAMD32/CLK          n/a            1.250         10.000      8.750      SLICE_X26Y80  udp_gateway_shadow_mirror_i/axi_mem_intercon/m00_couplers/auto_pc/inst/gen_axi4_axi3.axi3_conv_inst/USE_READ.USE_SPLIT_R.read_addr_inst/USE_R_CHANNEL.cmd_queue/inst/fifo_gen_inst/inst_fifo_gen/gconvfifo.rf/grf.rf/gntv_or_sync_fifo.mem/gdm.dm_gen.dm/RAM_reg_0_31_0_0/SP/CLK
Low Pulse Width   Slow    RAMD32/CLK          n/a            1.250         10.000      8.750      SLICE_X54Y93  udp_gateway_shadow_mirror_i/axi_mem_intercon/m00_couplers/auto_pc/inst/gen_axi4_axi3.axi3_conv_inst/USE_WRITE.write_addr_inst/USE_BURSTS.cmd_queue/inst/fifo_gen_inst/inst_fifo_gen/gconvfifo.rf/grf.rf/gntv_or_sync_fifo.mem/gdm.dm_gen.dm/RAM_reg_0_31_0_5/RAMA/CLK
Low Pulse Width   Fast    RAMD32/CLK          n/a            1.250         10.000      8.750      SLICE_X54Y93  udp_gateway_shadow_mirror_i/axi_mem_intercon/m00_couplers/auto_pc/inst/gen_axi4_axi3.axi3_conv_inst/USE_WRITE.write_addr_inst/USE_BURSTS.cmd_queue/inst/fifo_gen_inst/inst_fifo_gen/gconvfifo.rf/grf.rf/gntv_or_sync_fifo.mem/gdm.dm_gen.dm/RAM_reg_0_31_0_5/RAMA/CLK
Low Pulse Width   Slow    RAMD32/CLK          n/a            1.250         10.000      8.750      SLICE_X54Y93  udp_gateway_shadow_mirror_i/axi_mem_intercon/m00_couplers/auto_pc/inst/gen_axi4_axi3.axi3_conv_inst/USE_WRITE.write_addr_inst/USE_BURSTS.cmd_queue/inst/fifo_gen_inst/inst_fifo_gen/gconvfifo.rf/grf.rf/gntv_or_sync_fifo.mem/gdm.dm_gen.dm/RAM_reg_0_31_0_5/RAMA_D1/CLK
Low Pulse Width   Fast    RAMD32/CLK          n/a            1.250         10.000      8.750      SLICE_X54Y93  udp_gateway_shadow_mirror_i/axi_mem_intercon/m00_couplers/auto_pc/inst/gen_axi4_axi3.axi3_conv_inst/USE_WRITE.write_addr_inst/USE_BURSTS.cmd_queue/inst/fifo_gen_inst/inst_fifo_gen/gconvfifo.rf/grf.rf/gntv_or_sync_fifo.mem/gdm.dm_gen.dm/RAM_reg_0_31_0_5/RAMA_D1/CLK
Low Pulse Width   Slow    RAMD32/CLK          n/a            1.250         10.000      8.750      SLICE_X54Y93  udp_gateway_shadow_mirror_i/axi_mem_intercon/m00_couplers/auto_pc/inst/gen_axi4_axi3.axi3_conv_inst/USE_WRITE.write_addr_inst/USE_BURSTS.cmd_queue/inst/fifo_gen_inst/inst_fifo_gen/gconvfifo.rf/grf.rf/gntv_or_sync_fifo.mem/gdm.dm_gen.dm/RAM_reg_0_31_0_5/RAMB/CLK
Low Pulse Width   Fast    RAMD32/CLK          n/a            1.250         10.000      8.750      SLICE_X54Y93  udp_gateway_shadow_mirror_i/axi_mem_intercon/m00_couplers/auto_pc/inst/gen_axi4_axi3.axi3_conv_inst/USE_WRITE.write_addr_inst/USE_BURSTS.cmd_queue/inst/fifo_gen_inst/inst_fifo_gen/gconvfifo.rf/grf.rf/gntv_or_sync_fifo.mem/gdm.dm_gen.dm/RAM_reg_0_31_0_5/RAMB/CLK
High Pulse Width  Slow    RAMD32/CLK          n/a            1.250         10.000      8.750      SLICE_X26Y80  udp_gateway_shadow_mirror_i/axi_mem_intercon/m00_couplers/auto_pc/inst/gen_axi4_axi3.axi3_conv_inst/USE_READ.USE_SPLIT_R.read_addr_inst/USE_R_CHANNEL.cmd_queue/inst/fifo_gen_inst/inst_fifo_gen/gconvfifo.rf/grf.rf/gntv_or_sync_fifo.mem/gdm.dm_gen.dm/RAM_reg_0_31_0_0/DP/CLK
High Pulse Width  Fast    RAMD32/CLK          n/a            1.250         10.000      8.750      SLICE_X26Y80  udp_gateway_shadow_mirror_i/axi_mem_intercon/m00_couplers/auto_pc/inst/gen_axi4_axi3.axi3_conv_inst/USE_READ.USE_SPLIT_R.read_addr_inst/USE_R_CHANNEL.cmd_queue/inst/fifo_gen_inst/inst_fifo_gen/gconvfifo.rf/grf.rf/gntv_or_sync_fifo.mem/gdm.dm_gen.dm/RAM_reg_0_31_0_0/DP/CLK
High Pulse Width  Slow    RAMD32/CLK          n/a            1.250         10.000      8.750      SLICE_X26Y80  udp_gateway_shadow_mirror_i/axi_mem_intercon/m00_couplers/auto_pc/inst/gen_axi4_axi3.axi3_conv_inst/USE_READ.USE_SPLIT_R.read_addr_inst/USE_R_CHANNEL.cmd_queue/inst/fifo_gen_inst/inst_fifo_gen/gconvfifo.rf/grf.rf/gntv_or_sync_fifo.mem/gdm.dm_gen.dm/RAM_reg_0_31_0_0/SP/CLK
High Pulse Width  Fast    RAMD32/CLK          n/a            1.250         10.000      8.750      SLICE_X26Y80  udp_gateway_shadow_mirror_i/axi_mem_intercon/m00_couplers/auto_pc/inst/gen_axi4_axi3.axi3_conv_inst/USE_READ.USE_SPLIT_R.read_addr_inst/USE_R_CHANNEL.cmd_queue/inst/fifo_gen_inst/inst_fifo_gen/gconvfifo.rf/grf.rf/gntv_or_sync_fifo.mem/gdm.dm_gen.dm/RAM_reg_0_31_0_0/SP/CLK
High Pulse Width  Slow    RAMD32/CLK          n/a            1.250         10.000      8.750      SLICE_X54Y93  udp_gateway_shadow_mirror_i/axi_mem_intercon/m00_couplers/auto_pc/inst/gen_axi4_axi3.axi3_conv_inst/USE_WRITE.write_addr_inst/USE_BURSTS.cmd_queue/inst/fifo_gen_inst/inst_fifo_gen/gconvfifo.rf/grf.rf/gntv_or_sync_fifo.mem/gdm.dm_gen.dm/RAM_reg_0_31_0_5/RAMA/CLK
High Pulse Width  Fast    RAMD32/CLK          n/a            1.250         10.000      8.750      SLICE_X54Y93  udp_gateway_shadow_mirror_i/axi_mem_intercon/m00_couplers/auto_pc/inst/gen_axi4_axi3.axi3_conv_inst/USE_WRITE.write_addr_inst/USE_BURSTS.cmd_queue/inst/fifo_gen_inst/inst_fifo_gen/gconvfifo.rf/grf.rf/gntv_or_sync_fifo.mem/gdm.dm_gen.dm/RAM_reg_0_31_0_5/RAMA/CLK
High Pulse Width  Slow    RAMD32/CLK          n/a            1.250         10.000      8.750      SLICE_X54Y93  udp_gateway_shadow_mirror_i/axi_mem_intercon/m00_couplers/auto_pc/inst/gen_axi4_axi3.axi3_conv_inst/USE_WRITE.write_addr_inst/USE_BURSTS.cmd_queue/inst/fifo_gen_inst/inst_fifo_gen/gconvfifo.rf/grf.rf/gntv_or_sync_fifo.mem/gdm.dm_gen.dm/RAM_reg_0_31_0_5/RAMA_D1/CLK
High Pulse Width  Fast    RAMD32/CLK          n/a            1.250         10.000      8.750      SLICE_X54Y93  udp_gateway_shadow_mirror_i/axi_mem_intercon/m00_couplers/auto_pc/inst/gen_axi4_axi3.axi3_conv_inst/USE_WRITE.write_addr_inst/USE_BURSTS.cmd_queue/inst/fifo_gen_inst/inst_fifo_gen/gconvfifo.rf/grf.rf/gntv_or_sync_fifo.mem/gdm.dm_gen.dm/RAM_reg_0_31_0_5/RAMA_D1/CLK
High Pulse Width  Slow    RAMD32/CLK          n/a            1.250         10.000      8.750      SLICE_X54Y93  udp_gateway_shadow_mirror_i/axi_mem_intercon/m00_couplers/auto_pc/inst/gen_axi4_axi3.axi3_conv_inst/USE_WRITE.write_addr_inst/USE_BURSTS.cmd_queue/inst/fifo_gen_inst/inst_fifo_gen/gconvfifo.rf/grf.rf/gntv_or_sync_fifo.mem/gdm.dm_gen.dm/RAM_reg_0_31_0_5/RAMB/CLK
High Pulse Width  Fast    RAMD32/CLK          n/a            1.250         10.000      8.750      SLICE_X54Y93  udp_gateway_shadow_mirror_i/axi_mem_intercon/m00_couplers/auto_pc/inst/gen_axi4_axi3.axi3_conv_inst/USE_WRITE.write_addr_inst/USE_BURSTS.cmd_queue/inst/fifo_gen_inst/inst_fifo_gen/gconvfifo.rf/grf.rf/gntv_or_sync_fifo.mem/gdm.dm_gen.dm/RAM_reg_0_31_0_5/RAMB/CLK



---------------------------------------------------------------------------------------------------
From Clock:  shadow_dna_clk
  To Clock:  shadow_dna_clk

Setup :            0  Failing Endpoints,  Worst Slack      632.483ns,  Total Violation        0.000ns
Hold  :            0  Failing Endpoints,  Worst Slack        0.279ns,  Total Violation        0.000ns
PW    :            0  Failing Endpoints,  Worst Slack      319.500ns,  Total Violation        0.000ns
---------------------------------------------------------------------------------------------------


Max Delay Paths
--------------------------------------------------------------------------------------
Slack (MET) :             632.483ns  (required time - arrival time)
  Source:                 udp_gateway_shadow_mirror_i/dma_gateway_hybrid_0/inst/u_device_dna_reader/dna_read_reg/C
                            (rising edge-triggered cell FDPE clocked by shadow_dna_clk  {rise@0.000ns fall@320.000ns period=640.000ns})
  Destination:            udp_gateway_shadow_mirror_i/dma_gateway_hybrid_0/inst/u_device_dna_reader/u_dna/READ
                            (rising edge-triggered cell DNA_PORT clocked by shadow_dna_clk  {rise@0.000ns fall@320.000ns period=640.000ns})
  Path Group:             shadow_dna_clk
  Path Type:              Setup (Max at Slow Process Corner)
  Requirement:            640.000ns  (shadow_dna_clk rise@640.000ns - shadow_dna_clk rise@0.000ns)
  Data Path Delay:        1.597ns  (logic 0.419ns (26.235%)  route 1.178ns (73.765%))
  Logic Levels:           0  
  Clock Path Skew:        -0.087ns (DCD - SCD + CPR)
    Destination Clock Delay (DCD):    6.342ns = ( 646.342 - 640.000 ) 
    Source Clock Delay      (SCD):    7.200ns
    Clock Pessimism Removal (CPR):    0.771ns
  Clock Uncertainty:      0.302ns  ((TSJ^2 + TIJ^2)^1/2 + DJ) / 2 + PE
    Total System Jitter     (TSJ):    0.071ns
    Total Input Jitter      (TIJ):    0.600ns
    Discrete Jitter          (DJ):    0.000ns
    Phase Error              (PE):    0.000ns

    Location             Delay type                Incr(ns)  Path(ns)    Netlist Resource(s)
  -------------------------------------------------------------------    -------------------
                         (clock shadow_dna_clk rise edge)
                                                      0.000     0.000 r  
    PS7_X0Y0             PS7                          0.000     0.000 r  udp_gateway_shadow_mirror_i/processing_system7_0/inst/PS7_i/FCLKCLK[0]
                         net (fo=1, routed)           1.193     1.193    udp_gateway_shadow_mirror_i/processing_system7_0/inst/FCLK_CLK_unbuffered[0]
    BUFGCTRL_X0Y17       BUFG (Prop_bufg_I_O)         0.101     1.294 r  udp_gateway_shadow_mirror_i/processing_system7_0/inst/buffer_fclk_clk_0.FCLK_CLK_0_BUFG/O
                         net (fo=42827, routed)       1.719     3.013    udp_gateway_shadow_mirror_i/dma_gateway_hybrid_0/inst/u_device_dna_reader/clk
    SLICE_X69Y21         FDCE (Prop_fdce_C_Q)         0.456     3.469 r  udp_gateway_shadow_mirror_i/dma_gateway_hybrid_0/inst/u_device_dna_reader/dna_clk_reg/Q
                         net (fo=1, routed)           1.845     5.314    udp_gateway_shadow_mirror_i/dma_gateway_hybrid_0/inst/u_device_dna_reader/dna_clk
    BUFGCTRL_X0Y16       BUFG (Prop_bufg_I_O)         0.101     5.415 r  udp_gateway_shadow_mirror_i/dma_gateway_hybrid_0/inst/u_device_dna_reader/dna_clk_BUFG_inst/O
                         net (fo=69, routed)          1.785     7.200    udp_gateway_shadow_mirror_i/dma_gateway_hybrid_0/inst/u_device_dna_reader/dna_clk_BUFG
    SLICE_X99Y95         FDPE                                         r  udp_gateway_shadow_mirror_i/dma_gateway_hybrid_0/inst/u_device_dna_reader/dna_read_reg/C
  -------------------------------------------------------------------    -------------------
    SLICE_X99Y95         FDPE (Prop_fdpe_C_Q)         0.419     7.619 r  udp_gateway_shadow_mirror_i/dma_gateway_hybrid_0/inst/u_device_dna_reader/dna_read_reg/Q
                         net (fo=5, routed)           1.178     8.797    udp_gateway_shadow_mirror_i/dma_gateway_hybrid_0/inst/u_device_dna_reader/dna_read
    DNA_PORT_X0Y0        DNA_PORT                                     r  udp_gateway_shadow_mirror_i/dma_gateway_hybrid_0/inst/u_device_dna_reader/u_dna/READ
  -------------------------------------------------------------------    -------------------

                         (clock shadow_dna_clk rise edge)
                                                    640.000   640.000 r  
    PS7_X0Y0             PS7                          0.000   640.000 r  udp_gateway_shadow_mirror_i/processing_system7_0/inst/PS7_i/FCLKCLK[0]
                         net (fo=1, routed)           1.088   641.088    udp_gateway_shadow_mirror_i/processing_system7_0/inst/FCLK_CLK_unbuffered[0]
    BUFGCTRL_X0Y17       BUFG (Prop_bufg_I_O)         0.091   641.179 r  udp_gateway_shadow_mirror_i/processing_system7_0/inst/buffer_fclk_clk_0.FCLK_CLK_0_BUFG/O
                         net (fo=42827, routed)       1.546   642.725    udp_gateway_shadow_mirror_i/dma_gateway_hybrid_0/inst/u_device_dna_reader/clk
    SLICE_X69Y21         FDCE (Prop_fdce_C_Q)         0.367   643.092 r  udp_gateway_shadow_mirror_i/dma_gateway_hybrid_0/inst/u_device_dna_reader/dna_clk_reg/Q
                         net (fo=1, routed)           1.575   644.667    udp_gateway_shadow_mirror_i/dma_gateway_hybrid_0/inst/u_device_dna_reader/dna_clk
    BUFGCTRL_X0Y16       BUFG (Prop_bufg_I_O)         0.091   644.758 r  udp_gateway_shadow_mirror_i/dma_gateway_hybrid_0/inst/u_device_dna_reader/dna_clk_BUFG_inst/O
                         net (fo=69, routed)          1.583   646.342    udp_gateway_shadow_mirror_i/dma_gateway_hybrid_0/inst/u_device_dna_reader/dna_clk_BUFG
    DNA_PORT_X0Y0        DNA_PORT                                     r  udp_gateway_shadow_mirror_i/dma_gateway_hybrid_0/inst/u_device_dna_reader/u_dna/CLK
                         clock pessimism              0.771   647.113    
                         clock uncertainty           -0.302   646.811    
    DNA_PORT_X0Y0        DNA_PORT (Setup_dna_port_CLK_READ)
                                                     -5.531   641.280    udp_gateway_shadow_mirror_i/dma_gateway_hybrid_0/inst/u_device_dna_reader/u_dna
  -------------------------------------------------------------------
                         required time                        641.280    
                         arrival time                          -8.797    
  -------------------------------------------------------------------
                         slack                                632.483    

Slack (MET) :             632.808ns  (required time - arrival time)
  Source:                 udp_gateway_shadow_mirror_i/dma_gateway_hybrid_0/inst/u_device_dna_reader/dna_shift_reg/C
                            (rising edge-triggered cell FDCE clocked by shadow_dna_clk  {rise@0.000ns fall@320.000ns period=640.000ns})
  Destination:            udp_gateway_shadow_mirror_i/dma_gateway_hybrid_0/inst/u_device_dna_reader/u_dna/SHIFT
                            (rising edge-triggered cell DNA_PORT clocked by shadow_dna_clk  {rise@0.000ns fall@320.000ns period=640.000ns})
  Path Group:             shadow_dna_clk
  Path Type:              Setup (Max at Slow Process Corner)
  Requirement:            640.000ns  (shadow_dna_clk rise@640.000ns - shadow_dna_clk rise@0.000ns)
  Data Path Delay:        1.447ns  (logic 0.456ns (31.523%)  route 0.991ns (68.477%))
  Logic Levels:           0  
  Clock Path Skew:        -0.087ns (DCD - SCD + CPR)
    Destination Clock Delay (DCD):    6.342ns = ( 646.342 - 640.000 ) 
    Source Clock Delay      (SCD):    7.200ns
    Clock Pessimism Removal (CPR):    0.771ns
  Clock Uncertainty:      0.302ns  ((TSJ^2 + TIJ^2)^1/2 + DJ) / 2 + PE
    Total System Jitter     (TSJ):    0.071ns
    Total Input Jitter      (TIJ):    0.600ns
    Discrete Jitter          (DJ):    0.000ns
    Phase Error              (PE):    0.000ns

    Location             Delay type                Incr(ns)  Path(ns)    Netlist Resource(s)
  -------------------------------------------------------------------    -------------------
                         (clock shadow_dna_clk rise edge)
                                                      0.000     0.000 r  
    PS7_X0Y0             PS7                          0.000     0.000 r  udp_gateway_shadow_mirror_i/processing_system7_0/inst/PS7_i/FCLKCLK[0]
                         net (fo=1, routed)           1.193     1.193    udp_gateway_shadow_mirror_i/processing_system7_0/inst/FCLK_CLK_unbuffered[0]
    BUFGCTRL_X0Y17       BUFG (Prop_bufg_I_O)         0.101     1.294 r  udp_gateway_shadow_mirror_i/processing_system7_0/inst/buffer_fclk_clk_0.FCLK_CLK_0_BUFG/O
                         net (fo=42827, routed)       1.719     3.013    udp_gateway_shadow_mirror_i/dma_gateway_hybrid_0/inst/u_device_dna_reader/clk
    SLICE_X69Y21         FDCE (Prop_fdce_C_Q)         0.456     3.469 r  udp_gateway_shadow_mirror_i/dma_gateway_hybrid_0/inst/u_device_dna_reader/dna_clk_reg/Q
                         net (fo=1, routed)           1.845     5.314    udp_gateway_shadow_mirror_i/dma_gateway_hybrid_0/inst/u_device_dna_reader/dna_clk
    BUFGCTRL_X0Y16       BUFG (Prop_bufg_I_O)         0.101     5.415 r  udp_gateway_shadow_mirror_i/dma_gateway_hybrid_0/inst/u_device_dna_reader/dna_clk_BUFG_inst/O
                         net (fo=69, routed)          1.785     7.200    udp_gateway_shadow_mirror_i/dma_gateway_hybrid_0/inst/u_device_dna_reader/dna_clk_BUFG
    SLICE_X99Y95         FDCE                                         r  udp_gateway_shadow_mirror_i/dma_gateway_hybrid_0/inst/u_device_dna_reader/dna_shift_reg/C
  -------------------------------------------------------------------    -------------------
    SLICE_X99Y95         FDCE (Prop_fdce_C_Q)         0.456     7.656 r  udp_gateway_shadow_mirror_i/dma_gateway_hybrid_0/inst/u_device_dna_reader/dna_shift_reg/Q
                         net (fo=4, routed)           0.991     8.647    udp_gateway_shadow_mirror_i/dma_gateway_hybrid_0/inst/u_device_dna_reader/dna_shift
    DNA_PORT_X0Y0        DNA_PORT                                     r  udp_gateway_shadow_mirror_i/dma_gateway_hybrid_0/inst/u_device_dna_reader/u_dna/SHIFT
  -------------------------------------------------------------------    -------------------

                         (clock shadow_dna_clk rise edge)
                                                    640.000   640.000 r  
    PS7_X0Y0             PS7                          0.000   640.000 r  udp_gateway_shadow_mirror_i/processing_system7_0/inst/PS7_i/FCLKCLK[0]
                         net (fo=1, routed)           1.088   641.088    udp_gateway_shadow_mirror_i/processing_system7_0/inst/FCLK_CLK_unbuffered[0]
    BUFGCTRL_X0Y17       BUFG (Prop_bufg_I_O)         0.091   641.179 r  udp_gateway_shadow_mirror_i/processing_system7_0/inst/buffer_fclk_clk_0.FCLK_CLK_0_BUFG/O
                         net (fo=42827, routed)       1.546   642.725    udp_gateway_shadow_mirror_i/dma_gateway_hybrid_0/inst/u_device_dna_reader/clk
    SLICE_X69Y21         FDCE (Prop_fdce_C_Q)         0.367   643.092 r  udp_gateway_shadow_mirror_i/dma_gateway_hybrid_0/inst/u_device_dna_reader/dna_clk_reg/Q
                         net (fo=1, routed)           1.575   644.667    udp_gateway_shadow_mirror_i/dma_gateway_hybrid_0/inst/u_device_dna_reader/dna_clk
    BUFGCTRL_X0Y16       BUFG (Prop_bufg_I_O)         0.091   644.758 r  udp_gateway_shadow_mirror_i/dma_gateway_hybrid_0/inst/u_device_dna_reader/dna_clk_BUFG_inst/O
                         net (fo=69, routed)          1.583   646.342    udp_gateway_shadow_mirror_i/dma_gateway_hybrid_0/inst/u_device_dna_reader/dna_clk_BUFG
    DNA_PORT_X0Y0        DNA_PORT                                     r  udp_gateway_shadow_mirror_i/dma_gateway_hybrid_0/inst/u_device_dna_reader/u_dna/CLK
                         clock pessimism              0.771   647.113    
                         clock uncertainty           -0.302   646.811    
    DNA_PORT_X0Y0        DNA_PORT (Setup_dna_port_CLK_SHIFT)
                                                     -5.356   641.455    udp_gateway_shadow_mirror_i/dma_gateway_hybrid_0/inst/u_device_dna_reader/u_dna
  -------------------------------------------------------------------
                         required time                        641.455    
                         arrival time                          -8.647    
  -------------------------------------------------------------------
                         slack                                632.808    

Slack (MET) :             634.055ns  (required time - arrival time)
  Source:                 udp_gateway_shadow_mirror_i/dma_gateway_hybrid_0/inst/u_device_dna_reader/u_dna/CLK
                            (rising edge-triggered cell DNA_PORT clocked by shadow_dna_clk  {rise@0.000ns fall@320.000ns period=640.000ns})
  Destination:            udp_gateway_shadow_mirror_i/dma_gateway_hybrid_0/inst/u_device_dna_reader/dna_shift_value_reg[0]/D
                            (rising edge-triggered cell FDCE clocked by shadow_dna_clk  {rise@0.000ns fall@320.000ns period=640.000ns})
  Path Group:             shadow_dna_clk
  Path Type:              Setup (Max at Slow Process Corner)
  Requirement:            640.000ns  (shadow_dna_clk rise@640.000ns - shadow_dna_clk rise@0.000ns)
  Data Path Delay:        5.599ns  (logic 3.214ns (57.405%)  route 2.385ns (42.595%))
  Logic Levels:           0  
  Clock Path Skew:        0.023ns (DCD - SCD + CPR)
    Destination Clock Delay (DCD):    6.426ns = ( 646.426 - 640.000 ) 
    Source Clock Delay      (SCD):    7.174ns
    Clock Pessimism Removal (CPR):    0.771ns
  Clock Uncertainty:      0.302ns  ((TSJ^2 + TIJ^2)^1/2 + DJ) / 2 + PE
    Total System Jitter     (TSJ):    0.071ns
    Total Input Jitter      (TIJ):    0.600ns
    Discrete Jitter          (DJ):    0.000ns
    Phase Error              (PE):    0.000ns

    Location             Delay type                Incr(ns)  Path(ns)    Netlist Resource(s)
  -------------------------------------------------------------------    -------------------
                         (clock shadow_dna_clk rise edge)
                                                      0.000     0.000 r  
    PS7_X0Y0             PS7                          0.000     0.000 r  udp_gateway_shadow_mirror_i/processing_system7_0/inst/PS7_i/FCLKCLK[0]
                         net (fo=1, routed)           1.193     1.193    udp_gateway_shadow_mirror_i/processing_system7_0/inst/FCLK_CLK_unbuffered[0]
    BUFGCTRL_X0Y17       BUFG (Prop_bufg_I_O)         0.101     1.294 r  udp_gateway_shadow_mirror_i/processing_system7_0/inst/buffer_fclk_clk_0.FCLK_CLK_0_BUFG/O
                         net (fo=42827, routed)       1.719     3.013    udp_gateway_shadow_mirror_i/dma_gateway_hybrid_0/inst/u_device_dna_reader/clk
    SLICE_X69Y21         FDCE (Prop_fdce_C_Q)         0.456     3.469 r  udp_gateway_shadow_mirror_i/dma_gateway_hybrid_0/inst/u_device_dna_reader/dna_clk_reg/Q
                         net (fo=1, routed)           1.845     5.314    udp_gateway_shadow_mirror_i/dma_gateway_hybrid_0/inst/u_device_dna_reader/dna_clk
    BUFGCTRL_X0Y16       BUFG (Prop_bufg_I_O)         0.101     5.415 r  udp_gateway_shadow_mirror_i/dma_gateway_hybrid_0/inst/u_device_dna_reader/dna_clk_BUFG_inst/O
                         net (fo=69, routed)          1.759     7.174    udp_gateway_shadow_mirror_i/dma_gateway_hybrid_0/inst/u_device_dna_reader/dna_clk_BUFG
    DNA_PORT_X0Y0        DNA_PORT                                     r  udp_gateway_shadow_mirror_i/dma_gateway_hybrid_0/inst/u_device_dna_reader/u_dna/CLK
  -------------------------------------------------------------------    -------------------
    DNA_PORT_X0Y0        DNA_PORT (Prop_dna_port_CLK_DOUT)
                                                      3.214    10.388 r  udp_gateway_shadow_mirror_i/dma_gateway_hybrid_0/inst/u_device_dna_reader/u_dna/DOUT
                         net (fo=1, routed)           2.385    12.773    udp_gateway_shadow_mirror_i/dma_gateway_hybrid_0/inst/u_device_dna_reader/dna_dout
    SLICE_X107Y73        FDCE                                         r  udp_gateway_shadow_mirror_i/dma_gateway_hybrid_0/inst/u_device_dna_reader/dna_shift_value_reg[0]/D
  -------------------------------------------------------------------    -------------------

                         (clock shadow_dna_clk rise edge)
                                                    640.000   640.000 r  
    PS7_X0Y0             PS7                          0.000   640.000 r  udp_gateway_shadow_mirror_i/processing_system7_0/inst/PS7_i/FCLKCLK[0]
                         net (fo=1, routed)           1.088   641.088    udp_gateway_shadow_mirror_i/processing_system7_0/inst/FCLK_CLK_unbuffered[0]
    BUFGCTRL_X0Y17       BUFG (Prop_bufg_I_O)         0.091   641.179 r  udp_gateway_shadow_mirror_i/processing_system7_0/inst/buffer_fclk_clk_0.FCLK_CLK_0_BUFG/O
                         net (fo=42827, routed)       1.546   642.725    udp_gateway_shadow_mirror_i/dma_gateway_hybrid_0/inst/u_device_dna_reader/clk
    SLICE_X69Y21         FDCE (Prop_fdce_C_Q)         0.367   643.092 r  udp_gateway_shadow_mirror_i/dma_gateway_hybrid_0/inst/u_device_dna_reader/dna_clk_reg/Q
                         net (fo=1, routed)           1.575   644.667    udp_gateway_shadow_mirror_i/dma_gateway_hybrid_0/inst/u_device_dna_reader/dna_clk
    BUFGCTRL_X0Y16       BUFG (Prop_bufg_I_O)         0.091   644.758 r  udp_gateway_shadow_mirror_i/dma_gateway_hybrid_0/inst/u_device_dna_reader/dna_clk_BUFG_inst/O
                         net (fo=69, routed)          1.668   646.426    udp_gateway_shadow_mirror_i/dma_gateway_hybrid_0/inst/u_device_dna_reader/dna_clk_BUFG
    SLICE_X107Y73        FDCE                                         r  udp_gateway_shadow_mirror_i/dma_gateway_hybrid_0/inst/u_device_dna_reader/dna_shift_value_reg[0]/C
                         clock pessimism              0.771   647.197    
                         clock uncertainty           -0.302   646.895    
    SLICE_X107Y73        FDCE (Setup_fdce_C_D)       -0.067   646.828    udp_gateway_shadow_mirror_i/dma_gateway_hybrid_0/inst/u_device_dna_reader/dna_shift_value_reg[0]
  -------------------------------------------------------------------
                         required time                        646.828    
                         arrival time                         -12.773    
  -------------------------------------------------------------------
                         slack                                634.055    

Slack (MET) :             634.083ns  (required time - arrival time)
  Source:                 udp_gateway_shadow_mirror_i/dma_gateway_hybrid_0/inst/u_device_dna_reader/dna_busy_raw_reg/C
                            (rising edge-triggered cell FDPE clocked by shadow_dna_clk  {rise@0.000ns fall@320.000ns period=640.000ns})
  Destination:            udp_gateway_shadow_mirror_i/dma_gateway_hybrid_0/inst/u_device_dna_reader/dna_shift_value_reg[5]/CE
                            (rising edge-triggered cell FDCE clocked by shadow_dna_clk  {rise@0.000ns fall@320.000ns period=640.000ns})
  Path Group:             shadow_dna_clk
  Path Type:              Setup (Max at Slow Process Corner)
  Requirement:            640.000ns  (shadow_dna_clk rise@640.000ns - shadow_dna_clk rise@0.000ns)
  Data Path Delay:        5.313ns  (logic 0.580ns (10.916%)  route 4.733ns (89.084%))
  Logic Levels:           1  (LUT3=1)
  Clock Path Skew:        -0.097ns (DCD - SCD + CPR)
    Destination Clock Delay (DCD):    6.447ns = ( 646.447 - 640.000 ) 
    Source Clock Delay      (SCD):    7.200ns
    Clock Pessimism Removal (CPR):    0.657ns
  Clock Uncertainty:      0.302ns  ((TSJ^2 + TIJ^2)^1/2 + DJ) / 2 + PE
    Total System Jitter     (TSJ):    0.071ns
    Total Input Jitter      (TIJ):    0.600ns
    Discrete Jitter          (DJ):    0.000ns
    Phase Error              (PE):    0.000ns

    Location             Delay type                Incr(ns)  Path(ns)    Netlist Resource(s)
  -------------------------------------------------------------------    -------------------
                         (clock shadow_dna_clk rise edge)
                                                      0.000     0.000 r  
    PS7_X0Y0             PS7                          0.000     0.000 r  udp_gateway_shadow_mirror_i/processing_system7_0/inst/PS7_i/FCLKCLK[0]
                         net (fo=1, routed)           1.193     1.193    udp_gateway_shadow_mirror_i/processing_system7_0/inst/FCLK_CLK_unbuffered[0]
    BUFGCTRL_X0Y17       BUFG (Prop_bufg_I_O)         0.101     1.294 r  udp_gateway_shadow_mirror_i/processing_system7_0/inst/buffer_fclk_clk_0.FCLK_CLK_0_BUFG/O
                         net (fo=42827, routed)       1.719     3.013    udp_gateway_shadow_mirror_i/dma_gateway_hybrid_0/inst/u_device_dna_reader/clk
    SLICE_X69Y21         FDCE (Prop_fdce_C_Q)         0.456     3.469 r  udp_gateway_shadow_mirror_i/dma_gateway_hybrid_0/inst/u_device_dna_reader/dna_clk_reg/Q
                         net (fo=1, routed)           1.845     5.314    udp_gateway_shadow_mirror_i/dma_gateway_hybrid_0/inst/u_device_dna_reader/dna_clk
    BUFGCTRL_X0Y16       BUFG (Prop_bufg_I_O)         0.101     5.415 r  udp_gateway_shadow_mirror_i/dma_gateway_hybrid_0/inst/u_device_dna_reader/dna_clk_BUFG_inst/O
                         net (fo=69, routed)          1.785     7.200    udp_gateway_shadow_mirror_i/dma_gateway_hybrid_0/inst/u_device_dna_reader/dna_clk_BUFG
    SLICE_X99Y95         FDPE                                         r  udp_gateway_shadow_mirror_i/dma_gateway_hybrid_0/inst/u_device_dna_reader/dna_busy_raw_reg/C
  -------------------------------------------------------------------    -------------------
    SLICE_X99Y95         FDPE (Prop_fdpe_C_Q)         0.456     7.656 r  udp_gateway_shadow_mirror_i/dma_gateway_hybrid_0/inst/u_device_dna_reader/dna_busy_raw_reg/Q
                         net (fo=10, routed)          0.871     8.527    udp_gateway_shadow_mirror_i/dma_gateway_hybrid_0/inst/u_device_dna_reader/dna_busy_raw
    SLICE_X99Y95         LUT3 (Prop_lut3_I2_O)        0.124     8.651 r  udp_gateway_shadow_mirror_i/dma_gateway_hybrid_0/inst/u_device_dna_reader/dna_shift_value[56]_i_1/O
                         net (fo=64, routed)          3.862    12.513    udp_gateway_shadow_mirror_i/dma_gateway_hybrid_0/inst/u_device_dna_reader/dna_bit_count
    SLICE_X109Y28        FDCE                                         r  udp_gateway_shadow_mirror_i/dma_gateway_hybrid_0/inst/u_device_dna_reader/dna_shift_value_reg[5]/CE
  -------------------------------------------------------------------    -------------------

                         (clock shadow_dna_clk rise edge)
                                                    640.000   640.000 r  
    PS7_X0Y0             PS7                          0.000   640.000 r  udp_gateway_shadow_mirror_i/processing_system7_0/inst/PS7_i/FCLKCLK[0]
                         net (fo=1, routed)           1.088   641.088    udp_gateway_shadow_mirror_i/processing_system7_0/inst/FCLK_CLK_unbuffered[0]
    BUFGCTRL_X0Y17       BUFG (Prop_bufg_I_O)         0.091   641.179 r  udp_gateway_shadow_mirror_i/processing_system7_0/inst/buffer_fclk_clk_0.FCLK_CLK_0_BUFG/O
                         net (fo=42827, routed)       1.546   642.725    udp_gateway_shadow_mirror_i/dma_gateway_hybrid_0/inst/u_device_dna_reader/clk
    SLICE_X69Y21         FDCE (Prop_fdce_C_Q)         0.367   643.092 r  udp_gateway_shadow_mirror_i/dma_gateway_hybrid_0/inst/u_device_dna_reader/dna_clk_reg/Q
                         net (fo=1, routed)           1.575   644.667    udp_gateway_shadow_mirror_i/dma_gateway_hybrid_0/inst/u_device_dna_reader/dna_clk
    BUFGCTRL_X0Y16       BUFG (Prop_bufg_I_O)         0.091   644.758 r  udp_gateway_shadow_mirror_i/dma_gateway_hybrid_0/inst/u_device_dna_reader/dna_clk_BUFG_inst/O
                         net (fo=69, routed)          1.688   646.447    udp_gateway_shadow_mirror_i/dma_gateway_hybrid_0/inst/u_device_dna_reader/dna_clk_BUFG
    SLICE_X109Y28        FDCE                                         r  udp_gateway_shadow_mirror_i/dma_gateway_hybrid_0/inst/u_device_dna_reader/dna_shift_value_reg[5]/C
                         clock pessimism              0.657   647.103    
                         clock uncertainty           -0.302   646.801    
    SLICE_X109Y28        FDCE (Setup_fdce_C_CE)      -0.205   646.596    udp_gateway_shadow_mirror_i/dma_gateway_hybrid_0/inst/u_device_dna_reader/dna_shift_value_reg[5]
  -------------------------------------------------------------------
                         required time                        646.596    
                         arrival time                         -12.513    
  -------------------------------------------------------------------
                         slack                                634.083    

Slack (MET) :             634.315ns  (required time - arrival time)
  Source:                 udp_gateway_shadow_mirror_i/dma_gateway_hybrid_0/inst/u_device_dna_reader/dna_busy_raw_reg/C
                            (rising edge-triggered cell FDPE clocked by shadow_dna_clk  {rise@0.000ns fall@320.000ns period=640.000ns})
  Destination:            udp_gateway_shadow_mirror_i/dma_gateway_hybrid_0/inst/u_device_dna_reader/dna_shift_value_reg[32]/CE
                            (rising edge-triggered cell FDCE clocked by shadow_dna_clk  {rise@0.000ns fall@320.000ns period=640.000ns})
  Path Group:             shadow_dna_clk
  Path Type:              Setup (Max at Slow Process Corner)
  Requirement:            640.000ns  (shadow_dna_clk rise@640.000ns - shadow_dna_clk rise@0.000ns)
  Data Path Delay:        5.089ns  (logic 0.580ns (11.396%)  route 4.509ns (88.604%))
  Logic Levels:           1  (LUT3=1)
  Clock Path Skew:        -0.089ns (DCD - SCD + CPR)
    Destination Clock Delay (DCD):    6.455ns = ( 646.455 - 640.000 ) 
    Source Clock Delay      (SCD):    7.200ns
    Clock Pessimism Removal (CPR):    0.657ns
  Clock Uncertainty:      0.302ns  ((TSJ^2 + TIJ^2)^1/2 + DJ) / 2 + PE
    Total System Jitter     (TSJ):    0.071ns
    Total Input Jitter      (TIJ):    0.600ns
    Discrete Jitter          (DJ):    0.000ns
    Phase Error              (PE):    0.000ns

    Location             Delay type                Incr(ns)  Path(ns)    Netlist Resource(s)
  -------------------------------------------------------------------    -------------------
                         (clock shadow_dna_clk rise edge)
                                                      0.000     0.000 r  
    PS7_X0Y0             PS7                          0.000     0.000 r  udp_gateway_shadow_mirror_i/processing_system7_0/inst/PS7_i/FCLKCLK[0]
                         net (fo=1, routed)           1.193     1.193    udp_gateway_shadow_mirror_i/processing_system7_0/inst/FCLK_CLK_unbuffered[0]
    BUFGCTRL_X0Y17       BUFG (Prop_bufg_I_O)         0.101     1.294 r  udp_gateway_shadow_mirror_i/processing_system7_0/inst/buffer_fclk_clk_0.FCLK_CLK_0_BUFG/O
                         net (fo=42827, routed)       1.719     3.013    udp_gateway_shadow_mirror_i/dma_gateway_hybrid_0/inst/u_device_dna_reader/clk
    SLICE_X69Y21         FDCE (Prop_fdce_C_Q)         0.456     3.469 r  udp_gateway_shadow_mirror_i/dma_gateway_hybrid_0/inst/u_device_dna_reader/dna_clk_reg/Q
                         net (fo=1, routed)           1.845     5.314    udp_gateway_shadow_mirror_i/dma_gateway_hybrid_0/inst/u_device_dna_reader/dna_clk
    BUFGCTRL_X0Y16       BUFG (Prop_bufg_I_O)         0.101     5.415 r  udp_gateway_shadow_mirror_i/dma_gateway_hybrid_0/inst/u_device_dna_reader/dna_clk_BUFG_inst/O
                         net (fo=69, routed)          1.785     7.200    udp_gateway_shadow_mirror_i/dma_gateway_hybrid_0/inst/u_device_dna_reader/dna_clk_BUFG
    SLICE_X99Y95         FDPE                                         r  udp_gateway_shadow_mirror_i/dma_gateway_hybrid_0/inst/u_device_dna_reader/dna_busy_raw_reg/C
  -------------------------------------------------------------------    -------------------
    SLICE_X99Y95         FDPE (Prop_fdpe_C_Q)         0.456     7.656 r  udp_gateway_shadow_mirror_i/dma_gateway_hybrid_0/inst/u_device_dna_reader/dna_busy_raw_reg/Q
                         net (fo=10, routed)          0.871     8.527    udp_gateway_shadow_mirror_i/dma_gateway_hybrid_0/inst/u_device_dna_reader/dna_busy_raw
    SLICE_X99Y95         LUT3 (Prop_lut3_I2_O)        0.124     8.651 r  udp_gateway_shadow_mirror_i/dma_gateway_hybrid_0/inst/u_device_dna_reader/dna_shift_value[56]_i_1/O
                         net (fo=64, routed)          3.638    12.289    udp_gateway_shadow_mirror_i/dma_gateway_hybrid_0/inst/u_device_dna_reader/dna_bit_count
    SLICE_X111Y34        FDCE                                         r  udp_gateway_shadow_mirror_i/dma_gateway_hybrid_0/inst/u_device_dna_reader/dna_shift_value_reg[32]/CE
  -------------------------------------------------------------------    -------------------

                         (clock shadow_dna_clk rise edge)
                                                    640.000   640.000 r  
    PS7_X0Y0             PS7                          0.000   640.000 r  udp_gateway_shadow_mirror_i/processing_system7_0/inst/PS7_i/FCLKCLK[0]
                         net (fo=1, routed)           1.088   641.088    udp_gateway_shadow_mirror_i/processing_system7_0/inst/FCLK_CLK_unbuffered[0]
    BUFGCTRL_X0Y17       BUFG (Prop_bufg_I_O)         0.091   641.179 r  udp_gateway_shadow_mirror_i/processing_system7_0/inst/buffer_fclk_clk_0.FCLK_CLK_0_BUFG/O
                         net (fo=42827, routed)       1.546   642.725    udp_gateway_shadow_mirror_i/dma_gateway_hybrid_0/inst/u_device_dna_reader/clk
    SLICE_X69Y21         FDCE (Prop_fdce_C_Q)         0.367   643.092 r  udp_gateway_shadow_mirror_i/dma_gateway_hybrid_0/inst/u_device_dna_reader/dna_clk_reg/Q
                         net (fo=1, routed)           1.575   644.667    udp_gateway_shadow_mirror_i/dma_gateway_hybrid_0/inst/u_device_dna_reader/dna_clk
    BUFGCTRL_X0Y16       BUFG (Prop_bufg_I_O)         0.091   644.758 r  udp_gateway_shadow_mirror_i/dma_gateway_hybrid_0/inst/u_device_dna_reader/dna_clk_BUFG_inst/O
                         net (fo=69, routed)          1.696   646.455    udp_gateway_shadow_mirror_i/dma_gateway_hybrid_0/inst/u_device_dna_reader/dna_clk_BUFG
    SLICE_X111Y34        FDCE                                         r  udp_gateway_shadow_mirror_i/dma_gateway_hybrid_0/inst/u_device_dna_reader/dna_shift_value_reg[32]/C
                         clock pessimism              0.657   647.111    
                         clock uncertainty           -0.302   646.809    
    SLICE_X111Y34        FDCE (Setup_fdce_C_CE)      -0.205   646.604    udp_gateway_shadow_mirror_i/dma_gateway_hybrid_0/inst/u_device_dna_reader/dna_shift_value_reg[32]
  -------------------------------------------------------------------
                         required time                        646.604    
                         arrival time                         -12.289    
  -------------------------------------------------------------------
                         slack                                634.315    

Slack (MET) :             634.315ns  (required time - arrival time)
  Source:                 udp_gateway_shadow_mirror_i/dma_gateway_hybrid_0/inst/u_device_dna_reader/dna_busy_raw_reg/C
                            (rising edge-triggered cell FDPE clocked by shadow_dna_clk  {rise@0.000ns fall@320.000ns period=640.000ns})
  Destination:            udp_gateway_shadow_mirror_i/dma_gateway_hybrid_0/inst/u_device_dna_reader/dna_shift_value_reg[33]/CE
                            (rising edge-triggered cell FDCE clocked by shadow_dna_clk  {rise@0.000ns fall@320.000ns period=640.000ns})
  Path Group:             shadow_dna_clk
  Path Type:              Setup (Max at Slow Process Corner)
  Requirement:            640.000ns  (shadow_dna_clk rise@640.000ns - shadow_dna_clk rise@0.000ns)
  Data Path Delay:        5.089ns  (logic 0.580ns (11.396%)  route 4.509ns (88.604%))
  Logic Levels:           1  (LUT3=1)
  Clock Path Skew:        -0.089ns (DCD - SCD + CPR)
    Destination Clock Delay (DCD):    6.455ns = ( 646.455 - 640.000 ) 
    Source Clock Delay      (SCD):    7.200ns
    Clock Pessimism Removal (CPR):    0.657ns
  Clock Uncertainty:      0.302ns  ((TSJ^2 + TIJ^2)^1/2 + DJ) / 2 + PE
    Total System Jitter     (TSJ):    0.071ns
    Total Input Jitter      (TIJ):    0.600ns
    Discrete Jitter          (DJ):    0.000ns
    Phase Error              (PE):    0.000ns

    Location             Delay type                Incr(ns)  Path(ns)    Netlist Resource(s)
  -------------------------------------------------------------------    -------------------
                         (clock shadow_dna_clk rise edge)
                                                      0.000     0.000 r  
    PS7_X0Y0             PS7                          0.000     0.000 r  udp_gateway_shadow_mirror_i/processing_system7_0/inst/PS7_i/FCLKCLK[0]
                         net (fo=1, routed)           1.193     1.193    udp_gateway_shadow_mirror_i/processing_system7_0/inst/FCLK_CLK_unbuffered[0]
    BUFGCTRL_X0Y17       BUFG (Prop_bufg_I_O)         0.101     1.294 r  udp_gateway_shadow_mirror_i/processing_system7_0/inst/buffer_fclk_clk_0.FCLK_CLK_0_BUFG/O
                         net (fo=42827, routed)       1.719     3.013    udp_gateway_shadow_mirror_i/dma_gateway_hybrid_0/inst/u_device_dna_reader/clk
    SLICE_X69Y21         FDCE (Prop_fdce_C_Q)         0.456     3.469 r  udp_gateway_shadow_mirror_i/dma_gateway_hybrid_0/inst/u_device_dna_reader/dna_clk_reg/Q
                         net (fo=1, routed)           1.845     5.314    udp_gateway_shadow_mirror_i/dma_gateway_hybrid_0/inst/u_device_dna_reader/dna_clk
    BUFGCTRL_X0Y16       BUFG (Prop_bufg_I_O)         0.101     5.415 r  udp_gateway_shadow_mirror_i/dma_gateway_hybrid_0/inst/u_device_dna_reader/dna_clk_BUFG_inst/O
                         net (fo=69, routed)          1.785     7.200    udp_gateway_shadow_mirror_i/dma_gateway_hybrid_0/inst/u_device_dna_reader/dna_clk_BUFG
    SLICE_X99Y95         FDPE                                         r  udp_gateway_shadow_mirror_i/dma_gateway_hybrid_0/inst/u_device_dna_reader/dna_busy_raw_reg/C
  -------------------------------------------------------------------    -------------------
    SLICE_X99Y95         FDPE (Prop_fdpe_C_Q)         0.456     7.656 r  udp_gateway_shadow_mirror_i/dma_gateway_hybrid_0/inst/u_device_dna_reader/dna_busy_raw_reg/Q
                         net (fo=10, routed)          0.871     8.527    udp_gateway_shadow_mirror_i/dma_gateway_hybrid_0/inst/u_device_dna_reader/dna_busy_raw
    SLICE_X99Y95         LUT3 (Prop_lut3_I2_O)        0.124     8.651 r  udp_gateway_shadow_mirror_i/dma_gateway_hybrid_0/inst/u_device_dna_reader/dna_shift_value[56]_i_1/O
                         net (fo=64, routed)          3.638    12.289    udp_gateway_shadow_mirror_i/dma_gateway_hybrid_0/inst/u_device_dna_reader/dna_bit_count
    SLICE_X111Y34        FDCE                                         r  udp_gateway_shadow_mirror_i/dma_gateway_hybrid_0/inst/u_device_dna_reader/dna_shift_value_reg[33]/CE
  -------------------------------------------------------------------    -------------------

                         (clock shadow_dna_clk rise edge)
                                                    640.000   640.000 r  
    PS7_X0Y0             PS7                          0.000   640.000 r  udp_gateway_shadow_mirror_i/processing_system7_0/inst/PS7_i/FCLKCLK[0]
                         net (fo=1, routed)           1.088   641.088    udp_gateway_shadow_mirror_i/processing_system7_0/inst/FCLK_CLK_unbuffered[0]
    BUFGCTRL_X0Y17       BUFG (Prop_bufg_I_O)         0.091   641.179 r  udp_gateway_shadow_mirror_i/processing_system7_0/inst/buffer_fclk_clk_0.FCLK_CLK_0_BUFG/O
                         net (fo=42827, routed)       1.546   642.725    udp_gateway_shadow_mirror_i/dma_gateway_hybrid_0/inst/u_device_dna_reader/clk
    SLICE_X69Y21         FDCE (Prop_fdce_C_Q)         0.367   643.092 r  udp_gateway_shadow_mirror_i/dma_gateway_hybrid_0/inst/u_device_dna_reader/dna_clk_reg/Q
                         net (fo=1, routed)           1.575   644.667    udp_gateway_shadow_mirror_i/dma_gateway_hybrid_0/inst/u_device_dna_reader/dna_clk
    BUFGCTRL_X0Y16       BUFG (Prop_bufg_I_O)         0.091   644.758 r  udp_gateway_shadow_mirror_i/dma_gateway_hybrid_0/inst/u_device_dna_reader/dna_clk_BUFG_inst/O
                         net (fo=69, routed)          1.696   646.455    udp_gateway_shadow_mirror_i/dma_gateway_hybrid_0/inst/u_device_dna_reader/dna_clk_BUFG
    SLICE_X111Y34        FDCE                                         r  udp_gateway_shadow_mirror_i/dma_gateway_hybrid_0/inst/u_device_dna_reader/dna_shift_value_reg[33]/C
                         clock pessimism              0.657   647.111    
                         clock uncertainty           -0.302   646.809    
    SLICE_X111Y34        FDCE (Setup_fdce_C_CE)      -0.205   646.604    udp_gateway_shadow_mirror_i/dma_gateway_hybrid_0/inst/u_device_dna_reader/dna_shift_value_reg[33]
  -------------------------------------------------------------------
                         required time                        646.604    
                         arrival time                         -12.289    
  -------------------------------------------------------------------
                         slack                                634.315    

Slack (MET) :             634.315ns  (required time - arrival time)
  Source:                 udp_gateway_shadow_mirror_i/dma_gateway_hybrid_0/inst/u_device_dna_reader/dna_busy_raw_reg/C
                            (rising edge-triggered cell FDPE clocked by shadow_dna_clk  {rise@0.000ns fall@320.000ns period=640.000ns})
  Destination:            udp_gateway_shadow_mirror_i/dma_gateway_hybrid_0/inst/u_device_dna_reader/dna_shift_value_reg[34]/CE
                            (rising edge-triggered cell FDCE clocked by shadow_dna_clk  {rise@0.000ns fall@320.000ns period=640.000ns})
  Path Group:             shadow_dna_clk
  Path Type:              Setup (Max at Slow Process Corner)
  Requirement:            640.000ns  (shadow_dna_clk rise@640.000ns - shadow_dna_clk rise@0.000ns)
  Data Path Delay:        5.089ns  (logic 0.580ns (11.396%)  route 4.509ns (88.604%))
  Logic Levels:           1  (LUT3=1)
  Clock Path Skew:        -0.089ns (DCD - SCD + CPR)
    Destination Clock Delay (DCD):    6.455ns = ( 646.455 - 640.000 ) 
    Source Clock Delay      (SCD):    7.200ns
    Clock Pessimism Removal (CPR):    0.657ns
  Clock Uncertainty:      0.302ns  ((TSJ^2 + TIJ^2)^1/2 + DJ) / 2 + PE
    Total System Jitter     (TSJ):    0.071ns
    Total Input Jitter      (TIJ):    0.600ns
    Discrete Jitter          (DJ):    0.000ns
    Phase Error              (PE):    0.000ns

    Location             Delay type                Incr(ns)  Path(ns)    Netlist Resource(s)
  -------------------------------------------------------------------    -------------------
                         (clock shadow_dna_clk rise edge)
                                                      0.000     0.000 r  
    PS7_X0Y0             PS7                          0.000     0.000 r  udp_gateway_shadow_mirror_i/processing_system7_0/inst/PS7_i/FCLKCLK[0]
                         net (fo=1, routed)           1.193     1.193    udp_gateway_shadow_mirror_i/processing_system7_0/inst/FCLK_CLK_unbuffered[0]
    BUFGCTRL_X0Y17       BUFG (Prop_bufg_I_O)         0.101     1.294 r  udp_gateway_shadow_mirror_i/processing_system7_0/inst/buffer_fclk_clk_0.FCLK_CLK_0_BUFG/O
                         net (fo=42827, routed)       1.719     3.013    udp_gateway_shadow_mirror_i/dma_gateway_hybrid_0/inst/u_device_dna_reader/clk
    SLICE_X69Y21         FDCE (Prop_fdce_C_Q)         0.456     3.469 r  udp_gateway_shadow_mirror_i/dma_gateway_hybrid_0/inst/u_device_dna_reader/dna_clk_reg/Q
                         net (fo=1, routed)           1.845     5.314    udp_gateway_shadow_mirror_i/dma_gateway_hybrid_0/inst/u_device_dna_reader/dna_clk
    BUFGCTRL_X0Y16       BUFG (Prop_bufg_I_O)         0.101     5.415 r  udp_gateway_shadow_mirror_i/dma_gateway_hybrid_0/inst/u_device_dna_reader/dna_clk_BUFG_inst/O
                         net (fo=69, routed)          1.785     7.200    udp_gateway_shadow_mirror_i/dma_gateway_hybrid_0/inst/u_device_dna_reader/dna_clk_BUFG
    SLICE_X99Y95         FDPE                                         r  udp_gateway_shadow_mirror_i/dma_gateway_hybrid_0/inst/u_device_dna_reader/dna_busy_raw_reg/C
  -------------------------------------------------------------------    -------------------
    SLICE_X99Y95         FDPE (Prop_fdpe_C_Q)         0.456     7.656 r  udp_gateway_shadow_mirror_i/dma_gateway_hybrid_0/inst/u_device_dna_reader/dna_busy_raw_reg/Q
                         net (fo=10, routed)          0.871     8.527    udp_gateway_shadow_mirror_i/dma_gateway_hybrid_0/inst/u_device_dna_reader/dna_busy_raw
    SLICE_X99Y95         LUT3 (Prop_lut3_I2_O)        0.124     8.651 r  udp_gateway_shadow_mirror_i/dma_gateway_hybrid_0/inst/u_device_dna_reader/dna_shift_value[56]_i_1/O
                         net (fo=64, routed)          3.638    12.289    udp_gateway_shadow_mirror_i/dma_gateway_hybrid_0/inst/u_device_dna_reader/dna_bit_count
    SLICE_X111Y34        FDCE                                         r  udp_gateway_shadow_mirror_i/dma_gateway_hybrid_0/inst/u_device_dna_reader/dna_shift_value_reg[34]/CE
  -------------------------------------------------------------------    -------------------

                         (clock shadow_dna_clk rise edge)
                                                    640.000   640.000 r  
    PS7_X0Y0             PS7                          0.000   640.000 r  udp_gateway_shadow_mirror_i/processing_system7_0/inst/PS7_i/FCLKCLK[0]
                         net (fo=1, routed)           1.088   641.088    udp_gateway_shadow_mirror_i/processing_system7_0/inst/FCLK_CLK_unbuffered[0]
    BUFGCTRL_X0Y17       BUFG (Prop_bufg_I_O)         0.091   641.179 r  udp_gateway_shadow_mirror_i/processing_system7_0/inst/buffer_fclk_clk_0.FCLK_CLK_0_BUFG/O
                         net (fo=42827, routed)       1.546   642.725    udp_gateway_shadow_mirror_i/dma_gateway_hybrid_0/inst/u_device_dna_reader/clk
    SLICE_X69Y21         FDCE (Prop_fdce_C_Q)         0.367   643.092 r  udp_gateway_shadow_mirror_i/dma_gateway_hybrid_0/inst/u_device_dna_reader/dna_clk_reg/Q
                         net (fo=1, routed)           1.575   644.667    udp_gateway_shadow_mirror_i/dma_gateway_hybrid_0/inst/u_device_dna_reader/dna_clk
    BUFGCTRL_X0Y16       BUFG (Prop_bufg_I_O)         0.091   644.758 r  udp_gateway_shadow_mirror_i/dma_gateway_hybrid_0/inst/u_device_dna_reader/dna_clk_BUFG_inst/O
                         net (fo=69, routed)          1.696   646.455    udp_gateway_shadow_mirror_i/dma_gateway_hybrid_0/inst/u_device_dna_reader/dna_clk_BUFG
    SLICE_X111Y34        FDCE                                         r  udp_gateway_shadow_mirror_i/dma_gateway_hybrid_0/inst/u_device_dna_reader/dna_shift_value_reg[34]/C
                         clock pessimism              0.657   647.111    
                         clock uncertainty           -0.302   646.809    
    SLICE_X111Y34        FDCE (Setup_fdce_C_CE)      -0.205   646.604    udp_gateway_shadow_mirror_i/dma_gateway_hybrid_0/inst/u_device_dna_reader/dna_shift_value_reg[34]
  -------------------------------------------------------------------
                         required time                        646.604    
                         arrival time                         -12.289    
  -------------------------------------------------------------------
                         slack                                634.315    

Slack (MET) :             634.315ns  (required time - arrival time)
  Source:                 udp_gateway_shadow_mirror_i/dma_gateway_hybrid_0/inst/u_device_dna_reader/dna_busy_raw_reg/C
                            (rising edge-triggered cell FDPE clocked by shadow_dna_clk  {rise@0.000ns fall@320.000ns period=640.000ns})
  Destination:            udp_gateway_shadow_mirror_i/dma_gateway_hybrid_0/inst/u_device_dna_reader/dna_shift_value_reg[36]/CE
                            (rising edge-triggered cell FDCE clocked by shadow_dna_clk  {rise@0.000ns fall@320.000ns period=640.000ns})
  Path Group:             shadow_dna_clk
  Path Type:              Setup (Max at Slow Process Corner)
  Requirement:            640.000ns  (shadow_dna_clk rise@640.000ns - shadow_dna_clk rise@0.000ns)
  Data Path Delay:        5.089ns  (logic 0.580ns (11.396%)  route 4.509ns (88.604%))
  Logic Levels:           1  (LUT3=1)
  Clock Path Skew:        -0.089ns (DCD - SCD + CPR)
    Destination Clock Delay (DCD):    6.455ns = ( 646.455 - 640.000 ) 
    Source Clock Delay      (SCD):    7.200ns
    Clock Pessimism Removal (CPR):    0.657ns
  Clock Uncertainty:      0.302ns  ((TSJ^2 + TIJ^2)^1/2 + DJ) / 2 + PE
    Total System Jitter     (TSJ):    0.071ns
    Total Input Jitter      (TIJ):    0.600ns
    Discrete Jitter          (DJ):    0.000ns
    Phase Error              (PE):    0.000ns

    Location             Delay type                Incr(ns)  Path(ns)    Netlist Resource(s)
  -------------------------------------------------------------------    -------------------
                         (clock shadow_dna_clk rise edge)
                                                      0.000     0.000 r  
    PS7_X0Y0             PS7                          0.000     0.000 r  udp_gateway_shadow_mirror_i/processing_system7_0/inst/PS7_i/FCLKCLK[0]
                         net (fo=1, routed)           1.193     1.193    udp_gateway_shadow_mirror_i/processing_system7_0/inst/FCLK_CLK_unbuffered[0]
    BUFGCTRL_X0Y17       BUFG (Prop_bufg_I_O)         0.101     1.294 r  udp_gateway_shadow_mirror_i/processing_system7_0/inst/buffer_fclk_clk_0.FCLK_CLK_0_BUFG/O
                         net (fo=42827, routed)       1.719     3.013    udp_gateway_shadow_mirror_i/dma_gateway_hybrid_0/inst/u_device_dna_reader/clk
    SLICE_X69Y21         FDCE (Prop_fdce_C_Q)         0.456     3.469 r  udp_gateway_shadow_mirror_i/dma_gateway_hybrid_0/inst/u_device_dna_reader/dna_clk_reg/Q
                         net (fo=1, routed)           1.845     5.314    udp_gateway_shadow_mirror_i/dma_gateway_hybrid_0/inst/u_device_dna_reader/dna_clk
    BUFGCTRL_X0Y16       BUFG (Prop_bufg_I_O)         0.101     5.415 r  udp_gateway_shadow_mirror_i/dma_gateway_hybrid_0/inst/u_device_dna_reader/dna_clk_BUFG_inst/O
                         net (fo=69, routed)          1.785     7.200    udp_gateway_shadow_mirror_i/dma_gateway_hybrid_0/inst/u_device_dna_reader/dna_clk_BUFG
    SLICE_X99Y95         FDPE                                         r  udp_gateway_shadow_mirror_i/dma_gateway_hybrid_0/inst/u_device_dna_reader/dna_busy_raw_reg/C
  -------------------------------------------------------------------    -------------------
    SLICE_X99Y95         FDPE (Prop_fdpe_C_Q)         0.456     7.656 r  udp_gateway_shadow_mirror_i/dma_gateway_hybrid_0/inst/u_device_dna_reader/dna_busy_raw_reg/Q
                         net (fo=10, routed)          0.871     8.527    udp_gateway_shadow_mirror_i/dma_gateway_hybrid_0/inst/u_device_dna_reader/dna_busy_raw
    SLICE_X99Y95         LUT3 (Prop_lut3_I2_O)        0.124     8.651 r  udp_gateway_shadow_mirror_i/dma_gateway_hybrid_0/inst/u_device_dna_reader/dna_shift_value[56]_i_1/O
                         net (fo=64, routed)          3.638    12.289    udp_gateway_shadow_mirror_i/dma_gateway_hybrid_0/inst/u_device_dna_reader/dna_bit_count
    SLICE_X111Y34        FDCE                                         r  udp_gateway_shadow_mirror_i/dma_gateway_hybrid_0/inst/u_device_dna_reader/dna_shift_value_reg[36]/CE
  -------------------------------------------------------------------    -------------------

                         (clock shadow_dna_clk rise edge)
                                                    640.000   640.000 r  
    PS7_X0Y0             PS7                          0.000   640.000 r  udp_gateway_shadow_mirror_i/processing_system7_0/inst/PS7_i/FCLKCLK[0]
                         net (fo=1, routed)           1.088   641.088    udp_gateway_shadow_mirror_i/processing_system7_0/inst/FCLK_CLK_unbuffered[0]
    BUFGCTRL_X0Y17       BUFG (Prop_bufg_I_O)         0.091   641.179 r  udp_gateway_shadow_mirror_i/processing_system7_0/inst/buffer_fclk_clk_0.FCLK_CLK_0_BUFG/O
                         net (fo=42827, routed)       1.546   642.725    udp_gateway_shadow_mirror_i/dma_gateway_hybrid_0/inst/u_device_dna_reader/clk
    SLICE_X69Y21         FDCE (Prop_fdce_C_Q)         0.367   643.092 r  udp_gateway_shadow_mirror_i/dma_gateway_hybrid_0/inst/u_device_dna_reader/dna_clk_reg/Q
                         net (fo=1, routed)           1.575   644.667    udp_gateway_shadow_mirror_i/dma_gateway_hybrid_0/inst/u_device_dna_reader/dna_clk
    BUFGCTRL_X0Y16       BUFG (Prop_bufg_I_O)         0.091   644.758 r  udp_gateway_shadow_mirror_i/dma_gateway_hybrid_0/inst/u_device_dna_reader/dna_clk_BUFG_inst/O
                         net (fo=69, routed)          1.696   646.455    udp_gateway_shadow_mirror_i/dma_gateway_hybrid_0/inst/u_device_dna_reader/dna_clk_BUFG
    SLICE_X111Y34        FDCE                                         r  udp_gateway_shadow_mirror_i/dma_gateway_hybrid_0/inst/u_device_dna_reader/dna_shift_value_reg[36]/C
                         clock pessimism              0.657   647.111    
                         clock uncertainty           -0.302   646.809    
    SLICE_X111Y34        FDCE (Setup_fdce_C_CE)      -0.205   646.604    udp_gateway_shadow_mirror_i/dma_gateway_hybrid_0/inst/u_device_dna_reader/dna_shift_value_reg[36]
  -------------------------------------------------------------------
                         required time                        646.604    
                         arrival time                         -12.289    
  -------------------------------------------------------------------
                         slack                                634.315    

Slack (MET) :             634.315ns  (required time - arrival time)
  Source:                 udp_gateway_shadow_mirror_i/dma_gateway_hybrid_0/inst/u_device_dna_reader/dna_busy_raw_reg/C
                            (rising edge-triggered cell FDPE clocked by shadow_dna_clk  {rise@0.000ns fall@320.000ns period=640.000ns})
  Destination:            udp_gateway_shadow_mirror_i/dma_gateway_hybrid_0/inst/u_device_dna_reader/dna_shift_value_reg[37]/CE
                            (rising edge-triggered cell FDCE clocked by shadow_dna_clk  {rise@0.000ns fall@320.000ns period=640.000ns})
  Path Group:             shadow_dna_clk
  Path Type:              Setup (Max at Slow Process Corner)
  Requirement:            640.000ns  (shadow_dna_clk rise@640.000ns - shadow_dna_clk rise@0.000ns)
  Data Path Delay:        5.089ns  (logic 0.580ns (11.396%)  route 4.509ns (88.604%))
  Logic Levels:           1  (LUT3=1)
  Clock Path Skew:        -0.089ns (DCD - SCD + CPR)
    Destination Clock Delay (DCD):    6.455ns = ( 646.455 - 640.000 ) 
    Source Clock Delay      (SCD):    7.200ns
    Clock Pessimism Removal (CPR):    0.657ns
  Clock Uncertainty:      0.302ns  ((TSJ^2 + TIJ^2)^1/2 + DJ) / 2 + PE
    Total System Jitter     (TSJ):    0.071ns
    Total Input Jitter      (TIJ):    0.600ns
    Discrete Jitter          (DJ):    0.000ns
    Phase Error              (PE):    0.000ns

    Location             Delay type                Incr(ns)  Path(ns)    Netlist Resource(s)
  -------------------------------------------------------------------    -------------------
                         (clock shadow_dna_clk rise edge)
                                                      0.000     0.000 r  
    PS7_X0Y0             PS7                          0.000     0.000 r  udp_gateway_shadow_mirror_i/processing_system7_0/inst/PS7_i/FCLKCLK[0]
                         net (fo=1, routed)           1.193     1.193    udp_gateway_shadow_mirror_i/processing_system7_0/inst/FCLK_CLK_unbuffered[0]
    BUFGCTRL_X0Y17       BUFG (Prop_bufg_I_O)         0.101     1.294 r  udp_gateway_shadow_mirror_i/processing_system7_0/inst/buffer_fclk_clk_0.FCLK_CLK_0_BUFG/O
                         net (fo=42827, routed)       1.719     3.013    udp_gateway_shadow_mirror_i/dma_gateway_hybrid_0/inst/u_device_dna_reader/clk
    SLICE_X69Y21         FDCE (Prop_fdce_C_Q)         0.456     3.469 r  udp_gateway_shadow_mirror_i/dma_gateway_hybrid_0/inst/u_device_dna_reader/dna_clk_reg/Q
                         net (fo=1, routed)           1.845     5.314    udp_gateway_shadow_mirror_i/dma_gateway_hybrid_0/inst/u_device_dna_reader/dna_clk
    BUFGCTRL_X0Y16       BUFG (Prop_bufg_I_O)         0.101     5.415 r  udp_gateway_shadow_mirror_i/dma_gateway_hybrid_0/inst/u_device_dna_reader/dna_clk_BUFG_inst/O
                         net (fo=69, routed)          1.785     7.200    udp_gateway_shadow_mirror_i/dma_gateway_hybrid_0/inst/u_device_dna_reader/dna_clk_BUFG
    SLICE_X99Y95         FDPE                                         r  udp_gateway_shadow_mirror_i/dma_gateway_hybrid_0/inst/u_device_dna_reader/dna_busy_raw_reg/C
  -------------------------------------------------------------------    -------------------
    SLICE_X99Y95         FDPE (Prop_fdpe_C_Q)         0.456     7.656 r  udp_gateway_shadow_mirror_i/dma_gateway_hybrid_0/inst/u_device_dna_reader/dna_busy_raw_reg/Q
                         net (fo=10, routed)          0.871     8.527    udp_gateway_shadow_mirror_i/dma_gateway_hybrid_0/inst/u_device_dna_reader/dna_busy_raw
    SLICE_X99Y95         LUT3 (Prop_lut3_I2_O)        0.124     8.651 r  udp_gateway_shadow_mirror_i/dma_gateway_hybrid_0/inst/u_device_dna_reader/dna_shift_value[56]_i_1/O
                         net (fo=64, routed)          3.638    12.289    udp_gateway_shadow_mirror_i/dma_gateway_hybrid_0/inst/u_device_dna_reader/dna_bit_count
    SLICE_X111Y34        FDCE                                         r  udp_gateway_shadow_mirror_i/dma_gateway_hybrid_0/inst/u_device_dna_reader/dna_shift_value_reg[37]/CE
  -------------------------------------------------------------------    -------------------

                         (clock shadow_dna_clk rise edge)
                                                    640.000   640.000 r  
    PS7_X0Y0             PS7                          0.000   640.000 r  udp_gateway_shadow_mirror_i/processing_system7_0/inst/PS7_i/FCLKCLK[0]
                         net (fo=1, routed)           1.088   641.088    udp_gateway_shadow_mirror_i/processing_system7_0/inst/FCLK_CLK_unbuffered[0]
    BUFGCTRL_X0Y17       BUFG (Prop_bufg_I_O)         0.091   641.179 r  udp_gateway_shadow_mirror_i/processing_system7_0/inst/buffer_fclk_clk_0.FCLK_CLK_0_BUFG/O
                         net (fo=42827, routed)       1.546   642.725    udp_gateway_shadow_mirror_i/dma_gateway_hybrid_0/inst/u_device_dna_reader/clk
    SLICE_X69Y21         FDCE (Prop_fdce_C_Q)         0.367   643.092 r  udp_gateway_shadow_mirror_i/dma_gateway_hybrid_0/inst/u_device_dna_reader/dna_clk_reg/Q
                         net (fo=1, routed)           1.575   644.667    udp_gateway_shadow_mirror_i/dma_gateway_hybrid_0/inst/u_device_dna_reader/dna_clk
    BUFGCTRL_X0Y16       BUFG (Prop_bufg_I_O)         0.091   644.758 r  udp_gateway_shadow_mirror_i/dma_gateway_hybrid_0/inst/u_device_dna_reader/dna_clk_BUFG_inst/O
                         net (fo=69, routed)          1.696   646.455    udp_gateway_shadow_mirror_i/dma_gateway_hybrid_0/inst/u_device_dna_reader/dna_clk_BUFG
    SLICE_X111Y34        FDCE                                         r  udp_gateway_shadow_mirror_i/dma_gateway_hybrid_0/inst/u_device_dna_reader/dna_shift_value_reg[37]/C
                         clock pessimism              0.657   647.111    
                         clock uncertainty           -0.302   646.809    
    SLICE_X111Y34        FDCE (Setup_fdce_C_CE)      -0.205   646.604    udp_gateway_shadow_mirror_i/dma_gateway_hybrid_0/inst/u_device_dna_reader/dna_shift_value_reg[37]
  -------------------------------------------------------------------
                         required time                        646.604    
                         arrival time                         -12.289    
  -------------------------------------------------------------------
                         slack                                634.315    

Slack (MET) :             634.315ns  (required time - arrival time)
  Source:                 udp_gateway_shadow_mirror_i/dma_gateway_hybrid_0/inst/u_device_dna_reader/dna_busy_raw_reg/C
                            (rising edge-triggered cell FDPE clocked by shadow_dna_clk  {rise@0.000ns fall@320.000ns period=640.000ns})
  Destination:            udp_gateway_shadow_mirror_i/dma_gateway_hybrid_0/inst/u_device_dna_reader/dna_shift_value_reg[38]/CE
                            (rising edge-triggered cell FDCE clocked by shadow_dna_clk  {rise@0.000ns fall@320.000ns period=640.000ns})
  Path Group:             shadow_dna_clk
  Path Type:              Setup (Max at Slow Process Corner)
  Requirement:            640.000ns  (shadow_dna_clk rise@640.000ns - shadow_dna_clk rise@0.000ns)
  Data Path Delay:        5.089ns  (logic 0.580ns (11.396%)  route 4.509ns (88.604%))
  Logic Levels:           1  (LUT3=1)
  Clock Path Skew:        -0.089ns (DCD - SCD + CPR)
    Destination Clock Delay (DCD):    6.455ns = ( 646.455 - 640.000 ) 
    Source Clock Delay      (SCD):    7.200ns
    Clock Pessimism Removal (CPR):    0.657ns
  Clock Uncertainty:      0.302ns  ((TSJ^2 + TIJ^2)^1/2 + DJ) / 2 + PE
    Total System Jitter     (TSJ):    0.071ns
    Total Input Jitter      (TIJ):    0.600ns
    Discrete Jitter          (DJ):    0.000ns
    Phase Error              (PE):    0.000ns

    Location             Delay type                Incr(ns)  Path(ns)    Netlist Resource(s)
  -------------------------------------------------------------------    -------------------
                         (clock shadow_dna_clk rise edge)
                                                      0.000     0.000 r  
    PS7_X0Y0             PS7                          0.000     0.000 r  udp_gateway_shadow_mirror_i/processing_system7_0/inst/PS7_i/FCLKCLK[0]
                         net (fo=1, routed)           1.193     1.193    udp_gateway_shadow_mirror_i/processing_system7_0/inst/FCLK_CLK_unbuffered[0]
    BUFGCTRL_X0Y17       BUFG (Prop_bufg_I_O)         0.101     1.294 r  udp_gateway_shadow_mirror_i/processing_system7_0/inst/buffer_fclk_clk_0.FCLK_CLK_0_BUFG/O
                         net (fo=42827, routed)       1.719     3.013    udp_gateway_shadow_mirror_i/dma_gateway_hybrid_0/inst/u_device_dna_reader/clk
    SLICE_X69Y21         FDCE (Prop_fdce_C_Q)         0.456     3.469 r  udp_gateway_shadow_mirror_i/dma_gateway_hybrid_0/inst/u_device_dna_reader/dna_clk_reg/Q
                         net (fo=1, routed)           1.845     5.314    udp_gateway_shadow_mirror_i/dma_gateway_hybrid_0/inst/u_device_dna_reader/dna_clk
    BUFGCTRL_X0Y16       BUFG (Prop_bufg_I_O)         0.101     5.415 r  udp_gateway_shadow_mirror_i/dma_gateway_hybrid_0/inst/u_device_dna_reader/dna_clk_BUFG_inst/O
                         net (fo=69, routed)          1.785     7.200    udp_gateway_shadow_mirror_i/dma_gateway_hybrid_0/inst/u_device_dna_reader/dna_clk_BUFG
    SLICE_X99Y95         FDPE                                         r  udp_gateway_shadow_mirror_i/dma_gateway_hybrid_0/inst/u_device_dna_reader/dna_busy_raw_reg/C
  -------------------------------------------------------------------    -------------------
    SLICE_X99Y95         FDPE (Prop_fdpe_C_Q)         0.456     7.656 r  udp_gateway_shadow_mirror_i/dma_gateway_hybrid_0/inst/u_device_dna_reader/dna_busy_raw_reg/Q
                         net (fo=10, routed)          0.871     8.527    udp_gateway_shadow_mirror_i/dma_gateway_hybrid_0/inst/u_device_dna_reader/dna_busy_raw
    SLICE_X99Y95         LUT3 (Prop_lut3_I2_O)        0.124     8.651 r  udp_gateway_shadow_mirror_i/dma_gateway_hybrid_0/inst/u_device_dna_reader/dna_shift_value[56]_i_1/O
                         net (fo=64, routed)          3.638    12.289    udp_gateway_shadow_mirror_i/dma_gateway_hybrid_0/inst/u_device_dna_reader/dna_bit_count
    SLICE_X111Y34        FDCE                                         r  udp_gateway_shadow_mirror_i/dma_gateway_hybrid_0/inst/u_device_dna_reader/dna_shift_value_reg[38]/CE
  -------------------------------------------------------------------    -------------------

                         (clock shadow_dna_clk rise edge)
                                                    640.000   640.000 r  
    PS7_X0Y0             PS7                          0.000   640.000 r  udp_gateway_shadow_mirror_i/processing_system7_0/inst/PS7_i/FCLKCLK[0]
                         net (fo=1, routed)           1.088   641.088    udp_gateway_shadow_mirror_i/processing_system7_0/inst/FCLK_CLK_unbuffered[0]
    BUFGCTRL_X0Y17       BUFG (Prop_bufg_I_O)         0.091   641.179 r  udp_gateway_shadow_mirror_i/processing_system7_0/inst/buffer_fclk_clk_0.FCLK_CLK_0_BUFG/O
                         net (fo=42827, routed)       1.546   642.725    udp_gateway_shadow_mirror_i/dma_gateway_hybrid_0/inst/u_device_dna_reader/clk
    SLICE_X69Y21         FDCE (Prop_fdce_C_Q)         0.367   643.092 r  udp_gateway_shadow_mirror_i/dma_gateway_hybrid_0/inst/u_device_dna_reader/dna_clk_reg/Q
                         net (fo=1, routed)           1.575   644.667    udp_gateway_shadow_mirror_i/dma_gateway_hybrid_0/inst/u_device_dna_reader/dna_clk
    BUFGCTRL_X0Y16       BUFG (Prop_bufg_I_O)         0.091   644.758 r  udp_gateway_shadow_mirror_i/dma_gateway_hybrid_0/inst/u_device_dna_reader/dna_clk_BUFG_inst/O
                         net (fo=69, routed)          1.696   646.455    udp_gateway_shadow_mirror_i/dma_gateway_hybrid_0/inst/u_device_dna_reader/dna_clk_BUFG
    SLICE_X111Y34        FDCE                                         r  udp_gateway_shadow_mirror_i/dma_gateway_hybrid_0/inst/u_device_dna_reader/dna_shift_value_reg[38]/C
                         clock pessimism              0.657   647.111    
                         clock uncertainty           -0.302   646.809    
    SLICE_X111Y34        FDCE (Setup_fdce_C_CE)      -0.205   646.604    udp_gateway_shadow_mirror_i/dma_gateway_hybrid_0/inst/u_device_dna_reader/dna_shift_value_reg[38]
  -------------------------------------------------------------------
                         required time                        646.604    
                         arrival time                         -12.289    
  -------------------------------------------------------------------
                         slack                                634.315    





Min Delay Paths
--------------------------------------------------------------------------------------
Slack (MET) :             0.279ns  (arrival time - required time)
  Source:                 udp_gateway_shadow_mirror_i/dma_gateway_hybrid_0/inst/u_device_dna_reader/dna_shift_value_reg[4]/C
                            (rising edge-triggered cell FDCE clocked by shadow_dna_clk  {rise@0.000ns fall@320.000ns period=640.000ns})
  Destination:            udp_gateway_shadow_mirror_i/dma_gateway_hybrid_0/inst/u_device_dna_reader/dna_shift_value_reg[5]/D
                            (rising edge-triggered cell FDCE clocked by shadow_dna_clk  {rise@0.000ns fall@320.000ns period=640.000ns})
  Path Group:             shadow_dna_clk
  Path Type:              Hold (Min at Fast Process Corner)
  Requirement:            0.000ns  (shadow_dna_clk rise@0.000ns - shadow_dna_clk rise@0.000ns)
  Data Path Delay:        0.326ns  (logic 0.148ns (45.441%)  route 0.178ns (54.559%))
  Logic Levels:           0  
  Clock Path Skew:        0.034ns (DCD - SCD - CPR)
    Destination Clock Delay (DCD):    3.159ns
    Source Clock Delay      (SCD):    2.443ns
    Clock Pessimism Removal (CPR):    0.682ns

    Location             Delay type                Incr(ns)  Path(ns)    Netlist Resource(s)
  -------------------------------------------------------------------    -------------------
                         (clock shadow_dna_clk rise edge)
                                                      0.000     0.000 r  
    PS7_X0Y0             PS7                          0.000     0.000 r  udp_gateway_shadow_mirror_i/processing_system7_0/inst/PS7_i/FCLKCLK[0]
                         net (fo=1, routed)           0.310     0.310    udp_gateway_shadow_mirror_i/processing_system7_0/inst/FCLK_CLK_unbuffered[0]
    BUFGCTRL_X0Y17       BUFG (Prop_bufg_I_O)         0.026     0.336 r  udp_gateway_shadow_mirror_i/processing_system7_0/inst/buffer_fclk_clk_0.FCLK_CLK_0_BUFG/O
                         net (fo=42827, routed)       0.577     0.913    udp_gateway_shadow_mirror_i/dma_gateway_hybrid_0/inst/u_device_dna_reader/clk
    SLICE_X69Y21         FDCE (Prop_fdce_C_Q)         0.141     1.054 r  udp_gateway_shadow_mirror_i/dma_gateway_hybrid_0/inst/u_device_dna_reader/dna_clk_reg/Q
                         net (fo=1, routed)           0.731     1.785    udp_gateway_shadow_mirror_i/dma_gateway_hybrid_0/inst/u_device_dna_reader/dna_clk
    BUFGCTRL_X0Y16       BUFG (Prop_bufg_I_O)         0.026     1.811 r  udp_gateway_shadow_mirror_i/dma_gateway_hybrid_0/inst/u_device_dna_reader/dna_clk_BUFG_inst/O
                         net (fo=69, routed)          0.633     2.443    udp_gateway_shadow_mirror_i/dma_gateway_hybrid_0/inst/u_device_dna_reader/dna_clk_BUFG
    SLICE_X112Y29        FDCE                                         r  udp_gateway_shadow_mirror_i/dma_gateway_hybrid_0/inst/u_device_dna_reader/dna_shift_value_reg[4]/C
  -------------------------------------------------------------------    -------------------
    SLICE_X112Y29        FDCE (Prop_fdce_C_Q)         0.148     2.591 r  udp_gateway_shadow_mirror_i/dma_gateway_hybrid_0/inst/u_device_dna_reader/dna_shift_value_reg[4]/Q
                         net (fo=2, routed)           0.178     2.769    udp_gateway_shadow_mirror_i/dma_gateway_hybrid_0/inst/u_device_dna_reader/dna_shift_value[4]
    SLICE_X109Y28        FDCE                                         r  udp_gateway_shadow_mirror_i/dma_gateway_hybrid_0/inst/u_device_dna_reader/dna_shift_value_reg[5]/D
  -------------------------------------------------------------------    -------------------

                         (clock shadow_dna_clk rise edge)
                                                      0.000     0.000 r  
    PS7_X0Y0             PS7                          0.000     0.000 r  udp_gateway_shadow_mirror_i/processing_system7_0/inst/PS7_i/FCLKCLK[0]
                         net (fo=1, routed)           0.337     0.337    udp_gateway_shadow_mirror_i/processing_system7_0/inst/FCLK_CLK_unbuffered[0]
    BUFGCTRL_X0Y17       BUFG (Prop_bufg_I_O)         0.029     0.366 r  udp_gateway_shadow_mirror_i/processing_system7_0/inst/buffer_fclk_clk_0.FCLK_CLK_0_BUFG/O
                         net (fo=42827, routed)       0.842     1.208    udp_gateway_shadow_mirror_i/dma_gateway_hybrid_0/inst/u_device_dna_reader/clk
    SLICE_X69Y21         FDCE (Prop_fdce_C_Q)         0.175     1.383 r  udp_gateway_shadow_mirror_i/dma_gateway_hybrid_0/inst/u_device_dna_reader/dna_clk_reg/Q
                         net (fo=1, routed)           0.847     2.230    udp_gateway_shadow_mirror_i/dma_gateway_hybrid_0/inst/u_device_dna_reader/dna_clk
    BUFGCTRL_X0Y16       BUFG (Prop_bufg_I_O)         0.029     2.259 r  udp_gateway_shadow_mirror_i/dma_gateway_hybrid_0/inst/u_device_dna_reader/dna_clk_BUFG_inst/O
                         net (fo=69, routed)          0.900     3.159    udp_gateway_shadow_mirror_i/dma_gateway_hybrid_0/inst/u_device_dna_reader/dna_clk_BUFG
    SLICE_X109Y28        FDCE                                         r  udp_gateway_shadow_mirror_i/dma_gateway_hybrid_0/inst/u_device_dna_reader/dna_shift_value_reg[5]/C
                         clock pessimism             -0.682     2.477    
    SLICE_X109Y28        FDCE (Hold_fdce_C_D)         0.013     2.490    udp_gateway_shadow_mirror_i/dma_gateway_hybrid_0/inst/u_device_dna_reader/dna_shift_value_reg[5]
  -------------------------------------------------------------------
                         required time                         -2.490    
                         arrival time                           2.769    
  -------------------------------------------------------------------
                         slack                                  0.279    

Slack (MET) :             0.284ns  (arrival time - required time)
  Source:                 udp_gateway_shadow_mirror_i/dma_gateway_hybrid_0/inst/u_device_dna_reader/dna_shift_value_reg[7]/C
                            (rising edge-triggered cell FDCE clocked by shadow_dna_clk  {rise@0.000ns fall@320.000ns period=640.000ns})
  Destination:            udp_gateway_shadow_mirror_i/dma_gateway_hybrid_0/inst/u_device_dna_reader/dna_shift_value_reg[8]/D
                            (rising edge-triggered cell FDCE clocked by shadow_dna_clk  {rise@0.000ns fall@320.000ns period=640.000ns})
  Path Group:             shadow_dna_clk
  Path Type:              Hold (Min at Fast Process Corner)
  Requirement:            0.000ns  (shadow_dna_clk rise@0.000ns - shadow_dna_clk rise@0.000ns)
  Data Path Delay:        0.324ns  (logic 0.128ns (39.542%)  route 0.196ns (60.458%))
  Logic Levels:           0  
  Clock Path Skew:        0.018ns (DCD - SCD - CPR)
    Destination Clock Delay (DCD):    3.170ns
    Source Clock Delay      (SCD):    2.448ns
    Clock Pessimism Removal (CPR):    0.704ns

    Location             Delay type                Incr(ns)  Path(ns)    Netlist Resource(s)
  -------------------------------------------------------------------    -------------------
                         (clock shadow_dna_clk rise edge)
                                                      0.000     0.000 r  
    PS7_X0Y0             PS7                          0.000     0.000 r  udp_gateway_shadow_mirror_i/processing_system7_0/inst/PS7_i/FCLKCLK[0]
                         net (fo=1, routed)           0.310     0.310    udp_gateway_shadow_mirror_i/processing_system7_0/inst/FCLK_CLK_unbuffered[0]
    BUFGCTRL_X0Y17       BUFG (Prop_bufg_I_O)         0.026     0.336 r  udp_gateway_shadow_mirror_i/processing_system7_0/inst/buffer_fclk_clk_0.FCLK_CLK_0_BUFG/O
                         net (fo=42827, routed)       0.577     0.913    udp_gateway_shadow_mirror_i/dma_gateway_hybrid_0/inst/u_device_dna_reader/clk
    SLICE_X69Y21         FDCE (Prop_fdce_C_Q)         0.141     1.054 r  udp_gateway_shadow_mirror_i/dma_gateway_hybrid_0/inst/u_device_dna_reader/dna_clk_reg/Q
                         net (fo=1, routed)           0.731     1.785    udp_gateway_shadow_mirror_i/dma_gateway_hybrid_0/inst/u_device_dna_reader/dna_clk
    BUFGCTRL_X0Y16       BUFG (Prop_bufg_I_O)         0.026     1.811 r  udp_gateway_shadow_mirror_i/dma_gateway_hybrid_0/inst/u_device_dna_reader/dna_clk_BUFG_inst/O
                         net (fo=69, routed)          0.638     2.448    udp_gateway_shadow_mirror_i/dma_gateway_hybrid_0/inst/u_device_dna_reader/dna_clk_BUFG
    SLICE_X111Y34        FDCE                                         r  udp_gateway_shadow_mirror_i/dma_gateway_hybrid_0/inst/u_device_dna_reader/dna_shift_value_reg[7]/C
  -------------------------------------------------------------------    -------------------
    SLICE_X111Y34        FDCE (Prop_fdce_C_Q)         0.128     2.576 r  udp_gateway_shadow_mirror_i/dma_gateway_hybrid_0/inst/u_device_dna_reader/dna_shift_value_reg[7]/Q
                         net (fo=2, routed)           0.196     2.772    udp_gateway_shadow_mirror_i/dma_gateway_hybrid_0/inst/u_device_dna_reader/dna_shift_value[7]
    SLICE_X110Y38        FDCE                                         r  udp_gateway_shadow_mirror_i/dma_gateway_hybrid_0/inst/u_device_dna_reader/dna_shift_value_reg[8]/D
  -------------------------------------------------------------------    -------------------

                         (clock shadow_dna_clk rise edge)
                                                      0.000     0.000 r  
    PS7_X0Y0             PS7                          0.000     0.000 r  udp_gateway_shadow_mirror_i/processing_system7_0/inst/PS7_i/FCLKCLK[0]
                         net (fo=1, routed)           0.337     0.337    udp_gateway_shadow_mirror_i/processing_system7_0/inst/FCLK_CLK_unbuffered[0]
    BUFGCTRL_X0Y17       BUFG (Prop_bufg_I_O)         0.029     0.366 r  udp_gateway_shadow_mirror_i/processing_system7_0/inst/buffer_fclk_clk_0.FCLK_CLK_0_BUFG/O
                         net (fo=42827, routed)       0.842     1.208    udp_gateway_shadow_mirror_i/dma_gateway_hybrid_0/inst/u_device_dna_reader/clk
    SLICE_X69Y21         FDCE (Prop_fdce_C_Q)         0.175     1.383 r  udp_gateway_shadow_mirror_i/dma_gateway_hybrid_0/inst/u_device_dna_reader/dna_clk_reg/Q
                         net (fo=1, routed)           0.847     2.230    udp_gateway_shadow_mirror_i/dma_gateway_hybrid_0/inst/u_device_dna_reader/dna_clk
    BUFGCTRL_X0Y16       BUFG (Prop_bufg_I_O)         0.029     2.259 r  udp_gateway_shadow_mirror_i/dma_gateway_hybrid_0/inst/u_device_dna_reader/dna_clk_BUFG_inst/O
                         net (fo=69, routed)          0.911     3.170    udp_gateway_shadow_mirror_i/dma_gateway_hybrid_0/inst/u_device_dna_reader/dna_clk_BUFG
    SLICE_X110Y38        FDCE                                         r  udp_gateway_shadow_mirror_i/dma_gateway_hybrid_0/inst/u_device_dna_reader/dna_shift_value_reg[8]/C
                         clock pessimism             -0.704     2.466    
    SLICE_X110Y38        FDCE (Hold_fdce_C_D)         0.022     2.488    udp_gateway_shadow_mirror_i/dma_gateway_hybrid_0/inst/u_device_dna_reader/dna_shift_value_reg[8]
  -------------------------------------------------------------------
                         required time                         -2.488    
                         arrival time                           2.772    
  -------------------------------------------------------------------
                         slack                                  0.284    

Slack (MET) :             0.292ns  (arrival time - required time)
  Source:                 udp_gateway_shadow_mirror_i/dma_gateway_hybrid_0/inst/u_device_dna_reader/dna_shift_value_reg[54]/C
                            (rising edge-triggered cell FDCE clocked by shadow_dna_clk  {rise@0.000ns fall@320.000ns period=640.000ns})
  Destination:            udp_gateway_shadow_mirror_i/dma_gateway_hybrid_0/inst/u_device_dna_reader/dna_shift_value_reg[55]/D
                            (rising edge-triggered cell FDCE clocked by shadow_dna_clk  {rise@0.000ns fall@320.000ns period=640.000ns})
  Path Group:             shadow_dna_clk
  Path Type:              Hold (Min at Fast Process Corner)
  Requirement:            0.000ns  (shadow_dna_clk rise@0.000ns - shadow_dna_clk rise@0.000ns)
  Data Path Delay:        0.317ns  (logic 0.128ns (40.407%)  route 0.189ns (59.593%))
  Logic Levels:           0  
  Clock Path Skew:        0.000ns (DCD - SCD - CPR)
    Destination Clock Delay (DCD):    3.172ns
    Source Clock Delay      (SCD):    2.452ns
    Clock Pessimism Removal (CPR):    0.720ns

    Location             Delay type                Incr(ns)  Path(ns)    Netlist Resource(s)
  -------------------------------------------------------------------    -------------------
                         (clock shadow_dna_clk rise edge)
                                                      0.000     0.000 r  
    PS7_X0Y0             PS7                          0.000     0.000 r  udp_gateway_shadow_mirror_i/processing_system7_0/inst/PS7_i/FCLKCLK[0]
                         net (fo=1, routed)           0.310     0.310    udp_gateway_shadow_mirror_i/processing_system7_0/inst/FCLK_CLK_unbuffered[0]
    BUFGCTRL_X0Y17       BUFG (Prop_bufg_I_O)         0.026     0.336 r  udp_gateway_shadow_mirror_i/processing_system7_0/inst/buffer_fclk_clk_0.FCLK_CLK_0_BUFG/O
                         net (fo=42827, routed)       0.577     0.913    udp_gateway_shadow_mirror_i/dma_gateway_hybrid_0/inst/u_device_dna_reader/clk
    SLICE_X69Y21         FDCE (Prop_fdce_C_Q)         0.141     1.054 r  udp_gateway_shadow_mirror_i/dma_gateway_hybrid_0/inst/u_device_dna_reader/dna_clk_reg/Q
                         net (fo=1, routed)           0.731     1.785    udp_gateway_shadow_mirror_i/dma_gateway_hybrid_0/inst/u_device_dna_reader/dna_clk
    BUFGCTRL_X0Y16       BUFG (Prop_bufg_I_O)         0.026     1.811 r  udp_gateway_shadow_mirror_i/dma_gateway_hybrid_0/inst/u_device_dna_reader/dna_clk_BUFG_inst/O
                         net (fo=69, routed)          0.642     2.452    udp_gateway_shadow_mirror_i/dma_gateway_hybrid_0/inst/u_device_dna_reader/dna_clk_BUFG
    SLICE_X110Y43        FDCE                                         r  udp_gateway_shadow_mirror_i/dma_gateway_hybrid_0/inst/u_device_dna_reader/dna_shift_value_reg[54]/C
  -------------------------------------------------------------------    -------------------
    SLICE_X110Y43        FDCE (Prop_fdce_C_Q)         0.128     2.580 r  udp_gateway_shadow_mirror_i/dma_gateway_hybrid_0/inst/u_device_dna_reader/dna_shift_value_reg[54]/Q
                         net (fo=2, routed)           0.189     2.769    udp_gateway_shadow_mirror_i/dma_gateway_hybrid_0/inst/u_device_dna_reader/dna_shift_value[54]
    SLICE_X110Y43        FDCE                                         r  udp_gateway_shadow_mirror_i/dma_gateway_hybrid_0/inst/u_device_dna_reader/dna_shift_value_reg[55]/D
  -------------------------------------------------------------------    -------------------

                         (clock shadow_dna_clk rise edge)
                                                      0.000     0.000 r  
    PS7_X0Y0             PS7                          0.000     0.000 r  udp_gateway_shadow_mirror_i/processing_system7_0/inst/PS7_i/FCLKCLK[0]
                         net (fo=1, routed)           0.337     0.337    udp_gateway_shadow_mirror_i/processing_system7_0/inst/FCLK_CLK_unbuffered[0]
    BUFGCTRL_X0Y17       BUFG (Prop_bufg_I_O)         0.029     0.366 r  udp_gateway_shadow_mirror_i/processing_system7_0/inst/buffer_fclk_clk_0.FCLK_CLK_0_BUFG/O
                         net (fo=42827, routed)       0.842     1.208    udp_gateway_shadow_mirror_i/dma_gateway_hybrid_0/inst/u_device_dna_reader/clk
    SLICE_X69Y21         FDCE (Prop_fdce_C_Q)         0.175     1.383 r  udp_gateway_shadow_mirror_i/dma_gateway_hybrid_0/inst/u_device_dna_reader/dna_clk_reg/Q
                         net (fo=1, routed)           0.847     2.230    udp_gateway_shadow_mirror_i/dma_gateway_hybrid_0/inst/u_device_dna_reader/dna_clk
    BUFGCTRL_X0Y16       BUFG (Prop_bufg_I_O)         0.029     2.259 r  udp_gateway_shadow_mirror_i/dma_gateway_hybrid_0/inst/u_device_dna_reader/dna_clk_BUFG_inst/O
                         net (fo=69, routed)          0.913     3.172    udp_gateway_shadow_mirror_i/dma_gateway_hybrid_0/inst/u_device_dna_reader/dna_clk_BUFG
    SLICE_X110Y43        FDCE                                         r  udp_gateway_shadow_mirror_i/dma_gateway_hybrid_0/inst/u_device_dna_reader/dna_shift_value_reg[55]/C
                         clock pessimism             -0.720     2.452    
    SLICE_X110Y43        FDCE (Hold_fdce_C_D)         0.025     2.477    udp_gateway_shadow_mirror_i/dma_gateway_hybrid_0/inst/u_device_dna_reader/dna_shift_value_reg[55]
  -------------------------------------------------------------------
                         required time                         -2.477    
                         arrival time                           2.769    
  -------------------------------------------------------------------
                         slack                                  0.292    

Slack (MET) :             0.292ns  (arrival time - required time)
  Source:                 udp_gateway_shadow_mirror_i/dma_gateway_hybrid_0/inst/u_device_dna_reader/dna_shift_value_reg[1]/C
                            (rising edge-triggered cell FDCE clocked by shadow_dna_clk  {rise@0.000ns fall@320.000ns period=640.000ns})
  Destination:            udp_gateway_shadow_mirror_i/dma_gateway_hybrid_0/inst/u_device_dna_reader/dna_shift_value_reg[2]/D
                            (rising edge-triggered cell FDCE clocked by shadow_dna_clk  {rise@0.000ns fall@320.000ns period=640.000ns})
  Path Group:             shadow_dna_clk
  Path Type:              Hold (Min at Fast Process Corner)
  Requirement:            0.000ns  (shadow_dna_clk rise@0.000ns - shadow_dna_clk rise@0.000ns)
  Data Path Delay:        0.344ns  (logic 0.164ns (47.654%)  route 0.180ns (52.346%))
  Logic Levels:           0  
  Clock Path Skew:        0.000ns (DCD - SCD - CPR)
    Destination Clock Delay (DCD):    3.161ns
    Source Clock Delay      (SCD):    2.443ns
    Clock Pessimism Removal (CPR):    0.718ns

    Location             Delay type                Incr(ns)  Path(ns)    Netlist Resource(s)
  -------------------------------------------------------------------    -------------------
                         (clock shadow_dna_clk rise edge)
                                                      0.000     0.000 r  
    PS7_X0Y0             PS7                          0.000     0.000 r  udp_gateway_shadow_mirror_i/processing_system7_0/inst/PS7_i/FCLKCLK[0]
                         net (fo=1, routed)           0.310     0.310    udp_gateway_shadow_mirror_i/processing_system7_0/inst/FCLK_CLK_unbuffered[0]
    BUFGCTRL_X0Y17       BUFG (Prop_bufg_I_O)         0.026     0.336 r  udp_gateway_shadow_mirror_i/processing_system7_0/inst/buffer_fclk_clk_0.FCLK_CLK_0_BUFG/O
                         net (fo=42827, routed)       0.577     0.913    udp_gateway_shadow_mirror_i/dma_gateway_hybrid_0/inst/u_device_dna_reader/clk
    SLICE_X69Y21         FDCE (Prop_fdce_C_Q)         0.141     1.054 r  udp_gateway_shadow_mirror_i/dma_gateway_hybrid_0/inst/u_device_dna_reader/dna_clk_reg/Q
                         net (fo=1, routed)           0.731     1.785    udp_gateway_shadow_mirror_i/dma_gateway_hybrid_0/inst/u_device_dna_reader/dna_clk
    BUFGCTRL_X0Y16       BUFG (Prop_bufg_I_O)         0.026     1.811 r  udp_gateway_shadow_mirror_i/dma_gateway_hybrid_0/inst/u_device_dna_reader/dna_clk_BUFG_inst/O
                         net (fo=69, routed)          0.633     2.443    udp_gateway_shadow_mirror_i/dma_gateway_hybrid_0/inst/u_device_dna_reader/dna_clk_BUFG
    SLICE_X112Y29        FDCE                                         r  udp_gateway_shadow_mirror_i/dma_gateway_hybrid_0/inst/u_device_dna_reader/dna_shift_value_reg[1]/C
  -------------------------------------------------------------------    -------------------
    SLICE_X112Y29        FDCE (Prop_fdce_C_Q)         0.164     2.607 r  udp_gateway_shadow_mirror_i/dma_gateway_hybrid_0/inst/u_device_dna_reader/dna_shift_value_reg[1]/Q
                         net (fo=2, routed)           0.180     2.787    udp_gateway_shadow_mirror_i/dma_gateway_hybrid_0/inst/u_device_dna_reader/dna_shift_value[1]
    SLICE_X112Y29        FDCE                                         r  udp_gateway_shadow_mirror_i/dma_gateway_hybrid_0/inst/u_device_dna_reader/dna_shift_value_reg[2]/D
  -------------------------------------------------------------------    -------------------

                         (clock shadow_dna_clk rise edge)
                                                      0.000     0.000 r  
    PS7_X0Y0             PS7                          0.000     0.000 r  udp_gateway_shadow_mirror_i/processing_system7_0/inst/PS7_i/FCLKCLK[0]
                         net (fo=1, routed)           0.337     0.337    udp_gateway_shadow_mirror_i/processing_system7_0/inst/FCLK_CLK_unbuffered[0]
    BUFGCTRL_X0Y17       BUFG (Prop_bufg_I_O)         0.029     0.366 r  udp_gateway_shadow_mirror_i/processing_system7_0/inst/buffer_fclk_clk_0.FCLK_CLK_0_BUFG/O
                         net (fo=42827, routed)       0.842     1.208    udp_gateway_shadow_mirror_i/dma_gateway_hybrid_0/inst/u_device_dna_reader/clk
    SLICE_X69Y21         FDCE (Prop_fdce_C_Q)         0.175     1.383 r  udp_gateway_shadow_mirror_i/dma_gateway_hybrid_0/inst/u_device_dna_reader/dna_clk_reg/Q
                         net (fo=1, routed)           0.847     2.230    udp_gateway_shadow_mirror_i/dma_gateway_hybrid_0/inst/u_device_dna_reader/dna_clk
    BUFGCTRL_X0Y16       BUFG (Prop_bufg_I_O)         0.029     2.259 r  udp_gateway_shadow_mirror_i/dma_gateway_hybrid_0/inst/u_device_dna_reader/dna_clk_BUFG_inst/O
                         net (fo=69, routed)          0.902     3.161    udp_gateway_shadow_mirror_i/dma_gateway_hybrid_0/inst/u_device_dna_reader/dna_clk_BUFG
    SLICE_X112Y29        FDCE                                         r  udp_gateway_shadow_mirror_i/dma_gateway_hybrid_0/inst/u_device_dna_reader/dna_shift_value_reg[2]/C
                         clock pessimism             -0.718     2.443    
    SLICE_X112Y29        FDCE (Hold_fdce_C_D)         0.052     2.495    udp_gateway_shadow_mirror_i/dma_gateway_hybrid_0/inst/u_device_dna_reader/dna_shift_value_reg[2]
  -------------------------------------------------------------------
                         required time                         -2.495    
                         arrival time                           2.787    
  -------------------------------------------------------------------
                         slack                                  0.292    

Slack (MET) :             0.300ns  (arrival time - required time)
  Source:                 udp_gateway_shadow_mirror_i/dma_gateway_hybrid_0/inst/u_device_dna_reader/dna_shift_value_reg[28]/C
                            (rising edge-triggered cell FDCE clocked by shadow_dna_clk  {rise@0.000ns fall@320.000ns period=640.000ns})
  Destination:            udp_gateway_shadow_mirror_i/dma_gateway_hybrid_0/inst/u_device_dna_reader/dna_shift_value_reg[29]/D
                            (rising edge-triggered cell FDCE clocked by shadow_dna_clk  {rise@0.000ns fall@320.000ns period=640.000ns})
  Path Group:             shadow_dna_clk
  Path Type:              Hold (Min at Fast Process Corner)
  Requirement:            0.000ns  (shadow_dna_clk rise@0.000ns - shadow_dna_clk rise@0.000ns)
  Data Path Delay:        0.347ns  (logic 0.141ns (40.597%)  route 0.206ns (59.403%))
  Logic Levels:           0  
  Clock Path Skew:        0.000ns (DCD - SCD - CPR)
    Destination Clock Delay (DCD):    3.172ns
    Source Clock Delay      (SCD):    2.452ns
    Clock Pessimism Removal (CPR):    0.720ns

    Location             Delay type                Incr(ns)  Path(ns)    Netlist Resource(s)
  -------------------------------------------------------------------    -------------------
                         (clock shadow_dna_clk rise edge)
                                                      0.000     0.000 r  
    PS7_X0Y0             PS7                          0.000     0.000 r  udp_gateway_shadow_mirror_i/processing_system7_0/inst/PS7_i/FCLKCLK[0]
                         net (fo=1, routed)           0.310     0.310    udp_gateway_shadow_mirror_i/processing_system7_0/inst/FCLK_CLK_unbuffered[0]
    BUFGCTRL_X0Y17       BUFG (Prop_bufg_I_O)         0.026     0.336 r  udp_gateway_shadow_mirror_i/processing_system7_0/inst/buffer_fclk_clk_0.FCLK_CLK_0_BUFG/O
                         net (fo=42827, routed)       0.577     0.913    udp_gateway_shadow_mirror_i/dma_gateway_hybrid_0/inst/u_device_dna_reader/clk
    SLICE_X69Y21         FDCE (Prop_fdce_C_Q)         0.141     1.054 r  udp_gateway_shadow_mirror_i/dma_gateway_hybrid_0/inst/u_device_dna_reader/dna_clk_reg/Q
                         net (fo=1, routed)           0.731     1.785    udp_gateway_shadow_mirror_i/dma_gateway_hybrid_0/inst/u_device_dna_reader/dna_clk
    BUFGCTRL_X0Y16       BUFG (Prop_bufg_I_O)         0.026     1.811 r  udp_gateway_shadow_mirror_i/dma_gateway_hybrid_0/inst/u_device_dna_reader/dna_clk_BUFG_inst/O
                         net (fo=69, routed)          0.642     2.452    udp_gateway_shadow_mirror_i/dma_gateway_hybrid_0/inst/u_device_dna_reader/dna_clk_BUFG
    SLICE_X111Y44        FDCE                                         r  udp_gateway_shadow_mirror_i/dma_gateway_hybrid_0/inst/u_device_dna_reader/dna_shift_value_reg[28]/C
  -------------------------------------------------------------------    -------------------
    SLICE_X111Y44        FDCE (Prop_fdce_C_Q)         0.141     2.593 r  udp_gateway_shadow_mirror_i/dma_gateway_hybrid_0/inst/u_device_dna_reader/dna_shift_value_reg[28]/Q
                         net (fo=2, routed)           0.206     2.799    udp_gateway_shadow_mirror_i/dma_gateway_hybrid_0/inst/u_device_dna_reader/dna_shift_value[28]
    SLICE_X111Y44        FDCE                                         r  udp_gateway_shadow_mirror_i/dma_gateway_hybrid_0/inst/u_device_dna_reader/dna_shift_value_reg[29]/D
  -------------------------------------------------------------------    -------------------

                         (clock shadow_dna_clk rise edge)
                                                      0.000     0.000 r  
    PS7_X0Y0             PS7                          0.000     0.000 r  udp_gateway_shadow_mirror_i/processing_system7_0/inst/PS7_i/FCLKCLK[0]
                         net (fo=1, routed)           0.337     0.337    udp_gateway_shadow_mirror_i/processing_system7_0/inst/FCLK_CLK_unbuffered[0]
    BUFGCTRL_X0Y17       BUFG (Prop_bufg_I_O)         0.029     0.366 r  udp_gateway_shadow_mirror_i/processing_system7_0/inst/buffer_fclk_clk_0.FCLK_CLK_0_BUFG/O
                         net (fo=42827, routed)       0.842     1.208    udp_gateway_shadow_mirror_i/dma_gateway_hybrid_0/inst/u_device_dna_reader/clk
    SLICE_X69Y21         FDCE (Prop_fdce_C_Q)         0.175     1.383 r  udp_gateway_shadow_mirror_i/dma_gateway_hybrid_0/inst/u_device_dna_reader/dna_clk_reg/Q
                         net (fo=1, routed)           0.847     2.230    udp_gateway_shadow_mirror_i/dma_gateway_hybrid_0/inst/u_device_dna_reader/dna_clk
    BUFGCTRL_X0Y16       BUFG (Prop_bufg_I_O)         0.029     2.259 r  udp_gateway_shadow_mirror_i/dma_gateway_hybrid_0/inst/u_device_dna_reader/dna_clk_BUFG_inst/O
                         net (fo=69, routed)          0.913     3.172    udp_gateway_shadow_mirror_i/dma_gateway_hybrid_0/inst/u_device_dna_reader/dna_clk_BUFG
    SLICE_X111Y44        FDCE                                         r  udp_gateway_shadow_mirror_i/dma_gateway_hybrid_0/inst/u_device_dna_reader/dna_shift_value_reg[29]/C
                         clock pessimism             -0.720     2.452    
    SLICE_X111Y44        FDCE (Hold_fdce_C_D)         0.047     2.499    udp_gateway_shadow_mirror_i/dma_gateway_hybrid_0/inst/u_device_dna_reader/dna_shift_value_reg[29]
  -------------------------------------------------------------------
                         required time                         -2.499    
                         arrival time                           2.799    
  -------------------------------------------------------------------
                         slack                                  0.300    

Slack (MET) :             0.301ns  (arrival time - required time)
  Source:                 udp_gateway_shadow_mirror_i/dma_gateway_hybrid_0/inst/u_device_dna_reader/dna_busy_raw_reg/C
                            (rising edge-triggered cell FDPE clocked by shadow_dna_clk  {rise@0.000ns fall@320.000ns period=640.000ns})
  Destination:            udp_gateway_shadow_mirror_i/dma_gateway_hybrid_0/inst/u_device_dna_reader/dna_read_reg/D
                            (rising edge-triggered cell FDPE clocked by shadow_dna_clk  {rise@0.000ns fall@320.000ns period=640.000ns})
  Path Group:             shadow_dna_clk
  Path Type:              Hold (Min at Fast Process Corner)
  Requirement:            0.000ns  (shadow_dna_clk rise@0.000ns - shadow_dna_clk rise@0.000ns)
  Data Path Delay:        0.408ns  (logic 0.187ns (45.808%)  route 0.221ns (54.192%))
  Logic Levels:           1  (LUT2=1)
  Clock Path Skew:        0.000ns (DCD - SCD - CPR)
    Destination Clock Delay (DCD):    3.137ns
    Source Clock Delay      (SCD):    2.418ns
    Clock Pessimism Removal (CPR):    0.719ns

    Location             Delay type                Incr(ns)  Path(ns)    Netlist Resource(s)
  -------------------------------------------------------------------    -------------------
                         (clock shadow_dna_clk rise edge)
                                                      0.000     0.000 r  
    PS7_X0Y0             PS7                          0.000     0.000 r  udp_gateway_shadow_mirror_i/processing_system7_0/inst/PS7_i/FCLKCLK[0]
                         net (fo=1, routed)           0.310     0.310    udp_gateway_shadow_mirror_i/processing_system7_0/inst/FCLK_CLK_unbuffered[0]
    BUFGCTRL_X0Y17       BUFG (Prop_bufg_I_O)         0.026     0.336 r  udp_gateway_shadow_mirror_i/processing_system7_0/inst/buffer_fclk_clk_0.FCLK_CLK_0_BUFG/O
                         net (fo=42827, routed)       0.577     0.913    udp_gateway_shadow_mirror_i/dma_gateway_hybrid_0/inst/u_device_dna_reader/clk
    SLICE_X69Y21         FDCE (Prop_fdce_C_Q)         0.141     1.054 r  udp_gateway_shadow_mirror_i/dma_gateway_hybrid_0/inst/u_device_dna_reader/dna_clk_reg/Q
                         net (fo=1, routed)           0.731     1.785    udp_gateway_shadow_mirror_i/dma_gateway_hybrid_0/inst/u_device_dna_reader/dna_clk
    BUFGCTRL_X0Y16       BUFG (Prop_bufg_I_O)         0.026     1.811 r  udp_gateway_shadow_mirror_i/dma_gateway_hybrid_0/inst/u_device_dna_reader/dna_clk_BUFG_inst/O
                         net (fo=69, routed)          0.608     2.418    udp_gateway_shadow_mirror_i/dma_gateway_hybrid_0/inst/u_device_dna_reader/dna_clk_BUFG
    SLICE_X99Y95         FDPE                                         r  udp_gateway_shadow_mirror_i/dma_gateway_hybrid_0/inst/u_device_dna_reader/dna_busy_raw_reg/C
  -------------------------------------------------------------------    -------------------
    SLICE_X99Y95         FDPE (Prop_fdpe_C_Q)         0.141     2.559 f  udp_gateway_shadow_mirror_i/dma_gateway_hybrid_0/inst/u_device_dna_reader/dna_busy_raw_reg/Q
                         net (fo=10, routed)          0.221     2.780    udp_gateway_shadow_mirror_i/dma_gateway_hybrid_0/inst/u_device_dna_reader/dna_busy_raw
    SLICE_X99Y95         LUT2 (Prop_lut2_I0_O)        0.046     2.826 r  udp_gateway_shadow_mirror_i/dma_gateway_hybrid_0/inst/u_device_dna_reader/dna_read_i_1/O
                         net (fo=1, routed)           0.000     2.826    udp_gateway_shadow_mirror_i/dma_gateway_hybrid_0/inst/u_device_dna_reader/dna_read_i_1_n_0
    SLICE_X99Y95         FDPE                                         r  udp_gateway_shadow_mirror_i/dma_gateway_hybrid_0/inst/u_device_dna_reader/dna_read_reg/D
  -------------------------------------------------------------------    -------------------

                         (clock shadow_dna_clk rise edge)
                                                      0.000     0.000 r  
    PS7_X0Y0             PS7                          0.000     0.000 r  udp_gateway_shadow_mirror_i/processing_system7_0/inst/PS7_i/FCLKCLK[0]
                         net (fo=1, routed)           0.337     0.337    udp_gateway_shadow_mirror_i/processing_system7_0/inst/FCLK_CLK_unbuffered[0]
    BUFGCTRL_X0Y17       BUFG (Prop_bufg_I_O)         0.029     0.366 r  udp_gateway_shadow_mirror_i/processing_system7_0/inst/buffer_fclk_clk_0.FCLK_CLK_0_BUFG/O
                         net (fo=42827, routed)       0.842     1.208    udp_gateway_shadow_mirror_i/dma_gateway_hybrid_0/inst/u_device_dna_reader/clk
    SLICE_X69Y21         FDCE (Prop_fdce_C_Q)         0.175     1.383 r  udp_gateway_shadow_mirror_i/dma_gateway_hybrid_0/inst/u_device_dna_reader/dna_clk_reg/Q
                         net (fo=1, routed)           0.847     2.230    udp_gateway_shadow_mirror_i/dma_gateway_hybrid_0/inst/u_device_dna_reader/dna_clk
    BUFGCTRL_X0Y16       BUFG (Prop_bufg_I_O)         0.029     2.259 r  udp_gateway_shadow_mirror_i/dma_gateway_hybrid_0/inst/u_device_dna_reader/dna_clk_BUFG_inst/O
                         net (fo=69, routed)          0.878     3.137    udp_gateway_shadow_mirror_i/dma_gateway_hybrid_0/inst/u_device_dna_reader/dna_clk_BUFG
    SLICE_X99Y95         FDPE                                         r  udp_gateway_shadow_mirror_i/dma_gateway_hybrid_0/inst/u_device_dna_reader/dna_read_reg/C
                         clock pessimism             -0.719     2.418    
    SLICE_X99Y95         FDPE (Hold_fdpe_C_D)         0.107     2.525    udp_gateway_shadow_mirror_i/dma_gateway_hybrid_0/inst/u_device_dna_reader/dna_read_reg
  -------------------------------------------------------------------
                         required time                         -2.525    
                         arrival time                           2.826    
  -------------------------------------------------------------------
                         slack                                  0.301    

Slack (MET) :             0.305ns  (arrival time - required time)
  Source:                 udp_gateway_shadow_mirror_i/dma_gateway_hybrid_0/inst/u_device_dna_reader/dna_bit_count_reg[4]/C
                            (rising edge-triggered cell FDCE clocked by shadow_dna_clk  {rise@0.000ns fall@320.000ns period=640.000ns})
  Destination:            udp_gateway_shadow_mirror_i/dma_gateway_hybrid_0/inst/u_device_dna_reader/dna_bit_count_reg[5]/D
                            (rising edge-triggered cell FDCE clocked by shadow_dna_clk  {rise@0.000ns fall@320.000ns period=640.000ns})
  Path Group:             shadow_dna_clk
  Path Type:              Hold (Min at Fast Process Corner)
  Requirement:            0.000ns  (shadow_dna_clk rise@0.000ns - shadow_dna_clk rise@0.000ns)
  Data Path Delay:        0.397ns  (logic 0.227ns (57.242%)  route 0.170ns (42.758%))
  Logic Levels:           1  (LUT6=1)
  Clock Path Skew:        0.000ns (DCD - SCD - CPR)
    Destination Clock Delay (DCD):    3.221ns
    Source Clock Delay      (SCD):    2.499ns
    Clock Pessimism Removal (CPR):    0.722ns

    Location             Delay type                Incr(ns)  Path(ns)    Netlist Resource(s)
  -------------------------------------------------------------------    -------------------
                         (clock shadow_dna_clk rise edge)
                                                      0.000     0.000 r  
    PS7_X0Y0             PS7                          0.000     0.000 r  udp_gateway_shadow_mirror_i/processing_system7_0/inst/PS7_i/FCLKCLK[0]
                         net (fo=1, routed)           0.310     0.310    udp_gateway_shadow_mirror_i/processing_system7_0/inst/FCLK_CLK_unbuffered[0]
    BUFGCTRL_X0Y17       BUFG (Prop_bufg_I_O)         0.026     0.336 r  udp_gateway_shadow_mirror_i/processing_system7_0/inst/buffer_fclk_clk_0.FCLK_CLK_0_BUFG/O
                         net (fo=42827, routed)       0.577     0.913    udp_gateway_shadow_mirror_i/dma_gateway_hybrid_0/inst/u_device_dna_reader/clk
    SLICE_X69Y21         FDCE (Prop_fdce_C_Q)         0.141     1.054 r  udp_gateway_shadow_mirror_i/dma_gateway_hybrid_0/inst/u_device_dna_reader/dna_clk_reg/Q
                         net (fo=1, routed)           0.731     1.785    udp_gateway_shadow_mirror_i/dma_gateway_hybrid_0/inst/u_device_dna_reader/dna_clk
    BUFGCTRL_X0Y16       BUFG (Prop_bufg_I_O)         0.026     1.811 r  udp_gateway_shadow_mirror_i/dma_gateway_hybrid_0/inst/u_device_dna_reader/dna_clk_BUFG_inst/O
                         net (fo=69, routed)          0.688     2.499    udp_gateway_shadow_mirror_i/dma_gateway_hybrid_0/inst/u_device_dna_reader/dna_clk_BUFG
    SLICE_X99Y110        FDCE                                         r  udp_gateway_shadow_mirror_i/dma_gateway_hybrid_0/inst/u_device_dna_reader/dna_bit_count_reg[4]/C
  -------------------------------------------------------------------    -------------------
    SLICE_X99Y110        FDCE (Prop_fdce_C_Q)         0.128     2.627 r  udp_gateway_shadow_mirror_i/dma_gateway_hybrid_0/inst/u_device_dna_reader/dna_bit_count_reg[4]/Q
                         net (fo=4, routed)           0.170     2.796    udp_gateway_shadow_mirror_i/dma_gateway_hybrid_0/inst/u_device_dna_reader/dna_bit_count_reg[4]
    SLICE_X99Y110        LUT6 (Prop_lut6_I0_O)        0.099     2.895 r  udp_gateway_shadow_mirror_i/dma_gateway_hybrid_0/inst/u_device_dna_reader/dna_bit_count[5]_i_1/O
                         net (fo=1, routed)           0.000     2.895    udp_gateway_shadow_mirror_i/dma_gateway_hybrid_0/inst/u_device_dna_reader/p_0_in[5]
    SLICE_X99Y110        FDCE                                         r  udp_gateway_shadow_mirror_i/dma_gateway_hybrid_0/inst/u_device_dna_reader/dna_bit_count_reg[5]/D
  -------------------------------------------------------------------    -------------------

                         (clock shadow_dna_clk rise edge)
                                                      0.000     0.000 r  
    PS7_X0Y0             PS7                          0.000     0.000 r  udp_gateway_shadow_mirror_i/processing_system7_0/inst/PS7_i/FCLKCLK[0]
                         net (fo=1, routed)           0.337     0.337    udp_gateway_shadow_mirror_i/processing_system7_0/inst/FCLK_CLK_unbuffered[0]
    BUFGCTRL_X0Y17       BUFG (Prop_bufg_I_O)         0.029     0.366 r  udp_gateway_shadow_mirror_i/processing_system7_0/inst/buffer_fclk_clk_0.FCLK_CLK_0_BUFG/O
                         net (fo=42827, routed)       0.842     1.208    udp_gateway_shadow_mirror_i/dma_gateway_hybrid_0/inst/u_device_dna_reader/clk
    SLICE_X69Y21         FDCE (Prop_fdce_C_Q)         0.175     1.383 r  udp_gateway_shadow_mirror_i/dma_gateway_hybrid_0/inst/u_device_dna_reader/dna_clk_reg/Q
                         net (fo=1, routed)           0.847     2.230    udp_gateway_shadow_mirror_i/dma_gateway_hybrid_0/inst/u_device_dna_reader/dna_clk
    BUFGCTRL_X0Y16       BUFG (Prop_bufg_I_O)         0.029     2.259 r  udp_gateway_shadow_mirror_i/dma_gateway_hybrid_0/inst/u_device_dna_reader/dna_clk_BUFG_inst/O
                         net (fo=69, routed)          0.962     3.221    udp_gateway_shadow_mirror_i/dma_gateway_hybrid_0/inst/u_device_dna_reader/dna_clk_BUFG
    SLICE_X99Y110        FDCE                                         r  udp_gateway_shadow_mirror_i/dma_gateway_hybrid_0/inst/u_device_dna_reader/dna_bit_count_reg[5]/C
                         clock pessimism             -0.722     2.499    
    SLICE_X99Y110        FDCE (Hold_fdce_C_D)         0.092     2.591    udp_gateway_shadow_mirror_i/dma_gateway_hybrid_0/inst/u_device_dna_reader/dna_bit_count_reg[5]
  -------------------------------------------------------------------
                         required time                         -2.591    
                         arrival time                           2.895    
  -------------------------------------------------------------------
                         slack                                  0.305    

Slack (MET) :             0.316ns  (arrival time - required time)
  Source:                 udp_gateway_shadow_mirror_i/dma_gateway_hybrid_0/inst/u_device_dna_reader/dna_busy_raw_reg/C
                            (rising edge-triggered cell FDPE clocked by shadow_dna_clk  {rise@0.000ns fall@320.000ns period=640.000ns})
  Destination:            udp_gateway_shadow_mirror_i/dma_gateway_hybrid_0/inst/u_device_dna_reader/dna_busy_raw_reg/D
                            (rising edge-triggered cell FDPE clocked by shadow_dna_clk  {rise@0.000ns fall@320.000ns period=640.000ns})
  Path Group:             shadow_dna_clk
  Path Type:              Hold (Min at Fast Process Corner)
  Requirement:            0.000ns  (shadow_dna_clk rise@0.000ns - shadow_dna_clk rise@0.000ns)
  Data Path Delay:        0.407ns  (logic 0.186ns (45.675%)  route 0.221ns (54.325%))
  Logic Levels:           1  (LUT5=1)
  Clock Path Skew:        0.000ns (DCD - SCD - CPR)
    Destination Clock Delay (DCD):    3.137ns
    Source Clock Delay      (SCD):    2.418ns
    Clock Pessimism Removal (CPR):    0.719ns

    Location             Delay type                Incr(ns)  Path(ns)    Netlist Resource(s)
  -------------------------------------------------------------------    -------------------
                         (clock shadow_dna_clk rise edge)
                                                      0.000     0.000 r  
    PS7_X0Y0             PS7                          0.000     0.000 r  udp_gateway_shadow_mirror_i/processing_system7_0/inst/PS7_i/FCLKCLK[0]
                         net (fo=1, routed)           0.310     0.310    udp_gateway_shadow_mirror_i/processing_system7_0/inst/FCLK_CLK_unbuffered[0]
    BUFGCTRL_X0Y17       BUFG (Prop_bufg_I_O)         0.026     0.336 r  udp_gateway_shadow_mirror_i/processing_system7_0/inst/buffer_fclk_clk_0.FCLK_CLK_0_BUFG/O
                         net (fo=42827, routed)       0.577     0.913    udp_gateway_shadow_mirror_i/dma_gateway_hybrid_0/inst/u_device_dna_reader/clk
    SLICE_X69Y21         FDCE (Prop_fdce_C_Q)         0.141     1.054 r  udp_gateway_shadow_mirror_i/dma_gateway_hybrid_0/inst/u_device_dna_reader/dna_clk_reg/Q
                         net (fo=1, routed)           0.731     1.785    udp_gateway_shadow_mirror_i/dma_gateway_hybrid_0/inst/u_device_dna_reader/dna_clk
    BUFGCTRL_X0Y16       BUFG (Prop_bufg_I_O)         0.026     1.811 r  udp_gateway_shadow_mirror_i/dma_gateway_hybrid_0/inst/u_device_dna_reader/dna_clk_BUFG_inst/O
                         net (fo=69, routed)          0.608     2.418    udp_gateway_shadow_mirror_i/dma_gateway_hybrid_0/inst/u_device_dna_reader/dna_clk_BUFG
    SLICE_X99Y95         FDPE                                         r  udp_gateway_shadow_mirror_i/dma_gateway_hybrid_0/inst/u_device_dna_reader/dna_busy_raw_reg/C
  -------------------------------------------------------------------    -------------------
    SLICE_X99Y95         FDPE (Prop_fdpe_C_Q)         0.141     2.559 r  udp_gateway_shadow_mirror_i/dma_gateway_hybrid_0/inst/u_device_dna_reader/dna_busy_raw_reg/Q
                         net (fo=10, routed)          0.221     2.780    udp_gateway_shadow_mirror_i/dma_gateway_hybrid_0/inst/u_device_dna_reader/dna_busy_raw
    SLICE_X99Y95         LUT5 (Prop_lut5_I0_O)        0.045     2.825 r  udp_gateway_shadow_mirror_i/dma_gateway_hybrid_0/inst/u_device_dna_reader/dna_busy_raw_i_1/O
                         net (fo=1, routed)           0.000     2.825    udp_gateway_shadow_mirror_i/dma_gateway_hybrid_0/inst/u_device_dna_reader/dna_busy_raw_i_1_n_0
    SLICE_X99Y95         FDPE                                         r  udp_gateway_shadow_mirror_i/dma_gateway_hybrid_0/inst/u_device_dna_reader/dna_busy_raw_reg/D
  -------------------------------------------------------------------    -------------------

                         (clock shadow_dna_clk rise edge)
                                                      0.000     0.000 r  
    PS7_X0Y0             PS7                          0.000     0.000 r  udp_gateway_shadow_mirror_i/processing_system7_0/inst/PS7_i/FCLKCLK[0]
                         net (fo=1, routed)           0.337     0.337    udp_gateway_shadow_mirror_i/processing_system7_0/inst/FCLK_CLK_unbuffered[0]
    BUFGCTRL_X0Y17       BUFG (Prop_bufg_I_O)         0.029     0.366 r  udp_gateway_shadow_mirror_i/processing_system7_0/inst/buffer_fclk_clk_0.FCLK_CLK_0_BUFG/O
                         net (fo=42827, routed)       0.842     1.208    udp_gateway_shadow_mirror_i/dma_gateway_hybrid_0/inst/u_device_dna_reader/clk
    SLICE_X69Y21         FDCE (Prop_fdce_C_Q)         0.175     1.383 r  udp_gateway_shadow_mirror_i/dma_gateway_hybrid_0/inst/u_device_dna_reader/dna_clk_reg/Q
                         net (fo=1, routed)           0.847     2.230    udp_gateway_shadow_mirror_i/dma_gateway_hybrid_0/inst/u_device_dna_reader/dna_clk
    BUFGCTRL_X0Y16       BUFG (Prop_bufg_I_O)         0.029     2.259 r  udp_gateway_shadow_mirror_i/dma_gateway_hybrid_0/inst/u_device_dna_reader/dna_clk_BUFG_inst/O
                         net (fo=69, routed)          0.878     3.137    udp_gateway_shadow_mirror_i/dma_gateway_hybrid_0/inst/u_device_dna_reader/dna_clk_BUFG
    SLICE_X99Y95         FDPE                                         r  udp_gateway_shadow_mirror_i/dma_gateway_hybrid_0/inst/u_device_dna_reader/dna_busy_raw_reg/C
                         clock pessimism             -0.719     2.418    
    SLICE_X99Y95         FDPE (Hold_fdpe_C_D)         0.091     2.509    udp_gateway_shadow_mirror_i/dma_gateway_hybrid_0/inst/u_device_dna_reader/dna_busy_raw_reg
  -------------------------------------------------------------------
                         required time                         -2.509    
                         arrival time                           2.825    
  -------------------------------------------------------------------
                         slack                                  0.316    

Slack (MET) :             0.317ns  (arrival time - required time)
  Source:                 udp_gateway_shadow_mirror_i/dma_gateway_hybrid_0/inst/u_device_dna_reader/dna_shift_value_reg[15]/C
                            (rising edge-triggered cell FDCE clocked by shadow_dna_clk  {rise@0.000ns fall@320.000ns period=640.000ns})
  Destination:            udp_gateway_shadow_mirror_i/dma_gateway_hybrid_0/inst/u_device_dna_reader/dna_shift_value_reg[16]/D
                            (rising edge-triggered cell FDCE clocked by shadow_dna_clk  {rise@0.000ns fall@320.000ns period=640.000ns})
  Path Group:             shadow_dna_clk
  Path Type:              Hold (Min at Fast Process Corner)
  Requirement:            0.000ns  (shadow_dna_clk rise@0.000ns - shadow_dna_clk rise@0.000ns)
  Data Path Delay:        0.325ns  (logic 0.148ns (45.574%)  route 0.177ns (54.426%))
  Logic Levels:           0  
  Clock Path Skew:        0.016ns (DCD - SCD - CPR)
    Destination Clock Delay (DCD):    3.170ns
    Source Clock Delay      (SCD):    2.450ns
    Clock Pessimism Removal (CPR):    0.704ns

    Location             Delay type                Incr(ns)  Path(ns)    Netlist Resource(s)
  -------------------------------------------------------------------    -------------------
                         (clock shadow_dna_clk rise edge)
                                                      0.000     0.000 r  
    PS7_X0Y0             PS7                          0.000     0.000 r  udp_gateway_shadow_mirror_i/processing_system7_0/inst/PS7_i/FCLKCLK[0]
                         net (fo=1, routed)           0.310     0.310    udp_gateway_shadow_mirror_i/processing_system7_0/inst/FCLK_CLK_unbuffered[0]
    BUFGCTRL_X0Y17       BUFG (Prop_bufg_I_O)         0.026     0.336 r  udp_gateway_shadow_mirror_i/processing_system7_0/inst/buffer_fclk_clk_0.FCLK_CLK_0_BUFG/O
                         net (fo=42827, routed)       0.577     0.913    udp_gateway_shadow_mirror_i/dma_gateway_hybrid_0/inst/u_device_dna_reader/clk
    SLICE_X69Y21         FDCE (Prop_fdce_C_Q)         0.141     1.054 r  udp_gateway_shadow_mirror_i/dma_gateway_hybrid_0/inst/u_device_dna_reader/dna_clk_reg/Q
                         net (fo=1, routed)           0.731     1.785    udp_gateway_shadow_mirror_i/dma_gateway_hybrid_0/inst/u_device_dna_reader/dna_clk
    BUFGCTRL_X0Y16       BUFG (Prop_bufg_I_O)         0.026     1.811 r  udp_gateway_shadow_mirror_i/dma_gateway_hybrid_0/inst/u_device_dna_reader/dna_clk_BUFG_inst/O
                         net (fo=69, routed)          0.640     2.450    udp_gateway_shadow_mirror_i/dma_gateway_hybrid_0/inst/u_device_dna_reader/dna_clk_BUFG
    SLICE_X112Y38        FDCE                                         r  udp_gateway_shadow_mirror_i/dma_gateway_hybrid_0/inst/u_device_dna_reader/dna_shift_value_reg[15]/C
  -------------------------------------------------------------------    -------------------
    SLICE_X112Y38        FDCE (Prop_fdce_C_Q)         0.148     2.598 r  udp_gateway_shadow_mirror_i/dma_gateway_hybrid_0/inst/u_device_dna_reader/dna_shift_value_reg[15]/Q
                         net (fo=2, routed)           0.177     2.775    udp_gateway_shadow_mirror_i/dma_gateway_hybrid_0/inst/u_device_dna_reader/dna_shift_value[15]
    SLICE_X110Y38        FDCE                                         r  udp_gateway_shadow_mirror_i/dma_gateway_hybrid_0/inst/u_device_dna_reader/dna_shift_value_reg[16]/D
  -------------------------------------------------------------------    -------------------

                         (clock shadow_dna_clk rise edge)
                                                      0.000     0.000 r  
    PS7_X0Y0             PS7                          0.000     0.000 r  udp_gateway_shadow_mirror_i/processing_system7_0/inst/PS7_i/FCLKCLK[0]
                         net (fo=1, routed)           0.337     0.337    udp_gateway_shadow_mirror_i/processing_system7_0/inst/FCLK_CLK_unbuffered[0]
    BUFGCTRL_X0Y17       BUFG (Prop_bufg_I_O)         0.029     0.366 r  udp_gateway_shadow_mirror_i/processing_system7_0/inst/buffer_fclk_clk_0.FCLK_CLK_0_BUFG/O
                         net (fo=42827, routed)       0.842     1.208    udp_gateway_shadow_mirror_i/dma_gateway_hybrid_0/inst/u_device_dna_reader/clk
    SLICE_X69Y21         FDCE (Prop_fdce_C_Q)         0.175     1.383 r  udp_gateway_shadow_mirror_i/dma_gateway_hybrid_0/inst/u_device_dna_reader/dna_clk_reg/Q
                         net (fo=1, routed)           0.847     2.230    udp_gateway_shadow_mirror_i/dma_gateway_hybrid_0/inst/u_device_dna_reader/dna_clk
    BUFGCTRL_X0Y16       BUFG (Prop_bufg_I_O)         0.029     2.259 r  udp_gateway_shadow_mirror_i/dma_gateway_hybrid_0/inst/u_device_dna_reader/dna_clk_BUFG_inst/O
                         net (fo=69, routed)          0.911     3.170    udp_gateway_shadow_mirror_i/dma_gateway_hybrid_0/inst/u_device_dna_reader/dna_clk_BUFG
    SLICE_X110Y38        FDCE                                         r  udp_gateway_shadow_mirror_i/dma_gateway_hybrid_0/inst/u_device_dna_reader/dna_shift_value_reg[16]/C
                         clock pessimism             -0.704     2.466    
    SLICE_X110Y38        FDCE (Hold_fdce_C_D)        -0.008     2.458    udp_gateway_shadow_mirror_i/dma_gateway_hybrid_0/inst/u_device_dna_reader/dna_shift_value_reg[16]
  -------------------------------------------------------------------
                         required time                         -2.458    
                         arrival time                           2.775    
  -------------------------------------------------------------------
                         slack                                  0.317    

Slack (MET) :             0.318ns  (arrival time - required time)
  Source:                 udp_gateway_shadow_mirror_i/dma_gateway_hybrid_0/inst/u_device_dna_reader/dna_shift_value_reg[6]/C
                            (rising edge-triggered cell FDCE clocked by shadow_dna_clk  {rise@0.000ns fall@320.000ns period=640.000ns})
  Destination:            udp_gateway_shadow_mirror_i/dma_gateway_hybrid_0/inst/u_device_dna_reader/dna_shift_value_reg[7]/D
                            (rising edge-triggered cell FDCE clocked by shadow_dna_clk  {rise@0.000ns fall@320.000ns period=640.000ns})
  Path Group:             shadow_dna_clk
  Path Type:              Hold (Min at Fast Process Corner)
  Requirement:            0.000ns  (shadow_dna_clk rise@0.000ns - shadow_dna_clk rise@0.000ns)
  Data Path Delay:        0.343ns  (logic 0.128ns (37.315%)  route 0.215ns (62.685%))
  Logic Levels:           0  
  Clock Path Skew:        0.000ns (DCD - SCD - CPR)
    Destination Clock Delay (DCD):    3.166ns
    Source Clock Delay      (SCD):    2.448ns
    Clock Pessimism Removal (CPR):    0.718ns

    Location             Delay type                Incr(ns)  Path(ns)    Netlist Resource(s)
  -------------------------------------------------------------------    -------------------
                         (clock shadow_dna_clk rise edge)
                                                      0.000     0.000 r  
    PS7_X0Y0             PS7                          0.000     0.000 r  udp_gateway_shadow_mirror_i/processing_system7_0/inst/PS7_i/FCLKCLK[0]
                         net (fo=1, routed)           0.310     0.310    udp_gateway_shadow_mirror_i/processing_system7_0/inst/FCLK_CLK_unbuffered[0]
    BUFGCTRL_X0Y17       BUFG (Prop_bufg_I_O)         0.026     0.336 r  udp_gateway_shadow_mirror_i/processing_system7_0/inst/buffer_fclk_clk_0.FCLK_CLK_0_BUFG/O
                         net (fo=42827, routed)       0.577     0.913    udp_gateway_shadow_mirror_i/dma_gateway_hybrid_0/inst/u_device_dna_reader/clk
    SLICE_X69Y21         FDCE (Prop_fdce_C_Q)         0.141     1.054 r  udp_gateway_shadow_mirror_i/dma_gateway_hybrid_0/inst/u_device_dna_reader/dna_clk_reg/Q
                         net (fo=1, routed)           0.731     1.785    udp_gateway_shadow_mirror_i/dma_gateway_hybrid_0/inst/u_device_dna_reader/dna_clk
    BUFGCTRL_X0Y16       BUFG (Prop_bufg_I_O)         0.026     1.811 r  udp_gateway_shadow_mirror_i/dma_gateway_hybrid_0/inst/u_device_dna_reader/dna_clk_BUFG_inst/O
                         net (fo=69, routed)          0.638     2.448    udp_gateway_shadow_mirror_i/dma_gateway_hybrid_0/inst/u_device_dna_reader/dna_clk_BUFG
    SLICE_X111Y34        FDCE                                         r  udp_gateway_shadow_mirror_i/dma_gateway_hybrid_0/inst/u_device_dna_reader/dna_shift_value_reg[6]/C
  -------------------------------------------------------------------    -------------------
    SLICE_X111Y34        FDCE (Prop_fdce_C_Q)         0.128     2.576 r  udp_gateway_shadow_mirror_i/dma_gateway_hybrid_0/inst/u_device_dna_reader/dna_shift_value_reg[6]/Q
                         net (fo=2, routed)           0.215     2.791    udp_gateway_shadow_mirror_i/dma_gateway_hybrid_0/inst/u_device_dna_reader/dna_shift_value[6]
    SLICE_X111Y34        FDCE                                         r  udp_gateway_shadow_mirror_i/dma_gateway_hybrid_0/inst/u_device_dna_reader/dna_shift_value_reg[7]/D
  -------------------------------------------------------------------    -------------------

                         (clock shadow_dna_clk rise edge)
                                                      0.000     0.000 r  
    PS7_X0Y0             PS7                          0.000     0.000 r  udp_gateway_shadow_mirror_i/processing_system7_0/inst/PS7_i/FCLKCLK[0]
                         net (fo=1, routed)           0.337     0.337    udp_gateway_shadow_mirror_i/processing_system7_0/inst/FCLK_CLK_unbuffered[0]
    BUFGCTRL_X0Y17       BUFG (Prop_bufg_I_O)         0.029     0.366 r  udp_gateway_shadow_mirror_i/processing_system7_0/inst/buffer_fclk_clk_0.FCLK_CLK_0_BUFG/O
                         net (fo=42827, routed)       0.842     1.208    udp_gateway_shadow_mirror_i/dma_gateway_hybrid_0/inst/u_device_dna_reader/clk
    SLICE_X69Y21         FDCE (Prop_fdce_C_Q)         0.175     1.383 r  udp_gateway_shadow_mirror_i/dma_gateway_hybrid_0/inst/u_device_dna_reader/dna_clk_reg/Q
                         net (fo=1, routed)           0.847     2.230    udp_gateway_shadow_mirror_i/dma_gateway_hybrid_0/inst/u_device_dna_reader/dna_clk
    BUFGCTRL_X0Y16       BUFG (Prop_bufg_I_O)         0.029     2.259 r  udp_gateway_shadow_mirror_i/dma_gateway_hybrid_0/inst/u_device_dna_reader/dna_clk_BUFG_inst/O
                         net (fo=69, routed)          0.907     3.166    udp_gateway_shadow_mirror_i/dma_gateway_hybrid_0/inst/u_device_dna_reader/dna_clk_BUFG
    SLICE_X111Y34        FDCE                                         r  udp_gateway_shadow_mirror_i/dma_gateway_hybrid_0/inst/u_device_dna_reader/dna_shift_value_reg[7]/C
                         clock pessimism             -0.718     2.448    
    SLICE_X111Y34        FDCE (Hold_fdce_C_D)         0.025     2.473    udp_gateway_shadow_mirror_i/dma_gateway_hybrid_0/inst/u_device_dna_reader/dna_shift_value_reg[7]
  -------------------------------------------------------------------
                         required time                         -2.473    
                         arrival time                           2.791    
  -------------------------------------------------------------------
                         slack                                  0.318    





Pulse Width Checks
--------------------------------------------------------------------------------------
Clock Name:         shadow_dna_clk
Waveform(ns):       { 0.000 320.000 }
Period(ns):         640.000
Sources:            { udp_gateway_shadow_mirror_i/dma_gateway_hybrid_0/inst/u_device_dna_reader/dna_clk_reg/Q }

Check Type        Corner  Lib Pin       Reference Pin  Required(ns)  Actual(ns)  Slack(ns)  Location        Pin
Min Period        n/a     DNA_PORT/CLK  n/a            10.000        640.000     630.000    DNA_PORT_X0Y0   udp_gateway_shadow_mirror_i/dma_gateway_hybrid_0/inst/u_device_dna_reader/u_dna/CLK
Min Period        n/a     BUFG/I        n/a            2.155         640.000     637.845    BUFGCTRL_X0Y16  udp_gateway_shadow_mirror_i/dma_gateway_hybrid_0/inst/u_device_dna_reader/dna_clk_BUFG_inst/I
Min Period        n/a     FDCE/C        n/a            1.000         640.000     639.000    SLICE_X101Y110  udp_gateway_shadow_mirror_i/dma_gateway_hybrid_0/inst/u_device_dna_reader/dna_bit_count_reg[0]/C
Min Period        n/a     FDCE/C        n/a            1.000         640.000     639.000    SLICE_X101Y110  udp_gateway_shadow_mirror_i/dma_gateway_hybrid_0/inst/u_device_dna_reader/dna_bit_count_reg[1]/C
Min Period        n/a     FDCE/C        n/a            1.000         640.000     639.000    SLICE_X101Y110  udp_gateway_shadow_mirror_i/dma_gateway_hybrid_0/inst/u_device_dna_reader/dna_bit_count_reg[2]/C
Min Period        n/a     FDCE/C        n/a            1.000         640.000     639.000    SLICE_X99Y110   udp_gateway_shadow_mirror_i/dma_gateway_hybrid_0/inst/u_device_dna_reader/dna_bit_count_reg[3]/C
Min Period        n/a     FDCE/C        n/a            1.000         640.000     639.000    SLICE_X99Y110   udp_gateway_shadow_mirror_i/dma_gateway_hybrid_0/inst/u_device_dna_reader/dna_bit_count_reg[4]/C
Min Period        n/a     FDCE/C        n/a            1.000         640.000     639.000    SLICE_X99Y110   udp_gateway_shadow_mirror_i/dma_gateway_hybrid_0/inst/u_device_dna_reader/dna_bit_count_reg[5]/C
Min Period        n/a     FDCE/C        n/a            1.000         640.000     639.000    SLICE_X99Y110   udp_gateway_shadow_mirror_i/dma_gateway_hybrid_0/inst/u_device_dna_reader/dna_bit_count_reg[6]/C
Min Period        n/a     FDPE/C        n/a            1.000         640.000     639.000    SLICE_X99Y95    udp_gateway_shadow_mirror_i/dma_gateway_hybrid_0/inst/u_device_dna_reader/dna_busy_raw_reg/C
Low Pulse Width   Slow    FDCE/C        n/a            0.500         320.000     319.500    SLICE_X101Y110  udp_gateway_shadow_mirror_i/dma_gateway_hybrid_0/inst/u_device_dna_reader/dna_bit_count_reg[0]/C
Low Pulse Width   Fast    FDCE/C        n/a            0.500         320.000     319.500    SLICE_X101Y110  udp_gateway_shadow_mirror_i/dma_gateway_hybrid_0/inst/u_device_dna_reader/dna_bit_count_reg[0]/C
Low Pulse Width   Slow    FDCE/C        n/a            0.500         320.000     319.500    SLICE_X101Y110  udp_gateway_shadow_mirror_i/dma_gateway_hybrid_0/inst/u_device_dna_reader/dna_bit_count_reg[1]/C
Low Pulse Width   Fast    FDCE/C        n/a            0.500         320.000     319.500    SLICE_X101Y110  udp_gateway_shadow_mirror_i/dma_gateway_hybrid_0/inst/u_device_dna_reader/dna_bit_count_reg[1]/C
Low Pulse Width   Slow    FDCE/C        n/a            0.500         320.000     319.500    SLICE_X101Y110  udp_gateway_shadow_mirror_i/dma_gateway_hybrid_0/inst/u_device_dna_reader/dna_bit_count_reg[2]/C
Low Pulse Width   Fast    FDCE/C        n/a            0.500         320.000     319.500    SLICE_X101Y110  udp_gateway_shadow_mirror_i/dma_gateway_hybrid_0/inst/u_device_dna_reader/dna_bit_count_reg[2]/C
Low Pulse Width   Slow    FDCE/C        n/a            0.500         320.000     319.500    SLICE_X99Y110   udp_gateway_shadow_mirror_i/dma_gateway_hybrid_0/inst/u_device_dna_reader/dna_bit_count_reg[3]/C
Low Pulse Width   Fast    FDCE/C        n/a            0.500         320.000     319.500    SLICE_X99Y110   udp_gateway_shadow_mirror_i/dma_gateway_hybrid_0/inst/u_device_dna_reader/dna_bit_count_reg[3]/C
Low Pulse Width   Slow    FDCE/C        n/a            0.500         320.000     319.500    SLICE_X99Y110   udp_gateway_shadow_mirror_i/dma_gateway_hybrid_0/inst/u_device_dna_reader/dna_bit_count_reg[4]/C
Low Pulse Width   Fast    FDCE/C        n/a            0.500         320.000     319.500    SLICE_X99Y110   udp_gateway_shadow_mirror_i/dma_gateway_hybrid_0/inst/u_device_dna_reader/dna_bit_count_reg[4]/C
High Pulse Width  Slow    FDCE/C        n/a            0.500         320.000     319.500    SLICE_X101Y110  udp_gateway_shadow_mirror_i/dma_gateway_hybrid_0/inst/u_device_dna_reader/dna_bit_count_reg[0]/C
High Pulse Width  Fast    FDCE/C        n/a            0.500         320.000     319.500    SLICE_X101Y110  udp_gateway_shadow_mirror_i/dma_gateway_hybrid_0/inst/u_device_dna_reader/dna_bit_count_reg[0]/C
High Pulse Width  Slow    FDCE/C        n/a            0.500         320.000     319.500    SLICE_X101Y110  udp_gateway_shadow_mirror_i/dma_gateway_hybrid_0/inst/u_device_dna_reader/dna_bit_count_reg[1]/C
High Pulse Width  Fast    FDCE/C        n/a            0.500         320.000     319.500    SLICE_X101Y110  udp_gateway_shadow_mirror_i/dma_gateway_hybrid_0/inst/u_device_dna_reader/dna_bit_count_reg[1]/C
High Pulse Width  Slow    FDCE/C        n/a            0.500         320.000     319.500    SLICE_X101Y110  udp_gateway_shadow_mirror_i/dma_gateway_hybrid_0/inst/u_device_dna_reader/dna_bit_count_reg[2]/C
High Pulse Width  Fast    FDCE/C        n/a            0.500         320.000     319.500    SLICE_X101Y110  udp_gateway_shadow_mirror_i/dma_gateway_hybrid_0/inst/u_device_dna_reader/dna_bit_count_reg[2]/C
High Pulse Width  Slow    FDCE/C        n/a            0.500         320.000     319.500    SLICE_X99Y110   udp_gateway_shadow_mirror_i/dma_gateway_hybrid_0/inst/u_device_dna_reader/dna_bit_count_reg[3]/C
High Pulse Width  Fast    FDCE/C        n/a            0.500         320.000     319.500    SLICE_X99Y110   udp_gateway_shadow_mirror_i/dma_gateway_hybrid_0/inst/u_device_dna_reader/dna_bit_count_reg[3]/C
High Pulse Width  Slow    FDCE/C        n/a            0.500         320.000     319.500    SLICE_X99Y110   udp_gateway_shadow_mirror_i/dma_gateway_hybrid_0/inst/u_device_dna_reader/dna_bit_count_reg[4]/C
High Pulse Width  Fast    FDCE/C        n/a            0.500         320.000     319.500    SLICE_X99Y110   udp_gateway_shadow_mirror_i/dma_gateway_hybrid_0/inst/u_device_dna_reader/dna_bit_count_reg[4]/C



---------------------------------------------------------------------------------------------------
From Clock:  shadow_dna_clk
  To Clock:  clk_fpga_0

Setup :            0  Failing Endpoints,  Worst Slack       10.530ns,  Total Violation        0.000ns
Hold  :            0  Failing Endpoints,  Worst Slack        1.214ns,  Total Violation        0.000ns
---------------------------------------------------------------------------------------------------


Max Delay Paths
--------------------------------------------------------------------------------------
Slack (MET) :             10.530ns  (required time - arrival time)
  Source:                 udp_gateway_shadow_mirror_i/dma_gateway_hybrid_0/inst/u_device_dna_reader/dna_busy_raw_reg/C
                            (rising edge-triggered cell FDPE clocked by shadow_dna_clk  {rise@0.000ns fall@320.000ns period=640.000ns})
  Destination:            udp_gateway_shadow_mirror_i/dma_gateway_hybrid_0/inst/u_device_dna_reader/dna_clk_reg/D
                            (rising edge-triggered cell FDCE clocked by clk_fpga_0  {rise@0.000ns fall@10.000ns period=20.000ns})
  Path Group:             clk_fpga_0
  Path Type:              Setup (Max at Slow Process Corner)
  Requirement:            20.000ns  (clk_fpga_0 rise@20.000ns - shadow_dna_clk rise@0.000ns)
  Data Path Delay:        4.839ns  (logic 0.580ns (11.985%)  route 4.259ns (88.015%))
  Logic Levels:           1  (LUT6=1)
  Clock Path Skew:        -4.360ns (DCD - SCD + CPR)
    Destination Clock Delay (DCD):    2.725ns = ( 22.726 - 20.000 ) 
    Source Clock Delay      (SCD):    7.200ns
    Clock Pessimism Removal (CPR):    0.115ns
  Clock Uncertainty:      0.302ns  ((TSJ^2 + TIJ^2)^1/2 + DJ) / 2 + PE
    Total System Jitter     (TSJ):    0.071ns
    Total Input Jitter      (TIJ):    0.600ns
    Discrete Jitter          (DJ):    0.000ns
    Phase Error              (PE):    0.000ns

    Location             Delay type                Incr(ns)  Path(ns)    Netlist Resource(s)
  -------------------------------------------------------------------    -------------------
                         (clock shadow_dna_clk rise edge)
                                                      0.000     0.000 r  
    PS7_X0Y0             PS7                          0.000     0.000 r  udp_gateway_shadow_mirror_i/processing_system7_0/inst/PS7_i/FCLKCLK[0]
                         net (fo=1, routed)           1.193     1.193    udp_gateway_shadow_mirror_i/processing_system7_0/inst/FCLK_CLK_unbuffered[0]
    BUFGCTRL_X0Y17       BUFG (Prop_bufg_I_O)         0.101     1.294 r  udp_gateway_shadow_mirror_i/processing_system7_0/inst/buffer_fclk_clk_0.FCLK_CLK_0_BUFG/O
                         net (fo=42827, routed)       1.719     3.013    udp_gateway_shadow_mirror_i/dma_gateway_hybrid_0/inst/u_device_dna_reader/clk
    SLICE_X69Y21         FDCE (Prop_fdce_C_Q)         0.456     3.469 r  udp_gateway_shadow_mirror_i/dma_gateway_hybrid_0/inst/u_device_dna_reader/dna_clk_reg/Q
                         net (fo=1, routed)           1.845     5.314    udp_gateway_shadow_mirror_i/dma_gateway_hybrid_0/inst/u_device_dna_reader/dna_clk
    BUFGCTRL_X0Y16       BUFG (Prop_bufg_I_O)         0.101     5.415 r  udp_gateway_shadow_mirror_i/dma_gateway_hybrid_0/inst/u_device_dna_reader/dna_clk_BUFG_inst/O
                         net (fo=69, routed)          1.785     7.200    udp_gateway_shadow_mirror_i/dma_gateway_hybrid_0/inst/u_device_dna_reader/dna_clk_BUFG
    SLICE_X99Y95         FDPE                                         r  udp_gateway_shadow_mirror_i/dma_gateway_hybrid_0/inst/u_device_dna_reader/dna_busy_raw_reg/C
  -------------------------------------------------------------------    -------------------
    SLICE_X99Y95         FDPE (Prop_fdpe_C_Q)         0.456     7.656 r  udp_gateway_shadow_mirror_i/dma_gateway_hybrid_0/inst/u_device_dna_reader/dna_busy_raw_reg/Q
                         net (fo=10, routed)          4.259    11.915    udp_gateway_shadow_mirror_i/dma_gateway_hybrid_0/inst/u_device_dna_reader/dna_busy_raw
    SLICE_X69Y21         LUT6 (Prop_lut6_I4_O)        0.124    12.039 r  udp_gateway_shadow_mirror_i/dma_gateway_hybrid_0/inst/u_device_dna_reader/dna_clk_i_1/O
                         net (fo=1, routed)           0.000    12.039    udp_gateway_shadow_mirror_i/dma_gateway_hybrid_0/inst/u_device_dna_reader/dna_clk_i_1_n_0
    SLICE_X69Y21         FDCE                                         r  udp_gateway_shadow_mirror_i/dma_gateway_hybrid_0/inst/u_device_dna_reader/dna_clk_reg/D
  -------------------------------------------------------------------    -------------------

                         (clock clk_fpga_0 rise edge)
                                                     20.000    20.000 r  
    PS7_X0Y0             PS7                          0.000    20.000 r  udp_gateway_shadow_mirror_i/processing_system7_0/inst/PS7_i/FCLKCLK[0]
                         net (fo=1, routed)           1.088    21.088    udp_gateway_shadow_mirror_i/processing_system7_0/inst/FCLK_CLK_unbuffered[0]
    BUFGCTRL_X0Y17       BUFG (Prop_bufg_I_O)         0.091    21.179 r  udp_gateway_shadow_mirror_i/processing_system7_0/inst/buffer_fclk_clk_0.FCLK_CLK_0_BUFG/O
                         net (fo=42827, routed)       1.546    22.726    udp_gateway_shadow_mirror_i/dma_gateway_hybrid_0/inst/u_device_dna_reader/clk
    SLICE_X69Y21         FDCE                                         r  udp_gateway_shadow_mirror_i/dma_gateway_hybrid_0/inst/u_device_dna_reader/dna_clk_reg/C
                         clock pessimism              0.115    22.840    
                         clock uncertainty           -0.302    22.538    
    SLICE_X69Y21         FDCE (Setup_fdce_C_D)        0.031    22.569    udp_gateway_shadow_mirror_i/dma_gateway_hybrid_0/inst/u_device_dna_reader/dna_clk_reg
  -------------------------------------------------------------------
                         required time                         22.569    
                         arrival time                         -12.039    
  -------------------------------------------------------------------
                         slack                                 10.530    

Slack (MET) :             10.538ns  (required time - arrival time)
  Source:                 udp_gateway_shadow_mirror_i/dma_gateway_hybrid_0/inst/u_device_dna_reader/dna_busy_raw_reg/C
                            (rising edge-triggered cell FDPE clocked by shadow_dna_clk  {rise@0.000ns fall@320.000ns period=640.000ns})
  Destination:            udp_gateway_shadow_mirror_i/dma_gateway_hybrid_0/inst/u_device_dna_reader/dna_clk_div_ctr_reg[0]/D
                            (rising edge-triggered cell FDCE clocked by clk_fpga_0  {rise@0.000ns fall@10.000ns period=20.000ns})
  Path Group:             clk_fpga_0
  Path Type:              Setup (Max at Slow Process Corner)
  Requirement:            20.000ns  (clk_fpga_0 rise@20.000ns - shadow_dna_clk rise@0.000ns)
  Data Path Delay:        4.829ns  (logic 0.580ns (12.010%)  route 4.249ns (87.990%))
  Logic Levels:           1  (LUT2=1)
  Clock Path Skew:        -4.360ns (DCD - SCD + CPR)
    Destination Clock Delay (DCD):    2.725ns = ( 22.726 - 20.000 ) 
    Source Clock Delay      (SCD):    7.200ns
    Clock Pessimism Removal (CPR):    0.115ns
  Clock Uncertainty:      0.302ns  ((TSJ^2 + TIJ^2)^1/2 + DJ) / 2 + PE
    Total System Jitter     (TSJ):    0.071ns
    Total Input Jitter      (TIJ):    0.600ns
    Discrete Jitter          (DJ):    0.000ns
    Phase Error              (PE):    0.000ns

    Location             Delay type                Incr(ns)  Path(ns)    Netlist Resource(s)
  -------------------------------------------------------------------    -------------------
                         (clock shadow_dna_clk rise edge)
                                                      0.000     0.000 r  
    PS7_X0Y0             PS7                          0.000     0.000 r  udp_gateway_shadow_mirror_i/processing_system7_0/inst/PS7_i/FCLKCLK[0]
                         net (fo=1, routed)           1.193     1.193    udp_gateway_shadow_mirror_i/processing_system7_0/inst/FCLK_CLK_unbuffered[0]
    BUFGCTRL_X0Y17       BUFG (Prop_bufg_I_O)         0.101     1.294 r  udp_gateway_shadow_mirror_i/processing_system7_0/inst/buffer_fclk_clk_0.FCLK_CLK_0_BUFG/O
                         net (fo=42827, routed)       1.719     3.013    udp_gateway_shadow_mirror_i/dma_gateway_hybrid_0/inst/u_device_dna_reader/clk
    SLICE_X69Y21         FDCE (Prop_fdce_C_Q)         0.456     3.469 r  udp_gateway_shadow_mirror_i/dma_gateway_hybrid_0/inst/u_device_dna_reader/dna_clk_reg/Q
                         net (fo=1, routed)           1.845     5.314    udp_gateway_shadow_mirror_i/dma_gateway_hybrid_0/inst/u_device_dna_reader/dna_clk
    BUFGCTRL_X0Y16       BUFG (Prop_bufg_I_O)         0.101     5.415 r  udp_gateway_shadow_mirror_i/dma_gateway_hybrid_0/inst/u_device_dna_reader/dna_clk_BUFG_inst/O
                         net (fo=69, routed)          1.785     7.200    udp_gateway_shadow_mirror_i/dma_gateway_hybrid_0/inst/u_device_dna_reader/dna_clk_BUFG
    SLICE_X99Y95         FDPE                                         r  udp_gateway_shadow_mirror_i/dma_gateway_hybrid_0/inst/u_device_dna_reader/dna_busy_raw_reg/C
  -------------------------------------------------------------------    -------------------
    SLICE_X99Y95         FDPE (Prop_fdpe_C_Q)         0.456     7.656 r  udp_gateway_shadow_mirror_i/dma_gateway_hybrid_0/inst/u_device_dna_reader/dna_busy_raw_reg/Q
                         net (fo=10, routed)          4.249    11.905    udp_gateway_shadow_mirror_i/dma_gateway_hybrid_0/inst/u_device_dna_reader/dna_busy_raw
    SLICE_X69Y21         LUT2 (Prop_lut2_I0_O)        0.124    12.029 r  udp_gateway_shadow_mirror_i/dma_gateway_hybrid_0/inst/u_device_dna_reader/dna_clk_div_ctr[0]_i_1/O
                         net (fo=1, routed)           0.000    12.029    udp_gateway_shadow_mirror_i/dma_gateway_hybrid_0/inst/u_device_dna_reader/dna_clk_div_ctr[0]_i_1_n_0
    SLICE_X69Y21         FDCE                                         r  udp_gateway_shadow_mirror_i/dma_gateway_hybrid_0/inst/u_device_dna_reader/dna_clk_div_ctr_reg[0]/D
  -------------------------------------------------------------------    -------------------

                         (clock clk_fpga_0 rise edge)
                                                     20.000    20.000 r  
    PS7_X0Y0             PS7                          0.000    20.000 r  udp_gateway_shadow_mirror_i/processing_system7_0/inst/PS7_i/FCLKCLK[0]
                         net (fo=1, routed)           1.088    21.088    udp_gateway_shadow_mirror_i/processing_system7_0/inst/FCLK_CLK_unbuffered[0]
    BUFGCTRL_X0Y17       BUFG (Prop_bufg_I_O)         0.091    21.179 r  udp_gateway_shadow_mirror_i/processing_system7_0/inst/buffer_fclk_clk_0.FCLK_CLK_0_BUFG/O
                         net (fo=42827, routed)       1.546    22.726    udp_gateway_shadow_mirror_i/dma_gateway_hybrid_0/inst/u_device_dna_reader/clk
    SLICE_X69Y21         FDCE                                         r  udp_gateway_shadow_mirror_i/dma_gateway_hybrid_0/inst/u_device_dna_reader/dna_clk_div_ctr_reg[0]/C
                         clock pessimism              0.115    22.840    
                         clock uncertainty           -0.302    22.538    
    SLICE_X69Y21         FDCE (Setup_fdce_C_D)        0.029    22.567    udp_gateway_shadow_mirror_i/dma_gateway_hybrid_0/inst/u_device_dna_reader/dna_clk_div_ctr_reg[0]
  -------------------------------------------------------------------
                         required time                         22.567    
                         arrival time                         -12.029    
  -------------------------------------------------------------------
                         slack                                 10.538    

Slack (MET) :             10.556ns  (required time - arrival time)
  Source:                 udp_gateway_shadow_mirror_i/dma_gateway_hybrid_0/inst/u_device_dna_reader/dna_busy_raw_reg/C
                            (rising edge-triggered cell FDPE clocked by shadow_dna_clk  {rise@0.000ns fall@320.000ns period=640.000ns})
  Destination:            udp_gateway_shadow_mirror_i/dma_gateway_hybrid_0/inst/u_device_dna_reader/dna_clk_div_ctr_reg[1]/D
                            (rising edge-triggered cell FDCE clocked by clk_fpga_0  {rise@0.000ns fall@10.000ns period=20.000ns})
  Path Group:             clk_fpga_0
  Path Type:              Setup (Max at Slow Process Corner)
  Requirement:            20.000ns  (clk_fpga_0 rise@20.000ns - shadow_dna_clk rise@0.000ns)
  Data Path Delay:        4.857ns  (logic 0.608ns (12.517%)  route 4.249ns (87.483%))
  Logic Levels:           1  (LUT3=1)
  Clock Path Skew:        -4.360ns (DCD - SCD + CPR)
    Destination Clock Delay (DCD):    2.725ns = ( 22.726 - 20.000 ) 
    Source Clock Delay      (SCD):    7.200ns
    Clock Pessimism Removal (CPR):    0.115ns
  Clock Uncertainty:      0.302ns  ((TSJ^2 + TIJ^2)^1/2 + DJ) / 2 + PE
    Total System Jitter     (TSJ):    0.071ns
    Total Input Jitter      (TIJ):    0.600ns
    Discrete Jitter          (DJ):    0.000ns
    Phase Error              (PE):    0.000ns

    Location             Delay type                Incr(ns)  Path(ns)    Netlist Resource(s)
  -------------------------------------------------------------------    -------------------
                         (clock shadow_dna_clk rise edge)
                                                      0.000     0.000 r  
    PS7_X0Y0             PS7                          0.000     0.000 r  udp_gateway_shadow_mirror_i/processing_system7_0/inst/PS7_i/FCLKCLK[0]
                         net (fo=1, routed)           1.193     1.193    udp_gateway_shadow_mirror_i/processing_system7_0/inst/FCLK_CLK_unbuffered[0]
    BUFGCTRL_X0Y17       BUFG (Prop_bufg_I_O)         0.101     1.294 r  udp_gateway_shadow_mirror_i/processing_system7_0/inst/buffer_fclk_clk_0.FCLK_CLK_0_BUFG/O
                         net (fo=42827, routed)       1.719     3.013    udp_gateway_shadow_mirror_i/dma_gateway_hybrid_0/inst/u_device_dna_reader/clk
    SLICE_X69Y21         FDCE (Prop_fdce_C_Q)         0.456     3.469 r  udp_gateway_shadow_mirror_i/dma_gateway_hybrid_0/inst/u_device_dna_reader/dna_clk_reg/Q
                         net (fo=1, routed)           1.845     5.314    udp_gateway_shadow_mirror_i/dma_gateway_hybrid_0/inst/u_device_dna_reader/dna_clk
    BUFGCTRL_X0Y16       BUFG (Prop_bufg_I_O)         0.101     5.415 r  udp_gateway_shadow_mirror_i/dma_gateway_hybrid_0/inst/u_device_dna_reader/dna_clk_BUFG_inst/O
                         net (fo=69, routed)          1.785     7.200    udp_gateway_shadow_mirror_i/dma_gateway_hybrid_0/inst/u_device_dna_reader/dna_clk_BUFG
    SLICE_X99Y95         FDPE                                         r  udp_gateway_shadow_mirror_i/dma_gateway_hybrid_0/inst/u_device_dna_reader/dna_busy_raw_reg/C
  -------------------------------------------------------------------    -------------------
    SLICE_X99Y95         FDPE (Prop_fdpe_C_Q)         0.456     7.656 r  udp_gateway_shadow_mirror_i/dma_gateway_hybrid_0/inst/u_device_dna_reader/dna_busy_raw_reg/Q
                         net (fo=10, routed)          4.249    11.905    udp_gateway_shadow_mirror_i/dma_gateway_hybrid_0/inst/u_device_dna_reader/dna_busy_raw
    SLICE_X69Y21         LUT3 (Prop_lut3_I0_O)        0.152    12.057 r  udp_gateway_shadow_mirror_i/dma_gateway_hybrid_0/inst/u_device_dna_reader/dna_clk_div_ctr[1]_i_1/O
                         net (fo=1, routed)           0.000    12.057    udp_gateway_shadow_mirror_i/dma_gateway_hybrid_0/inst/u_device_dna_reader/dna_clk_div_ctr[1]_i_1_n_0
    SLICE_X69Y21         FDCE                                         r  udp_gateway_shadow_mirror_i/dma_gateway_hybrid_0/inst/u_device_dna_reader/dna_clk_div_ctr_reg[1]/D
  -------------------------------------------------------------------    -------------------

                         (clock clk_fpga_0 rise edge)
                                                     20.000    20.000 r  
    PS7_X0Y0             PS7                          0.000    20.000 r  udp_gateway_shadow_mirror_i/processing_system7_0/inst/PS7_i/FCLKCLK[0]
                         net (fo=1, routed)           1.088    21.088    udp_gateway_shadow_mirror_i/processing_system7_0/inst/FCLK_CLK_unbuffered[0]
    BUFGCTRL_X0Y17       BUFG (Prop_bufg_I_O)         0.091    21.179 r  udp_gateway_shadow_mirror_i/processing_system7_0/inst/buffer_fclk_clk_0.FCLK_CLK_0_BUFG/O
                         net (fo=42827, routed)       1.546    22.726    udp_gateway_shadow_mirror_i/dma_gateway_hybrid_0/inst/u_device_dna_reader/clk
    SLICE_X69Y21         FDCE                                         r  udp_gateway_shadow_mirror_i/dma_gateway_hybrid_0/inst/u_device_dna_reader/dna_clk_div_ctr_reg[1]/C
                         clock pessimism              0.115    22.840    
                         clock uncertainty           -0.302    22.538    
    SLICE_X69Y21         FDCE (Setup_fdce_C_D)        0.075    22.613    udp_gateway_shadow_mirror_i/dma_gateway_hybrid_0/inst/u_device_dna_reader/dna_clk_div_ctr_reg[1]
  -------------------------------------------------------------------
                         required time                         22.613    
                         arrival time                         -12.057    
  -------------------------------------------------------------------
                         slack                                 10.556    

Slack (MET) :             10.910ns  (required time - arrival time)
  Source:                 udp_gateway_shadow_mirror_i/dma_gateway_hybrid_0/inst/u_device_dna_reader/dna_busy_raw_reg/C
                            (rising edge-triggered cell FDPE clocked by shadow_dna_clk  {rise@0.000ns fall@320.000ns period=640.000ns})
  Destination:            udp_gateway_shadow_mirror_i/dma_gateway_hybrid_0/inst/u_device_dna_reader/dna_done_sync_ff1_reg/D
                            (rising edge-triggered cell FDCE clocked by clk_fpga_0  {rise@0.000ns fall@10.000ns period=20.000ns})
  Path Group:             clk_fpga_0
  Path Type:              Setup (Max at Slow Process Corner)
  Requirement:            20.000ns  (clk_fpga_0 rise@20.000ns - shadow_dna_clk rise@0.000ns)
  Data Path Delay:        4.261ns  (logic 0.606ns (14.224%)  route 3.655ns (85.776%))
  Logic Levels:           1  (LUT1=1)
  Clock Path Skew:        -4.216ns (DCD - SCD + CPR)
    Destination Clock Delay (DCD):    2.869ns = ( 22.869 - 20.000 ) 
    Source Clock Delay      (SCD):    7.200ns
    Clock Pessimism Removal (CPR):    0.115ns
  Clock Uncertainty:      0.302ns  ((TSJ^2 + TIJ^2)^1/2 + DJ) / 2 + PE
    Total System Jitter     (TSJ):    0.071ns
    Total Input Jitter      (TIJ):    0.600ns
    Discrete Jitter          (DJ):    0.000ns
    Phase Error              (PE):    0.000ns

    Location             Delay type                Incr(ns)  Path(ns)    Netlist Resource(s)
  -------------------------------------------------------------------    -------------------
                         (clock shadow_dna_clk rise edge)
                                                      0.000     0.000 r  
    PS7_X0Y0             PS7                          0.000     0.000 r  udp_gateway_shadow_mirror_i/processing_system7_0/inst/PS7_i/FCLKCLK[0]
                         net (fo=1, routed)           1.193     1.193    udp_gateway_shadow_mirror_i/processing_system7_0/inst/FCLK_CLK_unbuffered[0]
    BUFGCTRL_X0Y17       BUFG (Prop_bufg_I_O)         0.101     1.294 r  udp_gateway_shadow_mirror_i/processing_system7_0/inst/buffer_fclk_clk_0.FCLK_CLK_0_BUFG/O
                         net (fo=42827, routed)       1.719     3.013    udp_gateway_shadow_mirror_i/dma_gateway_hybrid_0/inst/u_device_dna_reader/clk
    SLICE_X69Y21         FDCE (Prop_fdce_C_Q)         0.456     3.469 r  udp_gateway_shadow_mirror_i/dma_gateway_hybrid_0/inst/u_device_dna_reader/dna_clk_reg/Q
                         net (fo=1, routed)           1.845     5.314    udp_gateway_shadow_mirror_i/dma_gateway_hybrid_0/inst/u_device_dna_reader/dna_clk
    BUFGCTRL_X0Y16       BUFG (Prop_bufg_I_O)         0.101     5.415 r  udp_gateway_shadow_mirror_i/dma_gateway_hybrid_0/inst/u_device_dna_reader/dna_clk_BUFG_inst/O
                         net (fo=69, routed)          1.785     7.200    udp_gateway_shadow_mirror_i/dma_gateway_hybrid_0/inst/u_device_dna_reader/dna_clk_BUFG
    SLICE_X99Y95         FDPE                                         r  udp_gateway_shadow_mirror_i/dma_gateway_hybrid_0/inst/u_device_dna_reader/dna_busy_raw_reg/C
  -------------------------------------------------------------------    -------------------
    SLICE_X99Y95         FDPE (Prop_fdpe_C_Q)         0.456     7.656 f  udp_gateway_shadow_mirror_i/dma_gateway_hybrid_0/inst/u_device_dna_reader/dna_busy_raw_reg/Q
                         net (fo=10, routed)          3.312    10.968    udp_gateway_shadow_mirror_i/dma_gateway_hybrid_0/inst/u_device_dna_reader/dna_busy_raw
    SLICE_X108Y21        LUT1 (Prop_lut1_I0_O)        0.150    11.118 r  udp_gateway_shadow_mirror_i/dma_gateway_hybrid_0/inst/u_device_dna_reader/dna_done_sync_ff1_i_1/O
                         net (fo=1, routed)           0.343    11.461    udp_gateway_shadow_mirror_i/dma_gateway_hybrid_0/inst/u_device_dna_reader/dna_done_sync_ff1_i_1_n_0
    SLICE_X113Y21        FDCE                                         r  udp_gateway_shadow_mirror_i/dma_gateway_hybrid_0/inst/u_device_dna_reader/dna_done_sync_ff1_reg/D
  -------------------------------------------------------------------    -------------------

                         (clock clk_fpga_0 rise edge)
                                                     20.000    20.000 r  
    PS7_X0Y0             PS7                          0.000    20.000 r  udp_gateway_shadow_mirror_i/processing_system7_0/inst/PS7_i/FCLKCLK[0]
                         net (fo=1, routed)           1.088    21.088    udp_gateway_shadow_mirror_i/processing_system7_0/inst/FCLK_CLK_unbuffered[0]
    BUFGCTRL_X0Y17       BUFG (Prop_bufg_I_O)         0.091    21.179 r  udp_gateway_shadow_mirror_i/processing_system7_0/inst/buffer_fclk_clk_0.FCLK_CLK_0_BUFG/O
                         net (fo=42827, routed)       1.690    22.869    udp_gateway_shadow_mirror_i/dma_gateway_hybrid_0/inst/u_device_dna_reader/clk
    SLICE_X113Y21        FDCE                                         r  udp_gateway_shadow_mirror_i/dma_gateway_hybrid_0/inst/u_device_dna_reader/dna_done_sync_ff1_reg/C
                         clock pessimism              0.115    22.984    
                         clock uncertainty           -0.302    22.682    
    SLICE_X113Y21        FDCE (Setup_fdce_C_D)       -0.312    22.370    udp_gateway_shadow_mirror_i/dma_gateway_hybrid_0/inst/u_device_dna_reader/dna_done_sync_ff1_reg
  -------------------------------------------------------------------
                         required time                         22.370    
                         arrival time                         -11.461    
  -------------------------------------------------------------------
                         slack                                 10.910    

Slack (MET) :             10.931ns  (required time - arrival time)
  Source:                 udp_gateway_shadow_mirror_i/dma_gateway_hybrid_0/inst/u_device_dna_reader/dna_busy_raw_reg/C
                            (rising edge-triggered cell FDPE clocked by shadow_dna_clk  {rise@0.000ns fall@320.000ns period=640.000ns})
  Destination:            udp_gateway_shadow_mirror_i/dma_gateway_hybrid_0/inst/u_device_dna_reader/dna_clk_div_ctr_reg[2]/D
                            (rising edge-triggered cell FDCE clocked by clk_fpga_0  {rise@0.000ns fall@10.000ns period=20.000ns})
  Path Group:             clk_fpga_0
  Path Type:              Setup (Max at Slow Process Corner)
  Requirement:            20.000ns  (clk_fpga_0 rise@20.000ns - shadow_dna_clk rise@0.000ns)
  Data Path Delay:        4.438ns  (logic 0.580ns (13.068%)  route 3.858ns (86.932%))
  Logic Levels:           1  (LUT4=1)
  Clock Path Skew:        -4.360ns (DCD - SCD + CPR)
    Destination Clock Delay (DCD):    2.725ns = ( 22.726 - 20.000 ) 
    Source Clock Delay      (SCD):    7.200ns
    Clock Pessimism Removal (CPR):    0.115ns
  Clock Uncertainty:      0.302ns  ((TSJ^2 + TIJ^2)^1/2 + DJ) / 2 + PE
    Total System Jitter     (TSJ):    0.071ns
    Total Input Jitter      (TIJ):    0.600ns
    Discrete Jitter          (DJ):    0.000ns
    Phase Error              (PE):    0.000ns

    Location             Delay type                Incr(ns)  Path(ns)    Netlist Resource(s)
  -------------------------------------------------------------------    -------------------
                         (clock shadow_dna_clk rise edge)
                                                      0.000     0.000 r  
    PS7_X0Y0             PS7                          0.000     0.000 r  udp_gateway_shadow_mirror_i/processing_system7_0/inst/PS7_i/FCLKCLK[0]
                         net (fo=1, routed)           1.193     1.193    udp_gateway_shadow_mirror_i/processing_system7_0/inst/FCLK_CLK_unbuffered[0]
    BUFGCTRL_X0Y17       BUFG (Prop_bufg_I_O)         0.101     1.294 r  udp_gateway_shadow_mirror_i/processing_system7_0/inst/buffer_fclk_clk_0.FCLK_CLK_0_BUFG/O
                         net (fo=42827, routed)       1.719     3.013    udp_gateway_shadow_mirror_i/dma_gateway_hybrid_0/inst/u_device_dna_reader/clk
    SLICE_X69Y21         FDCE (Prop_fdce_C_Q)         0.456     3.469 r  udp_gateway_shadow_mirror_i/dma_gateway_hybrid_0/inst/u_device_dna_reader/dna_clk_reg/Q
                         net (fo=1, routed)           1.845     5.314    udp_gateway_shadow_mirror_i/dma_gateway_hybrid_0/inst/u_device_dna_reader/dna_clk
    BUFGCTRL_X0Y16       BUFG (Prop_bufg_I_O)         0.101     5.415 r  udp_gateway_shadow_mirror_i/dma_gateway_hybrid_0/inst/u_device_dna_reader/dna_clk_BUFG_inst/O
                         net (fo=69, routed)          1.785     7.200    udp_gateway_shadow_mirror_i/dma_gateway_hybrid_0/inst/u_device_dna_reader/dna_clk_BUFG
    SLICE_X99Y95         FDPE                                         r  udp_gateway_shadow_mirror_i/dma_gateway_hybrid_0/inst/u_device_dna_reader/dna_busy_raw_reg/C
  -------------------------------------------------------------------    -------------------
    SLICE_X99Y95         FDPE (Prop_fdpe_C_Q)         0.456     7.656 r  udp_gateway_shadow_mirror_i/dma_gateway_hybrid_0/inst/u_device_dna_reader/dna_busy_raw_reg/Q
                         net (fo=10, routed)          3.858    11.514    udp_gateway_shadow_mirror_i/dma_gateway_hybrid_0/inst/u_device_dna_reader/dna_busy_raw
    SLICE_X69Y21         LUT4 (Prop_lut4_I0_O)        0.124    11.638 r  udp_gateway_shadow_mirror_i/dma_gateway_hybrid_0/inst/u_device_dna_reader/dna_clk_div_ctr[2]_i_1/O
                         net (fo=1, routed)           0.000    11.638    udp_gateway_shadow_mirror_i/dma_gateway_hybrid_0/inst/u_device_dna_reader/dna_clk_div_ctr[2]_i_1_n_0
    SLICE_X69Y21         FDCE                                         r  udp_gateway_shadow_mirror_i/dma_gateway_hybrid_0/inst/u_device_dna_reader/dna_clk_div_ctr_reg[2]/D
  -------------------------------------------------------------------    -------------------

                         (clock clk_fpga_0 rise edge)
                                                     20.000    20.000 r  
    PS7_X0Y0             PS7                          0.000    20.000 r  udp_gateway_shadow_mirror_i/processing_system7_0/inst/PS7_i/FCLKCLK[0]
                         net (fo=1, routed)           1.088    21.088    udp_gateway_shadow_mirror_i/processing_system7_0/inst/FCLK_CLK_unbuffered[0]
    BUFGCTRL_X0Y17       BUFG (Prop_bufg_I_O)         0.091    21.179 r  udp_gateway_shadow_mirror_i/processing_system7_0/inst/buffer_fclk_clk_0.FCLK_CLK_0_BUFG/O
                         net (fo=42827, routed)       1.546    22.726    udp_gateway_shadow_mirror_i/dma_gateway_hybrid_0/inst/u_device_dna_reader/clk
    SLICE_X69Y21         FDCE                                         r  udp_gateway_shadow_mirror_i/dma_gateway_hybrid_0/inst/u_device_dna_reader/dna_clk_div_ctr_reg[2]/C
                         clock pessimism              0.115    22.840    
                         clock uncertainty           -0.302    22.538    
    SLICE_X69Y21         FDCE (Setup_fdce_C_D)        0.031    22.569    udp_gateway_shadow_mirror_i/dma_gateway_hybrid_0/inst/u_device_dna_reader/dna_clk_div_ctr_reg[2]
  -------------------------------------------------------------------
                         required time                         22.569    
                         arrival time                         -11.638    
  -------------------------------------------------------------------
                         slack                                 10.931    

Slack (MET) :             10.980ns  (required time - arrival time)
  Source:                 udp_gateway_shadow_mirror_i/dma_gateway_hybrid_0/inst/u_device_dna_reader/dna_busy_raw_reg/C
                            (rising edge-triggered cell FDPE clocked by shadow_dna_clk  {rise@0.000ns fall@320.000ns period=640.000ns})
  Destination:            udp_gateway_shadow_mirror_i/dma_gateway_hybrid_0/inst/u_device_dna_reader/dna_clk_div_ctr_reg[3]/D
                            (rising edge-triggered cell FDCE clocked by clk_fpga_0  {rise@0.000ns fall@10.000ns period=20.000ns})
  Path Group:             clk_fpga_0
  Path Type:              Setup (Max at Slow Process Corner)
  Requirement:            20.000ns  (clk_fpga_0 rise@20.000ns - shadow_dna_clk rise@0.000ns)
  Data Path Delay:        4.433ns  (logic 0.575ns (12.970%)  route 3.858ns (87.030%))
  Logic Levels:           1  (LUT5=1)
  Clock Path Skew:        -4.360ns (DCD - SCD + CPR)
    Destination Clock Delay (DCD):    2.725ns = ( 22.726 - 20.000 ) 
    Source Clock Delay      (SCD):    7.200ns
    Clock Pessimism Removal (CPR):    0.115ns
  Clock Uncertainty:      0.302ns  ((TSJ^2 + TIJ^2)^1/2 + DJ) / 2 + PE
    Total System Jitter     (TSJ):    0.071ns
    Total Input Jitter      (TIJ):    0.600ns
    Discrete Jitter          (DJ):    0.000ns
    Phase Error              (PE):    0.000ns

    Location             Delay type                Incr(ns)  Path(ns)    Netlist Resource(s)
  -------------------------------------------------------------------    -------------------
                         (clock shadow_dna_clk rise edge)
                                                      0.000     0.000 r  
    PS7_X0Y0             PS7                          0.000     0.000 r  udp_gateway_shadow_mirror_i/processing_system7_0/inst/PS7_i/FCLKCLK[0]
                         net (fo=1, routed)           1.193     1.193    udp_gateway_shadow_mirror_i/processing_system7_0/inst/FCLK_CLK_unbuffered[0]
    BUFGCTRL_X0Y17       BUFG (Prop_bufg_I_O)         0.101     1.294 r  udp_gateway_shadow_mirror_i/processing_system7_0/inst/buffer_fclk_clk_0.FCLK_CLK_0_BUFG/O
                         net (fo=42827, routed)       1.719     3.013    udp_gateway_shadow_mirror_i/dma_gateway_hybrid_0/inst/u_device_dna_reader/clk
    SLICE_X69Y21         FDCE (Prop_fdce_C_Q)         0.456     3.469 r  udp_gateway_shadow_mirror_i/dma_gateway_hybrid_0/inst/u_device_dna_reader/dna_clk_reg/Q
                         net (fo=1, routed)           1.845     5.314    udp_gateway_shadow_mirror_i/dma_gateway_hybrid_0/inst/u_device_dna_reader/dna_clk
    BUFGCTRL_X0Y16       BUFG (Prop_bufg_I_O)         0.101     5.415 r  udp_gateway_shadow_mirror_i/dma_gateway_hybrid_0/inst/u_device_dna_reader/dna_clk_BUFG_inst/O
                         net (fo=69, routed)          1.785     7.200    udp_gateway_shadow_mirror_i/dma_gateway_hybrid_0/inst/u_device_dna_reader/dna_clk_BUFG
    SLICE_X99Y95         FDPE                                         r  udp_gateway_shadow_mirror_i/dma_gateway_hybrid_0/inst/u_device_dna_reader/dna_busy_raw_reg/C
  -------------------------------------------------------------------    -------------------
    SLICE_X99Y95         FDPE (Prop_fdpe_C_Q)         0.456     7.656 r  udp_gateway_shadow_mirror_i/dma_gateway_hybrid_0/inst/u_device_dna_reader/dna_busy_raw_reg/Q
                         net (fo=10, routed)          3.858    11.514    udp_gateway_shadow_mirror_i/dma_gateway_hybrid_0/inst/u_device_dna_reader/dna_busy_raw
    SLICE_X69Y21         LUT5 (Prop_lut5_I0_O)        0.119    11.633 r  udp_gateway_shadow_mirror_i/dma_gateway_hybrid_0/inst/u_device_dna_reader/dna_clk_div_ctr[3]_i_1/O
                         net (fo=1, routed)           0.000    11.633    udp_gateway_shadow_mirror_i/dma_gateway_hybrid_0/inst/u_device_dna_reader/dna_clk_div_ctr[3]_i_1_n_0
    SLICE_X69Y21         FDCE                                         r  udp_gateway_shadow_mirror_i/dma_gateway_hybrid_0/inst/u_device_dna_reader/dna_clk_div_ctr_reg[3]/D
  -------------------------------------------------------------------    -------------------

                         (clock clk_fpga_0 rise edge)
                                                     20.000    20.000 r  
    PS7_X0Y0             PS7                          0.000    20.000 r  udp_gateway_shadow_mirror_i/processing_system7_0/inst/PS7_i/FCLKCLK[0]
                         net (fo=1, routed)           1.088    21.088    udp_gateway_shadow_mirror_i/processing_system7_0/inst/FCLK_CLK_unbuffered[0]
    BUFGCTRL_X0Y17       BUFG (Prop_bufg_I_O)         0.091    21.179 r  udp_gateway_shadow_mirror_i/processing_system7_0/inst/buffer_fclk_clk_0.FCLK_CLK_0_BUFG/O
                         net (fo=42827, routed)       1.546    22.726    udp_gateway_shadow_mirror_i/dma_gateway_hybrid_0/inst/u_device_dna_reader/clk
    SLICE_X69Y21         FDCE                                         r  udp_gateway_shadow_mirror_i/dma_gateway_hybrid_0/inst/u_device_dna_reader/dna_clk_div_ctr_reg[3]/C
                         clock pessimism              0.115    22.840    
                         clock uncertainty           -0.302    22.538    
    SLICE_X69Y21         FDCE (Setup_fdce_C_D)        0.075    22.613    udp_gateway_shadow_mirror_i/dma_gateway_hybrid_0/inst/u_device_dna_reader/dna_clk_div_ctr_reg[3]
  -------------------------------------------------------------------
                         required time                         22.613    
                         arrival time                         -11.633    
  -------------------------------------------------------------------
                         slack                                 10.980    

Slack (MET) :             13.074ns  (required time - arrival time)
  Source:                 udp_gateway_shadow_mirror_i/dma_gateway_hybrid_0/inst/u_device_dna_reader/dna_shift_value_reg[0]/C
                            (rising edge-triggered cell FDCE clocked by shadow_dna_clk  {rise@0.000ns fall@320.000ns period=640.000ns})
  Destination:            udp_gateway_shadow_mirror_i/dma_gateway_hybrid_0/inst/u_device_dna_reader/o_dna_value_reg[0]/D
                            (rising edge-triggered cell FDCE clocked by clk_fpga_0  {rise@0.000ns fall@10.000ns period=20.000ns})
  Path Group:             clk_fpga_0
  Path Type:              Setup (Max at Slow Process Corner)
  Requirement:            20.000ns  (clk_fpga_0 rise@20.000ns - shadow_dna_clk rise@0.000ns)
  Data Path Delay:        2.300ns  (logic 0.456ns (19.823%)  route 1.844ns (80.177%))
  Logic Levels:           0  
  Clock Path Skew:        -4.277ns (DCD - SCD + CPR)
    Destination Clock Delay (DCD):    2.868ns = ( 22.868 - 20.000 ) 
    Source Clock Delay      (SCD):    7.260ns
    Clock Pessimism Removal (CPR):    0.115ns
  Clock Uncertainty:      0.302ns  ((TSJ^2 + TIJ^2)^1/2 + DJ) / 2 + PE
    Total System Jitter     (TSJ):    0.071ns
    Total Input Jitter      (TIJ):    0.600ns
    Discrete Jitter          (DJ):    0.000ns
    Phase Error              (PE):    0.000ns

    Location             Delay type                Incr(ns)  Path(ns)    Netlist Resource(s)
  -------------------------------------------------------------------    -------------------
                         (clock shadow_dna_clk rise edge)
                                                      0.000     0.000 r  
    PS7_X0Y0             PS7                          0.000     0.000 r  udp_gateway_shadow_mirror_i/processing_system7_0/inst/PS7_i/FCLKCLK[0]
                         net (fo=1, routed)           1.193     1.193    udp_gateway_shadow_mirror_i/processing_system7_0/inst/FCLK_CLK_unbuffered[0]
    BUFGCTRL_X0Y17       BUFG (Prop_bufg_I_O)         0.101     1.294 r  udp_gateway_shadow_mirror_i/processing_system7_0/inst/buffer_fclk_clk_0.FCLK_CLK_0_BUFG/O
                         net (fo=42827, routed)       1.719     3.013    udp_gateway_shadow_mirror_i/dma_gateway_hybrid_0/inst/u_device_dna_reader/clk
    SLICE_X69Y21         FDCE (Prop_fdce_C_Q)         0.456     3.469 r  udp_gateway_shadow_mirror_i/dma_gateway_hybrid_0/inst/u_device_dna_reader/dna_clk_reg/Q
                         net (fo=1, routed)           1.845     5.314    udp_gateway_shadow_mirror_i/dma_gateway_hybrid_0/inst/u_device_dna_reader/dna_clk
    BUFGCTRL_X0Y16       BUFG (Prop_bufg_I_O)         0.101     5.415 r  udp_gateway_shadow_mirror_i/dma_gateway_hybrid_0/inst/u_device_dna_reader/dna_clk_BUFG_inst/O
                         net (fo=69, routed)          1.845     7.260    udp_gateway_shadow_mirror_i/dma_gateway_hybrid_0/inst/u_device_dna_reader/dna_clk_BUFG
    SLICE_X107Y73        FDCE                                         r  udp_gateway_shadow_mirror_i/dma_gateway_hybrid_0/inst/u_device_dna_reader/dna_shift_value_reg[0]/C
  -------------------------------------------------------------------    -------------------
    SLICE_X107Y73        FDCE (Prop_fdce_C_Q)         0.456     7.716 r  udp_gateway_shadow_mirror_i/dma_gateway_hybrid_0/inst/u_device_dna_reader/dna_shift_value_reg[0]/Q
                         net (fo=2, routed)           1.844     9.560    udp_gateway_shadow_mirror_i/dma_gateway_hybrid_0/inst/u_device_dna_reader/dna_shift_value[0]
    SLICE_X108Y29        FDCE                                         r  udp_gateway_shadow_mirror_i/dma_gateway_hybrid_0/inst/u_device_dna_reader/o_dna_value_reg[0]/D
  -------------------------------------------------------------------    -------------------

                         (clock clk_fpga_0 rise edge)
                                                     20.000    20.000 r  
    PS7_X0Y0             PS7                          0.000    20.000 r  udp_gateway_shadow_mirror_i/processing_system7_0/inst/PS7_i/FCLKCLK[0]
                         net (fo=1, routed)           1.088    21.088    udp_gateway_shadow_mirror_i/processing_system7_0/inst/FCLK_CLK_unbuffered[0]
    BUFGCTRL_X0Y17       BUFG (Prop_bufg_I_O)         0.091    21.179 r  udp_gateway_shadow_mirror_i/processing_system7_0/inst/buffer_fclk_clk_0.FCLK_CLK_0_BUFG/O
                         net (fo=42827, routed)       1.689    22.868    udp_gateway_shadow_mirror_i/dma_gateway_hybrid_0/inst/u_device_dna_reader/clk
    SLICE_X108Y29        FDCE                                         r  udp_gateway_shadow_mirror_i/dma_gateway_hybrid_0/inst/u_device_dna_reader/o_dna_value_reg[0]/C
                         clock pessimism              0.115    22.983    
                         clock uncertainty           -0.302    22.681    
    SLICE_X108Y29        FDCE (Setup_fdce_C_D)       -0.047    22.634    udp_gateway_shadow_mirror_i/dma_gateway_hybrid_0/inst/u_device_dna_reader/o_dna_value_reg[0]
  -------------------------------------------------------------------
                         required time                         22.634    
                         arrival time                          -9.560    
  -------------------------------------------------------------------
                         slack                                 13.074    

Slack (MET) :             13.452ns  (required time - arrival time)
  Source:                 udp_gateway_shadow_mirror_i/dma_gateway_hybrid_0/inst/u_device_dna_reader/dna_shift_value_reg[11]/C
                            (rising edge-triggered cell FDCE clocked by shadow_dna_clk  {rise@0.000ns fall@320.000ns period=640.000ns})
  Destination:            udp_gateway_shadow_mirror_i/dma_gateway_hybrid_0/inst/u_device_dna_reader/o_dna_value_reg[11]/D
                            (rising edge-triggered cell FDCE clocked by clk_fpga_0  {rise@0.000ns fall@10.000ns period=20.000ns})
  Path Group:             clk_fpga_0
  Path Type:              Setup (Max at Slow Process Corner)
  Requirement:            20.000ns  (clk_fpga_0 rise@20.000ns - shadow_dna_clk rise@0.000ns)
  Data Path Delay:        1.900ns  (logic 0.518ns (27.270%)  route 1.382ns (72.730%))
  Logic Levels:           0  
  Clock Path Skew:        -4.300ns (DCD - SCD + CPR)
    Destination Clock Delay (DCD):    2.879ns = ( 22.879 - 20.000 ) 
    Source Clock Delay      (SCD):    7.294ns
    Clock Pessimism Removal (CPR):    0.115ns
  Clock Uncertainty:      0.302ns  ((TSJ^2 + TIJ^2)^1/2 + DJ) / 2 + PE
    Total System Jitter     (TSJ):    0.071ns
    Total Input Jitter      (TIJ):    0.600ns
    Discrete Jitter          (DJ):    0.000ns
    Phase Error              (PE):    0.000ns

    Location             Delay type                Incr(ns)  Path(ns)    Netlist Resource(s)
  -------------------------------------------------------------------    -------------------
                         (clock shadow_dna_clk rise edge)
                                                      0.000     0.000 r  
    PS7_X0Y0             PS7                          0.000     0.000 r  udp_gateway_shadow_mirror_i/processing_system7_0/inst/PS7_i/FCLKCLK[0]
                         net (fo=1, routed)           1.193     1.193    udp_gateway_shadow_mirror_i/processing_system7_0/inst/FCLK_CLK_unbuffered[0]
    BUFGCTRL_X0Y17       BUFG (Prop_bufg_I_O)         0.101     1.294 r  udp_gateway_shadow_mirror_i/processing_system7_0/inst/buffer_fclk_clk_0.FCLK_CLK_0_BUFG/O
                         net (fo=42827, routed)       1.719     3.013    udp_gateway_shadow_mirror_i/dma_gateway_hybrid_0/inst/u_device_dna_reader/clk
    SLICE_X69Y21         FDCE (Prop_fdce_C_Q)         0.456     3.469 r  udp_gateway_shadow_mirror_i/dma_gateway_hybrid_0/inst/u_device_dna_reader/dna_clk_reg/Q
                         net (fo=1, routed)           1.845     5.314    udp_gateway_shadow_mirror_i/dma_gateway_hybrid_0/inst/u_device_dna_reader/dna_clk
    BUFGCTRL_X0Y16       BUFG (Prop_bufg_I_O)         0.101     5.415 r  udp_gateway_shadow_mirror_i/dma_gateway_hybrid_0/inst/u_device_dna_reader/dna_clk_BUFG_inst/O
                         net (fo=69, routed)          1.879     7.294    udp_gateway_shadow_mirror_i/dma_gateway_hybrid_0/inst/u_device_dna_reader/dna_clk_BUFG
    SLICE_X112Y38        FDCE                                         r  udp_gateway_shadow_mirror_i/dma_gateway_hybrid_0/inst/u_device_dna_reader/dna_shift_value_reg[11]/C
  -------------------------------------------------------------------    -------------------
    SLICE_X112Y38        FDCE (Prop_fdce_C_Q)         0.518     7.812 r  udp_gateway_shadow_mirror_i/dma_gateway_hybrid_0/inst/u_device_dna_reader/dna_shift_value_reg[11]/Q
                         net (fo=2, routed)           1.382     9.194    udp_gateway_shadow_mirror_i/dma_gateway_hybrid_0/inst/u_device_dna_reader/dna_shift_value[11]
    SLICE_X112Y39        FDCE                                         r  udp_gateway_shadow_mirror_i/dma_gateway_hybrid_0/inst/u_device_dna_reader/o_dna_value_reg[11]/D
  -------------------------------------------------------------------    -------------------

                         (clock clk_fpga_0 rise edge)
                                                     20.000    20.000 r  
    PS7_X0Y0             PS7                          0.000    20.000 r  udp_gateway_shadow_mirror_i/processing_system7_0/inst/PS7_i/FCLKCLK[0]
                         net (fo=1, routed)           1.088    21.088    udp_gateway_shadow_mirror_i/processing_system7_0/inst/FCLK_CLK_unbuffered[0]
    BUFGCTRL_X0Y17       BUFG (Prop_bufg_I_O)         0.091    21.179 r  udp_gateway_shadow_mirror_i/processing_system7_0/inst/buffer_fclk_clk_0.FCLK_CLK_0_BUFG/O
                         net (fo=42827, routed)       1.700    22.879    udp_gateway_shadow_mirror_i/dma_gateway_hybrid_0/inst/u_device_dna_reader/clk
    SLICE_X112Y39        FDCE                                         r  udp_gateway_shadow_mirror_i/dma_gateway_hybrid_0/inst/u_device_dna_reader/o_dna_value_reg[11]/C
                         clock pessimism              0.115    22.994    
                         clock uncertainty           -0.302    22.692    
    SLICE_X112Y39        FDCE (Setup_fdce_C_D)       -0.047    22.645    udp_gateway_shadow_mirror_i/dma_gateway_hybrid_0/inst/u_device_dna_reader/o_dna_value_reg[11]
  -------------------------------------------------------------------
                         required time                         22.645    
                         arrival time                          -9.194    
  -------------------------------------------------------------------
                         slack                                 13.452    

Slack (MET) :             13.661ns  (required time - arrival time)
  Source:                 udp_gateway_shadow_mirror_i/dma_gateway_hybrid_0/inst/u_device_dna_reader/dna_shift_value_reg[9]/C
                            (rising edge-triggered cell FDCE clocked by shadow_dna_clk  {rise@0.000ns fall@320.000ns period=640.000ns})
  Destination:            udp_gateway_shadow_mirror_i/dma_gateway_hybrid_0/inst/u_device_dna_reader/o_dna_value_reg[9]/D
                            (rising edge-triggered cell FDCE clocked by clk_fpga_0  {rise@0.000ns fall@10.000ns period=20.000ns})
  Path Group:             clk_fpga_0
  Path Type:              Setup (Max at Slow Process Corner)
  Requirement:            20.000ns  (clk_fpga_0 rise@20.000ns - shadow_dna_clk rise@0.000ns)
  Data Path Delay:        1.553ns  (logic 0.478ns (30.784%)  route 1.075ns (69.216%))
  Logic Levels:           0  
  Clock Path Skew:        -4.300ns (DCD - SCD + CPR)
    Destination Clock Delay (DCD):    2.879ns = ( 22.879 - 20.000 ) 
    Source Clock Delay      (SCD):    7.294ns
    Clock Pessimism Removal (CPR):    0.115ns
  Clock Uncertainty:      0.302ns  ((TSJ^2 + TIJ^2)^1/2 + DJ) / 2 + PE
    Total System Jitter     (TSJ):    0.071ns
    Total Input Jitter      (TIJ):    0.600ns
    Discrete Jitter          (DJ):    0.000ns
    Phase Error              (PE):    0.000ns

    Location             Delay type                Incr(ns)  Path(ns)    Netlist Resource(s)
  -------------------------------------------------------------------    -------------------
                         (clock shadow_dna_clk rise edge)
                                                      0.000     0.000 r  
    PS7_X0Y0             PS7                          0.000     0.000 r  udp_gateway_shadow_mirror_i/processing_system7_0/inst/PS7_i/FCLKCLK[0]
                         net (fo=1, routed)           1.193     1.193    udp_gateway_shadow_mirror_i/processing_system7_0/inst/FCLK_CLK_unbuffered[0]
    BUFGCTRL_X0Y17       BUFG (Prop_bufg_I_O)         0.101     1.294 r  udp_gateway_shadow_mirror_i/processing_system7_0/inst/buffer_fclk_clk_0.FCLK_CLK_0_BUFG/O
                         net (fo=42827, routed)       1.719     3.013    udp_gateway_shadow_mirror_i/dma_gateway_hybrid_0/inst/u_device_dna_reader/clk
    SLICE_X69Y21         FDCE (Prop_fdce_C_Q)         0.456     3.469 r  udp_gateway_shadow_mirror_i/dma_gateway_hybrid_0/inst/u_device_dna_reader/dna_clk_reg/Q
                         net (fo=1, routed)           1.845     5.314    udp_gateway_shadow_mirror_i/dma_gateway_hybrid_0/inst/u_device_dna_reader/dna_clk
    BUFGCTRL_X0Y16       BUFG (Prop_bufg_I_O)         0.101     5.415 r  udp_gateway_shadow_mirror_i/dma_gateway_hybrid_0/inst/u_device_dna_reader/dna_clk_BUFG_inst/O
                         net (fo=69, routed)          1.879     7.294    udp_gateway_shadow_mirror_i/dma_gateway_hybrid_0/inst/u_device_dna_reader/dna_clk_BUFG
    SLICE_X112Y38        FDCE                                         r  udp_gateway_shadow_mirror_i/dma_gateway_hybrid_0/inst/u_device_dna_reader/dna_shift_value_reg[9]/C
  -------------------------------------------------------------------    -------------------
    SLICE_X112Y38        FDCE (Prop_fdce_C_Q)         0.478     7.772 r  udp_gateway_shadow_mirror_i/dma_gateway_hybrid_0/inst/u_device_dna_reader/dna_shift_value_reg[9]/Q
                         net (fo=2, routed)           1.075     8.847    udp_gateway_shadow_mirror_i/dma_gateway_hybrid_0/inst/u_device_dna_reader/dna_shift_value[9]
    SLICE_X112Y39        FDCE                                         r  udp_gateway_shadow_mirror_i/dma_gateway_hybrid_0/inst/u_device_dna_reader/o_dna_value_reg[9]/D
  -------------------------------------------------------------------    -------------------

                         (clock clk_fpga_0 rise edge)
                                                     20.000    20.000 r  
    PS7_X0Y0             PS7                          0.000    20.000 r  udp_gateway_shadow_mirror_i/processing_system7_0/inst/PS7_i/FCLKCLK[0]
                         net (fo=1, routed)           1.088    21.088    udp_gateway_shadow_mirror_i/processing_system7_0/inst/FCLK_CLK_unbuffered[0]
    BUFGCTRL_X0Y17       BUFG (Prop_bufg_I_O)         0.091    21.179 r  udp_gateway_shadow_mirror_i/processing_system7_0/inst/buffer_fclk_clk_0.FCLK_CLK_0_BUFG/O
                         net (fo=42827, routed)       1.700    22.879    udp_gateway_shadow_mirror_i/dma_gateway_hybrid_0/inst/u_device_dna_reader/clk
    SLICE_X112Y39        FDCE                                         r  udp_gateway_shadow_mirror_i/dma_gateway_hybrid_0/inst/u_device_dna_reader/o_dna_value_reg[9]/C
                         clock pessimism              0.115    22.994    
                         clock uncertainty           -0.302    22.692    
    SLICE_X112Y39        FDCE (Setup_fdce_C_D)       -0.185    22.507    udp_gateway_shadow_mirror_i/dma_gateway_hybrid_0/inst/u_device_dna_reader/o_dna_value_reg[9]
  -------------------------------------------------------------------
                         required time                         22.507    
                         arrival time                          -8.847    
  -------------------------------------------------------------------
                         slack                                 13.661    

Slack (MET) :             13.763ns  (required time - arrival time)
  Source:                 udp_gateway_shadow_mirror_i/dma_gateway_hybrid_0/inst/u_device_dna_reader/dna_shift_value_reg[45]/C
                            (rising edge-triggered cell FDCE clocked by shadow_dna_clk  {rise@0.000ns fall@320.000ns period=640.000ns})
  Destination:            udp_gateway_shadow_mirror_i/dma_gateway_hybrid_0/inst/u_device_dna_reader/o_dna_value_reg[45]/D
                            (rising edge-triggered cell FDCE clocked by clk_fpga_0  {rise@0.000ns fall@10.000ns period=20.000ns})
  Path Group:             clk_fpga_0
  Path Type:              Setup (Max at Slow Process Corner)
  Requirement:            20.000ns  (clk_fpga_0 rise@20.000ns - shadow_dna_clk rise@0.000ns)
  Data Path Delay:        1.591ns  (logic 0.456ns (28.658%)  route 1.135ns (71.342%))
  Logic Levels:           0  
  Clock Path Skew:        -4.301ns (DCD - SCD + CPR)
    Destination Clock Delay (DCD):    2.882ns = ( 22.882 - 20.000 ) 
    Source Clock Delay      (SCD):    7.298ns
    Clock Pessimism Removal (CPR):    0.115ns
  Clock Uncertainty:      0.302ns  ((TSJ^2 + TIJ^2)^1/2 + DJ) / 2 + PE
    Total System Jitter     (TSJ):    0.071ns
    Total Input Jitter      (TIJ):    0.600ns
    Discrete Jitter          (DJ):    0.000ns
    Phase Error              (PE):    0.000ns

    Location             Delay type                Incr(ns)  Path(ns)    Netlist Resource(s)
  -------------------------------------------------------------------    -------------------
                         (clock shadow_dna_clk rise edge)
                                                      0.000     0.000 r  
    PS7_X0Y0             PS7                          0.000     0.000 r  udp_gateway_shadow_mirror_i/processing_system7_0/inst/PS7_i/FCLKCLK[0]
                         net (fo=1, routed)           1.193     1.193    udp_gateway_shadow_mirror_i/processing_system7_0/inst/FCLK_CLK_unbuffered[0]
    BUFGCTRL_X0Y17       BUFG (Prop_bufg_I_O)         0.101     1.294 r  udp_gateway_shadow_mirror_i/processing_system7_0/inst/buffer_fclk_clk_0.FCLK_CLK_0_BUFG/O
                         net (fo=42827, routed)       1.719     3.013    udp_gateway_shadow_mirror_i/dma_gateway_hybrid_0/inst/u_device_dna_reader/clk
    SLICE_X69Y21         FDCE (Prop_fdce_C_Q)         0.456     3.469 r  udp_gateway_shadow_mirror_i/dma_gateway_hybrid_0/inst/u_device_dna_reader/dna_clk_reg/Q
                         net (fo=1, routed)           1.845     5.314    udp_gateway_shadow_mirror_i/dma_gateway_hybrid_0/inst/u_device_dna_reader/dna_clk
    BUFGCTRL_X0Y16       BUFG (Prop_bufg_I_O)         0.101     5.415 r  udp_gateway_shadow_mirror_i/dma_gateway_hybrid_0/inst/u_device_dna_reader/dna_clk_BUFG_inst/O
                         net (fo=69, routed)          1.883     7.298    udp_gateway_shadow_mirror_i/dma_gateway_hybrid_0/inst/u_device_dna_reader/dna_clk_BUFG
    SLICE_X110Y48        FDCE                                         r  udp_gateway_shadow_mirror_i/dma_gateway_hybrid_0/inst/u_device_dna_reader/dna_shift_value_reg[45]/C
  -------------------------------------------------------------------    -------------------
    SLICE_X110Y48        FDCE (Prop_fdce_C_Q)         0.456     7.754 r  udp_gateway_shadow_mirror_i/dma_gateway_hybrid_0/inst/u_device_dna_reader/dna_shift_value_reg[45]/Q
                         net (fo=2, routed)           1.135     8.889    udp_gateway_shadow_mirror_i/dma_gateway_hybrid_0/inst/u_device_dna_reader/dna_shift_value[45]
    SLICE_X111Y48        FDCE                                         r  udp_gateway_shadow_mirror_i/dma_gateway_hybrid_0/inst/u_device_dna_reader/o_dna_value_reg[45]/D
  -------------------------------------------------------------------    -------------------

                         (clock clk_fpga_0 rise edge)
                                                     20.000    20.000 r  
    PS7_X0Y0             PS7                          0.000    20.000 r  udp_gateway_shadow_mirror_i/processing_system7_0/inst/PS7_i/FCLKCLK[0]
                         net (fo=1, routed)           1.088    21.088    udp_gateway_shadow_mirror_i/processing_system7_0/inst/FCLK_CLK_unbuffered[0]
    BUFGCTRL_X0Y17       BUFG (Prop_bufg_I_O)         0.091    21.179 r  udp_gateway_shadow_mirror_i/processing_system7_0/inst/buffer_fclk_clk_0.FCLK_CLK_0_BUFG/O
                         net (fo=42827, routed)       1.703    22.882    udp_gateway_shadow_mirror_i/dma_gateway_hybrid_0/inst/u_device_dna_reader/clk
    SLICE_X111Y48        FDCE                                         r  udp_gateway_shadow_mirror_i/dma_gateway_hybrid_0/inst/u_device_dna_reader/o_dna_value_reg[45]/C
                         clock pessimism              0.115    22.997    
                         clock uncertainty           -0.302    22.695    
    SLICE_X111Y48        FDCE (Setup_fdce_C_D)       -0.043    22.652    udp_gateway_shadow_mirror_i/dma_gateway_hybrid_0/inst/u_device_dna_reader/o_dna_value_reg[45]
  -------------------------------------------------------------------
                         required time                         22.652    
                         arrival time                          -8.889    
  -------------------------------------------------------------------
                         slack                                 13.763    





Min Delay Paths
--------------------------------------------------------------------------------------
Slack (MET) :             1.214ns  (arrival time - required time)
  Source:                 udp_gateway_shadow_mirror_i/dma_gateway_hybrid_0/inst/u_device_dna_reader/dna_clk_reg/Q
                            (clock source 'shadow_dna_clk'  {rise@0.000ns fall@320.000ns period=640.000ns})
  Destination:            udp_gateway_shadow_mirror_i/dma_gateway_hybrid_0/inst/u_device_dna_reader/dna_clk_reg/D
                            (rising edge-triggered cell FDCE clocked by clk_fpga_0  {rise@0.000ns fall@10.000ns period=20.000ns})
  Path Group:             clk_fpga_0
  Path Type:              Hold (Min at Fast Process Corner)
  Requirement:            0.000ns  (clk_fpga_0 rise@320.000ns - shadow_dna_clk fall@320.000ns)
  Data Path Delay:        1.430ns  (logic 0.071ns (4.964%)  route 1.359ns (95.038%))
  Logic Levels:           2  (BUFG=1 LUT6=1)
  Clock Path Skew:        0.124ns (DCD - SCD - CPR)
    Destination Clock Delay (DCD):    1.208ns = ( 321.208 - 320.000 ) 
    Source Clock Delay      (SCD):    1.054ns = ( 321.053 - 320.000 ) 
    Clock Pessimism Removal (CPR):    0.030ns

    Location             Delay type                Incr(ns)  Path(ns)    Netlist Resource(s)
  -------------------------------------------------------------------    -------------------
                         (clock shadow_dna_clk fall edge)
                                                    320.000   320.000 f  
    PS7_X0Y0             PS7                          0.000   320.000 r  udp_gateway_shadow_mirror_i/processing_system7_0/inst/PS7_i/FCLKCLK[0]
                         net (fo=1, routed)           0.310   320.310    udp_gateway_shadow_mirror_i/processing_system7_0/inst/FCLK_CLK_unbuffered[0]
    BUFGCTRL_X0Y17       BUFG (Prop_bufg_I_O)         0.026   320.336 r  udp_gateway_shadow_mirror_i/processing_system7_0/inst/buffer_fclk_clk_0.FCLK_CLK_0_BUFG/O
                         net (fo=42827, routed)       0.577   320.913    udp_gateway_shadow_mirror_i/dma_gateway_hybrid_0/inst/u_device_dna_reader/clk
  -------------------------------------------------------------------    -------------------
    SLICE_X69Y21         FDCE (Prop_fdce_C_Q)         0.141   321.053 f  udp_gateway_shadow_mirror_i/dma_gateway_hybrid_0/inst/u_device_dna_reader/dna_clk_reg/Q
                         net (fo=1, routed)           0.731   321.785    udp_gateway_shadow_mirror_i/dma_gateway_hybrid_0/inst/u_device_dna_reader/dna_clk
    BUFGCTRL_X0Y16       BUFG (Prop_bufg_I_O)         0.026   321.811 f  udp_gateway_shadow_mirror_i/dma_gateway_hybrid_0/inst/u_device_dna_reader/dna_clk_BUFG_inst/O
                         net (fo=69, routed)          0.628   322.439    udp_gateway_shadow_mirror_i/dma_gateway_hybrid_0/inst/u_device_dna_reader/dna_clk_BUFG
    SLICE_X69Y21         LUT6 (Prop_lut6_I5_O)        0.045   322.484 r  udp_gateway_shadow_mirror_i/dma_gateway_hybrid_0/inst/u_device_dna_reader/dna_clk_i_1/O
                         net (fo=1, routed)           0.000   322.484    udp_gateway_shadow_mirror_i/dma_gateway_hybrid_0/inst/u_device_dna_reader/dna_clk_i_1_n_0
    SLICE_X69Y21         FDCE                                         r  udp_gateway_shadow_mirror_i/dma_gateway_hybrid_0/inst/u_device_dna_reader/dna_clk_reg/D
  -------------------------------------------------------------------    -------------------

                         (clock clk_fpga_0 rise edge)
                                                    320.000   320.000 r  
    PS7_X0Y0             PS7                          0.000   320.000 r  udp_gateway_shadow_mirror_i/processing_system7_0/inst/PS7_i/FCLKCLK[0]
                         net (fo=1, routed)           0.337   320.337    udp_gateway_shadow_mirror_i/processing_system7_0/inst/FCLK_CLK_unbuffered[0]
    BUFGCTRL_X0Y17       BUFG (Prop_bufg_I_O)         0.029   320.366 r  udp_gateway_shadow_mirror_i/processing_system7_0/inst/buffer_fclk_clk_0.FCLK_CLK_0_BUFG/O
                         net (fo=42827, routed)       0.842   321.208    udp_gateway_shadow_mirror_i/dma_gateway_hybrid_0/inst/u_device_dna_reader/clk
    SLICE_X69Y21         FDCE                                         r  udp_gateway_shadow_mirror_i/dma_gateway_hybrid_0/inst/u_device_dna_reader/dna_clk_reg/C
                         clock pessimism             -0.030   321.178    
    SLICE_X69Y21         FDCE (Hold_fdce_C_D)         0.092   321.270    udp_gateway_shadow_mirror_i/dma_gateway_hybrid_0/inst/u_device_dna_reader/dna_clk_reg
  -------------------------------------------------------------------
                         required time                       -321.270    
                         arrival time                         322.484    
  -------------------------------------------------------------------
                         slack                                  1.214    

Slack (MET) :             1.365ns  (arrival time - required time)
  Source:                 udp_gateway_shadow_mirror_i/dma_gateway_hybrid_0/inst/u_device_dna_reader/dna_shift_value_reg[21]/C
                            (rising edge-triggered cell FDCE clocked by shadow_dna_clk  {rise@0.000ns fall@320.000ns period=640.000ns})
  Destination:            udp_gateway_shadow_mirror_i/dma_gateway_hybrid_0/inst/u_device_dna_reader/o_dna_value_reg[21]/D
                            (rising edge-triggered cell FDCE clocked by clk_fpga_0  {rise@0.000ns fall@10.000ns period=20.000ns})
  Path Group:             clk_fpga_0
  Path Type:              Hold (Min at Fast Process Corner)
  Requirement:            0.000ns  (clk_fpga_0 rise@0.000ns - shadow_dna_clk rise@0.000ns)
  Data Path Delay:        0.208ns  (logic 0.141ns (67.636%)  route 0.067ns (32.364%))
  Logic Levels:           0  
  Clock Path Skew:        -1.203ns (DCD - SCD - CPR)
    Destination Clock Delay (DCD):    1.280ns
    Source Clock Delay      (SCD):    2.453ns
    Clock Pessimism Removal (CPR):    0.030ns

    Location             Delay type                Incr(ns)  Path(ns)    Netlist Resource(s)
  -------------------------------------------------------------------    -------------------
                         (clock shadow_dna_clk rise edge)
                                                      0.000     0.000 r  
    PS7_X0Y0             PS7                          0.000     0.000 r  udp_gateway_shadow_mirror_i/processing_system7_0/inst/PS7_i/FCLKCLK[0]
                         net (fo=1, routed)           0.310     0.310    udp_gateway_shadow_mirror_i/processing_system7_0/inst/FCLK_CLK_unbuffered[0]
    BUFGCTRL_X0Y17       BUFG (Prop_bufg_I_O)         0.026     0.336 r  udp_gateway_shadow_mirror_i/processing_system7_0/inst/buffer_fclk_clk_0.FCLK_CLK_0_BUFG/O
                         net (fo=42827, routed)       0.577     0.913    udp_gateway_shadow_mirror_i/dma_gateway_hybrid_0/inst/u_device_dna_reader/clk
    SLICE_X69Y21         FDCE (Prop_fdce_C_Q)         0.141     1.054 r  udp_gateway_shadow_mirror_i/dma_gateway_hybrid_0/inst/u_device_dna_reader/dna_clk_reg/Q
                         net (fo=1, routed)           0.731     1.785    udp_gateway_shadow_mirror_i/dma_gateway_hybrid_0/inst/u_device_dna_reader/dna_clk
    BUFGCTRL_X0Y16       BUFG (Prop_bufg_I_O)         0.026     1.811 r  udp_gateway_shadow_mirror_i/dma_gateway_hybrid_0/inst/u_device_dna_reader/dna_clk_BUFG_inst/O
                         net (fo=69, routed)          0.643     2.453    udp_gateway_shadow_mirror_i/dma_gateway_hybrid_0/inst/u_device_dna_reader/dna_clk_BUFG
    SLICE_X110Y48        FDCE                                         r  udp_gateway_shadow_mirror_i/dma_gateway_hybrid_0/inst/u_device_dna_reader/dna_shift_value_reg[21]/C
  -------------------------------------------------------------------    -------------------
    SLICE_X110Y48        FDCE (Prop_fdce_C_Q)         0.141     2.594 r  udp_gateway_shadow_mirror_i/dma_gateway_hybrid_0/inst/u_device_dna_reader/dna_shift_value_reg[21]/Q
                         net (fo=2, routed)           0.067     2.662    udp_gateway_shadow_mirror_i/dma_gateway_hybrid_0/inst/u_device_dna_reader/dna_shift_value[21]
    SLICE_X111Y48        FDCE                                         r  udp_gateway_shadow_mirror_i/dma_gateway_hybrid_0/inst/u_device_dna_reader/o_dna_value_reg[21]/D
  -------------------------------------------------------------------    -------------------

                         (clock clk_fpga_0 rise edge)
                                                      0.000     0.000 r  
    PS7_X0Y0             PS7                          0.000     0.000 r  udp_gateway_shadow_mirror_i/processing_system7_0/inst/PS7_i/FCLKCLK[0]
                         net (fo=1, routed)           0.337     0.337    udp_gateway_shadow_mirror_i/processing_system7_0/inst/FCLK_CLK_unbuffered[0]
    BUFGCTRL_X0Y17       BUFG (Prop_bufg_I_O)         0.029     0.366 r  udp_gateway_shadow_mirror_i/processing_system7_0/inst/buffer_fclk_clk_0.FCLK_CLK_0_BUFG/O
                         net (fo=42827, routed)       0.914     1.280    udp_gateway_shadow_mirror_i/dma_gateway_hybrid_0/inst/u_device_dna_reader/clk
    SLICE_X111Y48        FDCE                                         r  udp_gateway_shadow_mirror_i/dma_gateway_hybrid_0/inst/u_device_dna_reader/o_dna_value_reg[21]/C
                         clock pessimism             -0.030     1.250    
    SLICE_X111Y48        FDCE (Hold_fdce_C_D)         0.047     1.297    udp_gateway_shadow_mirror_i/dma_gateway_hybrid_0/inst/u_device_dna_reader/o_dna_value_reg[21]
  -------------------------------------------------------------------
                         required time                         -1.297    
                         arrival time                           2.662    
  -------------------------------------------------------------------
                         slack                                  1.365    

Slack (MET) :             1.411ns  (arrival time - required time)
  Source:                 udp_gateway_shadow_mirror_i/dma_gateway_hybrid_0/inst/u_device_dna_reader/dna_shift_value_reg[12]/C
                            (rising edge-triggered cell FDCE clocked by shadow_dna_clk  {rise@0.000ns fall@320.000ns period=640.000ns})
  Destination:            udp_gateway_shadow_mirror_i/dma_gateway_hybrid_0/inst/u_device_dna_reader/o_dna_value_reg[12]/D
                            (rising edge-triggered cell FDCE clocked by clk_fpga_0  {rise@0.000ns fall@10.000ns period=20.000ns})
  Path Group:             clk_fpga_0
  Path Type:              Hold (Min at Fast Process Corner)
  Requirement:            0.000ns  (clk_fpga_0 rise@0.000ns - shadow_dna_clk rise@0.000ns)
  Data Path Delay:        0.284ns  (logic 0.164ns (57.737%)  route 0.120ns (42.263%))
  Logic Levels:           0  
  Clock Path Skew:        -1.203ns (DCD - SCD - CPR)
    Destination Clock Delay (DCD):    1.277ns
    Source Clock Delay      (SCD):    2.450ns
    Clock Pessimism Removal (CPR):    0.030ns

    Location             Delay type                Incr(ns)  Path(ns)    Netlist Resource(s)
  -------------------------------------------------------------------    -------------------
                         (clock shadow_dna_clk rise edge)
                                                      0.000     0.000 r  
    PS7_X0Y0             PS7                          0.000     0.000 r  udp_gateway_shadow_mirror_i/processing_system7_0/inst/PS7_i/FCLKCLK[0]
                         net (fo=1, routed)           0.310     0.310    udp_gateway_shadow_mirror_i/processing_system7_0/inst/FCLK_CLK_unbuffered[0]
    BUFGCTRL_X0Y17       BUFG (Prop_bufg_I_O)         0.026     0.336 r  udp_gateway_shadow_mirror_i/processing_system7_0/inst/buffer_fclk_clk_0.FCLK_CLK_0_BUFG/O
                         net (fo=42827, routed)       0.577     0.913    udp_gateway_shadow_mirror_i/dma_gateway_hybrid_0/inst/u_device_dna_reader/clk
    SLICE_X69Y21         FDCE (Prop_fdce_C_Q)         0.141     1.054 r  udp_gateway_shadow_mirror_i/dma_gateway_hybrid_0/inst/u_device_dna_reader/dna_clk_reg/Q
                         net (fo=1, routed)           0.731     1.785    udp_gateway_shadow_mirror_i/dma_gateway_hybrid_0/inst/u_device_dna_reader/dna_clk
    BUFGCTRL_X0Y16       BUFG (Prop_bufg_I_O)         0.026     1.811 r  udp_gateway_shadow_mirror_i/dma_gateway_hybrid_0/inst/u_device_dna_reader/dna_clk_BUFG_inst/O
                         net (fo=69, routed)          0.640     2.450    udp_gateway_shadow_mirror_i/dma_gateway_hybrid_0/inst/u_device_dna_reader/dna_clk_BUFG
    SLICE_X112Y38        FDCE                                         r  udp_gateway_shadow_mirror_i/dma_gateway_hybrid_0/inst/u_device_dna_reader/dna_shift_value_reg[12]/C
  -------------------------------------------------------------------    -------------------
    SLICE_X112Y38        FDCE (Prop_fdce_C_Q)         0.164     2.614 r  udp_gateway_shadow_mirror_i/dma_gateway_hybrid_0/inst/u_device_dna_reader/dna_shift_value_reg[12]/Q
                         net (fo=2, routed)           0.120     2.734    udp_gateway_shadow_mirror_i/dma_gateway_hybrid_0/inst/u_device_dna_reader/dna_shift_value[12]
    SLICE_X112Y39        FDCE                                         r  udp_gateway_shadow_mirror_i/dma_gateway_hybrid_0/inst/u_device_dna_reader/o_dna_value_reg[12]/D
  -------------------------------------------------------------------    -------------------

                         (clock clk_fpga_0 rise edge)
                                                      0.000     0.000 r  
    PS7_X0Y0             PS7                          0.000     0.000 r  udp_gateway_shadow_mirror_i/processing_system7_0/inst/PS7_i/FCLKCLK[0]
                         net (fo=1, routed)           0.337     0.337    udp_gateway_shadow_mirror_i/processing_system7_0/inst/FCLK_CLK_unbuffered[0]
    BUFGCTRL_X0Y17       BUFG (Prop_bufg_I_O)         0.029     0.366 r  udp_gateway_shadow_mirror_i/processing_system7_0/inst/buffer_fclk_clk_0.FCLK_CLK_0_BUFG/O
                         net (fo=42827, routed)       0.911     1.277    udp_gateway_shadow_mirror_i/dma_gateway_hybrid_0/inst/u_device_dna_reader/clk
    SLICE_X112Y39        FDCE                                         r  udp_gateway_shadow_mirror_i/dma_gateway_hybrid_0/inst/u_device_dna_reader/o_dna_value_reg[12]/C
                         clock pessimism             -0.030     1.247    
    SLICE_X112Y39        FDCE (Hold_fdce_C_D)         0.076     1.323    udp_gateway_shadow_mirror_i/dma_gateway_hybrid_0/inst/u_device_dna_reader/o_dna_value_reg[12]
  -------------------------------------------------------------------
                         required time                         -1.323    
                         arrival time                           2.734    
  -------------------------------------------------------------------
                         slack                                  1.411    

Slack (MET) :             1.416ns  (arrival time - required time)
  Source:                 udp_gateway_shadow_mirror_i/dma_gateway_hybrid_0/inst/u_device_dna_reader/dna_shift_value_reg[27]/C
                            (rising edge-triggered cell FDCE clocked by shadow_dna_clk  {rise@0.000ns fall@320.000ns period=640.000ns})
  Destination:            udp_gateway_shadow_mirror_i/dma_gateway_hybrid_0/inst/u_device_dna_reader/o_dna_value_reg[27]/D
                            (rising edge-triggered cell FDCE clocked by clk_fpga_0  {rise@0.000ns fall@10.000ns period=20.000ns})
  Path Group:             clk_fpga_0
  Path Type:              Hold (Min at Fast Process Corner)
  Requirement:            0.000ns  (clk_fpga_0 rise@0.000ns - shadow_dna_clk rise@0.000ns)
  Data Path Delay:        0.259ns  (logic 0.141ns (54.362%)  route 0.118ns (45.638%))
  Logic Levels:           0  
  Clock Path Skew:        -1.203ns (DCD - SCD - CPR)
    Destination Clock Delay (DCD):    1.279ns
    Source Clock Delay      (SCD):    2.452ns
    Clock Pessimism Removal (CPR):    0.030ns

    Location             Delay type                Incr(ns)  Path(ns)    Netlist Resource(s)
  -------------------------------------------------------------------    -------------------
                         (clock shadow_dna_clk rise edge)
                                                      0.000     0.000 r  
    PS7_X0Y0             PS7                          0.000     0.000 r  udp_gateway_shadow_mirror_i/processing_system7_0/inst/PS7_i/FCLKCLK[0]
                         net (fo=1, routed)           0.310     0.310    udp_gateway_shadow_mirror_i/processing_system7_0/inst/FCLK_CLK_unbuffered[0]
    BUFGCTRL_X0Y17       BUFG (Prop_bufg_I_O)         0.026     0.336 r  udp_gateway_shadow_mirror_i/processing_system7_0/inst/buffer_fclk_clk_0.FCLK_CLK_0_BUFG/O
                         net (fo=42827, routed)       0.577     0.913    udp_gateway_shadow_mirror_i/dma_gateway_hybrid_0/inst/u_device_dna_reader/clk
    SLICE_X69Y21         FDCE (Prop_fdce_C_Q)         0.141     1.054 r  udp_gateway_shadow_mirror_i/dma_gateway_hybrid_0/inst/u_device_dna_reader/dna_clk_reg/Q
                         net (fo=1, routed)           0.731     1.785    udp_gateway_shadow_mirror_i/dma_gateway_hybrid_0/inst/u_device_dna_reader/dna_clk
    BUFGCTRL_X0Y16       BUFG (Prop_bufg_I_O)         0.026     1.811 r  udp_gateway_shadow_mirror_i/dma_gateway_hybrid_0/inst/u_device_dna_reader/dna_clk_BUFG_inst/O
                         net (fo=69, routed)          0.642     2.452    udp_gateway_shadow_mirror_i/dma_gateway_hybrid_0/inst/u_device_dna_reader/dna_clk_BUFG
    SLICE_X111Y44        FDCE                                         r  udp_gateway_shadow_mirror_i/dma_gateway_hybrid_0/inst/u_device_dna_reader/dna_shift_value_reg[27]/C
  -------------------------------------------------------------------    -------------------
    SLICE_X111Y44        FDCE (Prop_fdce_C_Q)         0.141     2.593 r  udp_gateway_shadow_mirror_i/dma_gateway_hybrid_0/inst/u_device_dna_reader/dna_shift_value_reg[27]/Q
                         net (fo=2, routed)           0.118     2.711    udp_gateway_shadow_mirror_i/dma_gateway_hybrid_0/inst/u_device_dna_reader/dna_shift_value[27]
    SLICE_X111Y43        FDCE                                         r  udp_gateway_shadow_mirror_i/dma_gateway_hybrid_0/inst/u_device_dna_reader/o_dna_value_reg[27]/D
  -------------------------------------------------------------------    -------------------

                         (clock clk_fpga_0 rise edge)
                                                      0.000     0.000 r  
    PS7_X0Y0             PS7                          0.000     0.000 r  udp_gateway_shadow_mirror_i/processing_system7_0/inst/PS7_i/FCLKCLK[0]
                         net (fo=1, routed)           0.337     0.337    udp_gateway_shadow_mirror_i/processing_system7_0/inst/FCLK_CLK_unbuffered[0]
    BUFGCTRL_X0Y17       BUFG (Prop_bufg_I_O)         0.029     0.366 r  udp_gateway_shadow_mirror_i/processing_system7_0/inst/buffer_fclk_clk_0.FCLK_CLK_0_BUFG/O
                         net (fo=42827, routed)       0.913     1.279    udp_gateway_shadow_mirror_i/dma_gateway_hybrid_0/inst/u_device_dna_reader/clk
    SLICE_X111Y43        FDCE                                         r  udp_gateway_shadow_mirror_i/dma_gateway_hybrid_0/inst/u_device_dna_reader/o_dna_value_reg[27]/C
                         clock pessimism             -0.030     1.249    
    SLICE_X111Y43        FDCE (Hold_fdce_C_D)         0.047     1.296    udp_gateway_shadow_mirror_i/dma_gateway_hybrid_0/inst/u_device_dna_reader/o_dna_value_reg[27]
  -------------------------------------------------------------------
                         required time                         -1.296    
                         arrival time                           2.711    
  -------------------------------------------------------------------
                         slack                                  1.416    

Slack (MET) :             1.422ns  (arrival time - required time)
  Source:                 udp_gateway_shadow_mirror_i/dma_gateway_hybrid_0/inst/u_device_dna_reader/dna_shift_value_reg[17]/C
                            (rising edge-triggered cell FDCE clocked by shadow_dna_clk  {rise@0.000ns fall@320.000ns period=640.000ns})
  Destination:            udp_gateway_shadow_mirror_i/dma_gateway_hybrid_0/inst/u_device_dna_reader/o_dna_value_reg[17]/D
                            (rising edge-triggered cell FDCE clocked by clk_fpga_0  {rise@0.000ns fall@10.000ns period=20.000ns})
  Path Group:             clk_fpga_0
  Path Type:              Hold (Min at Fast Process Corner)
  Requirement:            0.000ns  (clk_fpga_0 rise@0.000ns - shadow_dna_clk rise@0.000ns)
  Data Path Delay:        0.264ns  (logic 0.141ns (53.350%)  route 0.123ns (46.650%))
  Logic Levels:           0  
  Clock Path Skew:        -1.204ns (DCD - SCD - CPR)
    Destination Clock Delay (DCD):    1.276ns
    Source Clock Delay      (SCD):    2.450ns
    Clock Pessimism Removal (CPR):    0.030ns

    Location             Delay type                Incr(ns)  Path(ns)    Netlist Resource(s)
  -------------------------------------------------------------------    -------------------
                         (clock shadow_dna_clk rise edge)
                                                      0.000     0.000 r  
    PS7_X0Y0             PS7                          0.000     0.000 r  udp_gateway_shadow_mirror_i/processing_system7_0/inst/PS7_i/FCLKCLK[0]
                         net (fo=1, routed)           0.310     0.310    udp_gateway_shadow_mirror_i/processing_system7_0/inst/FCLK_CLK_unbuffered[0]
    BUFGCTRL_X0Y17       BUFG (Prop_bufg_I_O)         0.026     0.336 r  udp_gateway_shadow_mirror_i/processing_system7_0/inst/buffer_fclk_clk_0.FCLK_CLK_0_BUFG/O
                         net (fo=42827, routed)       0.577     0.913    udp_gateway_shadow_mirror_i/dma_gateway_hybrid_0/inst/u_device_dna_reader/clk
    SLICE_X69Y21         FDCE (Prop_fdce_C_Q)         0.141     1.054 r  udp_gateway_shadow_mirror_i/dma_gateway_hybrid_0/inst/u_device_dna_reader/dna_clk_reg/Q
                         net (fo=1, routed)           0.731     1.785    udp_gateway_shadow_mirror_i/dma_gateway_hybrid_0/inst/u_device_dna_reader/dna_clk
    BUFGCTRL_X0Y16       BUFG (Prop_bufg_I_O)         0.026     1.811 r  udp_gateway_shadow_mirror_i/dma_gateway_hybrid_0/inst/u_device_dna_reader/dna_clk_BUFG_inst/O
                         net (fo=69, routed)          0.640     2.450    udp_gateway_shadow_mirror_i/dma_gateway_hybrid_0/inst/u_device_dna_reader/dna_clk_BUFG
    SLICE_X110Y38        FDCE                                         r  udp_gateway_shadow_mirror_i/dma_gateway_hybrid_0/inst/u_device_dna_reader/dna_shift_value_reg[17]/C
  -------------------------------------------------------------------    -------------------
    SLICE_X110Y38        FDCE (Prop_fdce_C_Q)         0.141     2.591 r  udp_gateway_shadow_mirror_i/dma_gateway_hybrid_0/inst/u_device_dna_reader/dna_shift_value_reg[17]/Q
                         net (fo=2, routed)           0.123     2.714    udp_gateway_shadow_mirror_i/dma_gateway_hybrid_0/inst/u_device_dna_reader/dna_shift_value[17]
    SLICE_X109Y38        FDCE                                         r  udp_gateway_shadow_mirror_i/dma_gateway_hybrid_0/inst/u_device_dna_reader/o_dna_value_reg[17]/D
  -------------------------------------------------------------------    -------------------

                         (clock clk_fpga_0 rise edge)
                                                      0.000     0.000 r  
    PS7_X0Y0             PS7                          0.000     0.000 r  udp_gateway_shadow_mirror_i/processing_system7_0/inst/PS7_i/FCLKCLK[0]
                         net (fo=1, routed)           0.337     0.337    udp_gateway_shadow_mirror_i/processing_system7_0/inst/FCLK_CLK_unbuffered[0]
    BUFGCTRL_X0Y17       BUFG (Prop_bufg_I_O)         0.029     0.366 r  udp_gateway_shadow_mirror_i/processing_system7_0/inst/buffer_fclk_clk_0.FCLK_CLK_0_BUFG/O
                         net (fo=42827, routed)       0.910     1.276    udp_gateway_shadow_mirror_i/dma_gateway_hybrid_0/inst/u_device_dna_reader/clk
    SLICE_X109Y38        FDCE                                         r  udp_gateway_shadow_mirror_i/dma_gateway_hybrid_0/inst/u_device_dna_reader/o_dna_value_reg[17]/C
                         clock pessimism             -0.030     1.246    
    SLICE_X109Y38        FDCE (Hold_fdce_C_D)         0.047     1.293    udp_gateway_shadow_mirror_i/dma_gateway_hybrid_0/inst/u_device_dna_reader/o_dna_value_reg[17]
  -------------------------------------------------------------------
                         required time                         -1.293    
                         arrival time                           2.714    
  -------------------------------------------------------------------
                         slack                                  1.422    

Slack (MET) :             1.422ns  (arrival time - required time)
  Source:                 udp_gateway_shadow_mirror_i/dma_gateway_hybrid_0/inst/u_device_dna_reader/dna_shift_value_reg[18]/C
                            (rising edge-triggered cell FDCE clocked by shadow_dna_clk  {rise@0.000ns fall@320.000ns period=640.000ns})
  Destination:            udp_gateway_shadow_mirror_i/dma_gateway_hybrid_0/inst/u_device_dna_reader/o_dna_value_reg[18]/D
                            (rising edge-triggered cell FDCE clocked by clk_fpga_0  {rise@0.000ns fall@10.000ns period=20.000ns})
  Path Group:             clk_fpga_0
  Path Type:              Hold (Min at Fast Process Corner)
  Requirement:            0.000ns  (clk_fpga_0 rise@0.000ns - shadow_dna_clk rise@0.000ns)
  Data Path Delay:        0.265ns  (logic 0.141ns (53.275%)  route 0.124ns (46.725%))
  Logic Levels:           0  
  Clock Path Skew:        -1.204ns (DCD - SCD - CPR)
    Destination Clock Delay (DCD):    1.276ns
    Source Clock Delay      (SCD):    2.450ns
    Clock Pessimism Removal (CPR):    0.030ns

    Location             Delay type                Incr(ns)  Path(ns)    Netlist Resource(s)
  -------------------------------------------------------------------    -------------------
                         (clock shadow_dna_clk rise edge)
                                                      0.000     0.000 r  
    PS7_X0Y0             PS7                          0.000     0.000 r  udp_gateway_shadow_mirror_i/processing_system7_0/inst/PS7_i/FCLKCLK[0]
                         net (fo=1, routed)           0.310     0.310    udp_gateway_shadow_mirror_i/processing_system7_0/inst/FCLK_CLK_unbuffered[0]
    BUFGCTRL_X0Y17       BUFG (Prop_bufg_I_O)         0.026     0.336 r  udp_gateway_shadow_mirror_i/processing_system7_0/inst/buffer_fclk_clk_0.FCLK_CLK_0_BUFG/O
                         net (fo=42827, routed)       0.577     0.913    udp_gateway_shadow_mirror_i/dma_gateway_hybrid_0/inst/u_device_dna_reader/clk
    SLICE_X69Y21         FDCE (Prop_fdce_C_Q)         0.141     1.054 r  udp_gateway_shadow_mirror_i/dma_gateway_hybrid_0/inst/u_device_dna_reader/dna_clk_reg/Q
                         net (fo=1, routed)           0.731     1.785    udp_gateway_shadow_mirror_i/dma_gateway_hybrid_0/inst/u_device_dna_reader/dna_clk
    BUFGCTRL_X0Y16       BUFG (Prop_bufg_I_O)         0.026     1.811 r  udp_gateway_shadow_mirror_i/dma_gateway_hybrid_0/inst/u_device_dna_reader/dna_clk_BUFG_inst/O
                         net (fo=69, routed)          0.640     2.450    udp_gateway_shadow_mirror_i/dma_gateway_hybrid_0/inst/u_device_dna_reader/dna_clk_BUFG
    SLICE_X110Y38        FDCE                                         r  udp_gateway_shadow_mirror_i/dma_gateway_hybrid_0/inst/u_device_dna_reader/dna_shift_value_reg[18]/C
  -------------------------------------------------------------------    -------------------
    SLICE_X110Y38        FDCE (Prop_fdce_C_Q)         0.141     2.591 r  udp_gateway_shadow_mirror_i/dma_gateway_hybrid_0/inst/u_device_dna_reader/dna_shift_value_reg[18]/Q
                         net (fo=2, routed)           0.124     2.715    udp_gateway_shadow_mirror_i/dma_gateway_hybrid_0/inst/u_device_dna_reader/dna_shift_value[18]
    SLICE_X109Y38        FDCE                                         r  udp_gateway_shadow_mirror_i/dma_gateway_hybrid_0/inst/u_device_dna_reader/o_dna_value_reg[18]/D
  -------------------------------------------------------------------    -------------------

                         (clock clk_fpga_0 rise edge)
                                                      0.000     0.000 r  
    PS7_X0Y0             PS7                          0.000     0.000 r  udp_gateway_shadow_mirror_i/processing_system7_0/inst/PS7_i/FCLKCLK[0]
                         net (fo=1, routed)           0.337     0.337    udp_gateway_shadow_mirror_i/processing_system7_0/inst/FCLK_CLK_unbuffered[0]
    BUFGCTRL_X0Y17       BUFG (Prop_bufg_I_O)         0.029     0.366 r  udp_gateway_shadow_mirror_i/processing_system7_0/inst/buffer_fclk_clk_0.FCLK_CLK_0_BUFG/O
                         net (fo=42827, routed)       0.910     1.276    udp_gateway_shadow_mirror_i/dma_gateway_hybrid_0/inst/u_device_dna_reader/clk
    SLICE_X109Y38        FDCE                                         r  udp_gateway_shadow_mirror_i/dma_gateway_hybrid_0/inst/u_device_dna_reader/o_dna_value_reg[18]/C
                         clock pessimism             -0.030     1.246    
    SLICE_X109Y38        FDCE (Hold_fdce_C_D)         0.047     1.293    udp_gateway_shadow_mirror_i/dma_gateway_hybrid_0/inst/u_device_dna_reader/o_dna_value_reg[18]
  -------------------------------------------------------------------
                         required time                         -1.293    
                         arrival time                           2.715    
  -------------------------------------------------------------------
                         slack                                  1.422    

Slack (MET) :             1.439ns  (arrival time - required time)
  Source:                 udp_gateway_shadow_mirror_i/dma_gateway_hybrid_0/inst/u_device_dna_reader/dna_shift_value_reg[55]/C
                            (rising edge-triggered cell FDCE clocked by shadow_dna_clk  {rise@0.000ns fall@320.000ns period=640.000ns})
  Destination:            udp_gateway_shadow_mirror_i/dma_gateway_hybrid_0/inst/u_device_dna_reader/o_dna_value_reg[55]/D
                            (rising edge-triggered cell FDCE clocked by clk_fpga_0  {rise@0.000ns fall@10.000ns period=20.000ns})
  Path Group:             clk_fpga_0
  Path Type:              Hold (Min at Fast Process Corner)
  Requirement:            0.000ns  (clk_fpga_0 rise@0.000ns - shadow_dna_clk rise@0.000ns)
  Data Path Delay:        0.260ns  (logic 0.128ns (49.271%)  route 0.132ns (50.729%))
  Logic Levels:           0  
  Clock Path Skew:        -1.204ns (DCD - SCD - CPR)
    Destination Clock Delay (DCD):    1.278ns
    Source Clock Delay      (SCD):    2.452ns
    Clock Pessimism Removal (CPR):    0.030ns

    Location             Delay type                Incr(ns)  Path(ns)    Netlist Resource(s)
  -------------------------------------------------------------------    -------------------
                         (clock shadow_dna_clk rise edge)
                                                      0.000     0.000 r  
    PS7_X0Y0             PS7                          0.000     0.000 r  udp_gateway_shadow_mirror_i/processing_system7_0/inst/PS7_i/FCLKCLK[0]
                         net (fo=1, routed)           0.310     0.310    udp_gateway_shadow_mirror_i/processing_system7_0/inst/FCLK_CLK_unbuffered[0]
    BUFGCTRL_X0Y17       BUFG (Prop_bufg_I_O)         0.026     0.336 r  udp_gateway_shadow_mirror_i/processing_system7_0/inst/buffer_fclk_clk_0.FCLK_CLK_0_BUFG/O
                         net (fo=42827, routed)       0.577     0.913    udp_gateway_shadow_mirror_i/dma_gateway_hybrid_0/inst/u_device_dna_reader/clk
    SLICE_X69Y21         FDCE (Prop_fdce_C_Q)         0.141     1.054 r  udp_gateway_shadow_mirror_i/dma_gateway_hybrid_0/inst/u_device_dna_reader/dna_clk_reg/Q
                         net (fo=1, routed)           0.731     1.785    udp_gateway_shadow_mirror_i/dma_gateway_hybrid_0/inst/u_device_dna_reader/dna_clk
    BUFGCTRL_X0Y16       BUFG (Prop_bufg_I_O)         0.026     1.811 r  udp_gateway_shadow_mirror_i/dma_gateway_hybrid_0/inst/u_device_dna_reader/dna_clk_BUFG_inst/O
                         net (fo=69, routed)          0.642     2.452    udp_gateway_shadow_mirror_i/dma_gateway_hybrid_0/inst/u_device_dna_reader/dna_clk_BUFG
    SLICE_X110Y43        FDCE                                         r  udp_gateway_shadow_mirror_i/dma_gateway_hybrid_0/inst/u_device_dna_reader/dna_shift_value_reg[55]/C
  -------------------------------------------------------------------    -------------------
    SLICE_X110Y43        FDCE (Prop_fdce_C_Q)         0.128     2.580 r  udp_gateway_shadow_mirror_i/dma_gateway_hybrid_0/inst/u_device_dna_reader/dna_shift_value_reg[55]/Q
                         net (fo=2, routed)           0.132     2.712    udp_gateway_shadow_mirror_i/dma_gateway_hybrid_0/inst/u_device_dna_reader/dna_shift_value[55]
    SLICE_X110Y42        FDCE                                         r  udp_gateway_shadow_mirror_i/dma_gateway_hybrid_0/inst/u_device_dna_reader/o_dna_value_reg[55]/D
  -------------------------------------------------------------------    -------------------

                         (clock clk_fpga_0 rise edge)
                                                      0.000     0.000 r  
    PS7_X0Y0             PS7                          0.000     0.000 r  udp_gateway_shadow_mirror_i/processing_system7_0/inst/PS7_i/FCLKCLK[0]
                         net (fo=1, routed)           0.337     0.337    udp_gateway_shadow_mirror_i/processing_system7_0/inst/FCLK_CLK_unbuffered[0]
    BUFGCTRL_X0Y17       BUFG (Prop_bufg_I_O)         0.029     0.366 r  udp_gateway_shadow_mirror_i/processing_system7_0/inst/buffer_fclk_clk_0.FCLK_CLK_0_BUFG/O
                         net (fo=42827, routed)       0.912     1.278    udp_gateway_shadow_mirror_i/dma_gateway_hybrid_0/inst/u_device_dna_reader/clk
    SLICE_X110Y42        FDCE                                         r  udp_gateway_shadow_mirror_i/dma_gateway_hybrid_0/inst/u_device_dna_reader/o_dna_value_reg[55]/C
                         clock pessimism             -0.030     1.248    
    SLICE_X110Y42        FDCE (Hold_fdce_C_D)         0.025     1.273    udp_gateway_shadow_mirror_i/dma_gateway_hybrid_0/inst/u_device_dna_reader/o_dna_value_reg[55]
  -------------------------------------------------------------------
                         required time                         -1.273    
                         arrival time                           2.712    
  -------------------------------------------------------------------
                         slack                                  1.439    

Slack (MET) :             1.446ns  (arrival time - required time)
  Source:                 udp_gateway_shadow_mirror_i/dma_gateway_hybrid_0/inst/u_device_dna_reader/dna_shift_value_reg[13]/C
                            (rising edge-triggered cell FDCE clocked by shadow_dna_clk  {rise@0.000ns fall@320.000ns period=640.000ns})
  Destination:            udp_gateway_shadow_mirror_i/dma_gateway_hybrid_0/inst/u_device_dna_reader/o_dna_value_reg[13]/D
                            (rising edge-triggered cell FDCE clocked by clk_fpga_0  {rise@0.000ns fall@10.000ns period=20.000ns})
  Path Group:             clk_fpga_0
  Path Type:              Hold (Min at Fast Process Corner)
  Requirement:            0.000ns  (clk_fpga_0 rise@0.000ns - shadow_dna_clk rise@0.000ns)
  Data Path Delay:        0.318ns  (logic 0.164ns (51.511%)  route 0.154ns (48.489%))
  Logic Levels:           0  
  Clock Path Skew:        -1.203ns (DCD - SCD - CPR)
    Destination Clock Delay (DCD):    1.277ns
    Source Clock Delay      (SCD):    2.450ns
    Clock Pessimism Removal (CPR):    0.030ns

    Location             Delay type                Incr(ns)  Path(ns)    Netlist Resource(s)
  -------------------------------------------------------------------    -------------------
                         (clock shadow_dna_clk rise edge)
                                                      0.000     0.000 r  
    PS7_X0Y0             PS7                          0.000     0.000 r  udp_gateway_shadow_mirror_i/processing_system7_0/inst/PS7_i/FCLKCLK[0]
                         net (fo=1, routed)           0.310     0.310    udp_gateway_shadow_mirror_i/processing_system7_0/inst/FCLK_CLK_unbuffered[0]
    BUFGCTRL_X0Y17       BUFG (Prop_bufg_I_O)         0.026     0.336 r  udp_gateway_shadow_mirror_i/processing_system7_0/inst/buffer_fclk_clk_0.FCLK_CLK_0_BUFG/O
                         net (fo=42827, routed)       0.577     0.913    udp_gateway_shadow_mirror_i/dma_gateway_hybrid_0/inst/u_device_dna_reader/clk
    SLICE_X69Y21         FDCE (Prop_fdce_C_Q)         0.141     1.054 r  udp_gateway_shadow_mirror_i/dma_gateway_hybrid_0/inst/u_device_dna_reader/dna_clk_reg/Q
                         net (fo=1, routed)           0.731     1.785    udp_gateway_shadow_mirror_i/dma_gateway_hybrid_0/inst/u_device_dna_reader/dna_clk
    BUFGCTRL_X0Y16       BUFG (Prop_bufg_I_O)         0.026     1.811 r  udp_gateway_shadow_mirror_i/dma_gateway_hybrid_0/inst/u_device_dna_reader/dna_clk_BUFG_inst/O
                         net (fo=69, routed)          0.640     2.450    udp_gateway_shadow_mirror_i/dma_gateway_hybrid_0/inst/u_device_dna_reader/dna_clk_BUFG
    SLICE_X112Y38        FDCE                                         r  udp_gateway_shadow_mirror_i/dma_gateway_hybrid_0/inst/u_device_dna_reader/dna_shift_value_reg[13]/C
  -------------------------------------------------------------------    -------------------
    SLICE_X112Y38        FDCE (Prop_fdce_C_Q)         0.164     2.614 r  udp_gateway_shadow_mirror_i/dma_gateway_hybrid_0/inst/u_device_dna_reader/dna_shift_value_reg[13]/Q
                         net (fo=2, routed)           0.154     2.768    udp_gateway_shadow_mirror_i/dma_gateway_hybrid_0/inst/u_device_dna_reader/dna_shift_value[13]
    SLICE_X112Y39        FDCE                                         r  udp_gateway_shadow_mirror_i/dma_gateway_hybrid_0/inst/u_device_dna_reader/o_dna_value_reg[13]/D
  -------------------------------------------------------------------    -------------------

                         (clock clk_fpga_0 rise edge)
                                                      0.000     0.000 r  
    PS7_X0Y0             PS7                          0.000     0.000 r  udp_gateway_shadow_mirror_i/processing_system7_0/inst/PS7_i/FCLKCLK[0]
                         net (fo=1, routed)           0.337     0.337    udp_gateway_shadow_mirror_i/processing_system7_0/inst/FCLK_CLK_unbuffered[0]
    BUFGCTRL_X0Y17       BUFG (Prop_bufg_I_O)         0.029     0.366 r  udp_gateway_shadow_mirror_i/processing_system7_0/inst/buffer_fclk_clk_0.FCLK_CLK_0_BUFG/O
                         net (fo=42827, routed)       0.911     1.277    udp_gateway_shadow_mirror_i/dma_gateway_hybrid_0/inst/u_device_dna_reader/clk
    SLICE_X112Y39        FDCE                                         r  udp_gateway_shadow_mirror_i/dma_gateway_hybrid_0/inst/u_device_dna_reader/o_dna_value_reg[13]/C
                         clock pessimism             -0.030     1.247    
    SLICE_X112Y39        FDCE (Hold_fdce_C_D)         0.076     1.323    udp_gateway_shadow_mirror_i/dma_gateway_hybrid_0/inst/u_device_dna_reader/o_dna_value_reg[13]
  -------------------------------------------------------------------
                         required time                         -1.323    
                         arrival time                           2.768    
  -------------------------------------------------------------------
                         slack                                  1.446    

Slack (MET) :             1.448ns  (arrival time - required time)
  Source:                 udp_gateway_shadow_mirror_i/dma_gateway_hybrid_0/inst/u_device_dna_reader/dna_shift_value_reg[28]/C
                            (rising edge-triggered cell FDCE clocked by shadow_dna_clk  {rise@0.000ns fall@320.000ns period=640.000ns})
  Destination:            udp_gateway_shadow_mirror_i/dma_gateway_hybrid_0/inst/u_device_dna_reader/o_dna_value_reg[28]/D
                            (rising edge-triggered cell FDCE clocked by clk_fpga_0  {rise@0.000ns fall@10.000ns period=20.000ns})
  Path Group:             clk_fpga_0
  Path Type:              Hold (Min at Fast Process Corner)
  Requirement:            0.000ns  (clk_fpga_0 rise@0.000ns - shadow_dna_clk rise@0.000ns)
  Data Path Delay:        0.320ns  (logic 0.141ns (44.052%)  route 0.179ns (55.948%))
  Logic Levels:           0  
  Clock Path Skew:        -1.203ns (DCD - SCD - CPR)
    Destination Clock Delay (DCD):    1.279ns
    Source Clock Delay      (SCD):    2.452ns
    Clock Pessimism Removal (CPR):    0.030ns

    Location             Delay type                Incr(ns)  Path(ns)    Netlist Resource(s)
  -------------------------------------------------------------------    -------------------
                         (clock shadow_dna_clk rise edge)
                                                      0.000     0.000 r  
    PS7_X0Y0             PS7                          0.000     0.000 r  udp_gateway_shadow_mirror_i/processing_system7_0/inst/PS7_i/FCLKCLK[0]
                         net (fo=1, routed)           0.310     0.310    udp_gateway_shadow_mirror_i/processing_system7_0/inst/FCLK_CLK_unbuffered[0]
    BUFGCTRL_X0Y17       BUFG (Prop_bufg_I_O)         0.026     0.336 r  udp_gateway_shadow_mirror_i/processing_system7_0/inst/buffer_fclk_clk_0.FCLK_CLK_0_BUFG/O
                         net (fo=42827, routed)       0.577     0.913    udp_gateway_shadow_mirror_i/dma_gateway_hybrid_0/inst/u_device_dna_reader/clk
    SLICE_X69Y21         FDCE (Prop_fdce_C_Q)         0.141     1.054 r  udp_gateway_shadow_mirror_i/dma_gateway_hybrid_0/inst/u_device_dna_reader/dna_clk_reg/Q
                         net (fo=1, routed)           0.731     1.785    udp_gateway_shadow_mirror_i/dma_gateway_hybrid_0/inst/u_device_dna_reader/dna_clk
    BUFGCTRL_X0Y16       BUFG (Prop_bufg_I_O)         0.026     1.811 r  udp_gateway_shadow_mirror_i/dma_gateway_hybrid_0/inst/u_device_dna_reader/dna_clk_BUFG_inst/O
                         net (fo=69, routed)          0.642     2.452    udp_gateway_shadow_mirror_i/dma_gateway_hybrid_0/inst/u_device_dna_reader/dna_clk_BUFG
    SLICE_X111Y44        FDCE                                         r  udp_gateway_shadow_mirror_i/dma_gateway_hybrid_0/inst/u_device_dna_reader/dna_shift_value_reg[28]/C
  -------------------------------------------------------------------    -------------------
    SLICE_X111Y44        FDCE (Prop_fdce_C_Q)         0.141     2.593 r  udp_gateway_shadow_mirror_i/dma_gateway_hybrid_0/inst/u_device_dna_reader/dna_shift_value_reg[28]/Q
                         net (fo=2, routed)           0.179     2.772    udp_gateway_shadow_mirror_i/dma_gateway_hybrid_0/inst/u_device_dna_reader/dna_shift_value[28]
    SLICE_X111Y43        FDCE                                         r  udp_gateway_shadow_mirror_i/dma_gateway_hybrid_0/inst/u_device_dna_reader/o_dna_value_reg[28]/D
  -------------------------------------------------------------------    -------------------

                         (clock clk_fpga_0 rise edge)
                                                      0.000     0.000 r  
    PS7_X0Y0             PS7                          0.000     0.000 r  udp_gateway_shadow_mirror_i/processing_system7_0/inst/PS7_i/FCLKCLK[0]
                         net (fo=1, routed)           0.337     0.337    udp_gateway_shadow_mirror_i/processing_system7_0/inst/FCLK_CLK_unbuffered[0]
    BUFGCTRL_X0Y17       BUFG (Prop_bufg_I_O)         0.029     0.366 r  udp_gateway_shadow_mirror_i/processing_system7_0/inst/buffer_fclk_clk_0.FCLK_CLK_0_BUFG/O
                         net (fo=42827, routed)       0.913     1.279    udp_gateway_shadow_mirror_i/dma_gateway_hybrid_0/inst/u_device_dna_reader/clk
    SLICE_X111Y43        FDCE                                         r  udp_gateway_shadow_mirror_i/dma_gateway_hybrid_0/inst/u_device_dna_reader/o_dna_value_reg[28]/C
                         clock pessimism             -0.030     1.249    
    SLICE_X111Y43        FDCE (Hold_fdce_C_D)         0.075     1.324    udp_gateway_shadow_mirror_i/dma_gateway_hybrid_0/inst/u_device_dna_reader/o_dna_value_reg[28]
  -------------------------------------------------------------------
                         required time                         -1.324    
                         arrival time                           2.772    
  -------------------------------------------------------------------
                         slack                                  1.448    

Slack (MET) :             1.451ns  (arrival time - required time)
  Source:                 udp_gateway_shadow_mirror_i/dma_gateway_hybrid_0/inst/u_device_dna_reader/dna_shift_value_reg[29]/C
                            (rising edge-triggered cell FDCE clocked by shadow_dna_clk  {rise@0.000ns fall@320.000ns period=640.000ns})
  Destination:            udp_gateway_shadow_mirror_i/dma_gateway_hybrid_0/inst/u_device_dna_reader/o_dna_value_reg[29]/D
                            (rising edge-triggered cell FDCE clocked by clk_fpga_0  {rise@0.000ns fall@10.000ns period=20.000ns})
  Path Group:             clk_fpga_0
  Path Type:              Hold (Min at Fast Process Corner)
  Requirement:            0.000ns  (clk_fpga_0 rise@0.000ns - shadow_dna_clk rise@0.000ns)
  Data Path Delay:        0.319ns  (logic 0.141ns (44.227%)  route 0.178ns (55.773%))
  Logic Levels:           0  
  Clock Path Skew:        -1.203ns (DCD - SCD - CPR)
    Destination Clock Delay (DCD):    1.279ns
    Source Clock Delay      (SCD):    2.452ns
    Clock Pessimism Removal (CPR):    0.030ns

    Location             Delay type                Incr(ns)  Path(ns)    Netlist Resource(s)
  -------------------------------------------------------------------    -------------------
                         (clock shadow_dna_clk rise edge)
                                                      0.000     0.000 r  
    PS7_X0Y0             PS7                          0.000     0.000 r  udp_gateway_shadow_mirror_i/processing_system7_0/inst/PS7_i/FCLKCLK[0]
                         net (fo=1, routed)           0.310     0.310    udp_gateway_shadow_mirror_i/processing_system7_0/inst/FCLK_CLK_unbuffered[0]
    BUFGCTRL_X0Y17       BUFG (Prop_bufg_I_O)         0.026     0.336 r  udp_gateway_shadow_mirror_i/processing_system7_0/inst/buffer_fclk_clk_0.FCLK_CLK_0_BUFG/O
                         net (fo=42827, routed)       0.577     0.913    udp_gateway_shadow_mirror_i/dma_gateway_hybrid_0/inst/u_device_dna_reader/clk
    SLICE_X69Y21         FDCE (Prop_fdce_C_Q)         0.141     1.054 r  udp_gateway_shadow_mirror_i/dma_gateway_hybrid_0/inst/u_device_dna_reader/dna_clk_reg/Q
                         net (fo=1, routed)           0.731     1.785    udp_gateway_shadow_mirror_i/dma_gateway_hybrid_0/inst/u_device_dna_reader/dna_clk
    BUFGCTRL_X0Y16       BUFG (Prop_bufg_I_O)         0.026     1.811 r  udp_gateway_shadow_mirror_i/dma_gateway_hybrid_0/inst/u_device_dna_reader/dna_clk_BUFG_inst/O
                         net (fo=69, routed)          0.642     2.452    udp_gateway_shadow_mirror_i/dma_gateway_hybrid_0/inst/u_device_dna_reader/dna_clk_BUFG
    SLICE_X111Y44        FDCE                                         r  udp_gateway_shadow_mirror_i/dma_gateway_hybrid_0/inst/u_device_dna_reader/dna_shift_value_reg[29]/C
  -------------------------------------------------------------------    -------------------
    SLICE_X111Y44        FDCE (Prop_fdce_C_Q)         0.141     2.593 r  udp_gateway_shadow_mirror_i/dma_gateway_hybrid_0/inst/u_device_dna_reader/dna_shift_value_reg[29]/Q
                         net (fo=2, routed)           0.178     2.771    udp_gateway_shadow_mirror_i/dma_gateway_hybrid_0/inst/u_device_dna_reader/dna_shift_value[29]
    SLICE_X111Y43        FDCE                                         r  udp_gateway_shadow_mirror_i/dma_gateway_hybrid_0/inst/u_device_dna_reader/o_dna_value_reg[29]/D
  -------------------------------------------------------------------    -------------------

                         (clock clk_fpga_0 rise edge)
                                                      0.000     0.000 r  
    PS7_X0Y0             PS7                          0.000     0.000 r  udp_gateway_shadow_mirror_i/processing_system7_0/inst/PS7_i/FCLKCLK[0]
                         net (fo=1, routed)           0.337     0.337    udp_gateway_shadow_mirror_i/processing_system7_0/inst/FCLK_CLK_unbuffered[0]
    BUFGCTRL_X0Y17       BUFG (Prop_bufg_I_O)         0.029     0.366 r  udp_gateway_shadow_mirror_i/processing_system7_0/inst/buffer_fclk_clk_0.FCLK_CLK_0_BUFG/O
                         net (fo=42827, routed)       0.913     1.279    udp_gateway_shadow_mirror_i/dma_gateway_hybrid_0/inst/u_device_dna_reader/clk
    SLICE_X111Y43        FDCE                                         r  udp_gateway_shadow_mirror_i/dma_gateway_hybrid_0/inst/u_device_dna_reader/o_dna_value_reg[29]/C
                         clock pessimism             -0.030     1.249    
    SLICE_X111Y43        FDCE (Hold_fdce_C_D)         0.071     1.320    udp_gateway_shadow_mirror_i/dma_gateway_hybrid_0/inst/u_device_dna_reader/o_dna_value_reg[29]
  -------------------------------------------------------------------
                         required time                         -1.320    
                         arrival time                           2.771    
  -------------------------------------------------------------------
                         slack                                  1.451    





---------------------------------------------------------------------------------------------------
Path Group:  **async_default**
From Clock:  clk_fpga_0
  To Clock:  clk_fpga_0

Setup :            0  Failing Endpoints,  Worst Slack        4.291ns,  Total Violation        0.000ns
Hold  :            0  Failing Endpoints,  Worst Slack        0.605ns,  Total Violation        0.000ns
---------------------------------------------------------------------------------------------------


Max Delay Paths
--------------------------------------------------------------------------------------
Slack (MET) :             4.291ns  (required time - arrival time)
  Source:                 udp_gateway_shadow_mirror_i/rst_ps7_0_100M/U0/ACTIVE_LOW_PR_OUT_DFF[0].FDRE_PER_N/C
                            (rising edge-triggered cell FDRE clocked by clk_fpga_0  {rise@0.000ns fall@10.000ns period=20.000ns})
  Destination:            udp_gateway_shadow_mirror_i/dma_gateway_hybrid_0/inst/i_hybrid_dma/u_crypto_bridge/rob_data_reg[22][81]/CLR
                            (recovery check against rising-edge clock clk_fpga_0  {rise@0.000ns fall@10.000ns period=20.000ns})
  Path Group:             **async_default**
  Path Type:              Recovery (Max at Slow Process Corner)
  Requirement:            20.000ns  (clk_fpga_0 rise@20.000ns - clk_fpga_0 rise@0.000ns)
  Data Path Delay:        14.797ns  (logic 0.580ns (3.920%)  route 14.217ns (96.080%))
  Logic Levels:           1  (LUT1=1)
  Clock Path Skew:        -0.205ns (DCD - SCD + CPR)
    Destination Clock Delay (DCD):    2.873ns = ( 22.874 - 20.000 ) 
    Source Clock Delay      (SCD):    3.193ns
    Clock Pessimism Removal (CPR):    0.115ns
  Clock Uncertainty:      0.302ns  ((TSJ^2 + TIJ^2)^1/2 + DJ) / 2 + PE
    Total System Jitter     (TSJ):    0.071ns
    Total Input Jitter      (TIJ):    0.600ns
    Discrete Jitter          (DJ):    0.000ns
    Phase Error              (PE):    0.000ns

    Location             Delay type                Incr(ns)  Path(ns)    PBlock               Netlist Resource(s)
  -------------------------------------------------------------------    ----------------------------------------
                         (clock clk_fpga_0 rise edge)
                                                      0.000     0.000 r                       
    PS7_X0Y0             PS7                          0.000     0.000 r                       udp_gateway_shadow_mirror_i/processing_system7_0/inst/PS7_i/FCLKCLK[0]
                         net (fo=1, routed)           1.193     1.193                         udp_gateway_shadow_mirror_i/processing_system7_0/inst/FCLK_CLK_unbuffered[0]
    BUFGCTRL_X0Y17       BUFG (Prop_bufg_I_O)         0.101     1.294 r                       udp_gateway_shadow_mirror_i/processing_system7_0/inst/buffer_fclk_clk_0.FCLK_CLK_0_BUFG/O
                         net (fo=42827, routed)       1.899     3.193                         udp_gateway_shadow_mirror_i/rst_ps7_0_100M/U0/slowest_sync_clk
    SLICE_X57Y135        FDRE                                         r                       udp_gateway_shadow_mirror_i/rst_ps7_0_100M/U0/ACTIVE_LOW_PR_OUT_DFF[0].FDRE_PER_N/C
  -------------------------------------------------------------------    ----------------------------------------
    SLICE_X57Y135        FDRE (Prop_fdre_C_Q)         0.456     3.649 r                       udp_gateway_shadow_mirror_i/rst_ps7_0_100M/U0/ACTIVE_LOW_PR_OUT_DFF[0].FDRE_PER_N/Q
                         net (fo=93, routed)          4.675     8.324                         udp_gateway_shadow_mirror_i/dma_gateway_hybrid_0/inst/i_hybrid_dma/u_crypto_bridge/gen_crypto_cores[0].u_aes/keymem/rst_n
    SLICE_X67Y64         LUT1 (Prop_lut1_I0_O)        0.124     8.448 f  shadow_core_region   udp_gateway_shadow_mirror_i/dma_gateway_hybrid_0/inst/i_hybrid_dma/u_crypto_bridge/gen_crypto_cores[0].u_aes/keymem/debug_last_plaintext_q[127]_i_2/O
                         net (fo=9554, routed)        9.542    17.990                         udp_gateway_shadow_mirror_i/dma_gateway_hybrid_0/inst/i_hybrid_dma/u_crypto_bridge/gen_crypto_cores[0].u_aes_n_221
    SLICE_X110Y17        FDCE                                         f  shadow_core_region   udp_gateway_shadow_mirror_i/dma_gateway_hybrid_0/inst/i_hybrid_dma/u_crypto_bridge/rob_data_reg[22][81]/CLR
  -------------------------------------------------------------------    ----------------------------------------

                         (clock clk_fpga_0 rise edge)
                                                     20.000    20.000 r                       
    PS7_X0Y0             PS7                          0.000    20.000 r                       udp_gateway_shadow_mirror_i/processing_system7_0/inst/PS7_i/FCLKCLK[0]
                         net (fo=1, routed)           1.088    21.088                         udp_gateway_shadow_mirror_i/processing_system7_0/inst/FCLK_CLK_unbuffered[0]
    BUFGCTRL_X0Y17       BUFG (Prop_bufg_I_O)         0.091    21.179 r                       udp_gateway_shadow_mirror_i/processing_system7_0/inst/buffer_fclk_clk_0.FCLK_CLK_0_BUFG/O
                         net (fo=42827, routed)       1.694    22.874                         udp_gateway_shadow_mirror_i/dma_gateway_hybrid_0/inst/i_hybrid_dma/u_crypto_bridge/clk
    SLICE_X110Y17        FDCE                                         r  shadow_core_region   udp_gateway_shadow_mirror_i/dma_gateway_hybrid_0/inst/i_hybrid_dma/u_crypto_bridge/rob_data_reg[22][81]/C
                         clock pessimism              0.115    22.988                           
                         clock uncertainty           -0.302    22.686                           
    SLICE_X110Y17        FDCE (Recov_fdce_C_CLR)     -0.405    22.281    shadow_core_region     udp_gateway_shadow_mirror_i/dma_gateway_hybrid_0/inst/i_hybrid_dma/u_crypto_bridge/rob_data_reg[22][81]
  -------------------------------------------------------------------
                         required time                         22.281                           
                         arrival time                         -17.990                           
  -------------------------------------------------------------------
                         slack                                  4.291                           

Slack (MET) :             4.291ns  (required time - arrival time)
  Source:                 udp_gateway_shadow_mirror_i/rst_ps7_0_100M/U0/ACTIVE_LOW_PR_OUT_DFF[0].FDRE_PER_N/C
                            (rising edge-triggered cell FDRE clocked by clk_fpga_0  {rise@0.000ns fall@10.000ns period=20.000ns})
  Destination:            udp_gateway_shadow_mirror_i/dma_gateway_hybrid_0/inst/i_hybrid_dma/u_crypto_bridge/rob_data_reg[22][9]/CLR
                            (recovery check against rising-edge clock clk_fpga_0  {rise@0.000ns fall@10.000ns period=20.000ns})
  Path Group:             **async_default**
  Path Type:              Recovery (Max at Slow Process Corner)
  Requirement:            20.000ns  (clk_fpga_0 rise@20.000ns - clk_fpga_0 rise@0.000ns)
  Data Path Delay:        14.797ns  (logic 0.580ns (3.920%)  route 14.217ns (96.080%))
  Logic Levels:           1  (LUT1=1)
  Clock Path Skew:        -0.205ns (DCD - SCD + CPR)
    Destination Clock Delay (DCD):    2.873ns = ( 22.874 - 20.000 ) 
    Source Clock Delay      (SCD):    3.193ns
    Clock Pessimism Removal (CPR):    0.115ns
  Clock Uncertainty:      0.302ns  ((TSJ^2 + TIJ^2)^1/2 + DJ) / 2 + PE
    Total System Jitter     (TSJ):    0.071ns
    Total Input Jitter      (TIJ):    0.600ns
    Discrete Jitter          (DJ):    0.000ns
    Phase Error              (PE):    0.000ns

    Location             Delay type                Incr(ns)  Path(ns)    PBlock               Netlist Resource(s)
  -------------------------------------------------------------------    ----------------------------------------
                         (clock clk_fpga_0 rise edge)
                                                      0.000     0.000 r                       
    PS7_X0Y0             PS7                          0.000     0.000 r                       udp_gateway_shadow_mirror_i/processing_system7_0/inst/PS7_i/FCLKCLK[0]
                         net (fo=1, routed)           1.193     1.193                         udp_gateway_shadow_mirror_i/processing_system7_0/inst/FCLK_CLK_unbuffered[0]
    BUFGCTRL_X0Y17       BUFG (Prop_bufg_I_O)         0.101     1.294 r                       udp_gateway_shadow_mirror_i/processing_system7_0/inst/buffer_fclk_clk_0.FCLK_CLK_0_BUFG/O
                         net (fo=42827, routed)       1.899     3.193                         udp_gateway_shadow_mirror_i/rst_ps7_0_100M/U0/slowest_sync_clk
    SLICE_X57Y135        FDRE                                         r                       udp_gateway_shadow_mirror_i/rst_ps7_0_100M/U0/ACTIVE_LOW_PR_OUT_DFF[0].FDRE_PER_N/C
  -------------------------------------------------------------------    ----------------------------------------
    SLICE_X57Y135        FDRE (Prop_fdre_C_Q)         0.456     3.649 r                       udp_gateway_shadow_mirror_i/rst_ps7_0_100M/U0/ACTIVE_LOW_PR_OUT_DFF[0].FDRE_PER_N/Q
                         net (fo=93, routed)          4.675     8.324                         udp_gateway_shadow_mirror_i/dma_gateway_hybrid_0/inst/i_hybrid_dma/u_crypto_bridge/gen_crypto_cores[0].u_aes/keymem/rst_n
    SLICE_X67Y64         LUT1 (Prop_lut1_I0_O)        0.124     8.448 f  shadow_core_region   udp_gateway_shadow_mirror_i/dma_gateway_hybrid_0/inst/i_hybrid_dma/u_crypto_bridge/gen_crypto_cores[0].u_aes/keymem/debug_last_plaintext_q[127]_i_2/O
                         net (fo=9554, routed)        9.542    17.990                         udp_gateway_shadow_mirror_i/dma_gateway_hybrid_0/inst/i_hybrid_dma/u_crypto_bridge/gen_crypto_cores[0].u_aes_n_221
    SLICE_X110Y17        FDCE                                         f  shadow_core_region   udp_gateway_shadow_mirror_i/dma_gateway_hybrid_0/inst/i_hybrid_dma/u_crypto_bridge/rob_data_reg[22][9]/CLR
  -------------------------------------------------------------------    ----------------------------------------

                         (clock clk_fpga_0 rise edge)
                                                     20.000    20.000 r                       
    PS7_X0Y0             PS7                          0.000    20.000 r                       udp_gateway_shadow_mirror_i/processing_system7_0/inst/PS7_i/FCLKCLK[0]
                         net (fo=1, routed)           1.088    21.088                         udp_gateway_shadow_mirror_i/processing_system7_0/inst/FCLK_CLK_unbuffered[0]
    BUFGCTRL_X0Y17       BUFG (Prop_bufg_I_O)         0.091    21.179 r                       udp_gateway_shadow_mirror_i/processing_system7_0/inst/buffer_fclk_clk_0.FCLK_CLK_0_BUFG/O
                         net (fo=42827, routed)       1.694    22.874                         udp_gateway_shadow_mirror_i/dma_gateway_hybrid_0/inst/i_hybrid_dma/u_crypto_bridge/clk
    SLICE_X110Y17        FDCE                                         r  shadow_core_region   udp_gateway_shadow_mirror_i/dma_gateway_hybrid_0/inst/i_hybrid_dma/u_crypto_bridge/rob_data_reg[22][9]/C
                         clock pessimism              0.115    22.988                           
                         clock uncertainty           -0.302    22.686                           
    SLICE_X110Y17        FDCE (Recov_fdce_C_CLR)     -0.405    22.281    shadow_core_region     udp_gateway_shadow_mirror_i/dma_gateway_hybrid_0/inst/i_hybrid_dma/u_crypto_bridge/rob_data_reg[22][9]
  -------------------------------------------------------------------
                         required time                         22.281                           
                         arrival time                         -17.990                           
  -------------------------------------------------------------------
                         slack                                  4.291                           

Slack (MET) :             4.455ns  (required time - arrival time)
  Source:                 udp_gateway_shadow_mirror_i/rst_ps7_0_100M/U0/ACTIVE_LOW_PR_OUT_DFF[0].FDRE_PER_N/C
                            (rising edge-triggered cell FDRE clocked by clk_fpga_0  {rise@0.000ns fall@10.000ns period=20.000ns})
  Destination:            udp_gateway_shadow_mirror_i/dma_gateway_hybrid_0/inst/i_hybrid_dma/u_crypto_bridge/rob_data_reg[31][9]/CLR
                            (recovery check against rising-edge clock clk_fpga_0  {rise@0.000ns fall@10.000ns period=20.000ns})
  Path Group:             **async_default**
  Path Type:              Recovery (Max at Slow Process Corner)
  Requirement:            20.000ns  (clk_fpga_0 rise@20.000ns - clk_fpga_0 rise@0.000ns)
  Data Path Delay:        14.631ns  (logic 0.580ns (3.964%)  route 14.051ns (96.036%))
  Logic Levels:           1  (LUT1=1)
  Clock Path Skew:        -0.208ns (DCD - SCD + CPR)
    Destination Clock Delay (DCD):    2.870ns = ( 22.871 - 20.000 ) 
    Source Clock Delay      (SCD):    3.193ns
    Clock Pessimism Removal (CPR):    0.115ns
  Clock Uncertainty:      0.302ns  ((TSJ^2 + TIJ^2)^1/2 + DJ) / 2 + PE
    Total System Jitter     (TSJ):    0.071ns
    Total Input Jitter      (TIJ):    0.600ns
    Discrete Jitter          (DJ):    0.000ns
    Phase Error              (PE):    0.000ns

    Location             Delay type                Incr(ns)  Path(ns)    PBlock               Netlist Resource(s)
  -------------------------------------------------------------------    ----------------------------------------
                         (clock clk_fpga_0 rise edge)
                                                      0.000     0.000 r                       
    PS7_X0Y0             PS7                          0.000     0.000 r                       udp_gateway_shadow_mirror_i/processing_system7_0/inst/PS7_i/FCLKCLK[0]
                         net (fo=1, routed)           1.193     1.193                         udp_gateway_shadow_mirror_i/processing_system7_0/inst/FCLK_CLK_unbuffered[0]
    BUFGCTRL_X0Y17       BUFG (Prop_bufg_I_O)         0.101     1.294 r                       udp_gateway_shadow_mirror_i/processing_system7_0/inst/buffer_fclk_clk_0.FCLK_CLK_0_BUFG/O
                         net (fo=42827, routed)       1.899     3.193                         udp_gateway_shadow_mirror_i/rst_ps7_0_100M/U0/slowest_sync_clk
    SLICE_X57Y135        FDRE                                         r                       udp_gateway_shadow_mirror_i/rst_ps7_0_100M/U0/ACTIVE_LOW_PR_OUT_DFF[0].FDRE_PER_N/C
  -------------------------------------------------------------------    ----------------------------------------
    SLICE_X57Y135        FDRE (Prop_fdre_C_Q)         0.456     3.649 r                       udp_gateway_shadow_mirror_i/rst_ps7_0_100M/U0/ACTIVE_LOW_PR_OUT_DFF[0].FDRE_PER_N/Q
                         net (fo=93, routed)          4.675     8.324                         udp_gateway_shadow_mirror_i/dma_gateway_hybrid_0/inst/i_hybrid_dma/u_crypto_bridge/gen_crypto_cores[0].u_aes/keymem/rst_n
    SLICE_X67Y64         LUT1 (Prop_lut1_I0_O)        0.124     8.448 f  shadow_core_region   udp_gateway_shadow_mirror_i/dma_gateway_hybrid_0/inst/i_hybrid_dma/u_crypto_bridge/gen_crypto_cores[0].u_aes/keymem/debug_last_plaintext_q[127]_i_2/O
                         net (fo=9554, routed)        9.376    17.824                         udp_gateway_shadow_mirror_i/dma_gateway_hybrid_0/inst/i_hybrid_dma/u_crypto_bridge/gen_crypto_cores[0].u_aes_n_221
    SLICE_X113Y20        FDCE                                         f  shadow_core_region   udp_gateway_shadow_mirror_i/dma_gateway_hybrid_0/inst/i_hybrid_dma/u_crypto_bridge/rob_data_reg[31][9]/CLR
  -------------------------------------------------------------------    ----------------------------------------

                         (clock clk_fpga_0 rise edge)
                                                     20.000    20.000 r                       
    PS7_X0Y0             PS7                          0.000    20.000 r                       udp_gateway_shadow_mirror_i/processing_system7_0/inst/PS7_i/FCLKCLK[0]
                         net (fo=1, routed)           1.088    21.088                         udp_gateway_shadow_mirror_i/processing_system7_0/inst/FCLK_CLK_unbuffered[0]
    BUFGCTRL_X0Y17       BUFG (Prop_bufg_I_O)         0.091    21.179 r                       udp_gateway_shadow_mirror_i/processing_system7_0/inst/buffer_fclk_clk_0.FCLK_CLK_0_BUFG/O
                         net (fo=42827, routed)       1.691    22.871                         udp_gateway_shadow_mirror_i/dma_gateway_hybrid_0/inst/i_hybrid_dma/u_crypto_bridge/clk
    SLICE_X113Y20        FDCE                                         r  shadow_core_region   udp_gateway_shadow_mirror_i/dma_gateway_hybrid_0/inst/i_hybrid_dma/u_crypto_bridge/rob_data_reg[31][9]/C
                         clock pessimism              0.115    22.985                           
                         clock uncertainty           -0.302    22.683                           
    SLICE_X113Y20        FDCE (Recov_fdce_C_CLR)     -0.405    22.278    shadow_core_region     udp_gateway_shadow_mirror_i/dma_gateway_hybrid_0/inst/i_hybrid_dma/u_crypto_bridge/rob_data_reg[31][9]
  -------------------------------------------------------------------
                         required time                         22.278                           
                         arrival time                         -17.824                           
  -------------------------------------------------------------------
                         slack                                  4.455                           

Slack (MET) :             4.690ns  (required time - arrival time)
  Source:                 udp_gateway_shadow_mirror_i/rst_ps7_0_100M/U0/ACTIVE_LOW_PR_OUT_DFF[0].FDRE_PER_N/C
                            (rising edge-triggered cell FDRE clocked by clk_fpga_0  {rise@0.000ns fall@10.000ns period=20.000ns})
  Destination:            udp_gateway_shadow_mirror_i/dma_gateway_hybrid_0/inst/i_hybrid_dma/u_crypto_bridge/gen_crypto_cores[0].u_aes/keymem/key_mem_reg[2][111]/CLR
                            (recovery check against rising-edge clock clk_fpga_0  {rise@0.000ns fall@10.000ns period=20.000ns})
  Path Group:             **async_default**
  Path Type:              Recovery (Max at Slow Process Corner)
  Requirement:            20.000ns  (clk_fpga_0 rise@20.000ns - clk_fpga_0 rise@0.000ns)
  Data Path Delay:        14.480ns  (logic 0.580ns (4.006%)  route 13.900ns (95.994%))
  Logic Levels:           1  (LUT1=1)
  Clock Path Skew:        -0.209ns (DCD - SCD + CPR)
    Destination Clock Delay (DCD):    2.869ns = ( 22.869 - 20.000 ) 
    Source Clock Delay      (SCD):    3.193ns
    Clock Pessimism Removal (CPR):    0.115ns
  Clock Uncertainty:      0.302ns  ((TSJ^2 + TIJ^2)^1/2 + DJ) / 2 + PE
    Total System Jitter     (TSJ):    0.071ns
    Total Input Jitter      (TIJ):    0.600ns
    Discrete Jitter          (DJ):    0.000ns
    Phase Error              (PE):    0.000ns

    Location             Delay type                Incr(ns)  Path(ns)    PBlock               Netlist Resource(s)
  -------------------------------------------------------------------    ----------------------------------------
                         (clock clk_fpga_0 rise edge)
                                                      0.000     0.000 r                       
    PS7_X0Y0             PS7                          0.000     0.000 r                       udp_gateway_shadow_mirror_i/processing_system7_0/inst/PS7_i/FCLKCLK[0]
                         net (fo=1, routed)           1.193     1.193                         udp_gateway_shadow_mirror_i/processing_system7_0/inst/FCLK_CLK_unbuffered[0]
    BUFGCTRL_X0Y17       BUFG (Prop_bufg_I_O)         0.101     1.294 r                       udp_gateway_shadow_mirror_i/processing_system7_0/inst/buffer_fclk_clk_0.FCLK_CLK_0_BUFG/O
                         net (fo=42827, routed)       1.899     3.193                         udp_gateway_shadow_mirror_i/rst_ps7_0_100M/U0/slowest_sync_clk
    SLICE_X57Y135        FDRE                                         r                       udp_gateway_shadow_mirror_i/rst_ps7_0_100M/U0/ACTIVE_LOW_PR_OUT_DFF[0].FDRE_PER_N/C
  -------------------------------------------------------------------    ----------------------------------------
    SLICE_X57Y135        FDRE (Prop_fdre_C_Q)         0.456     3.649 r                       udp_gateway_shadow_mirror_i/rst_ps7_0_100M/U0/ACTIVE_LOW_PR_OUT_DFF[0].FDRE_PER_N/Q
                         net (fo=93, routed)          4.675     8.324                         udp_gateway_shadow_mirror_i/dma_gateway_hybrid_0/inst/i_hybrid_dma/u_crypto_bridge/gen_crypto_cores[0].u_aes/keymem/rst_n
    SLICE_X67Y64         LUT1 (Prop_lut1_I0_O)        0.124     8.448 f  shadow_core_region   udp_gateway_shadow_mirror_i/dma_gateway_hybrid_0/inst/i_hybrid_dma/u_crypto_bridge/gen_crypto_cores[0].u_aes/keymem/debug_last_plaintext_q[127]_i_2/O
                         net (fo=9554, routed)        9.225    17.673                         udp_gateway_shadow_mirror_i/dma_gateway_hybrid_0/inst/i_hybrid_dma/u_crypto_bridge/gen_crypto_cores[0].u_aes/keymem/rst_n_0
    SLICE_X112Y21        FDCE                                         f  shadow_core_region   udp_gateway_shadow_mirror_i/dma_gateway_hybrid_0/inst/i_hybrid_dma/u_crypto_bridge/gen_crypto_cores[0].u_aes/keymem/key_mem_reg[2][111]/CLR
  -------------------------------------------------------------------    ----------------------------------------

                         (clock clk_fpga_0 rise edge)
                                                     20.000    20.000 r                       
    PS7_X0Y0             PS7                          0.000    20.000 r                       udp_gateway_shadow_mirror_i/processing_system7_0/inst/PS7_i/FCLKCLK[0]
                         net (fo=1, routed)           1.088    21.088                         udp_gateway_shadow_mirror_i/processing_system7_0/inst/FCLK_CLK_unbuffered[0]
    BUFGCTRL_X0Y17       BUFG (Prop_bufg_I_O)         0.091    21.179 r                       udp_gateway_shadow_mirror_i/processing_system7_0/inst/buffer_fclk_clk_0.FCLK_CLK_0_BUFG/O
                         net (fo=42827, routed)       1.690    22.869                         udp_gateway_shadow_mirror_i/dma_gateway_hybrid_0/inst/i_hybrid_dma/u_crypto_bridge/gen_crypto_cores[0].u_aes/keymem/clk
    SLICE_X112Y21        FDCE                                         r  shadow_core_region   udp_gateway_shadow_mirror_i/dma_gateway_hybrid_0/inst/i_hybrid_dma/u_crypto_bridge/gen_crypto_cores[0].u_aes/keymem/key_mem_reg[2][111]/C
                         clock pessimism              0.115    22.984                           
                         clock uncertainty           -0.302    22.682                           
    SLICE_X112Y21        FDCE (Recov_fdce_C_CLR)     -0.319    22.363    shadow_core_region     udp_gateway_shadow_mirror_i/dma_gateway_hybrid_0/inst/i_hybrid_dma/u_crypto_bridge/gen_crypto_cores[0].u_aes/keymem/key_mem_reg[2][111]
  -------------------------------------------------------------------
                         required time                         22.363                           
                         arrival time                         -17.673                           
  -------------------------------------------------------------------
                         slack                                  4.690                           

Slack (MET) :             4.694ns  (required time - arrival time)
  Source:                 udp_gateway_shadow_mirror_i/rst_ps7_0_100M/U0/ACTIVE_LOW_PR_OUT_DFF[0].FDRE_PER_N/C
                            (rising edge-triggered cell FDRE clocked by clk_fpga_0  {rise@0.000ns fall@10.000ns period=20.000ns})
  Destination:            udp_gateway_shadow_mirror_i/dma_gateway_hybrid_0/inst/i_hybrid_dma/u_crypto_bridge/gen_crypto_cores[0].u_aes/keymem/key_mem_reg[1][111]/CLR
                            (recovery check against rising-edge clock clk_fpga_0  {rise@0.000ns fall@10.000ns period=20.000ns})
  Path Group:             **async_default**
  Path Type:              Recovery (Max at Slow Process Corner)
  Requirement:            20.000ns  (clk_fpga_0 rise@20.000ns - clk_fpga_0 rise@0.000ns)
  Data Path Delay:        14.387ns  (logic 0.580ns (4.031%)  route 13.807ns (95.969%))
  Logic Levels:           1  (LUT1=1)
  Clock Path Skew:        -0.213ns (DCD - SCD + CPR)
    Destination Clock Delay (DCD):    2.865ns = ( 22.865 - 20.000 ) 
    Source Clock Delay      (SCD):    3.193ns
    Clock Pessimism Removal (CPR):    0.115ns
  Clock Uncertainty:      0.302ns  ((TSJ^2 + TIJ^2)^1/2 + DJ) / 2 + PE
    Total System Jitter     (TSJ):    0.071ns
    Total Input Jitter      (TIJ):    0.600ns
    Discrete Jitter          (DJ):    0.000ns
    Phase Error              (PE):    0.000ns

    Location             Delay type                Incr(ns)  Path(ns)    PBlock               Netlist Resource(s)
  -------------------------------------------------------------------    ----------------------------------------
                         (clock clk_fpga_0 rise edge)
                                                      0.000     0.000 r                       
    PS7_X0Y0             PS7                          0.000     0.000 r                       udp_gateway_shadow_mirror_i/processing_system7_0/inst/PS7_i/FCLKCLK[0]
                         net (fo=1, routed)           1.193     1.193                         udp_gateway_shadow_mirror_i/processing_system7_0/inst/FCLK_CLK_unbuffered[0]
    BUFGCTRL_X0Y17       BUFG (Prop_bufg_I_O)         0.101     1.294 r                       udp_gateway_shadow_mirror_i/processing_system7_0/inst/buffer_fclk_clk_0.FCLK_CLK_0_BUFG/O
                         net (fo=42827, routed)       1.899     3.193                         udp_gateway_shadow_mirror_i/rst_ps7_0_100M/U0/slowest_sync_clk
    SLICE_X57Y135        FDRE                                         r                       udp_gateway_shadow_mirror_i/rst_ps7_0_100M/U0/ACTIVE_LOW_PR_OUT_DFF[0].FDRE_PER_N/C
  -------------------------------------------------------------------    ----------------------------------------
    SLICE_X57Y135        FDRE (Prop_fdre_C_Q)         0.456     3.649 r                       udp_gateway_shadow_mirror_i/rst_ps7_0_100M/U0/ACTIVE_LOW_PR_OUT_DFF[0].FDRE_PER_N/Q
                         net (fo=93, routed)          4.675     8.324                         udp_gateway_shadow_mirror_i/dma_gateway_hybrid_0/inst/i_hybrid_dma/u_crypto_bridge/gen_crypto_cores[0].u_aes/keymem/rst_n
    SLICE_X67Y64         LUT1 (Prop_lut1_I0_O)        0.124     8.448 f  shadow_core_region   udp_gateway_shadow_mirror_i/dma_gateway_hybrid_0/inst/i_hybrid_dma/u_crypto_bridge/gen_crypto_cores[0].u_aes/keymem/debug_last_plaintext_q[127]_i_2/O
                         net (fo=9554, routed)        9.132    17.580                         udp_gateway_shadow_mirror_i/dma_gateway_hybrid_0/inst/i_hybrid_dma/u_crypto_bridge/gen_crypto_cores[0].u_aes/keymem/rst_n_0
    SLICE_X106Y22        FDCE                                         f  shadow_core_region   udp_gateway_shadow_mirror_i/dma_gateway_hybrid_0/inst/i_hybrid_dma/u_crypto_bridge/gen_crypto_cores[0].u_aes/keymem/key_mem_reg[1][111]/CLR
  -------------------------------------------------------------------    ----------------------------------------

                         (clock clk_fpga_0 rise edge)
                                                     20.000    20.000 r                       
    PS7_X0Y0             PS7                          0.000    20.000 r                       udp_gateway_shadow_mirror_i/processing_system7_0/inst/PS7_i/FCLKCLK[0]
                         net (fo=1, routed)           1.088    21.088                         udp_gateway_shadow_mirror_i/processing_system7_0/inst/FCLK_CLK_unbuffered[0]
    BUFGCTRL_X0Y17       BUFG (Prop_bufg_I_O)         0.091    21.179 r                       udp_gateway_shadow_mirror_i/processing_system7_0/inst/buffer_fclk_clk_0.FCLK_CLK_0_BUFG/O
                         net (fo=42827, routed)       1.686    22.865                         udp_gateway_shadow_mirror_i/dma_gateway_hybrid_0/inst/i_hybrid_dma/u_crypto_bridge/gen_crypto_cores[0].u_aes/keymem/clk
    SLICE_X106Y22        FDCE                                         r  shadow_core_region   udp_gateway_shadow_mirror_i/dma_gateway_hybrid_0/inst/i_hybrid_dma/u_crypto_bridge/gen_crypto_cores[0].u_aes/keymem/key_mem_reg[1][111]/C
                         clock pessimism              0.115    22.980                           
                         clock uncertainty           -0.302    22.678                           
    SLICE_X106Y22        FDCE (Recov_fdce_C_CLR)     -0.405    22.273    shadow_core_region     udp_gateway_shadow_mirror_i/dma_gateway_hybrid_0/inst/i_hybrid_dma/u_crypto_bridge/gen_crypto_cores[0].u_aes/keymem/key_mem_reg[1][111]
  -------------------------------------------------------------------
                         required time                         22.273                           
                         arrival time                         -17.580                           
  -------------------------------------------------------------------
                         slack                                  4.694                           

Slack (MET) :             4.819ns  (required time - arrival time)
  Source:                 udp_gateway_shadow_mirror_i/rst_ps7_0_100M/U0/ACTIVE_LOW_PR_OUT_DFF[0].FDRE_PER_N/C
                            (rising edge-triggered cell FDRE clocked by clk_fpga_0  {rise@0.000ns fall@10.000ns period=20.000ns})
  Destination:            udp_gateway_shadow_mirror_i/dma_gateway_hybrid_0/inst/i_hybrid_dma/u_crypto_bridge/gen_crypto_cores[0].u_aes/keymem/key_mem_reg[0][111]/CLR
                            (recovery check against rising-edge clock clk_fpga_0  {rise@0.000ns fall@10.000ns period=20.000ns})
  Path Group:             **async_default**
  Path Type:              Recovery (Max at Slow Process Corner)
  Requirement:            20.000ns  (clk_fpga_0 rise@20.000ns - clk_fpga_0 rise@0.000ns)
  Data Path Delay:        14.265ns  (logic 0.580ns (4.066%)  route 13.685ns (95.934%))
  Logic Levels:           1  (LUT1=1)
  Clock Path Skew:        -0.209ns (DCD - SCD + CPR)
    Destination Clock Delay (DCD):    2.869ns = ( 22.869 - 20.000 ) 
    Source Clock Delay      (SCD):    3.193ns
    Clock Pessimism Removal (CPR):    0.115ns
  Clock Uncertainty:      0.302ns  ((TSJ^2 + TIJ^2)^1/2 + DJ) / 2 + PE
    Total System Jitter     (TSJ):    0.071ns
    Total Input Jitter      (TIJ):    0.600ns
    Discrete Jitter          (DJ):    0.000ns
    Phase Error              (PE):    0.000ns

    Location             Delay type                Incr(ns)  Path(ns)    PBlock               Netlist Resource(s)
  -------------------------------------------------------------------    ----------------------------------------
                         (clock clk_fpga_0 rise edge)
                                                      0.000     0.000 r                       
    PS7_X0Y0             PS7                          0.000     0.000 r                       udp_gateway_shadow_mirror_i/processing_system7_0/inst/PS7_i/FCLKCLK[0]
                         net (fo=1, routed)           1.193     1.193                         udp_gateway_shadow_mirror_i/processing_system7_0/inst/FCLK_CLK_unbuffered[0]
    BUFGCTRL_X0Y17       BUFG (Prop_bufg_I_O)         0.101     1.294 r                       udp_gateway_shadow_mirror_i/processing_system7_0/inst/buffer_fclk_clk_0.FCLK_CLK_0_BUFG/O
                         net (fo=42827, routed)       1.899     3.193                         udp_gateway_shadow_mirror_i/rst_ps7_0_100M/U0/slowest_sync_clk
    SLICE_X57Y135        FDRE                                         r                       udp_gateway_shadow_mirror_i/rst_ps7_0_100M/U0/ACTIVE_LOW_PR_OUT_DFF[0].FDRE_PER_N/C
  -------------------------------------------------------------------    ----------------------------------------
    SLICE_X57Y135        FDRE (Prop_fdre_C_Q)         0.456     3.649 r                       udp_gateway_shadow_mirror_i/rst_ps7_0_100M/U0/ACTIVE_LOW_PR_OUT_DFF[0].FDRE_PER_N/Q
                         net (fo=93, routed)          4.675     8.324                         udp_gateway_shadow_mirror_i/dma_gateway_hybrid_0/inst/i_hybrid_dma/u_crypto_bridge/gen_crypto_cores[0].u_aes/keymem/rst_n
    SLICE_X67Y64         LUT1 (Prop_lut1_I0_O)        0.124     8.448 f  shadow_core_region   udp_gateway_shadow_mirror_i/dma_gateway_hybrid_0/inst/i_hybrid_dma/u_crypto_bridge/gen_crypto_cores[0].u_aes/keymem/debug_last_plaintext_q[127]_i_2/O
                         net (fo=9554, routed)        9.010    17.458                         udp_gateway_shadow_mirror_i/dma_gateway_hybrid_0/inst/i_hybrid_dma/u_crypto_bridge/gen_crypto_cores[0].u_aes/keymem/rst_n_0
    SLICE_X110Y21        FDCE                                         f  shadow_core_region   udp_gateway_shadow_mirror_i/dma_gateway_hybrid_0/inst/i_hybrid_dma/u_crypto_bridge/gen_crypto_cores[0].u_aes/keymem/key_mem_reg[0][111]/CLR
  -------------------------------------------------------------------    ----------------------------------------

                         (clock clk_fpga_0 rise edge)
                                                     20.000    20.000 r                       
    PS7_X0Y0             PS7                          0.000    20.000 r                       udp_gateway_shadow_mirror_i/processing_system7_0/inst/PS7_i/FCLKCLK[0]
                         net (fo=1, routed)           1.088    21.088                         udp_gateway_shadow_mirror_i/processing_system7_0/inst/FCLK_CLK_unbuffered[0]
    BUFGCTRL_X0Y17       BUFG (Prop_bufg_I_O)         0.091    21.179 r                       udp_gateway_shadow_mirror_i/processing_system7_0/inst/buffer_fclk_clk_0.FCLK_CLK_0_BUFG/O
                         net (fo=42827, routed)       1.690    22.869                         udp_gateway_shadow_mirror_i/dma_gateway_hybrid_0/inst/i_hybrid_dma/u_crypto_bridge/gen_crypto_cores[0].u_aes/keymem/clk
    SLICE_X110Y21        FDCE                                         r  shadow_core_region   udp_gateway_shadow_mirror_i/dma_gateway_hybrid_0/inst/i_hybrid_dma/u_crypto_bridge/gen_crypto_cores[0].u_aes/keymem/key_mem_reg[0][111]/C
                         clock pessimism              0.115    22.984                           
                         clock uncertainty           -0.302    22.682                           
    SLICE_X110Y21        FDCE (Recov_fdce_C_CLR)     -0.405    22.277    shadow_core_region     udp_gateway_shadow_mirror_i/dma_gateway_hybrid_0/inst/i_hybrid_dma/u_crypto_bridge/gen_crypto_cores[0].u_aes/keymem/key_mem_reg[0][111]
  -------------------------------------------------------------------
                         required time                         22.277                           
                         arrival time                         -17.458                           
  -------------------------------------------------------------------
                         slack                                  4.819                           

Slack (MET) :             4.973ns  (required time - arrival time)
  Source:                 udp_gateway_shadow_mirror_i/rst_ps7_0_100M/U0/ACTIVE_LOW_PR_OUT_DFF[0].FDRE_PER_N/C
                            (rising edge-triggered cell FDRE clocked by clk_fpga_0  {rise@0.000ns fall@10.000ns period=20.000ns})
  Destination:            udp_gateway_shadow_mirror_i/dma_gateway_hybrid_0/inst/i_hybrid_dma/u_crypto_bridge/gen_crypto_cores[0].u_aes/keymem/key_mem_reg[3][111]/CLR
                            (recovery check against rising-edge clock clk_fpga_0  {rise@0.000ns fall@10.000ns period=20.000ns})
  Path Group:             **async_default**
  Path Type:              Recovery (Max at Slow Process Corner)
  Requirement:            20.000ns  (clk_fpga_0 rise@20.000ns - clk_fpga_0 rise@0.000ns)
  Data Path Delay:        14.192ns  (logic 0.580ns (4.087%)  route 13.612ns (95.913%))
  Logic Levels:           1  (LUT1=1)
  Clock Path Skew:        -0.214ns (DCD - SCD + CPR)
    Destination Clock Delay (DCD):    2.864ns = ( 22.865 - 20.000 ) 
    Source Clock Delay      (SCD):    3.193ns
    Clock Pessimism Removal (CPR):    0.115ns
  Clock Uncertainty:      0.302ns  ((TSJ^2 + TIJ^2)^1/2 + DJ) / 2 + PE
    Total System Jitter     (TSJ):    0.071ns
    Total Input Jitter      (TIJ):    0.600ns
    Discrete Jitter          (DJ):    0.000ns
    Phase Error              (PE):    0.000ns

    Location             Delay type                Incr(ns)  Path(ns)    PBlock               Netlist Resource(s)
  -------------------------------------------------------------------    ----------------------------------------
                         (clock clk_fpga_0 rise edge)
                                                      0.000     0.000 r                       
    PS7_X0Y0             PS7                          0.000     0.000 r                       udp_gateway_shadow_mirror_i/processing_system7_0/inst/PS7_i/FCLKCLK[0]
                         net (fo=1, routed)           1.193     1.193                         udp_gateway_shadow_mirror_i/processing_system7_0/inst/FCLK_CLK_unbuffered[0]
    BUFGCTRL_X0Y17       BUFG (Prop_bufg_I_O)         0.101     1.294 r                       udp_gateway_shadow_mirror_i/processing_system7_0/inst/buffer_fclk_clk_0.FCLK_CLK_0_BUFG/O
                         net (fo=42827, routed)       1.899     3.193                         udp_gateway_shadow_mirror_i/rst_ps7_0_100M/U0/slowest_sync_clk
    SLICE_X57Y135        FDRE                                         r                       udp_gateway_shadow_mirror_i/rst_ps7_0_100M/U0/ACTIVE_LOW_PR_OUT_DFF[0].FDRE_PER_N/C
  -------------------------------------------------------------------    ----------------------------------------
    SLICE_X57Y135        FDRE (Prop_fdre_C_Q)         0.456     3.649 r                       udp_gateway_shadow_mirror_i/rst_ps7_0_100M/U0/ACTIVE_LOW_PR_OUT_DFF[0].FDRE_PER_N/Q
                         net (fo=93, routed)          4.675     8.324                         udp_gateway_shadow_mirror_i/dma_gateway_hybrid_0/inst/i_hybrid_dma/u_crypto_bridge/gen_crypto_cores[0].u_aes/keymem/rst_n
    SLICE_X67Y64         LUT1 (Prop_lut1_I0_O)        0.124     8.448 f  shadow_core_region   udp_gateway_shadow_mirror_i/dma_gateway_hybrid_0/inst/i_hybrid_dma/u_crypto_bridge/gen_crypto_cores[0].u_aes/keymem/debug_last_plaintext_q[127]_i_2/O
                         net (fo=9554, routed)        8.937    17.385                         udp_gateway_shadow_mirror_i/dma_gateway_hybrid_0/inst/i_hybrid_dma/u_crypto_bridge/gen_crypto_cores[0].u_aes/keymem/rst_n_0
    SLICE_X108Y23        FDCE                                         f  shadow_core_region   udp_gateway_shadow_mirror_i/dma_gateway_hybrid_0/inst/i_hybrid_dma/u_crypto_bridge/gen_crypto_cores[0].u_aes/keymem/key_mem_reg[3][111]/CLR
  -------------------------------------------------------------------    ----------------------------------------

                         (clock clk_fpga_0 rise edge)
                                                     20.000    20.000 r                       
    PS7_X0Y0             PS7                          0.000    20.000 r                       udp_gateway_shadow_mirror_i/processing_system7_0/inst/PS7_i/FCLKCLK[0]
                         net (fo=1, routed)           1.088    21.088                         udp_gateway_shadow_mirror_i/processing_system7_0/inst/FCLK_CLK_unbuffered[0]
    BUFGCTRL_X0Y17       BUFG (Prop_bufg_I_O)         0.091    21.179 r                       udp_gateway_shadow_mirror_i/processing_system7_0/inst/buffer_fclk_clk_0.FCLK_CLK_0_BUFG/O
                         net (fo=42827, routed)       1.685    22.865                         udp_gateway_shadow_mirror_i/dma_gateway_hybrid_0/inst/i_hybrid_dma/u_crypto_bridge/gen_crypto_cores[0].u_aes/keymem/clk
    SLICE_X108Y23        FDCE                                         r  shadow_core_region   udp_gateway_shadow_mirror_i/dma_gateway_hybrid_0/inst/i_hybrid_dma/u_crypto_bridge/gen_crypto_cores[0].u_aes/keymem/key_mem_reg[3][111]/C
                         clock pessimism              0.115    22.979                           
                         clock uncertainty           -0.302    22.677                           
    SLICE_X108Y23        FDCE (Recov_fdce_C_CLR)     -0.319    22.358    shadow_core_region     udp_gateway_shadow_mirror_i/dma_gateway_hybrid_0/inst/i_hybrid_dma/u_crypto_bridge/gen_crypto_cores[0].u_aes/keymem/key_mem_reg[3][111]
  -------------------------------------------------------------------
                         required time                         22.358                           
                         arrival time                         -17.385                           
  -------------------------------------------------------------------
                         slack                                  4.973                           

Slack (MET) :             5.077ns  (required time - arrival time)
  Source:                 udp_gateway_shadow_mirror_i/rst_ps7_0_100M/U0/ACTIVE_LOW_PR_OUT_DFF[0].FDRE_PER_N/C
                            (rising edge-triggered cell FDRE clocked by clk_fpga_0  {rise@0.000ns fall@10.000ns period=20.000ns})
  Destination:            udp_gateway_shadow_mirror_i/dma_gateway_hybrid_0/inst/i_hybrid_dma/u_crypto_bridge/rob_data_reg[2][4]/CLR
                            (recovery check against rising-edge clock clk_fpga_0  {rise@0.000ns fall@10.000ns period=20.000ns})
  Path Group:             **async_default**
  Path Type:              Recovery (Max at Slow Process Corner)
  Requirement:            20.000ns  (clk_fpga_0 rise@20.000ns - clk_fpga_0 rise@0.000ns)
  Data Path Delay:        14.017ns  (logic 0.580ns (4.138%)  route 13.437ns (95.862%))
  Logic Levels:           1  (LUT1=1)
  Clock Path Skew:        -0.285ns (DCD - SCD + CPR)
    Destination Clock Delay (DCD):    2.793ns = ( 22.793 - 20.000 ) 
    Source Clock Delay      (SCD):    3.193ns
    Clock Pessimism Removal (CPR):    0.115ns
  Clock Uncertainty:      0.302ns  ((TSJ^2 + TIJ^2)^1/2 + DJ) / 2 + PE
    Total System Jitter     (TSJ):    0.071ns
    Total Input Jitter      (TIJ):    0.600ns
    Discrete Jitter          (DJ):    0.000ns
    Phase Error              (PE):    0.000ns

    Location             Delay type                Incr(ns)  Path(ns)    PBlock               Netlist Resource(s)
  -------------------------------------------------------------------    ----------------------------------------
                         (clock clk_fpga_0 rise edge)
                                                      0.000     0.000 r                       
    PS7_X0Y0             PS7                          0.000     0.000 r                       udp_gateway_shadow_mirror_i/processing_system7_0/inst/PS7_i/FCLKCLK[0]
                         net (fo=1, routed)           1.193     1.193                         udp_gateway_shadow_mirror_i/processing_system7_0/inst/FCLK_CLK_unbuffered[0]
    BUFGCTRL_X0Y17       BUFG (Prop_bufg_I_O)         0.101     1.294 r                       udp_gateway_shadow_mirror_i/processing_system7_0/inst/buffer_fclk_clk_0.FCLK_CLK_0_BUFG/O
                         net (fo=42827, routed)       1.899     3.193                         udp_gateway_shadow_mirror_i/rst_ps7_0_100M/U0/slowest_sync_clk
    SLICE_X57Y135        FDRE                                         r                       udp_gateway_shadow_mirror_i/rst_ps7_0_100M/U0/ACTIVE_LOW_PR_OUT_DFF[0].FDRE_PER_N/C
  -------------------------------------------------------------------    ----------------------------------------
    SLICE_X57Y135        FDRE (Prop_fdre_C_Q)         0.456     3.649 r                       udp_gateway_shadow_mirror_i/rst_ps7_0_100M/U0/ACTIVE_LOW_PR_OUT_DFF[0].FDRE_PER_N/Q
                         net (fo=93, routed)          4.675     8.324                         udp_gateway_shadow_mirror_i/dma_gateway_hybrid_0/inst/i_hybrid_dma/u_crypto_bridge/gen_crypto_cores[0].u_aes/keymem/rst_n
    SLICE_X67Y64         LUT1 (Prop_lut1_I0_O)        0.124     8.448 f  shadow_core_region   udp_gateway_shadow_mirror_i/dma_gateway_hybrid_0/inst/i_hybrid_dma/u_crypto_bridge/gen_crypto_cores[0].u_aes/keymem/debug_last_plaintext_q[127]_i_2/O
                         net (fo=9554, routed)        8.762    17.210                         udp_gateway_shadow_mirror_i/dma_gateway_hybrid_0/inst/i_hybrid_dma/u_crypto_bridge/gen_crypto_cores[0].u_aes_n_221
    SLICE_X104Y21        FDCE                                         f  shadow_core_region   udp_gateway_shadow_mirror_i/dma_gateway_hybrid_0/inst/i_hybrid_dma/u_crypto_bridge/rob_data_reg[2][4]/CLR
  -------------------------------------------------------------------    ----------------------------------------

                         (clock clk_fpga_0 rise edge)
                                                     20.000    20.000 r                       
    PS7_X0Y0             PS7                          0.000    20.000 r                       udp_gateway_shadow_mirror_i/processing_system7_0/inst/PS7_i/FCLKCLK[0]
                         net (fo=1, routed)           1.088    21.088                         udp_gateway_shadow_mirror_i/processing_system7_0/inst/FCLK_CLK_unbuffered[0]
    BUFGCTRL_X0Y17       BUFG (Prop_bufg_I_O)         0.091    21.179 r                       udp_gateway_shadow_mirror_i/processing_system7_0/inst/buffer_fclk_clk_0.FCLK_CLK_0_BUFG/O
                         net (fo=42827, routed)       1.614    22.793                         udp_gateway_shadow_mirror_i/dma_gateway_hybrid_0/inst/i_hybrid_dma/u_crypto_bridge/clk
    SLICE_X104Y21        FDCE                                         r  shadow_core_region   udp_gateway_shadow_mirror_i/dma_gateway_hybrid_0/inst/i_hybrid_dma/u_crypto_bridge/rob_data_reg[2][4]/C
                         clock pessimism              0.115    22.908                           
                         clock uncertainty           -0.302    22.606                           
    SLICE_X104Y21        FDCE (Recov_fdce_C_CLR)     -0.319    22.287    shadow_core_region     udp_gateway_shadow_mirror_i/dma_gateway_hybrid_0/inst/i_hybrid_dma/u_crypto_bridge/rob_data_reg[2][4]
  -------------------------------------------------------------------
                         required time                         22.287                           
                         arrival time                         -17.210                           
  -------------------------------------------------------------------
                         slack                                  5.077                           

Slack (MET) :             5.077ns  (required time - arrival time)
  Source:                 udp_gateway_shadow_mirror_i/rst_ps7_0_100M/U0/ACTIVE_LOW_PR_OUT_DFF[0].FDRE_PER_N/C
                            (rising edge-triggered cell FDRE clocked by clk_fpga_0  {rise@0.000ns fall@10.000ns period=20.000ns})
  Destination:            udp_gateway_shadow_mirror_i/dma_gateway_hybrid_0/inst/i_hybrid_dma/u_crypto_bridge/rob_data_reg[2][9]/CLR
                            (recovery check against rising-edge clock clk_fpga_0  {rise@0.000ns fall@10.000ns period=20.000ns})
  Path Group:             **async_default**
  Path Type:              Recovery (Max at Slow Process Corner)
  Requirement:            20.000ns  (clk_fpga_0 rise@20.000ns - clk_fpga_0 rise@0.000ns)
  Data Path Delay:        14.017ns  (logic 0.580ns (4.138%)  route 13.437ns (95.862%))
  Logic Levels:           1  (LUT1=1)
  Clock Path Skew:        -0.285ns (DCD - SCD + CPR)
    Destination Clock Delay (DCD):    2.793ns = ( 22.793 - 20.000 ) 
    Source Clock Delay      (SCD):    3.193ns
    Clock Pessimism Removal (CPR):    0.115ns
  Clock Uncertainty:      0.302ns  ((TSJ^2 + TIJ^2)^1/2 + DJ) / 2 + PE
    Total System Jitter     (TSJ):    0.071ns
    Total Input Jitter      (TIJ):    0.600ns
    Discrete Jitter          (DJ):    0.000ns
    Phase Error              (PE):    0.000ns

    Location             Delay type                Incr(ns)  Path(ns)    PBlock               Netlist Resource(s)
  -------------------------------------------------------------------    ----------------------------------------
                         (clock clk_fpga_0 rise edge)
                                                      0.000     0.000 r                       
    PS7_X0Y0             PS7                          0.000     0.000 r                       udp_gateway_shadow_mirror_i/processing_system7_0/inst/PS7_i/FCLKCLK[0]
                         net (fo=1, routed)           1.193     1.193                         udp_gateway_shadow_mirror_i/processing_system7_0/inst/FCLK_CLK_unbuffered[0]
    BUFGCTRL_X0Y17       BUFG (Prop_bufg_I_O)         0.101     1.294 r                       udp_gateway_shadow_mirror_i/processing_system7_0/inst/buffer_fclk_clk_0.FCLK_CLK_0_BUFG/O
                         net (fo=42827, routed)       1.899     3.193                         udp_gateway_shadow_mirror_i/rst_ps7_0_100M/U0/slowest_sync_clk
    SLICE_X57Y135        FDRE                                         r                       udp_gateway_shadow_mirror_i/rst_ps7_0_100M/U0/ACTIVE_LOW_PR_OUT_DFF[0].FDRE_PER_N/C
  -------------------------------------------------------------------    ----------------------------------------
    SLICE_X57Y135        FDRE (Prop_fdre_C_Q)         0.456     3.649 r                       udp_gateway_shadow_mirror_i/rst_ps7_0_100M/U0/ACTIVE_LOW_PR_OUT_DFF[0].FDRE_PER_N/Q
                         net (fo=93, routed)          4.675     8.324                         udp_gateway_shadow_mirror_i/dma_gateway_hybrid_0/inst/i_hybrid_dma/u_crypto_bridge/gen_crypto_cores[0].u_aes/keymem/rst_n
    SLICE_X67Y64         LUT1 (Prop_lut1_I0_O)        0.124     8.448 f  shadow_core_region   udp_gateway_shadow_mirror_i/dma_gateway_hybrid_0/inst/i_hybrid_dma/u_crypto_bridge/gen_crypto_cores[0].u_aes/keymem/debug_last_plaintext_q[127]_i_2/O
                         net (fo=9554, routed)        8.762    17.210                         udp_gateway_shadow_mirror_i/dma_gateway_hybrid_0/inst/i_hybrid_dma/u_crypto_bridge/gen_crypto_cores[0].u_aes_n_221
    SLICE_X104Y21        FDCE                                         f  shadow_core_region   udp_gateway_shadow_mirror_i/dma_gateway_hybrid_0/inst/i_hybrid_dma/u_crypto_bridge/rob_data_reg[2][9]/CLR
  -------------------------------------------------------------------    ----------------------------------------

                         (clock clk_fpga_0 rise edge)
                                                     20.000    20.000 r                       
    PS7_X0Y0             PS7                          0.000    20.000 r                       udp_gateway_shadow_mirror_i/processing_system7_0/inst/PS7_i/FCLKCLK[0]
                         net (fo=1, routed)           1.088    21.088                         udp_gateway_shadow_mirror_i/processing_system7_0/inst/FCLK_CLK_unbuffered[0]
    BUFGCTRL_X0Y17       BUFG (Prop_bufg_I_O)         0.091    21.179 r                       udp_gateway_shadow_mirror_i/processing_system7_0/inst/buffer_fclk_clk_0.FCLK_CLK_0_BUFG/O
                         net (fo=42827, routed)       1.614    22.793                         udp_gateway_shadow_mirror_i/dma_gateway_hybrid_0/inst/i_hybrid_dma/u_crypto_bridge/clk
    SLICE_X104Y21        FDCE                                         r  shadow_core_region   udp_gateway_shadow_mirror_i/dma_gateway_hybrid_0/inst/i_hybrid_dma/u_crypto_bridge/rob_data_reg[2][9]/C
                         clock pessimism              0.115    22.908                           
                         clock uncertainty           -0.302    22.606                           
    SLICE_X104Y21        FDCE (Recov_fdce_C_CLR)     -0.319    22.287    shadow_core_region     udp_gateway_shadow_mirror_i/dma_gateway_hybrid_0/inst/i_hybrid_dma/u_crypto_bridge/rob_data_reg[2][9]
  -------------------------------------------------------------------
                         required time                         22.287                           
                         arrival time                         -17.210                           
  -------------------------------------------------------------------
                         slack                                  5.077                           

Slack (MET) :             5.179ns  (required time - arrival time)
  Source:                 udp_gateway_shadow_mirror_i/rst_ps7_0_100M/U0/ACTIVE_LOW_PR_OUT_DFF[0].FDRE_PER_N/C
                            (rising edge-triggered cell FDRE clocked by clk_fpga_0  {rise@0.000ns fall@10.000ns period=20.000ns})
  Destination:            udp_gateway_shadow_mirror_i/dma_gateway_hybrid_0/inst/i_hybrid_dma/u_crypto_bridge/gen_crypto_cores[0].u_aes/keymem/key_mem_reg[6][111]/CLR
                            (recovery check against rising-edge clock clk_fpga_0  {rise@0.000ns fall@10.000ns period=20.000ns})
  Path Group:             **async_default**
  Path Type:              Recovery (Max at Slow Process Corner)
  Requirement:            20.000ns  (clk_fpga_0 rise@20.000ns - clk_fpga_0 rise@0.000ns)
  Data Path Delay:        13.900ns  (logic 0.580ns (4.173%)  route 13.320ns (95.827%))
  Logic Levels:           1  (LUT1=1)
  Clock Path Skew:        -0.214ns (DCD - SCD + CPR)
    Destination Clock Delay (DCD):    2.864ns = ( 22.865 - 20.000 ) 
    Source Clock Delay      (SCD):    3.193ns
    Clock Pessimism Removal (CPR):    0.115ns
  Clock Uncertainty:      0.302ns  ((TSJ^2 + TIJ^2)^1/2 + DJ) / 2 + PE
    Total System Jitter     (TSJ):    0.071ns
    Total Input Jitter      (TIJ):    0.600ns
    Discrete Jitter          (DJ):    0.000ns
    Phase Error              (PE):    0.000ns

    Location             Delay type                Incr(ns)  Path(ns)    PBlock               Netlist Resource(s)
  -------------------------------------------------------------------    ----------------------------------------
                         (clock clk_fpga_0 rise edge)
                                                      0.000     0.000 r                       
    PS7_X0Y0             PS7                          0.000     0.000 r                       udp_gateway_shadow_mirror_i/processing_system7_0/inst/PS7_i/FCLKCLK[0]
                         net (fo=1, routed)           1.193     1.193                         udp_gateway_shadow_mirror_i/processing_system7_0/inst/FCLK_CLK_unbuffered[0]
    BUFGCTRL_X0Y17       BUFG (Prop_bufg_I_O)         0.101     1.294 r                       udp_gateway_shadow_mirror_i/processing_system7_0/inst/buffer_fclk_clk_0.FCLK_CLK_0_BUFG/O
                         net (fo=42827, routed)       1.899     3.193                         udp_gateway_shadow_mirror_i/rst_ps7_0_100M/U0/slowest_sync_clk
    SLICE_X57Y135        FDRE                                         r                       udp_gateway_shadow_mirror_i/rst_ps7_0_100M/U0/ACTIVE_LOW_PR_OUT_DFF[0].FDRE_PER_N/C
  -------------------------------------------------------------------    ----------------------------------------
    SLICE_X57Y135        FDRE (Prop_fdre_C_Q)         0.456     3.649 r                       udp_gateway_shadow_mirror_i/rst_ps7_0_100M/U0/ACTIVE_LOW_PR_OUT_DFF[0].FDRE_PER_N/Q
                         net (fo=93, routed)          4.675     8.324                         udp_gateway_shadow_mirror_i/dma_gateway_hybrid_0/inst/i_hybrid_dma/u_crypto_bridge/gen_crypto_cores[0].u_aes/keymem/rst_n
    SLICE_X67Y64         LUT1 (Prop_lut1_I0_O)        0.124     8.448 f  shadow_core_region   udp_gateway_shadow_mirror_i/dma_gateway_hybrid_0/inst/i_hybrid_dma/u_crypto_bridge/gen_crypto_cores[0].u_aes/keymem/debug_last_plaintext_q[127]_i_2/O
                         net (fo=9554, routed)        8.645    17.093                         udp_gateway_shadow_mirror_i/dma_gateway_hybrid_0/inst/i_hybrid_dma/u_crypto_bridge/gen_crypto_cores[0].u_aes/keymem/rst_n_0
    SLICE_X106Y23        FDCE                                         f  shadow_core_region   udp_gateway_shadow_mirror_i/dma_gateway_hybrid_0/inst/i_hybrid_dma/u_crypto_bridge/gen_crypto_cores[0].u_aes/keymem/key_mem_reg[6][111]/CLR
  -------------------------------------------------------------------    ----------------------------------------

                         (clock clk_fpga_0 rise edge)
                                                     20.000    20.000 r                       
    PS7_X0Y0             PS7                          0.000    20.000 r                       udp_gateway_shadow_mirror_i/processing_system7_0/inst/PS7_i/FCLKCLK[0]
                         net (fo=1, routed)           1.088    21.088                         udp_gateway_shadow_mirror_i/processing_system7_0/inst/FCLK_CLK_unbuffered[0]
    BUFGCTRL_X0Y17       BUFG (Prop_bufg_I_O)         0.091    21.179 r                       udp_gateway_shadow_mirror_i/processing_system7_0/inst/buffer_fclk_clk_0.FCLK_CLK_0_BUFG/O
                         net (fo=42827, routed)       1.685    22.865                         udp_gateway_shadow_mirror_i/dma_gateway_hybrid_0/inst/i_hybrid_dma/u_crypto_bridge/gen_crypto_cores[0].u_aes/keymem/clk
    SLICE_X106Y23        FDCE                                         r  shadow_core_region   udp_gateway_shadow_mirror_i/dma_gateway_hybrid_0/inst/i_hybrid_dma/u_crypto_bridge/gen_crypto_cores[0].u_aes/keymem/key_mem_reg[6][111]/C
                         clock pessimism              0.115    22.979                           
                         clock uncertainty           -0.302    22.677                           
    SLICE_X106Y23        FDCE (Recov_fdce_C_CLR)     -0.405    22.272    shadow_core_region     udp_gateway_shadow_mirror_i/dma_gateway_hybrid_0/inst/i_hybrid_dma/u_crypto_bridge/gen_crypto_cores[0].u_aes/keymem/key_mem_reg[6][111]
  -------------------------------------------------------------------
                         required time                         22.272                           
                         arrival time                         -17.093                           
  -------------------------------------------------------------------
                         slack                                  5.179                           





Min Delay Paths
--------------------------------------------------------------------------------------
Slack (MET) :             0.605ns  (arrival time - required time)
  Source:                 udp_gateway_shadow_mirror_i/axi_mem_intercon/m00_couplers/auto_pc/inst/gen_axi4_axi3.axi3_conv_inst/USE_WRITE.write_addr_inst/USE_B_CHANNEL.cmd_b_queue/inst/fifo_gen_inst/inst_fifo_gen/gconvfifo.rf/grf.rf/rstblk/ngwrdrst.grst.g7serrst.gnsckt_wrst.gcc_rst.sckt_wr_rst_cc_reg[1]/C
                            (rising edge-triggered cell FDRE clocked by clk_fpga_0  {rise@0.000ns fall@10.000ns period=20.000ns})
  Destination:            udp_gateway_shadow_mirror_i/axi_mem_intercon/m00_couplers/auto_pc/inst/gen_axi4_axi3.axi3_conv_inst/USE_WRITE.write_addr_inst/USE_B_CHANNEL.cmd_b_queue/inst/fifo_gen_inst/inst_fifo_gen/gconvfifo.rf/grf.rf/gntv_or_sync_fifo.gl0.rd/gr1.gr1_int.rfwft/gpregsm1.curr_fwft_state_reg[0]/CLR
                            (removal check against rising-edge clock clk_fpga_0  {rise@0.000ns fall@10.000ns period=20.000ns})
  Path Group:             **async_default**
  Path Type:              Removal (Min at Fast Process Corner)
  Requirement:            0.000ns  (clk_fpga_0 rise@0.000ns - clk_fpga_0 rise@0.000ns)
  Data Path Delay:        0.697ns  (logic 0.186ns (26.704%)  route 0.511ns (73.296%))
  Logic Levels:           1  (LUT3=1)
  Clock Path Skew:        0.184ns (DCD - SCD - CPR)
    Destination Clock Delay (DCD):    1.220ns
    Source Clock Delay      (SCD):    1.001ns
    Clock Pessimism Removal (CPR):    0.035ns

    Location             Delay type                Incr(ns)  Path(ns)    Netlist Resource(s)
  -------------------------------------------------------------------    -------------------
                         (clock clk_fpga_0 rise edge)
                                                      0.000     0.000 r  
    PS7_X0Y0             PS7                          0.000     0.000 r  udp_gateway_shadow_mirror_i/processing_system7_0/inst/PS7_i/FCLKCLK[0]
                         net (fo=1, routed)           0.310     0.310    udp_gateway_shadow_mirror_i/processing_system7_0/inst/FCLK_CLK_unbuffered[0]
    BUFGCTRL_X0Y17       BUFG (Prop_bufg_I_O)         0.026     0.336 r  udp_gateway_shadow_mirror_i/processing_system7_0/inst/buffer_fclk_clk_0.FCLK_CLK_0_BUFG/O
                         net (fo=42827, routed)       0.665     1.001    udp_gateway_shadow_mirror_i/axi_mem_intercon/m00_couplers/auto_pc/inst/gen_axi4_axi3.axi3_conv_inst/USE_WRITE.write_addr_inst/USE_B_CHANNEL.cmd_b_queue/inst/fifo_gen_inst/inst_fifo_gen/gconvfifo.rf/grf.rf/rstblk/clk
    SLICE_X85Y104        FDRE                                         r  udp_gateway_shadow_mirror_i/axi_mem_intercon/m00_couplers/auto_pc/inst/gen_axi4_axi3.axi3_conv_inst/USE_WRITE.write_addr_inst/USE_B_CHANNEL.cmd_b_queue/inst/fifo_gen_inst/inst_fifo_gen/gconvfifo.rf/grf.rf/rstblk/ngwrdrst.grst.g7serrst.gnsckt_wrst.gcc_rst.sckt_wr_rst_cc_reg[1]/C
  -------------------------------------------------------------------    -------------------
    SLICE_X85Y104        FDRE (Prop_fdre_C_Q)         0.141     1.142 f  udp_gateway_shadow_mirror_i/axi_mem_intercon/m00_couplers/auto_pc/inst/gen_axi4_axi3.axi3_conv_inst/USE_WRITE.write_addr_inst/USE_B_CHANNEL.cmd_b_queue/inst/fifo_gen_inst/inst_fifo_gen/gconvfifo.rf/grf.rf/rstblk/ngwrdrst.grst.g7serrst.gnsckt_wrst.gcc_rst.sckt_wr_rst_cc_reg[1]/Q
                         net (fo=2, routed)           0.262     1.404    udp_gateway_shadow_mirror_i/axi_mem_intercon/m00_couplers/auto_pc/inst/gen_axi4_axi3.axi3_conv_inst/USE_WRITE.write_addr_inst/USE_B_CHANNEL.cmd_b_queue/inst/fifo_gen_inst/inst_fifo_gen/gconvfifo.rf/grf.rf/rstblk/ngwrdrst.grst.g7serrst.gnsckt_wrst.gcc_rst.sckt_wr_rst_cc[1]
    SLICE_X84Y101        LUT3 (Prop_lut3_I0_O)        0.045     1.449 f  udp_gateway_shadow_mirror_i/axi_mem_intercon/m00_couplers/auto_pc/inst/gen_axi4_axi3.axi3_conv_inst/USE_WRITE.write_addr_inst/USE_B_CHANNEL.cmd_b_queue/inst/fifo_gen_inst/inst_fifo_gen/gconvfifo.rf/grf.rf/rstblk/gpregsm1.curr_fwft_state[1]_i_2/O
                         net (fo=32, routed)          0.248     1.698    udp_gateway_shadow_mirror_i/axi_mem_intercon/m00_couplers/auto_pc/inst/gen_axi4_axi3.axi3_conv_inst/USE_WRITE.write_addr_inst/USE_B_CHANNEL.cmd_b_queue/inst/fifo_gen_inst/inst_fifo_gen/gconvfifo.rf/grf.rf/gntv_or_sync_fifo.gl0.rd/gr1.gr1_int.rfwft/gpregsm1.user_valid_reg_0
    SLICE_X88Y99         FDCE                                         f  udp_gateway_shadow_mirror_i/axi_mem_intercon/m00_couplers/auto_pc/inst/gen_axi4_axi3.axi3_conv_inst/USE_WRITE.write_addr_inst/USE_B_CHANNEL.cmd_b_queue/inst/fifo_gen_inst/inst_fifo_gen/gconvfifo.rf/grf.rf/gntv_or_sync_fifo.gl0.rd/gr1.gr1_int.rfwft/gpregsm1.curr_fwft_state_reg[0]/CLR
  -------------------------------------------------------------------    -------------------

                         (clock clk_fpga_0 rise edge)
                                                      0.000     0.000 r  
    PS7_X0Y0             PS7                          0.000     0.000 r  udp_gateway_shadow_mirror_i/processing_system7_0/inst/PS7_i/FCLKCLK[0]
                         net (fo=1, routed)           0.337     0.337    udp_gateway_shadow_mirror_i/processing_system7_0/inst/FCLK_CLK_unbuffered[0]
    BUFGCTRL_X0Y17       BUFG (Prop_bufg_I_O)         0.029     0.366 r  udp_gateway_shadow_mirror_i/processing_system7_0/inst/buffer_fclk_clk_0.FCLK_CLK_0_BUFG/O
                         net (fo=42827, routed)       0.854     1.220    udp_gateway_shadow_mirror_i/axi_mem_intercon/m00_couplers/auto_pc/inst/gen_axi4_axi3.axi3_conv_inst/USE_WRITE.write_addr_inst/USE_B_CHANNEL.cmd_b_queue/inst/fifo_gen_inst/inst_fifo_gen/gconvfifo.rf/grf.rf/gntv_or_sync_fifo.gl0.rd/gr1.gr1_int.rfwft/clk
    SLICE_X88Y99         FDCE                                         r  udp_gateway_shadow_mirror_i/axi_mem_intercon/m00_couplers/auto_pc/inst/gen_axi4_axi3.axi3_conv_inst/USE_WRITE.write_addr_inst/USE_B_CHANNEL.cmd_b_queue/inst/fifo_gen_inst/inst_fifo_gen/gconvfifo.rf/grf.rf/gntv_or_sync_fifo.gl0.rd/gr1.gr1_int.rfwft/gpregsm1.curr_fwft_state_reg[0]/C
                         clock pessimism             -0.035     1.185    
    SLICE_X88Y99         FDCE (Remov_fdce_C_CLR)     -0.092     1.093    udp_gateway_shadow_mirror_i/axi_mem_intercon/m00_couplers/auto_pc/inst/gen_axi4_axi3.axi3_conv_inst/USE_WRITE.write_addr_inst/USE_B_CHANNEL.cmd_b_queue/inst/fifo_gen_inst/inst_fifo_gen/gconvfifo.rf/grf.rf/gntv_or_sync_fifo.gl0.rd/gr1.gr1_int.rfwft/gpregsm1.curr_fwft_state_reg[0]
  -------------------------------------------------------------------
                         required time                         -1.093    
                         arrival time                           1.698    
  -------------------------------------------------------------------
                         slack                                  0.605    

Slack (MET) :             0.605ns  (arrival time - required time)
  Source:                 udp_gateway_shadow_mirror_i/axi_mem_intercon/m00_couplers/auto_pc/inst/gen_axi4_axi3.axi3_conv_inst/USE_WRITE.write_addr_inst/USE_B_CHANNEL.cmd_b_queue/inst/fifo_gen_inst/inst_fifo_gen/gconvfifo.rf/grf.rf/rstblk/ngwrdrst.grst.g7serrst.gnsckt_wrst.gcc_rst.sckt_wr_rst_cc_reg[1]/C
                            (rising edge-triggered cell FDRE clocked by clk_fpga_0  {rise@0.000ns fall@10.000ns period=20.000ns})
  Destination:            udp_gateway_shadow_mirror_i/axi_mem_intercon/m00_couplers/auto_pc/inst/gen_axi4_axi3.axi3_conv_inst/USE_WRITE.write_addr_inst/USE_B_CHANNEL.cmd_b_queue/inst/fifo_gen_inst/inst_fifo_gen/gconvfifo.rf/grf.rf/gntv_or_sync_fifo.gl0.rd/gr1.gr1_int.rfwft/gpregsm1.curr_fwft_state_reg[1]/CLR
                            (removal check against rising-edge clock clk_fpga_0  {rise@0.000ns fall@10.000ns period=20.000ns})
  Path Group:             **async_default**
  Path Type:              Removal (Min at Fast Process Corner)
  Requirement:            0.000ns  (clk_fpga_0 rise@0.000ns - clk_fpga_0 rise@0.000ns)
  Data Path Delay:        0.697ns  (logic 0.186ns (26.704%)  route 0.511ns (73.296%))
  Logic Levels:           1  (LUT3=1)
  Clock Path Skew:        0.184ns (DCD - SCD - CPR)
    Destination Clock Delay (DCD):    1.220ns
    Source Clock Delay      (SCD):    1.001ns
    Clock Pessimism Removal (CPR):    0.035ns

    Location             Delay type                Incr(ns)  Path(ns)    Netlist Resource(s)
  -------------------------------------------------------------------    -------------------
                         (clock clk_fpga_0 rise edge)
                                                      0.000     0.000 r  
    PS7_X0Y0             PS7                          0.000     0.000 r  udp_gateway_shadow_mirror_i/processing_system7_0/inst/PS7_i/FCLKCLK[0]
                         net (fo=1, routed)           0.310     0.310    udp_gateway_shadow_mirror_i/processing_system7_0/inst/FCLK_CLK_unbuffered[0]
    BUFGCTRL_X0Y17       BUFG (Prop_bufg_I_O)         0.026     0.336 r  udp_gateway_shadow_mirror_i/processing_system7_0/inst/buffer_fclk_clk_0.FCLK_CLK_0_BUFG/O
                         net (fo=42827, routed)       0.665     1.001    udp_gateway_shadow_mirror_i/axi_mem_intercon/m00_couplers/auto_pc/inst/gen_axi4_axi3.axi3_conv_inst/USE_WRITE.write_addr_inst/USE_B_CHANNEL.cmd_b_queue/inst/fifo_gen_inst/inst_fifo_gen/gconvfifo.rf/grf.rf/rstblk/clk
    SLICE_X85Y104        FDRE                                         r  udp_gateway_shadow_mirror_i/axi_mem_intercon/m00_couplers/auto_pc/inst/gen_axi4_axi3.axi3_conv_inst/USE_WRITE.write_addr_inst/USE_B_CHANNEL.cmd_b_queue/inst/fifo_gen_inst/inst_fifo_gen/gconvfifo.rf/grf.rf/rstblk/ngwrdrst.grst.g7serrst.gnsckt_wrst.gcc_rst.sckt_wr_rst_cc_reg[1]/C
  -------------------------------------------------------------------    -------------------
    SLICE_X85Y104        FDRE (Prop_fdre_C_Q)         0.141     1.142 f  udp_gateway_shadow_mirror_i/axi_mem_intercon/m00_couplers/auto_pc/inst/gen_axi4_axi3.axi3_conv_inst/USE_WRITE.write_addr_inst/USE_B_CHANNEL.cmd_b_queue/inst/fifo_gen_inst/inst_fifo_gen/gconvfifo.rf/grf.rf/rstblk/ngwrdrst.grst.g7serrst.gnsckt_wrst.gcc_rst.sckt_wr_rst_cc_reg[1]/Q
                         net (fo=2, routed)           0.262     1.404    udp_gateway_shadow_mirror_i/axi_mem_intercon/m00_couplers/auto_pc/inst/gen_axi4_axi3.axi3_conv_inst/USE_WRITE.write_addr_inst/USE_B_CHANNEL.cmd_b_queue/inst/fifo_gen_inst/inst_fifo_gen/gconvfifo.rf/grf.rf/rstblk/ngwrdrst.grst.g7serrst.gnsckt_wrst.gcc_rst.sckt_wr_rst_cc[1]
    SLICE_X84Y101        LUT3 (Prop_lut3_I0_O)        0.045     1.449 f  udp_gateway_shadow_mirror_i/axi_mem_intercon/m00_couplers/auto_pc/inst/gen_axi4_axi3.axi3_conv_inst/USE_WRITE.write_addr_inst/USE_B_CHANNEL.cmd_b_queue/inst/fifo_gen_inst/inst_fifo_gen/gconvfifo.rf/grf.rf/rstblk/gpregsm1.curr_fwft_state[1]_i_2/O
                         net (fo=32, routed)          0.248     1.698    udp_gateway_shadow_mirror_i/axi_mem_intercon/m00_couplers/auto_pc/inst/gen_axi4_axi3.axi3_conv_inst/USE_WRITE.write_addr_inst/USE_B_CHANNEL.cmd_b_queue/inst/fifo_gen_inst/inst_fifo_gen/gconvfifo.rf/grf.rf/gntv_or_sync_fifo.gl0.rd/gr1.gr1_int.rfwft/gpregsm1.user_valid_reg_0
    SLICE_X88Y99         FDCE                                         f  udp_gateway_shadow_mirror_i/axi_mem_intercon/m00_couplers/auto_pc/inst/gen_axi4_axi3.axi3_conv_inst/USE_WRITE.write_addr_inst/USE_B_CHANNEL.cmd_b_queue/inst/fifo_gen_inst/inst_fifo_gen/gconvfifo.rf/grf.rf/gntv_or_sync_fifo.gl0.rd/gr1.gr1_int.rfwft/gpregsm1.curr_fwft_state_reg[1]/CLR
  -------------------------------------------------------------------    -------------------

                         (clock clk_fpga_0 rise edge)
                                                      0.000     0.000 r  
    PS7_X0Y0             PS7                          0.000     0.000 r  udp_gateway_shadow_mirror_i/processing_system7_0/inst/PS7_i/FCLKCLK[0]
                         net (fo=1, routed)           0.337     0.337    udp_gateway_shadow_mirror_i/processing_system7_0/inst/FCLK_CLK_unbuffered[0]
    BUFGCTRL_X0Y17       BUFG (Prop_bufg_I_O)         0.029     0.366 r  udp_gateway_shadow_mirror_i/processing_system7_0/inst/buffer_fclk_clk_0.FCLK_CLK_0_BUFG/O
                         net (fo=42827, routed)       0.854     1.220    udp_gateway_shadow_mirror_i/axi_mem_intercon/m00_couplers/auto_pc/inst/gen_axi4_axi3.axi3_conv_inst/USE_WRITE.write_addr_inst/USE_B_CHANNEL.cmd_b_queue/inst/fifo_gen_inst/inst_fifo_gen/gconvfifo.rf/grf.rf/gntv_or_sync_fifo.gl0.rd/gr1.gr1_int.rfwft/clk
    SLICE_X88Y99         FDCE                                         r  udp_gateway_shadow_mirror_i/axi_mem_intercon/m00_couplers/auto_pc/inst/gen_axi4_axi3.axi3_conv_inst/USE_WRITE.write_addr_inst/USE_B_CHANNEL.cmd_b_queue/inst/fifo_gen_inst/inst_fifo_gen/gconvfifo.rf/grf.rf/gntv_or_sync_fifo.gl0.rd/gr1.gr1_int.rfwft/gpregsm1.curr_fwft_state_reg[1]/C
                         clock pessimism             -0.035     1.185    
    SLICE_X88Y99         FDCE (Remov_fdce_C_CLR)     -0.092     1.093    udp_gateway_shadow_mirror_i/axi_mem_intercon/m00_couplers/auto_pc/inst/gen_axi4_axi3.axi3_conv_inst/USE_WRITE.write_addr_inst/USE_B_CHANNEL.cmd_b_queue/inst/fifo_gen_inst/inst_fifo_gen/gconvfifo.rf/grf.rf/gntv_or_sync_fifo.gl0.rd/gr1.gr1_int.rfwft/gpregsm1.curr_fwft_state_reg[1]
  -------------------------------------------------------------------
                         required time                         -1.093    
                         arrival time                           1.698    
  -------------------------------------------------------------------
                         slack                                  0.605    

Slack (MET) :             0.743ns  (arrival time - required time)
  Source:                 udp_gateway_shadow_mirror_i/axi_mem_intercon/m00_couplers/auto_pc/inst/gen_axi4_axi3.axi3_conv_inst/USE_WRITE.write_addr_inst/USE_B_CHANNEL.cmd_b_queue/inst/fifo_gen_inst/inst_fifo_gen/gconvfifo.rf/grf.rf/rstblk/ngwrdrst.grst.g7serrst.gnsckt_wrst.gcc_rst.sckt_wr_rst_cc_reg[1]/C
                            (rising edge-triggered cell FDRE clocked by clk_fpga_0  {rise@0.000ns fall@10.000ns period=20.000ns})
  Destination:            udp_gateway_shadow_mirror_i/axi_mem_intercon/m00_couplers/auto_pc/inst/gen_axi4_axi3.axi3_conv_inst/USE_WRITE.write_addr_inst/USE_B_CHANNEL.cmd_b_queue/inst/fifo_gen_inst/inst_fifo_gen/gconvfifo.rf/grf.rf/gntv_or_sync_fifo.gl0.rd/gr1.gr1_int.rfwft/aempty_fwft_fb_i_reg/PRE
                            (removal check against rising-edge clock clk_fpga_0  {rise@0.000ns fall@10.000ns period=20.000ns})
  Path Group:             **async_default**
  Path Type:              Removal (Min at Fast Process Corner)
  Requirement:            0.000ns  (clk_fpga_0 rise@0.000ns - clk_fpga_0 rise@0.000ns)
  Data Path Delay:        0.685ns  (logic 0.186ns (27.145%)  route 0.499ns (72.855%))
  Logic Levels:           1  (LUT3=1)
  Clock Path Skew:        0.037ns (DCD - SCD - CPR)
    Destination Clock Delay (DCD):    1.306ns
    Source Clock Delay      (SCD):    1.001ns
    Clock Pessimism Removal (CPR):    0.268ns

    Location             Delay type                Incr(ns)  Path(ns)    Netlist Resource(s)
  -------------------------------------------------------------------    -------------------
                         (clock clk_fpga_0 rise edge)
                                                      0.000     0.000 r  
    PS7_X0Y0             PS7                          0.000     0.000 r  udp_gateway_shadow_mirror_i/processing_system7_0/inst/PS7_i/FCLKCLK[0]
                         net (fo=1, routed)           0.310     0.310    udp_gateway_shadow_mirror_i/processing_system7_0/inst/FCLK_CLK_unbuffered[0]
    BUFGCTRL_X0Y17       BUFG (Prop_bufg_I_O)         0.026     0.336 r  udp_gateway_shadow_mirror_i/processing_system7_0/inst/buffer_fclk_clk_0.FCLK_CLK_0_BUFG/O
                         net (fo=42827, routed)       0.665     1.001    udp_gateway_shadow_mirror_i/axi_mem_intercon/m00_couplers/auto_pc/inst/gen_axi4_axi3.axi3_conv_inst/USE_WRITE.write_addr_inst/USE_B_CHANNEL.cmd_b_queue/inst/fifo_gen_inst/inst_fifo_gen/gconvfifo.rf/grf.rf/rstblk/clk
    SLICE_X85Y104        FDRE                                         r  udp_gateway_shadow_mirror_i/axi_mem_intercon/m00_couplers/auto_pc/inst/gen_axi4_axi3.axi3_conv_inst/USE_WRITE.write_addr_inst/USE_B_CHANNEL.cmd_b_queue/inst/fifo_gen_inst/inst_fifo_gen/gconvfifo.rf/grf.rf/rstblk/ngwrdrst.grst.g7serrst.gnsckt_wrst.gcc_rst.sckt_wr_rst_cc_reg[1]/C
  -------------------------------------------------------------------    -------------------
    SLICE_X85Y104        FDRE (Prop_fdre_C_Q)         0.141     1.142 f  udp_gateway_shadow_mirror_i/axi_mem_intercon/m00_couplers/auto_pc/inst/gen_axi4_axi3.axi3_conv_inst/USE_WRITE.write_addr_inst/USE_B_CHANNEL.cmd_b_queue/inst/fifo_gen_inst/inst_fifo_gen/gconvfifo.rf/grf.rf/rstblk/ngwrdrst.grst.g7serrst.gnsckt_wrst.gcc_rst.sckt_wr_rst_cc_reg[1]/Q
                         net (fo=2, routed)           0.262     1.404    udp_gateway_shadow_mirror_i/axi_mem_intercon/m00_couplers/auto_pc/inst/gen_axi4_axi3.axi3_conv_inst/USE_WRITE.write_addr_inst/USE_B_CHANNEL.cmd_b_queue/inst/fifo_gen_inst/inst_fifo_gen/gconvfifo.rf/grf.rf/rstblk/ngwrdrst.grst.g7serrst.gnsckt_wrst.gcc_rst.sckt_wr_rst_cc[1]
    SLICE_X84Y101        LUT3 (Prop_lut3_I0_O)        0.045     1.449 f  udp_gateway_shadow_mirror_i/axi_mem_intercon/m00_couplers/auto_pc/inst/gen_axi4_axi3.axi3_conv_inst/USE_WRITE.write_addr_inst/USE_B_CHANNEL.cmd_b_queue/inst/fifo_gen_inst/inst_fifo_gen/gconvfifo.rf/grf.rf/rstblk/gpregsm1.curr_fwft_state[1]_i_2/O
                         net (fo=32, routed)          0.237     1.686    udp_gateway_shadow_mirror_i/axi_mem_intercon/m00_couplers/auto_pc/inst/gen_axi4_axi3.axi3_conv_inst/USE_WRITE.write_addr_inst/USE_B_CHANNEL.cmd_b_queue/inst/fifo_gen_inst/inst_fifo_gen/gconvfifo.rf/grf.rf/gntv_or_sync_fifo.gl0.rd/gr1.gr1_int.rfwft/gpregsm1.user_valid_reg_0
    SLICE_X88Y101        FDPE                                         f  udp_gateway_shadow_mirror_i/axi_mem_intercon/m00_couplers/auto_pc/inst/gen_axi4_axi3.axi3_conv_inst/USE_WRITE.write_addr_inst/USE_B_CHANNEL.cmd_b_queue/inst/fifo_gen_inst/inst_fifo_gen/gconvfifo.rf/grf.rf/gntv_or_sync_fifo.gl0.rd/gr1.gr1_int.rfwft/aempty_fwft_fb_i_reg/PRE
  -------------------------------------------------------------------    -------------------

                         (clock clk_fpga_0 rise edge)
                                                      0.000     0.000 r  
    PS7_X0Y0             PS7                          0.000     0.000 r  udp_gateway_shadow_mirror_i/processing_system7_0/inst/PS7_i/FCLKCLK[0]
                         net (fo=1, routed)           0.337     0.337    udp_gateway_shadow_mirror_i/processing_system7_0/inst/FCLK_CLK_unbuffered[0]
    BUFGCTRL_X0Y17       BUFG (Prop_bufg_I_O)         0.029     0.366 r  udp_gateway_shadow_mirror_i/processing_system7_0/inst/buffer_fclk_clk_0.FCLK_CLK_0_BUFG/O
                         net (fo=42827, routed)       0.940     1.306    udp_gateway_shadow_mirror_i/axi_mem_intercon/m00_couplers/auto_pc/inst/gen_axi4_axi3.axi3_conv_inst/USE_WRITE.write_addr_inst/USE_B_CHANNEL.cmd_b_queue/inst/fifo_gen_inst/inst_fifo_gen/gconvfifo.rf/grf.rf/gntv_or_sync_fifo.gl0.rd/gr1.gr1_int.rfwft/clk
    SLICE_X88Y101        FDPE                                         r  udp_gateway_shadow_mirror_i/axi_mem_intercon/m00_couplers/auto_pc/inst/gen_axi4_axi3.axi3_conv_inst/USE_WRITE.write_addr_inst/USE_B_CHANNEL.cmd_b_queue/inst/fifo_gen_inst/inst_fifo_gen/gconvfifo.rf/grf.rf/gntv_or_sync_fifo.gl0.rd/gr1.gr1_int.rfwft/aempty_fwft_fb_i_reg/C
                         clock pessimism             -0.268     1.038    
    SLICE_X88Y101        FDPE (Remov_fdpe_C_PRE)     -0.095     0.943    udp_gateway_shadow_mirror_i/axi_mem_intercon/m00_couplers/auto_pc/inst/gen_axi4_axi3.axi3_conv_inst/USE_WRITE.write_addr_inst/USE_B_CHANNEL.cmd_b_queue/inst/fifo_gen_inst/inst_fifo_gen/gconvfifo.rf/grf.rf/gntv_or_sync_fifo.gl0.rd/gr1.gr1_int.rfwft/aempty_fwft_fb_i_reg
  -------------------------------------------------------------------
                         required time                         -0.943    
                         arrival time                           1.686    
  -------------------------------------------------------------------
                         slack                                  0.743    

Slack (MET) :             0.743ns  (arrival time - required time)
  Source:                 udp_gateway_shadow_mirror_i/axi_mem_intercon/m00_couplers/auto_pc/inst/gen_axi4_axi3.axi3_conv_inst/USE_WRITE.write_addr_inst/USE_B_CHANNEL.cmd_b_queue/inst/fifo_gen_inst/inst_fifo_gen/gconvfifo.rf/grf.rf/rstblk/ngwrdrst.grst.g7serrst.gnsckt_wrst.gcc_rst.sckt_wr_rst_cc_reg[1]/C
                            (rising edge-triggered cell FDRE clocked by clk_fpga_0  {rise@0.000ns fall@10.000ns period=20.000ns})
  Destination:            udp_gateway_shadow_mirror_i/axi_mem_intercon/m00_couplers/auto_pc/inst/gen_axi4_axi3.axi3_conv_inst/USE_WRITE.write_addr_inst/USE_B_CHANNEL.cmd_b_queue/inst/fifo_gen_inst/inst_fifo_gen/gconvfifo.rf/grf.rf/gntv_or_sync_fifo.gl0.rd/gr1.gr1_int.rfwft/aempty_fwft_i_reg/PRE
                            (removal check against rising-edge clock clk_fpga_0  {rise@0.000ns fall@10.000ns period=20.000ns})
  Path Group:             **async_default**
  Path Type:              Removal (Min at Fast Process Corner)
  Requirement:            0.000ns  (clk_fpga_0 rise@0.000ns - clk_fpga_0 rise@0.000ns)
  Data Path Delay:        0.685ns  (logic 0.186ns (27.145%)  route 0.499ns (72.855%))
  Logic Levels:           1  (LUT3=1)
  Clock Path Skew:        0.037ns (DCD - SCD - CPR)
    Destination Clock Delay (DCD):    1.306ns
    Source Clock Delay      (SCD):    1.001ns
    Clock Pessimism Removal (CPR):    0.268ns

    Location             Delay type                Incr(ns)  Path(ns)    Netlist Resource(s)
  -------------------------------------------------------------------    -------------------
                         (clock clk_fpga_0 rise edge)
                                                      0.000     0.000 r  
    PS7_X0Y0             PS7                          0.000     0.000 r  udp_gateway_shadow_mirror_i/processing_system7_0/inst/PS7_i/FCLKCLK[0]
                         net (fo=1, routed)           0.310     0.310    udp_gateway_shadow_mirror_i/processing_system7_0/inst/FCLK_CLK_unbuffered[0]
    BUFGCTRL_X0Y17       BUFG (Prop_bufg_I_O)         0.026     0.336 r  udp_gateway_shadow_mirror_i/processing_system7_0/inst/buffer_fclk_clk_0.FCLK_CLK_0_BUFG/O
                         net (fo=42827, routed)       0.665     1.001    udp_gateway_shadow_mirror_i/axi_mem_intercon/m00_couplers/auto_pc/inst/gen_axi4_axi3.axi3_conv_inst/USE_WRITE.write_addr_inst/USE_B_CHANNEL.cmd_b_queue/inst/fifo_gen_inst/inst_fifo_gen/gconvfifo.rf/grf.rf/rstblk/clk
    SLICE_X85Y104        FDRE                                         r  udp_gateway_shadow_mirror_i/axi_mem_intercon/m00_couplers/auto_pc/inst/gen_axi4_axi3.axi3_conv_inst/USE_WRITE.write_addr_inst/USE_B_CHANNEL.cmd_b_queue/inst/fifo_gen_inst/inst_fifo_gen/gconvfifo.rf/grf.rf/rstblk/ngwrdrst.grst.g7serrst.gnsckt_wrst.gcc_rst.sckt_wr_rst_cc_reg[1]/C
  -------------------------------------------------------------------    -------------------
    SLICE_X85Y104        FDRE (Prop_fdre_C_Q)         0.141     1.142 f  udp_gateway_shadow_mirror_i/axi_mem_intercon/m00_couplers/auto_pc/inst/gen_axi4_axi3.axi3_conv_inst/USE_WRITE.write_addr_inst/USE_B_CHANNEL.cmd_b_queue/inst/fifo_gen_inst/inst_fifo_gen/gconvfifo.rf/grf.rf/rstblk/ngwrdrst.grst.g7serrst.gnsckt_wrst.gcc_rst.sckt_wr_rst_cc_reg[1]/Q
                         net (fo=2, routed)           0.262     1.404    udp_gateway_shadow_mirror_i/axi_mem_intercon/m00_couplers/auto_pc/inst/gen_axi4_axi3.axi3_conv_inst/USE_WRITE.write_addr_inst/USE_B_CHANNEL.cmd_b_queue/inst/fifo_gen_inst/inst_fifo_gen/gconvfifo.rf/grf.rf/rstblk/ngwrdrst.grst.g7serrst.gnsckt_wrst.gcc_rst.sckt_wr_rst_cc[1]
    SLICE_X84Y101        LUT3 (Prop_lut3_I0_O)        0.045     1.449 f  udp_gateway_shadow_mirror_i/axi_mem_intercon/m00_couplers/auto_pc/inst/gen_axi4_axi3.axi3_conv_inst/USE_WRITE.write_addr_inst/USE_B_CHANNEL.cmd_b_queue/inst/fifo_gen_inst/inst_fifo_gen/gconvfifo.rf/grf.rf/rstblk/gpregsm1.curr_fwft_state[1]_i_2/O
                         net (fo=32, routed)          0.237     1.686    udp_gateway_shadow_mirror_i/axi_mem_intercon/m00_couplers/auto_pc/inst/gen_axi4_axi3.axi3_conv_inst/USE_WRITE.write_addr_inst/USE_B_CHANNEL.cmd_b_queue/inst/fifo_gen_inst/inst_fifo_gen/gconvfifo.rf/grf.rf/gntv_or_sync_fifo.gl0.rd/gr1.gr1_int.rfwft/gpregsm1.user_valid_reg_0
    SLICE_X88Y101        FDPE                                         f  udp_gateway_shadow_mirror_i/axi_mem_intercon/m00_couplers/auto_pc/inst/gen_axi4_axi3.axi3_conv_inst/USE_WRITE.write_addr_inst/USE_B_CHANNEL.cmd_b_queue/inst/fifo_gen_inst/inst_fifo_gen/gconvfifo.rf/grf.rf/gntv_or_sync_fifo.gl0.rd/gr1.gr1_int.rfwft/aempty_fwft_i_reg/PRE
  -------------------------------------------------------------------    -------------------

                         (clock clk_fpga_0 rise edge)
                                                      0.000     0.000 r  
    PS7_X0Y0             PS7                          0.000     0.000 r  udp_gateway_shadow_mirror_i/processing_system7_0/inst/PS7_i/FCLKCLK[0]
                         net (fo=1, routed)           0.337     0.337    udp_gateway_shadow_mirror_i/processing_system7_0/inst/FCLK_CLK_unbuffered[0]
    BUFGCTRL_X0Y17       BUFG (Prop_bufg_I_O)         0.029     0.366 r  udp_gateway_shadow_mirror_i/processing_system7_0/inst/buffer_fclk_clk_0.FCLK_CLK_0_BUFG/O
                         net (fo=42827, routed)       0.940     1.306    udp_gateway_shadow_mirror_i/axi_mem_intercon/m00_couplers/auto_pc/inst/gen_axi4_axi3.axi3_conv_inst/USE_WRITE.write_addr_inst/USE_B_CHANNEL.cmd_b_queue/inst/fifo_gen_inst/inst_fifo_gen/gconvfifo.rf/grf.rf/gntv_or_sync_fifo.gl0.rd/gr1.gr1_int.rfwft/clk
    SLICE_X88Y101        FDPE                                         r  udp_gateway_shadow_mirror_i/axi_mem_intercon/m00_couplers/auto_pc/inst/gen_axi4_axi3.axi3_conv_inst/USE_WRITE.write_addr_inst/USE_B_CHANNEL.cmd_b_queue/inst/fifo_gen_inst/inst_fifo_gen/gconvfifo.rf/grf.rf/gntv_or_sync_fifo.gl0.rd/gr1.gr1_int.rfwft/aempty_fwft_i_reg/C
                         clock pessimism             -0.268     1.038    
    SLICE_X88Y101        FDPE (Remov_fdpe_C_PRE)     -0.095     0.943    udp_gateway_shadow_mirror_i/axi_mem_intercon/m00_couplers/auto_pc/inst/gen_axi4_axi3.axi3_conv_inst/USE_WRITE.write_addr_inst/USE_B_CHANNEL.cmd_b_queue/inst/fifo_gen_inst/inst_fifo_gen/gconvfifo.rf/grf.rf/gntv_or_sync_fifo.gl0.rd/gr1.gr1_int.rfwft/aempty_fwft_i_reg
  -------------------------------------------------------------------
                         required time                         -0.943    
                         arrival time                           1.686    
  -------------------------------------------------------------------
                         slack                                  0.743    

Slack (MET) :             0.789ns  (arrival time - required time)
  Source:                 udp_gateway_shadow_mirror_i/axi_mem_intercon/m00_couplers/auto_pc/inst/gen_axi4_axi3.axi3_conv_inst/USE_READ.USE_SPLIT_R.read_addr_inst/USE_R_CHANNEL.cmd_queue/inst/fifo_gen_inst/inst_fifo_gen/gconvfifo.rf/grf.rf/rstblk/ngwrdrst.grst.g7serrst.gnsckt_wrst.gcc_rst.sckt_wr_rst_cc_reg[0]/C
                            (rising edge-triggered cell FDRE clocked by clk_fpga_0  {rise@0.000ns fall@10.000ns period=20.000ns})
  Destination:            udp_gateway_shadow_mirror_i/axi_mem_intercon/m00_couplers/auto_pc/inst/gen_axi4_axi3.axi3_conv_inst/USE_READ.USE_SPLIT_R.read_addr_inst/USE_R_CHANNEL.cmd_queue/inst/fifo_gen_inst/inst_fifo_gen/gconvfifo.rf/grf.rf/gntv_or_sync_fifo.gl0.rd/rpntr/gc0.count_d1_reg[0]/CLR
                            (removal check against rising-edge clock clk_fpga_0  {rise@0.000ns fall@10.000ns period=20.000ns})
  Path Group:             **async_default**
  Path Type:              Removal (Min at Fast Process Corner)
  Requirement:            0.000ns  (clk_fpga_0 rise@0.000ns - clk_fpga_0 rise@0.000ns)
  Data Path Delay:        0.708ns  (logic 0.227ns (32.068%)  route 0.481ns (67.932%))
  Logic Levels:           1  (LUT3=1)
  Clock Path Skew:        0.011ns (DCD - SCD - CPR)
    Destination Clock Delay (DCD):    1.194ns
    Source Clock Delay      (SCD):    0.899ns
    Clock Pessimism Removal (CPR):    0.284ns

    Location             Delay type                Incr(ns)  Path(ns)    Netlist Resource(s)
  -------------------------------------------------------------------    -------------------
                         (clock clk_fpga_0 rise edge)
                                                      0.000     0.000 r  
    PS7_X0Y0             PS7                          0.000     0.000 r  udp_gateway_shadow_mirror_i/processing_system7_0/inst/PS7_i/FCLKCLK[0]
                         net (fo=1, routed)           0.310     0.310    udp_gateway_shadow_mirror_i/processing_system7_0/inst/FCLK_CLK_unbuffered[0]
    BUFGCTRL_X0Y17       BUFG (Prop_bufg_I_O)         0.026     0.336 r  udp_gateway_shadow_mirror_i/processing_system7_0/inst/buffer_fclk_clk_0.FCLK_CLK_0_BUFG/O
                         net (fo=42827, routed)       0.563     0.899    udp_gateway_shadow_mirror_i/axi_mem_intercon/m00_couplers/auto_pc/inst/gen_axi4_axi3.axi3_conv_inst/USE_READ.USE_SPLIT_R.read_addr_inst/USE_R_CHANNEL.cmd_queue/inst/fifo_gen_inst/inst_fifo_gen/gconvfifo.rf/grf.rf/rstblk/clk
    SLICE_X27Y77         FDRE                                         r  udp_gateway_shadow_mirror_i/axi_mem_intercon/m00_couplers/auto_pc/inst/gen_axi4_axi3.axi3_conv_inst/USE_READ.USE_SPLIT_R.read_addr_inst/USE_R_CHANNEL.cmd_queue/inst/fifo_gen_inst/inst_fifo_gen/gconvfifo.rf/grf.rf/rstblk/ngwrdrst.grst.g7serrst.gnsckt_wrst.gcc_rst.sckt_wr_rst_cc_reg[0]/C
  -------------------------------------------------------------------    -------------------
    SLICE_X27Y77         FDRE (Prop_fdre_C_Q)         0.128     1.027 f  udp_gateway_shadow_mirror_i/axi_mem_intercon/m00_couplers/auto_pc/inst/gen_axi4_axi3.axi3_conv_inst/USE_READ.USE_SPLIT_R.read_addr_inst/USE_R_CHANNEL.cmd_queue/inst/fifo_gen_inst/inst_fifo_gen/gconvfifo.rf/grf.rf/rstblk/ngwrdrst.grst.g7serrst.gnsckt_wrst.gcc_rst.sckt_wr_rst_cc_reg[0]/Q
                         net (fo=2, routed)           0.211     1.238    udp_gateway_shadow_mirror_i/axi_mem_intercon/m00_couplers/auto_pc/inst/gen_axi4_axi3.axi3_conv_inst/USE_READ.USE_SPLIT_R.read_addr_inst/USE_R_CHANNEL.cmd_queue/inst/fifo_gen_inst/inst_fifo_gen/gconvfifo.rf/grf.rf/rstblk/ngwrdrst.grst.g7serrst.gnsckt_wrst.gcc_rst.sckt_wr_rst_cc[0]
    SLICE_X29Y77         LUT3 (Prop_lut3_I1_O)        0.099     1.337 f  udp_gateway_shadow_mirror_i/axi_mem_intercon/m00_couplers/auto_pc/inst/gen_axi4_axi3.axi3_conv_inst/USE_READ.USE_SPLIT_R.read_addr_inst/USE_R_CHANNEL.cmd_queue/inst/fifo_gen_inst/inst_fifo_gen/gconvfifo.rf/grf.rf/rstblk/gpregsm1.curr_fwft_state[1]_i_2/O
                         net (fo=33, routed)          0.269     1.606    udp_gateway_shadow_mirror_i/axi_mem_intercon/m00_couplers/auto_pc/inst/gen_axi4_axi3.axi3_conv_inst/USE_READ.USE_SPLIT_R.read_addr_inst/USE_R_CHANNEL.cmd_queue/inst/fifo_gen_inst/inst_fifo_gen/gconvfifo.rf/grf.rf/gntv_or_sync_fifo.gl0.rd/rpntr/gc0.count_d1_reg[4]_1
    SLICE_X27Y76         FDCE                                         f  udp_gateway_shadow_mirror_i/axi_mem_intercon/m00_couplers/auto_pc/inst/gen_axi4_axi3.axi3_conv_inst/USE_READ.USE_SPLIT_R.read_addr_inst/USE_R_CHANNEL.cmd_queue/inst/fifo_gen_inst/inst_fifo_gen/gconvfifo.rf/grf.rf/gntv_or_sync_fifo.gl0.rd/rpntr/gc0.count_d1_reg[0]/CLR
  -------------------------------------------------------------------    -------------------

                         (clock clk_fpga_0 rise edge)
                                                      0.000     0.000 r  
    PS7_X0Y0             PS7                          0.000     0.000 r  udp_gateway_shadow_mirror_i/processing_system7_0/inst/PS7_i/FCLKCLK[0]
                         net (fo=1, routed)           0.337     0.337    udp_gateway_shadow_mirror_i/processing_system7_0/inst/FCLK_CLK_unbuffered[0]
    BUFGCTRL_X0Y17       BUFG (Prop_bufg_I_O)         0.029     0.366 r  udp_gateway_shadow_mirror_i/processing_system7_0/inst/buffer_fclk_clk_0.FCLK_CLK_0_BUFG/O
                         net (fo=42827, routed)       0.828     1.194    udp_gateway_shadow_mirror_i/axi_mem_intercon/m00_couplers/auto_pc/inst/gen_axi4_axi3.axi3_conv_inst/USE_READ.USE_SPLIT_R.read_addr_inst/USE_R_CHANNEL.cmd_queue/inst/fifo_gen_inst/inst_fifo_gen/gconvfifo.rf/grf.rf/gntv_or_sync_fifo.gl0.rd/rpntr/clk
    SLICE_X27Y76         FDCE                                         r  udp_gateway_shadow_mirror_i/axi_mem_intercon/m00_couplers/auto_pc/inst/gen_axi4_axi3.axi3_conv_inst/USE_READ.USE_SPLIT_R.read_addr_inst/USE_R_CHANNEL.cmd_queue/inst/fifo_gen_inst/inst_fifo_gen/gconvfifo.rf/grf.rf/gntv_or_sync_fifo.gl0.rd/rpntr/gc0.count_d1_reg[0]/C
                         clock pessimism             -0.284     0.910    
    SLICE_X27Y76         FDCE (Remov_fdce_C_CLR)     -0.092     0.818    udp_gateway_shadow_mirror_i/axi_mem_intercon/m00_couplers/auto_pc/inst/gen_axi4_axi3.axi3_conv_inst/USE_READ.USE_SPLIT_R.read_addr_inst/USE_R_CHANNEL.cmd_queue/inst/fifo_gen_inst/inst_fifo_gen/gconvfifo.rf/grf.rf/gntv_or_sync_fifo.gl0.rd/rpntr/gc0.count_d1_reg[0]
  -------------------------------------------------------------------
                         required time                         -0.818    
                         arrival time                           1.606    
  -------------------------------------------------------------------
                         slack                                  0.789    

Slack (MET) :             0.789ns  (arrival time - required time)
  Source:                 udp_gateway_shadow_mirror_i/axi_mem_intercon/m00_couplers/auto_pc/inst/gen_axi4_axi3.axi3_conv_inst/USE_READ.USE_SPLIT_R.read_addr_inst/USE_R_CHANNEL.cmd_queue/inst/fifo_gen_inst/inst_fifo_gen/gconvfifo.rf/grf.rf/rstblk/ngwrdrst.grst.g7serrst.gnsckt_wrst.gcc_rst.sckt_wr_rst_cc_reg[0]/C
                            (rising edge-triggered cell FDRE clocked by clk_fpga_0  {rise@0.000ns fall@10.000ns period=20.000ns})
  Destination:            udp_gateway_shadow_mirror_i/axi_mem_intercon/m00_couplers/auto_pc/inst/gen_axi4_axi3.axi3_conv_inst/USE_READ.USE_SPLIT_R.read_addr_inst/USE_R_CHANNEL.cmd_queue/inst/fifo_gen_inst/inst_fifo_gen/gconvfifo.rf/grf.rf/gntv_or_sync_fifo.gl0.rd/rpntr/gc0.count_d1_reg[1]/CLR
                            (removal check against rising-edge clock clk_fpga_0  {rise@0.000ns fall@10.000ns period=20.000ns})
  Path Group:             **async_default**
  Path Type:              Removal (Min at Fast Process Corner)
  Requirement:            0.000ns  (clk_fpga_0 rise@0.000ns - clk_fpga_0 rise@0.000ns)
  Data Path Delay:        0.708ns  (logic 0.227ns (32.068%)  route 0.481ns (67.932%))
  Logic Levels:           1  (LUT3=1)
  Clock Path Skew:        0.011ns (DCD - SCD - CPR)
    Destination Clock Delay (DCD):    1.194ns
    Source Clock Delay      (SCD):    0.899ns
    Clock Pessimism Removal (CPR):    0.284ns

    Location             Delay type                Incr(ns)  Path(ns)    Netlist Resource(s)
  -------------------------------------------------------------------    -------------------
                         (clock clk_fpga_0 rise edge)
                                                      0.000     0.000 r  
    PS7_X0Y0             PS7                          0.000     0.000 r  udp_gateway_shadow_mirror_i/processing_system7_0/inst/PS7_i/FCLKCLK[0]
                         net (fo=1, routed)           0.310     0.310    udp_gateway_shadow_mirror_i/processing_system7_0/inst/FCLK_CLK_unbuffered[0]
    BUFGCTRL_X0Y17       BUFG (Prop_bufg_I_O)         0.026     0.336 r  udp_gateway_shadow_mirror_i/processing_system7_0/inst/buffer_fclk_clk_0.FCLK_CLK_0_BUFG/O
                         net (fo=42827, routed)       0.563     0.899    udp_gateway_shadow_mirror_i/axi_mem_intercon/m00_couplers/auto_pc/inst/gen_axi4_axi3.axi3_conv_inst/USE_READ.USE_SPLIT_R.read_addr_inst/USE_R_CHANNEL.cmd_queue/inst/fifo_gen_inst/inst_fifo_gen/gconvfifo.rf/grf.rf/rstblk/clk
    SLICE_X27Y77         FDRE                                         r  udp_gateway_shadow_mirror_i/axi_mem_intercon/m00_couplers/auto_pc/inst/gen_axi4_axi3.axi3_conv_inst/USE_READ.USE_SPLIT_R.read_addr_inst/USE_R_CHANNEL.cmd_queue/inst/fifo_gen_inst/inst_fifo_gen/gconvfifo.rf/grf.rf/rstblk/ngwrdrst.grst.g7serrst.gnsckt_wrst.gcc_rst.sckt_wr_rst_cc_reg[0]/C
  -------------------------------------------------------------------    -------------------
    SLICE_X27Y77         FDRE (Prop_fdre_C_Q)         0.128     1.027 f  udp_gateway_shadow_mirror_i/axi_mem_intercon/m00_couplers/auto_pc/inst/gen_axi4_axi3.axi3_conv_inst/USE_READ.USE_SPLIT_R.read_addr_inst/USE_R_CHANNEL.cmd_queue/inst/fifo_gen_inst/inst_fifo_gen/gconvfifo.rf/grf.rf/rstblk/ngwrdrst.grst.g7serrst.gnsckt_wrst.gcc_rst.sckt_wr_rst_cc_reg[0]/Q
                         net (fo=2, routed)           0.211     1.238    udp_gateway_shadow_mirror_i/axi_mem_intercon/m00_couplers/auto_pc/inst/gen_axi4_axi3.axi3_conv_inst/USE_READ.USE_SPLIT_R.read_addr_inst/USE_R_CHANNEL.cmd_queue/inst/fifo_gen_inst/inst_fifo_gen/gconvfifo.rf/grf.rf/rstblk/ngwrdrst.grst.g7serrst.gnsckt_wrst.gcc_rst.sckt_wr_rst_cc[0]
    SLICE_X29Y77         LUT3 (Prop_lut3_I1_O)        0.099     1.337 f  udp_gateway_shadow_mirror_i/axi_mem_intercon/m00_couplers/auto_pc/inst/gen_axi4_axi3.axi3_conv_inst/USE_READ.USE_SPLIT_R.read_addr_inst/USE_R_CHANNEL.cmd_queue/inst/fifo_gen_inst/inst_fifo_gen/gconvfifo.rf/grf.rf/rstblk/gpregsm1.curr_fwft_state[1]_i_2/O
                         net (fo=33, routed)          0.269     1.606    udp_gateway_shadow_mirror_i/axi_mem_intercon/m00_couplers/auto_pc/inst/gen_axi4_axi3.axi3_conv_inst/USE_READ.USE_SPLIT_R.read_addr_inst/USE_R_CHANNEL.cmd_queue/inst/fifo_gen_inst/inst_fifo_gen/gconvfifo.rf/grf.rf/gntv_or_sync_fifo.gl0.rd/rpntr/gc0.count_d1_reg[4]_1
    SLICE_X27Y76         FDCE                                         f  udp_gateway_shadow_mirror_i/axi_mem_intercon/m00_couplers/auto_pc/inst/gen_axi4_axi3.axi3_conv_inst/USE_READ.USE_SPLIT_R.read_addr_inst/USE_R_CHANNEL.cmd_queue/inst/fifo_gen_inst/inst_fifo_gen/gconvfifo.rf/grf.rf/gntv_or_sync_fifo.gl0.rd/rpntr/gc0.count_d1_reg[1]/CLR
  -------------------------------------------------------------------    -------------------

                         (clock clk_fpga_0 rise edge)
                                                      0.000     0.000 r  
    PS7_X0Y0             PS7                          0.000     0.000 r  udp_gateway_shadow_mirror_i/processing_system7_0/inst/PS7_i/FCLKCLK[0]
                         net (fo=1, routed)           0.337     0.337    udp_gateway_shadow_mirror_i/processing_system7_0/inst/FCLK_CLK_unbuffered[0]
    BUFGCTRL_X0Y17       BUFG (Prop_bufg_I_O)         0.029     0.366 r  udp_gateway_shadow_mirror_i/processing_system7_0/inst/buffer_fclk_clk_0.FCLK_CLK_0_BUFG/O
                         net (fo=42827, routed)       0.828     1.194    udp_gateway_shadow_mirror_i/axi_mem_intercon/m00_couplers/auto_pc/inst/gen_axi4_axi3.axi3_conv_inst/USE_READ.USE_SPLIT_R.read_addr_inst/USE_R_CHANNEL.cmd_queue/inst/fifo_gen_inst/inst_fifo_gen/gconvfifo.rf/grf.rf/gntv_or_sync_fifo.gl0.rd/rpntr/clk
    SLICE_X27Y76         FDCE                                         r  udp_gateway_shadow_mirror_i/axi_mem_intercon/m00_couplers/auto_pc/inst/gen_axi4_axi3.axi3_conv_inst/USE_READ.USE_SPLIT_R.read_addr_inst/USE_R_CHANNEL.cmd_queue/inst/fifo_gen_inst/inst_fifo_gen/gconvfifo.rf/grf.rf/gntv_or_sync_fifo.gl0.rd/rpntr/gc0.count_d1_reg[1]/C
                         clock pessimism             -0.284     0.910    
    SLICE_X27Y76         FDCE (Remov_fdce_C_CLR)     -0.092     0.818    udp_gateway_shadow_mirror_i/axi_mem_intercon/m00_couplers/auto_pc/inst/gen_axi4_axi3.axi3_conv_inst/USE_READ.USE_SPLIT_R.read_addr_inst/USE_R_CHANNEL.cmd_queue/inst/fifo_gen_inst/inst_fifo_gen/gconvfifo.rf/grf.rf/gntv_or_sync_fifo.gl0.rd/rpntr/gc0.count_d1_reg[1]
  -------------------------------------------------------------------
                         required time                         -0.818    
                         arrival time                           1.606    
  -------------------------------------------------------------------
                         slack                                  0.789    

Slack (MET) :             0.789ns  (arrival time - required time)
  Source:                 udp_gateway_shadow_mirror_i/axi_mem_intercon/m00_couplers/auto_pc/inst/gen_axi4_axi3.axi3_conv_inst/USE_READ.USE_SPLIT_R.read_addr_inst/USE_R_CHANNEL.cmd_queue/inst/fifo_gen_inst/inst_fifo_gen/gconvfifo.rf/grf.rf/rstblk/ngwrdrst.grst.g7serrst.gnsckt_wrst.gcc_rst.sckt_wr_rst_cc_reg[0]/C
                            (rising edge-triggered cell FDRE clocked by clk_fpga_0  {rise@0.000ns fall@10.000ns period=20.000ns})
  Destination:            udp_gateway_shadow_mirror_i/axi_mem_intercon/m00_couplers/auto_pc/inst/gen_axi4_axi3.axi3_conv_inst/USE_READ.USE_SPLIT_R.read_addr_inst/USE_R_CHANNEL.cmd_queue/inst/fifo_gen_inst/inst_fifo_gen/gconvfifo.rf/grf.rf/gntv_or_sync_fifo.gl0.rd/rpntr/gc0.count_d1_reg[2]/CLR
                            (removal check against rising-edge clock clk_fpga_0  {rise@0.000ns fall@10.000ns period=20.000ns})
  Path Group:             **async_default**
  Path Type:              Removal (Min at Fast Process Corner)
  Requirement:            0.000ns  (clk_fpga_0 rise@0.000ns - clk_fpga_0 rise@0.000ns)
  Data Path Delay:        0.708ns  (logic 0.227ns (32.068%)  route 0.481ns (67.932%))
  Logic Levels:           1  (LUT3=1)
  Clock Path Skew:        0.011ns (DCD - SCD - CPR)
    Destination Clock Delay (DCD):    1.194ns
    Source Clock Delay      (SCD):    0.899ns
    Clock Pessimism Removal (CPR):    0.284ns

    Location             Delay type                Incr(ns)  Path(ns)    Netlist Resource(s)
  -------------------------------------------------------------------    -------------------
                         (clock clk_fpga_0 rise edge)
                                                      0.000     0.000 r  
    PS7_X0Y0             PS7                          0.000     0.000 r  udp_gateway_shadow_mirror_i/processing_system7_0/inst/PS7_i/FCLKCLK[0]
                         net (fo=1, routed)           0.310     0.310    udp_gateway_shadow_mirror_i/processing_system7_0/inst/FCLK_CLK_unbuffered[0]
    BUFGCTRL_X0Y17       BUFG (Prop_bufg_I_O)         0.026     0.336 r  udp_gateway_shadow_mirror_i/processing_system7_0/inst/buffer_fclk_clk_0.FCLK_CLK_0_BUFG/O
                         net (fo=42827, routed)       0.563     0.899    udp_gateway_shadow_mirror_i/axi_mem_intercon/m00_couplers/auto_pc/inst/gen_axi4_axi3.axi3_conv_inst/USE_READ.USE_SPLIT_R.read_addr_inst/USE_R_CHANNEL.cmd_queue/inst/fifo_gen_inst/inst_fifo_gen/gconvfifo.rf/grf.rf/rstblk/clk
    SLICE_X27Y77         FDRE                                         r  udp_gateway_shadow_mirror_i/axi_mem_intercon/m00_couplers/auto_pc/inst/gen_axi4_axi3.axi3_conv_inst/USE_READ.USE_SPLIT_R.read_addr_inst/USE_R_CHANNEL.cmd_queue/inst/fifo_gen_inst/inst_fifo_gen/gconvfifo.rf/grf.rf/rstblk/ngwrdrst.grst.g7serrst.gnsckt_wrst.gcc_rst.sckt_wr_rst_cc_reg[0]/C
  -------------------------------------------------------------------    -------------------
    SLICE_X27Y77         FDRE (Prop_fdre_C_Q)         0.128     1.027 f  udp_gateway_shadow_mirror_i/axi_mem_intercon/m00_couplers/auto_pc/inst/gen_axi4_axi3.axi3_conv_inst/USE_READ.USE_SPLIT_R.read_addr_inst/USE_R_CHANNEL.cmd_queue/inst/fifo_gen_inst/inst_fifo_gen/gconvfifo.rf/grf.rf/rstblk/ngwrdrst.grst.g7serrst.gnsckt_wrst.gcc_rst.sckt_wr_rst_cc_reg[0]/Q
                         net (fo=2, routed)           0.211     1.238    udp_gateway_shadow_mirror_i/axi_mem_intercon/m00_couplers/auto_pc/inst/gen_axi4_axi3.axi3_conv_inst/USE_READ.USE_SPLIT_R.read_addr_inst/USE_R_CHANNEL.cmd_queue/inst/fifo_gen_inst/inst_fifo_gen/gconvfifo.rf/grf.rf/rstblk/ngwrdrst.grst.g7serrst.gnsckt_wrst.gcc_rst.sckt_wr_rst_cc[0]
    SLICE_X29Y77         LUT3 (Prop_lut3_I1_O)        0.099     1.337 f  udp_gateway_shadow_mirror_i/axi_mem_intercon/m00_couplers/auto_pc/inst/gen_axi4_axi3.axi3_conv_inst/USE_READ.USE_SPLIT_R.read_addr_inst/USE_R_CHANNEL.cmd_queue/inst/fifo_gen_inst/inst_fifo_gen/gconvfifo.rf/grf.rf/rstblk/gpregsm1.curr_fwft_state[1]_i_2/O
                         net (fo=33, routed)          0.269     1.606    udp_gateway_shadow_mirror_i/axi_mem_intercon/m00_couplers/auto_pc/inst/gen_axi4_axi3.axi3_conv_inst/USE_READ.USE_SPLIT_R.read_addr_inst/USE_R_CHANNEL.cmd_queue/inst/fifo_gen_inst/inst_fifo_gen/gconvfifo.rf/grf.rf/gntv_or_sync_fifo.gl0.rd/rpntr/gc0.count_d1_reg[4]_1
    SLICE_X27Y76         FDCE                                         f  udp_gateway_shadow_mirror_i/axi_mem_intercon/m00_couplers/auto_pc/inst/gen_axi4_axi3.axi3_conv_inst/USE_READ.USE_SPLIT_R.read_addr_inst/USE_R_CHANNEL.cmd_queue/inst/fifo_gen_inst/inst_fifo_gen/gconvfifo.rf/grf.rf/gntv_or_sync_fifo.gl0.rd/rpntr/gc0.count_d1_reg[2]/CLR
  -------------------------------------------------------------------    -------------------

                         (clock clk_fpga_0 rise edge)
                                                      0.000     0.000 r  
    PS7_X0Y0             PS7                          0.000     0.000 r  udp_gateway_shadow_mirror_i/processing_system7_0/inst/PS7_i/FCLKCLK[0]
                         net (fo=1, routed)           0.337     0.337    udp_gateway_shadow_mirror_i/processing_system7_0/inst/FCLK_CLK_unbuffered[0]
    BUFGCTRL_X0Y17       BUFG (Prop_bufg_I_O)         0.029     0.366 r  udp_gateway_shadow_mirror_i/processing_system7_0/inst/buffer_fclk_clk_0.FCLK_CLK_0_BUFG/O
                         net (fo=42827, routed)       0.828     1.194    udp_gateway_shadow_mirror_i/axi_mem_intercon/m00_couplers/auto_pc/inst/gen_axi4_axi3.axi3_conv_inst/USE_READ.USE_SPLIT_R.read_addr_inst/USE_R_CHANNEL.cmd_queue/inst/fifo_gen_inst/inst_fifo_gen/gconvfifo.rf/grf.rf/gntv_or_sync_fifo.gl0.rd/rpntr/clk
    SLICE_X27Y76         FDCE                                         r  udp_gateway_shadow_mirror_i/axi_mem_intercon/m00_couplers/auto_pc/inst/gen_axi4_axi3.axi3_conv_inst/USE_READ.USE_SPLIT_R.read_addr_inst/USE_R_CHANNEL.cmd_queue/inst/fifo_gen_inst/inst_fifo_gen/gconvfifo.rf/grf.rf/gntv_or_sync_fifo.gl0.rd/rpntr/gc0.count_d1_reg[2]/C
                         clock pessimism             -0.284     0.910    
    SLICE_X27Y76         FDCE (Remov_fdce_C_CLR)     -0.092     0.818    udp_gateway_shadow_mirror_i/axi_mem_intercon/m00_couplers/auto_pc/inst/gen_axi4_axi3.axi3_conv_inst/USE_READ.USE_SPLIT_R.read_addr_inst/USE_R_CHANNEL.cmd_queue/inst/fifo_gen_inst/inst_fifo_gen/gconvfifo.rf/grf.rf/gntv_or_sync_fifo.gl0.rd/rpntr/gc0.count_d1_reg[2]
  -------------------------------------------------------------------
                         required time                         -0.818    
                         arrival time                           1.606    
  -------------------------------------------------------------------
                         slack                                  0.789    

Slack (MET) :             0.789ns  (arrival time - required time)
  Source:                 udp_gateway_shadow_mirror_i/axi_mem_intercon/m00_couplers/auto_pc/inst/gen_axi4_axi3.axi3_conv_inst/USE_READ.USE_SPLIT_R.read_addr_inst/USE_R_CHANNEL.cmd_queue/inst/fifo_gen_inst/inst_fifo_gen/gconvfifo.rf/grf.rf/rstblk/ngwrdrst.grst.g7serrst.gnsckt_wrst.gcc_rst.sckt_wr_rst_cc_reg[0]/C
                            (rising edge-triggered cell FDRE clocked by clk_fpga_0  {rise@0.000ns fall@10.000ns period=20.000ns})
  Destination:            udp_gateway_shadow_mirror_i/axi_mem_intercon/m00_couplers/auto_pc/inst/gen_axi4_axi3.axi3_conv_inst/USE_READ.USE_SPLIT_R.read_addr_inst/USE_R_CHANNEL.cmd_queue/inst/fifo_gen_inst/inst_fifo_gen/gconvfifo.rf/grf.rf/gntv_or_sync_fifo.gl0.rd/rpntr/gc0.count_d1_reg[3]/CLR
                            (removal check against rising-edge clock clk_fpga_0  {rise@0.000ns fall@10.000ns period=20.000ns})
  Path Group:             **async_default**
  Path Type:              Removal (Min at Fast Process Corner)
  Requirement:            0.000ns  (clk_fpga_0 rise@0.000ns - clk_fpga_0 rise@0.000ns)
  Data Path Delay:        0.708ns  (logic 0.227ns (32.068%)  route 0.481ns (67.932%))
  Logic Levels:           1  (LUT3=1)
  Clock Path Skew:        0.011ns (DCD - SCD - CPR)
    Destination Clock Delay (DCD):    1.194ns
    Source Clock Delay      (SCD):    0.899ns
    Clock Pessimism Removal (CPR):    0.284ns

    Location             Delay type                Incr(ns)  Path(ns)    Netlist Resource(s)
  -------------------------------------------------------------------    -------------------
                         (clock clk_fpga_0 rise edge)
                                                      0.000     0.000 r  
    PS7_X0Y0             PS7                          0.000     0.000 r  udp_gateway_shadow_mirror_i/processing_system7_0/inst/PS7_i/FCLKCLK[0]
                         net (fo=1, routed)           0.310     0.310    udp_gateway_shadow_mirror_i/processing_system7_0/inst/FCLK_CLK_unbuffered[0]
    BUFGCTRL_X0Y17       BUFG (Prop_bufg_I_O)         0.026     0.336 r  udp_gateway_shadow_mirror_i/processing_system7_0/inst/buffer_fclk_clk_0.FCLK_CLK_0_BUFG/O
                         net (fo=42827, routed)       0.563     0.899    udp_gateway_shadow_mirror_i/axi_mem_intercon/m00_couplers/auto_pc/inst/gen_axi4_axi3.axi3_conv_inst/USE_READ.USE_SPLIT_R.read_addr_inst/USE_R_CHANNEL.cmd_queue/inst/fifo_gen_inst/inst_fifo_gen/gconvfifo.rf/grf.rf/rstblk/clk
    SLICE_X27Y77         FDRE                                         r  udp_gateway_shadow_mirror_i/axi_mem_intercon/m00_couplers/auto_pc/inst/gen_axi4_axi3.axi3_conv_inst/USE_READ.USE_SPLIT_R.read_addr_inst/USE_R_CHANNEL.cmd_queue/inst/fifo_gen_inst/inst_fifo_gen/gconvfifo.rf/grf.rf/rstblk/ngwrdrst.grst.g7serrst.gnsckt_wrst.gcc_rst.sckt_wr_rst_cc_reg[0]/C
  -------------------------------------------------------------------    -------------------
    SLICE_X27Y77         FDRE (Prop_fdre_C_Q)         0.128     1.027 f  udp_gateway_shadow_mirror_i/axi_mem_intercon/m00_couplers/auto_pc/inst/gen_axi4_axi3.axi3_conv_inst/USE_READ.USE_SPLIT_R.read_addr_inst/USE_R_CHANNEL.cmd_queue/inst/fifo_gen_inst/inst_fifo_gen/gconvfifo.rf/grf.rf/rstblk/ngwrdrst.grst.g7serrst.gnsckt_wrst.gcc_rst.sckt_wr_rst_cc_reg[0]/Q
                         net (fo=2, routed)           0.211     1.238    udp_gateway_shadow_mirror_i/axi_mem_intercon/m00_couplers/auto_pc/inst/gen_axi4_axi3.axi3_conv_inst/USE_READ.USE_SPLIT_R.read_addr_inst/USE_R_CHANNEL.cmd_queue/inst/fifo_gen_inst/inst_fifo_gen/gconvfifo.rf/grf.rf/rstblk/ngwrdrst.grst.g7serrst.gnsckt_wrst.gcc_rst.sckt_wr_rst_cc[0]
    SLICE_X29Y77         LUT3 (Prop_lut3_I1_O)        0.099     1.337 f  udp_gateway_shadow_mirror_i/axi_mem_intercon/m00_couplers/auto_pc/inst/gen_axi4_axi3.axi3_conv_inst/USE_READ.USE_SPLIT_R.read_addr_inst/USE_R_CHANNEL.cmd_queue/inst/fifo_gen_inst/inst_fifo_gen/gconvfifo.rf/grf.rf/rstblk/gpregsm1.curr_fwft_state[1]_i_2/O
                         net (fo=33, routed)          0.269     1.606    udp_gateway_shadow_mirror_i/axi_mem_intercon/m00_couplers/auto_pc/inst/gen_axi4_axi3.axi3_conv_inst/USE_READ.USE_SPLIT_R.read_addr_inst/USE_R_CHANNEL.cmd_queue/inst/fifo_gen_inst/inst_fifo_gen/gconvfifo.rf/grf.rf/gntv_or_sync_fifo.gl0.rd/rpntr/gc0.count_d1_reg[4]_1
    SLICE_X27Y76         FDCE                                         f  udp_gateway_shadow_mirror_i/axi_mem_intercon/m00_couplers/auto_pc/inst/gen_axi4_axi3.axi3_conv_inst/USE_READ.USE_SPLIT_R.read_addr_inst/USE_R_CHANNEL.cmd_queue/inst/fifo_gen_inst/inst_fifo_gen/gconvfifo.rf/grf.rf/gntv_or_sync_fifo.gl0.rd/rpntr/gc0.count_d1_reg[3]/CLR
  -------------------------------------------------------------------    -------------------

                         (clock clk_fpga_0 rise edge)
                                                      0.000     0.000 r  
    PS7_X0Y0             PS7                          0.000     0.000 r  udp_gateway_shadow_mirror_i/processing_system7_0/inst/PS7_i/FCLKCLK[0]
                         net (fo=1, routed)           0.337     0.337    udp_gateway_shadow_mirror_i/processing_system7_0/inst/FCLK_CLK_unbuffered[0]
    BUFGCTRL_X0Y17       BUFG (Prop_bufg_I_O)         0.029     0.366 r  udp_gateway_shadow_mirror_i/processing_system7_0/inst/buffer_fclk_clk_0.FCLK_CLK_0_BUFG/O
                         net (fo=42827, routed)       0.828     1.194    udp_gateway_shadow_mirror_i/axi_mem_intercon/m00_couplers/auto_pc/inst/gen_axi4_axi3.axi3_conv_inst/USE_READ.USE_SPLIT_R.read_addr_inst/USE_R_CHANNEL.cmd_queue/inst/fifo_gen_inst/inst_fifo_gen/gconvfifo.rf/grf.rf/gntv_or_sync_fifo.gl0.rd/rpntr/clk
    SLICE_X27Y76         FDCE                                         r  udp_gateway_shadow_mirror_i/axi_mem_intercon/m00_couplers/auto_pc/inst/gen_axi4_axi3.axi3_conv_inst/USE_READ.USE_SPLIT_R.read_addr_inst/USE_R_CHANNEL.cmd_queue/inst/fifo_gen_inst/inst_fifo_gen/gconvfifo.rf/grf.rf/gntv_or_sync_fifo.gl0.rd/rpntr/gc0.count_d1_reg[3]/C
                         clock pessimism             -0.284     0.910    
    SLICE_X27Y76         FDCE (Remov_fdce_C_CLR)     -0.092     0.818    udp_gateway_shadow_mirror_i/axi_mem_intercon/m00_couplers/auto_pc/inst/gen_axi4_axi3.axi3_conv_inst/USE_READ.USE_SPLIT_R.read_addr_inst/USE_R_CHANNEL.cmd_queue/inst/fifo_gen_inst/inst_fifo_gen/gconvfifo.rf/grf.rf/gntv_or_sync_fifo.gl0.rd/rpntr/gc0.count_d1_reg[3]
  -------------------------------------------------------------------
                         required time                         -0.818    
                         arrival time                           1.606    
  -------------------------------------------------------------------
                         slack                                  0.789    

Slack (MET) :             0.789ns  (arrival time - required time)
  Source:                 udp_gateway_shadow_mirror_i/axi_mem_intercon/m00_couplers/auto_pc/inst/gen_axi4_axi3.axi3_conv_inst/USE_READ.USE_SPLIT_R.read_addr_inst/USE_R_CHANNEL.cmd_queue/inst/fifo_gen_inst/inst_fifo_gen/gconvfifo.rf/grf.rf/rstblk/ngwrdrst.grst.g7serrst.gnsckt_wrst.gcc_rst.sckt_wr_rst_cc_reg[0]/C
                            (rising edge-triggered cell FDRE clocked by clk_fpga_0  {rise@0.000ns fall@10.000ns period=20.000ns})
  Destination:            udp_gateway_shadow_mirror_i/axi_mem_intercon/m00_couplers/auto_pc/inst/gen_axi4_axi3.axi3_conv_inst/USE_READ.USE_SPLIT_R.read_addr_inst/USE_R_CHANNEL.cmd_queue/inst/fifo_gen_inst/inst_fifo_gen/gconvfifo.rf/grf.rf/gntv_or_sync_fifo.gl0.rd/rpntr/gc0.count_d1_reg[4]/CLR
                            (removal check against rising-edge clock clk_fpga_0  {rise@0.000ns fall@10.000ns period=20.000ns})
  Path Group:             **async_default**
  Path Type:              Removal (Min at Fast Process Corner)
  Requirement:            0.000ns  (clk_fpga_0 rise@0.000ns - clk_fpga_0 rise@0.000ns)
  Data Path Delay:        0.708ns  (logic 0.227ns (32.068%)  route 0.481ns (67.932%))
  Logic Levels:           1  (LUT3=1)
  Clock Path Skew:        0.011ns (DCD - SCD - CPR)
    Destination Clock Delay (DCD):    1.194ns
    Source Clock Delay      (SCD):    0.899ns
    Clock Pessimism Removal (CPR):    0.284ns

    Location             Delay type                Incr(ns)  Path(ns)    Netlist Resource(s)
  -------------------------------------------------------------------    -------------------
                         (clock clk_fpga_0 rise edge)
                                                      0.000     0.000 r  
    PS7_X0Y0             PS7                          0.000     0.000 r  udp_gateway_shadow_mirror_i/processing_system7_0/inst/PS7_i/FCLKCLK[0]
                         net (fo=1, routed)           0.310     0.310    udp_gateway_shadow_mirror_i/processing_system7_0/inst/FCLK_CLK_unbuffered[0]
    BUFGCTRL_X0Y17       BUFG (Prop_bufg_I_O)         0.026     0.336 r  udp_gateway_shadow_mirror_i/processing_system7_0/inst/buffer_fclk_clk_0.FCLK_CLK_0_BUFG/O
                         net (fo=42827, routed)       0.563     0.899    udp_gateway_shadow_mirror_i/axi_mem_intercon/m00_couplers/auto_pc/inst/gen_axi4_axi3.axi3_conv_inst/USE_READ.USE_SPLIT_R.read_addr_inst/USE_R_CHANNEL.cmd_queue/inst/fifo_gen_inst/inst_fifo_gen/gconvfifo.rf/grf.rf/rstblk/clk
    SLICE_X27Y77         FDRE                                         r  udp_gateway_shadow_mirror_i/axi_mem_intercon/m00_couplers/auto_pc/inst/gen_axi4_axi3.axi3_conv_inst/USE_READ.USE_SPLIT_R.read_addr_inst/USE_R_CHANNEL.cmd_queue/inst/fifo_gen_inst/inst_fifo_gen/gconvfifo.rf/grf.rf/rstblk/ngwrdrst.grst.g7serrst.gnsckt_wrst.gcc_rst.sckt_wr_rst_cc_reg[0]/C
  -------------------------------------------------------------------    -------------------
    SLICE_X27Y77         FDRE (Prop_fdre_C_Q)         0.128     1.027 f  udp_gateway_shadow_mirror_i/axi_mem_intercon/m00_couplers/auto_pc/inst/gen_axi4_axi3.axi3_conv_inst/USE_READ.USE_SPLIT_R.read_addr_inst/USE_R_CHANNEL.cmd_queue/inst/fifo_gen_inst/inst_fifo_gen/gconvfifo.rf/grf.rf/rstblk/ngwrdrst.grst.g7serrst.gnsckt_wrst.gcc_rst.sckt_wr_rst_cc_reg[0]/Q
                         net (fo=2, routed)           0.211     1.238    udp_gateway_shadow_mirror_i/axi_mem_intercon/m00_couplers/auto_pc/inst/gen_axi4_axi3.axi3_conv_inst/USE_READ.USE_SPLIT_R.read_addr_inst/USE_R_CHANNEL.cmd_queue/inst/fifo_gen_inst/inst_fifo_gen/gconvfifo.rf/grf.rf/rstblk/ngwrdrst.grst.g7serrst.gnsckt_wrst.gcc_rst.sckt_wr_rst_cc[0]
    SLICE_X29Y77         LUT3 (Prop_lut3_I1_O)        0.099     1.337 f  udp_gateway_shadow_mirror_i/axi_mem_intercon/m00_couplers/auto_pc/inst/gen_axi4_axi3.axi3_conv_inst/USE_READ.USE_SPLIT_R.read_addr_inst/USE_R_CHANNEL.cmd_queue/inst/fifo_gen_inst/inst_fifo_gen/gconvfifo.rf/grf.rf/rstblk/gpregsm1.curr_fwft_state[1]_i_2/O
                         net (fo=33, routed)          0.269     1.606    udp_gateway_shadow_mirror_i/axi_mem_intercon/m00_couplers/auto_pc/inst/gen_axi4_axi3.axi3_conv_inst/USE_READ.USE_SPLIT_R.read_addr_inst/USE_R_CHANNEL.cmd_queue/inst/fifo_gen_inst/inst_fifo_gen/gconvfifo.rf/grf.rf/gntv_or_sync_fifo.gl0.rd/rpntr/gc0.count_d1_reg[4]_1
    SLICE_X27Y76         FDCE                                         f  udp_gateway_shadow_mirror_i/axi_mem_intercon/m00_couplers/auto_pc/inst/gen_axi4_axi3.axi3_conv_inst/USE_READ.USE_SPLIT_R.read_addr_inst/USE_R_CHANNEL.cmd_queue/inst/fifo_gen_inst/inst_fifo_gen/gconvfifo.rf/grf.rf/gntv_or_sync_fifo.gl0.rd/rpntr/gc0.count_d1_reg[4]/CLR
  -------------------------------------------------------------------    -------------------

                         (clock clk_fpga_0 rise edge)
                                                      0.000     0.000 r  
    PS7_X0Y0             PS7                          0.000     0.000 r  udp_gateway_shadow_mirror_i/processing_system7_0/inst/PS7_i/FCLKCLK[0]
                         net (fo=1, routed)           0.337     0.337    udp_gateway_shadow_mirror_i/processing_system7_0/inst/FCLK_CLK_unbuffered[0]
    BUFGCTRL_X0Y17       BUFG (Prop_bufg_I_O)         0.029     0.366 r  udp_gateway_shadow_mirror_i/processing_system7_0/inst/buffer_fclk_clk_0.FCLK_CLK_0_BUFG/O
                         net (fo=42827, routed)       0.828     1.194    udp_gateway_shadow_mirror_i/axi_mem_intercon/m00_couplers/auto_pc/inst/gen_axi4_axi3.axi3_conv_inst/USE_READ.USE_SPLIT_R.read_addr_inst/USE_R_CHANNEL.cmd_queue/inst/fifo_gen_inst/inst_fifo_gen/gconvfifo.rf/grf.rf/gntv_or_sync_fifo.gl0.rd/rpntr/clk
    SLICE_X27Y76         FDCE                                         r  udp_gateway_shadow_mirror_i/axi_mem_intercon/m00_couplers/auto_pc/inst/gen_axi4_axi3.axi3_conv_inst/USE_READ.USE_SPLIT_R.read_addr_inst/USE_R_CHANNEL.cmd_queue/inst/fifo_gen_inst/inst_fifo_gen/gconvfifo.rf/grf.rf/gntv_or_sync_fifo.gl0.rd/rpntr/gc0.count_d1_reg[4]/C
                         clock pessimism             -0.284     0.910    
    SLICE_X27Y76         FDCE (Remov_fdce_C_CLR)     -0.092     0.818    udp_gateway_shadow_mirror_i/axi_mem_intercon/m00_couplers/auto_pc/inst/gen_axi4_axi3.axi3_conv_inst/USE_READ.USE_SPLIT_R.read_addr_inst/USE_R_CHANNEL.cmd_queue/inst/fifo_gen_inst/inst_fifo_gen/gconvfifo.rf/grf.rf/gntv_or_sync_fifo.gl0.rd/rpntr/gc0.count_d1_reg[4]
  -------------------------------------------------------------------
                         required time                         -0.818    
                         arrival time                           1.606    
  -------------------------------------------------------------------
                         slack                                  0.789    

Slack (MET) :             0.812ns  (arrival time - required time)
  Source:                 udp_gateway_shadow_mirror_i/axi_mem_intercon/m00_couplers/auto_pc/inst/gen_axi4_axi3.axi3_conv_inst/USE_WRITE.write_addr_inst/USE_BURSTS.cmd_queue/inst/fifo_gen_inst/inst_fifo_gen/gconvfifo.rf/grf.rf/rstblk/ngwrdrst.grst.g7serrst.gnsckt_wrst.gcc_rst.sckt_wr_rst_cc_reg[1]/C
                            (rising edge-triggered cell FDRE clocked by clk_fpga_0  {rise@0.000ns fall@10.000ns period=20.000ns})
  Destination:            udp_gateway_shadow_mirror_i/axi_mem_intercon/m00_couplers/auto_pc/inst/gen_axi4_axi3.axi3_conv_inst/USE_WRITE.write_addr_inst/USE_BURSTS.cmd_queue/inst/fifo_gen_inst/inst_fifo_gen/gconvfifo.rf/grf.rf/gntv_or_sync_fifo.gl0.rd/gr1.gr1_int.rfwft/gpregsm1.curr_fwft_state_reg[0]/CLR
                            (removal check against rising-edge clock clk_fpga_0  {rise@0.000ns fall@10.000ns period=20.000ns})
  Path Group:             **async_default**
  Path Type:              Removal (Min at Fast Process Corner)
  Requirement:            0.000ns  (clk_fpga_0 rise@0.000ns - clk_fpga_0 rise@0.000ns)
  Data Path Delay:        0.738ns  (logic 0.186ns (25.210%)  route 0.552ns (74.790%))
  Logic Levels:           1  (LUT3=1)
  Clock Path Skew:        0.018ns (DCD - SCD - CPR)
    Destination Clock Delay (DCD):    1.305ns
    Source Clock Delay      (SCD):    1.000ns
    Clock Pessimism Removal (CPR):    0.287ns

    Location             Delay type                Incr(ns)  Path(ns)    Netlist Resource(s)
  -------------------------------------------------------------------    -------------------
                         (clock clk_fpga_0 rise edge)
                                                      0.000     0.000 r  
    PS7_X0Y0             PS7                          0.000     0.000 r  udp_gateway_shadow_mirror_i/processing_system7_0/inst/PS7_i/FCLKCLK[0]
                         net (fo=1, routed)           0.310     0.310    udp_gateway_shadow_mirror_i/processing_system7_0/inst/FCLK_CLK_unbuffered[0]
    BUFGCTRL_X0Y17       BUFG (Prop_bufg_I_O)         0.026     0.336 r  udp_gateway_shadow_mirror_i/processing_system7_0/inst/buffer_fclk_clk_0.FCLK_CLK_0_BUFG/O
                         net (fo=42827, routed)       0.664     1.000    udp_gateway_shadow_mirror_i/axi_mem_intercon/m00_couplers/auto_pc/inst/gen_axi4_axi3.axi3_conv_inst/USE_WRITE.write_addr_inst/USE_BURSTS.cmd_queue/inst/fifo_gen_inst/inst_fifo_gen/gconvfifo.rf/grf.rf/rstblk/clk
    SLICE_X81Y107        FDRE                                         r  udp_gateway_shadow_mirror_i/axi_mem_intercon/m00_couplers/auto_pc/inst/gen_axi4_axi3.axi3_conv_inst/USE_WRITE.write_addr_inst/USE_BURSTS.cmd_queue/inst/fifo_gen_inst/inst_fifo_gen/gconvfifo.rf/grf.rf/rstblk/ngwrdrst.grst.g7serrst.gnsckt_wrst.gcc_rst.sckt_wr_rst_cc_reg[1]/C
  -------------------------------------------------------------------    -------------------
    SLICE_X81Y107        FDRE (Prop_fdre_C_Q)         0.141     1.141 f  udp_gateway_shadow_mirror_i/axi_mem_intercon/m00_couplers/auto_pc/inst/gen_axi4_axi3.axi3_conv_inst/USE_WRITE.write_addr_inst/USE_BURSTS.cmd_queue/inst/fifo_gen_inst/inst_fifo_gen/gconvfifo.rf/grf.rf/rstblk/ngwrdrst.grst.g7serrst.gnsckt_wrst.gcc_rst.sckt_wr_rst_cc_reg[1]/Q
                         net (fo=2, routed)           0.242     1.383    udp_gateway_shadow_mirror_i/axi_mem_intercon/m00_couplers/auto_pc/inst/gen_axi4_axi3.axi3_conv_inst/USE_WRITE.write_addr_inst/USE_BURSTS.cmd_queue/inst/fifo_gen_inst/inst_fifo_gen/gconvfifo.rf/grf.rf/rstblk/ngwrdrst.grst.g7serrst.gnsckt_wrst.gcc_rst.sckt_wr_rst_cc[1]
    SLICE_X80Y102        LUT3 (Prop_lut3_I0_O)        0.045     1.428 f  udp_gateway_shadow_mirror_i/axi_mem_intercon/m00_couplers/auto_pc/inst/gen_axi4_axi3.axi3_conv_inst/USE_WRITE.write_addr_inst/USE_BURSTS.cmd_queue/inst/fifo_gen_inst/inst_fifo_gen/gconvfifo.rf/grf.rf/rstblk/gpregsm1.curr_fwft_state[1]_i_2/O
                         net (fo=32, routed)          0.310     1.738    udp_gateway_shadow_mirror_i/axi_mem_intercon/m00_couplers/auto_pc/inst/gen_axi4_axi3.axi3_conv_inst/USE_WRITE.write_addr_inst/USE_BURSTS.cmd_queue/inst/fifo_gen_inst/inst_fifo_gen/gconvfifo.rf/grf.rf/gntv_or_sync_fifo.gl0.rd/gr1.gr1_int.rfwft/gpregsm1.user_valid_reg_0
    SLICE_X80Y102        FDCE                                         f  udp_gateway_shadow_mirror_i/axi_mem_intercon/m00_couplers/auto_pc/inst/gen_axi4_axi3.axi3_conv_inst/USE_WRITE.write_addr_inst/USE_BURSTS.cmd_queue/inst/fifo_gen_inst/inst_fifo_gen/gconvfifo.rf/grf.rf/gntv_or_sync_fifo.gl0.rd/gr1.gr1_int.rfwft/gpregsm1.curr_fwft_state_reg[0]/CLR
  -------------------------------------------------------------------    -------------------

                         (clock clk_fpga_0 rise edge)
                                                      0.000     0.000 r  
    PS7_X0Y0             PS7                          0.000     0.000 r  udp_gateway_shadow_mirror_i/processing_system7_0/inst/PS7_i/FCLKCLK[0]
                         net (fo=1, routed)           0.337     0.337    udp_gateway_shadow_mirror_i/processing_system7_0/inst/FCLK_CLK_unbuffered[0]
    BUFGCTRL_X0Y17       BUFG (Prop_bufg_I_O)         0.029     0.366 r  udp_gateway_shadow_mirror_i/processing_system7_0/inst/buffer_fclk_clk_0.FCLK_CLK_0_BUFG/O
                         net (fo=42827, routed)       0.939     1.305    udp_gateway_shadow_mirror_i/axi_mem_intercon/m00_couplers/auto_pc/inst/gen_axi4_axi3.axi3_conv_inst/USE_WRITE.write_addr_inst/USE_BURSTS.cmd_queue/inst/fifo_gen_inst/inst_fifo_gen/gconvfifo.rf/grf.rf/gntv_or_sync_fifo.gl0.rd/gr1.gr1_int.rfwft/clk
    SLICE_X80Y102        FDCE                                         r  udp_gateway_shadow_mirror_i/axi_mem_intercon/m00_couplers/auto_pc/inst/gen_axi4_axi3.axi3_conv_inst/USE_WRITE.write_addr_inst/USE_BURSTS.cmd_queue/inst/fifo_gen_inst/inst_fifo_gen/gconvfifo.rf/grf.rf/gntv_or_sync_fifo.gl0.rd/gr1.gr1_int.rfwft/gpregsm1.curr_fwft_state_reg[0]/C
                         clock pessimism             -0.287     1.018    
    SLICE_X80Y102        FDCE (Remov_fdce_C_CLR)     -0.092     0.926    udp_gateway_shadow_mirror_i/axi_mem_intercon/m00_couplers/auto_pc/inst/gen_axi4_axi3.axi3_conv_inst/USE_WRITE.write_addr_inst/USE_BURSTS.cmd_queue/inst/fifo_gen_inst/inst_fifo_gen/gconvfifo.rf/grf.rf/gntv_or_sync_fifo.gl0.rd/gr1.gr1_int.rfwft/gpregsm1.curr_fwft_state_reg[0]
  -------------------------------------------------------------------
                         required time                         -0.926    
                         arrival time                           1.738    
  -------------------------------------------------------------------
                         slack                                  0.812    





---------------------------------------------------------------------------------------------------
Path Group:  **async_default**
From Clock:  clk_fpga_0
  To Clock:  shadow_dna_clk

Setup :            0  Failing Endpoints,  Worst Slack        9.709ns,  Total Violation        0.000ns
Hold  :            0  Failing Endpoints,  Worst Slack        1.884ns,  Total Violation        0.000ns
---------------------------------------------------------------------------------------------------


Max Delay Paths
--------------------------------------------------------------------------------------
Slack (MET) :             9.709ns  (required time - arrival time)
  Source:                 udp_gateway_shadow_mirror_i/rst_ps7_0_100M/U0/ACTIVE_LOW_PR_OUT_DFF[0].FDRE_PER_N/C
                            (rising edge-triggered cell FDRE clocked by clk_fpga_0  {rise@0.000ns fall@10.000ns period=20.000ns})
  Destination:            udp_gateway_shadow_mirror_i/dma_gateway_hybrid_0/inst/u_device_dna_reader/dna_shift_value_reg[16]/CLR
                            (recovery check against rising-edge clock shadow_dna_clk  {rise@0.000ns fall@320.000ns period=640.000ns})
  Path Group:             **async_default**
  Path Type:              Recovery (Max at Slow Process Corner)
  Requirement:            20.000ns  (shadow_dna_clk rise@640.000ns - clk_fpga_0 rise@620.000ns)
  Data Path Delay:        12.964ns  (logic 0.580ns (4.474%)  route 12.384ns (95.526%))
  Logic Levels:           1  (LUT1=1)
  Clock Path Skew:        3.380ns (DCD - SCD + CPR)
    Destination Clock Delay (DCD):    6.458ns = ( 646.458 - 640.000 ) 
    Source Clock Delay      (SCD):    3.193ns = ( 623.193 - 620.000 ) 
    Clock Pessimism Removal (CPR):    0.115ns
  Clock Uncertainty:      0.302ns  ((TSJ^2 + TIJ^2)^1/2 + DJ) / 2 + PE
    Total System Jitter     (TSJ):    0.071ns
    Total Input Jitter      (TIJ):    0.600ns
    Discrete Jitter          (DJ):    0.000ns
    Phase Error              (PE):    0.000ns

    Location             Delay type                Incr(ns)  Path(ns)    Netlist Resource(s)
  -------------------------------------------------------------------    -------------------
                         (clock clk_fpga_0 rise edge)
                                                    620.000   620.000 r  
    PS7_X0Y0             PS7                          0.000   620.000 r  udp_gateway_shadow_mirror_i/processing_system7_0/inst/PS7_i/FCLKCLK[0]
                         net (fo=1, routed)           1.193   621.193    udp_gateway_shadow_mirror_i/processing_system7_0/inst/FCLK_CLK_unbuffered[0]
    BUFGCTRL_X0Y17       BUFG (Prop_bufg_I_O)         0.101   621.294 r  udp_gateway_shadow_mirror_i/processing_system7_0/inst/buffer_fclk_clk_0.FCLK_CLK_0_BUFG/O
                         net (fo=42827, routed)       1.899   623.193    udp_gateway_shadow_mirror_i/rst_ps7_0_100M/U0/slowest_sync_clk
    SLICE_X57Y135        FDRE                                         r  udp_gateway_shadow_mirror_i/rst_ps7_0_100M/U0/ACTIVE_LOW_PR_OUT_DFF[0].FDRE_PER_N/C
  -------------------------------------------------------------------    -------------------
    SLICE_X57Y135        FDRE (Prop_fdre_C_Q)         0.456   623.649 r  udp_gateway_shadow_mirror_i/rst_ps7_0_100M/U0/ACTIVE_LOW_PR_OUT_DFF[0].FDRE_PER_N/Q
                         net (fo=93, routed)          5.260   628.909    udp_gateway_shadow_mirror_i/dma_gateway_hybrid_0/inst/u_shadow_acl_filter/u_acl/rst_n
    SLICE_X103Y112       LUT1 (Prop_lut1_I0_O)        0.124   629.033 f  udp_gateway_shadow_mirror_i/dma_gateway_hybrid_0/inst/u_shadow_acl_filter/u_acl/s_axil_awready_i_2/O
                         net (fo=1931, routed)        7.124   636.157    udp_gateway_shadow_mirror_i/dma_gateway_hybrid_0/inst/u_device_dna_reader/dna_bit_count_reg[6]_0
    SLICE_X110Y38        FDCE                                         f  udp_gateway_shadow_mirror_i/dma_gateway_hybrid_0/inst/u_device_dna_reader/dna_shift_value_reg[16]/CLR
  -------------------------------------------------------------------    -------------------

                         (clock shadow_dna_clk rise edge)
                                                    640.000   640.000 r  
    PS7_X0Y0             PS7                          0.000   640.000 r  udp_gateway_shadow_mirror_i/processing_system7_0/inst/PS7_i/FCLKCLK[0]
                         net (fo=1, routed)           1.088   641.088    udp_gateway_shadow_mirror_i/processing_system7_0/inst/FCLK_CLK_unbuffered[0]
    BUFGCTRL_X0Y17       BUFG (Prop_bufg_I_O)         0.091   641.179 r  udp_gateway_shadow_mirror_i/processing_system7_0/inst/buffer_fclk_clk_0.FCLK_CLK_0_BUFG/O
                         net (fo=42827, routed)       1.546   642.725    udp_gateway_shadow_mirror_i/dma_gateway_hybrid_0/inst/u_device_dna_reader/clk
    SLICE_X69Y21         FDCE (Prop_fdce_C_Q)         0.367   643.092 r  udp_gateway_shadow_mirror_i/dma_gateway_hybrid_0/inst/u_device_dna_reader/dna_clk_reg/Q
                         net (fo=1, routed)           1.575   644.667    udp_gateway_shadow_mirror_i/dma_gateway_hybrid_0/inst/u_device_dna_reader/dna_clk
    BUFGCTRL_X0Y16       BUFG (Prop_bufg_I_O)         0.091   644.758 r  udp_gateway_shadow_mirror_i/dma_gateway_hybrid_0/inst/u_device_dna_reader/dna_clk_BUFG_inst/O
                         net (fo=69, routed)          1.699   646.458    udp_gateway_shadow_mirror_i/dma_gateway_hybrid_0/inst/u_device_dna_reader/dna_clk_BUFG
    SLICE_X110Y38        FDCE                                         r  udp_gateway_shadow_mirror_i/dma_gateway_hybrid_0/inst/u_device_dna_reader/dna_shift_value_reg[16]/C
                         clock pessimism              0.115   646.573    
                         clock uncertainty           -0.302   646.271    
    SLICE_X110Y38        FDCE (Recov_fdce_C_CLR)     -0.405   645.866    udp_gateway_shadow_mirror_i/dma_gateway_hybrid_0/inst/u_device_dna_reader/dna_shift_value_reg[16]
  -------------------------------------------------------------------
                         required time                        645.866    
                         arrival time                        -636.157    
  -------------------------------------------------------------------
                         slack                                  9.709    

Slack (MET) :             9.709ns  (required time - arrival time)
  Source:                 udp_gateway_shadow_mirror_i/rst_ps7_0_100M/U0/ACTIVE_LOW_PR_OUT_DFF[0].FDRE_PER_N/C
                            (rising edge-triggered cell FDRE clocked by clk_fpga_0  {rise@0.000ns fall@10.000ns period=20.000ns})
  Destination:            udp_gateway_shadow_mirror_i/dma_gateway_hybrid_0/inst/u_device_dna_reader/dna_shift_value_reg[17]/CLR
                            (recovery check against rising-edge clock shadow_dna_clk  {rise@0.000ns fall@320.000ns period=640.000ns})
  Path Group:             **async_default**
  Path Type:              Recovery (Max at Slow Process Corner)
  Requirement:            20.000ns  (shadow_dna_clk rise@640.000ns - clk_fpga_0 rise@620.000ns)
  Data Path Delay:        12.964ns  (logic 0.580ns (4.474%)  route 12.384ns (95.526%))
  Logic Levels:           1  (LUT1=1)
  Clock Path Skew:        3.380ns (DCD - SCD + CPR)
    Destination Clock Delay (DCD):    6.458ns = ( 646.458 - 640.000 ) 
    Source Clock Delay      (SCD):    3.193ns = ( 623.193 - 620.000 ) 
    Clock Pessimism Removal (CPR):    0.115ns
  Clock Uncertainty:      0.302ns  ((TSJ^2 + TIJ^2)^1/2 + DJ) / 2 + PE
    Total System Jitter     (TSJ):    0.071ns
    Total Input Jitter      (TIJ):    0.600ns
    Discrete Jitter          (DJ):    0.000ns
    Phase Error              (PE):    0.000ns

    Location             Delay type                Incr(ns)  Path(ns)    Netlist Resource(s)
  -------------------------------------------------------------------    -------------------
                         (clock clk_fpga_0 rise edge)
                                                    620.000   620.000 r  
    PS7_X0Y0             PS7                          0.000   620.000 r  udp_gateway_shadow_mirror_i/processing_system7_0/inst/PS7_i/FCLKCLK[0]
                         net (fo=1, routed)           1.193   621.193    udp_gateway_shadow_mirror_i/processing_system7_0/inst/FCLK_CLK_unbuffered[0]
    BUFGCTRL_X0Y17       BUFG (Prop_bufg_I_O)         0.101   621.294 r  udp_gateway_shadow_mirror_i/processing_system7_0/inst/buffer_fclk_clk_0.FCLK_CLK_0_BUFG/O
                         net (fo=42827, routed)       1.899   623.193    udp_gateway_shadow_mirror_i/rst_ps7_0_100M/U0/slowest_sync_clk
    SLICE_X57Y135        FDRE                                         r  udp_gateway_shadow_mirror_i/rst_ps7_0_100M/U0/ACTIVE_LOW_PR_OUT_DFF[0].FDRE_PER_N/C
  -------------------------------------------------------------------    -------------------
    SLICE_X57Y135        FDRE (Prop_fdre_C_Q)         0.456   623.649 r  udp_gateway_shadow_mirror_i/rst_ps7_0_100M/U0/ACTIVE_LOW_PR_OUT_DFF[0].FDRE_PER_N/Q
                         net (fo=93, routed)          5.260   628.909    udp_gateway_shadow_mirror_i/dma_gateway_hybrid_0/inst/u_shadow_acl_filter/u_acl/rst_n
    SLICE_X103Y112       LUT1 (Prop_lut1_I0_O)        0.124   629.033 f  udp_gateway_shadow_mirror_i/dma_gateway_hybrid_0/inst/u_shadow_acl_filter/u_acl/s_axil_awready_i_2/O
                         net (fo=1931, routed)        7.124   636.157    udp_gateway_shadow_mirror_i/dma_gateway_hybrid_0/inst/u_device_dna_reader/dna_bit_count_reg[6]_0
    SLICE_X110Y38        FDCE                                         f  udp_gateway_shadow_mirror_i/dma_gateway_hybrid_0/inst/u_device_dna_reader/dna_shift_value_reg[17]/CLR
  -------------------------------------------------------------------    -------------------

                         (clock shadow_dna_clk rise edge)
                                                    640.000   640.000 r  
    PS7_X0Y0             PS7                          0.000   640.000 r  udp_gateway_shadow_mirror_i/processing_system7_0/inst/PS7_i/FCLKCLK[0]
                         net (fo=1, routed)           1.088   641.088    udp_gateway_shadow_mirror_i/processing_system7_0/inst/FCLK_CLK_unbuffered[0]
    BUFGCTRL_X0Y17       BUFG (Prop_bufg_I_O)         0.091   641.179 r  udp_gateway_shadow_mirror_i/processing_system7_0/inst/buffer_fclk_clk_0.FCLK_CLK_0_BUFG/O
                         net (fo=42827, routed)       1.546   642.725    udp_gateway_shadow_mirror_i/dma_gateway_hybrid_0/inst/u_device_dna_reader/clk
    SLICE_X69Y21         FDCE (Prop_fdce_C_Q)         0.367   643.092 r  udp_gateway_shadow_mirror_i/dma_gateway_hybrid_0/inst/u_device_dna_reader/dna_clk_reg/Q
                         net (fo=1, routed)           1.575   644.667    udp_gateway_shadow_mirror_i/dma_gateway_hybrid_0/inst/u_device_dna_reader/dna_clk
    BUFGCTRL_X0Y16       BUFG (Prop_bufg_I_O)         0.091   644.758 r  udp_gateway_shadow_mirror_i/dma_gateway_hybrid_0/inst/u_device_dna_reader/dna_clk_BUFG_inst/O
                         net (fo=69, routed)          1.699   646.458    udp_gateway_shadow_mirror_i/dma_gateway_hybrid_0/inst/u_device_dna_reader/dna_clk_BUFG
    SLICE_X110Y38        FDCE                                         r  udp_gateway_shadow_mirror_i/dma_gateway_hybrid_0/inst/u_device_dna_reader/dna_shift_value_reg[17]/C
                         clock pessimism              0.115   646.573    
                         clock uncertainty           -0.302   646.271    
    SLICE_X110Y38        FDCE (Recov_fdce_C_CLR)     -0.405   645.866    udp_gateway_shadow_mirror_i/dma_gateway_hybrid_0/inst/u_device_dna_reader/dna_shift_value_reg[17]
  -------------------------------------------------------------------
                         required time                        645.866    
                         arrival time                        -636.157    
  -------------------------------------------------------------------
                         slack                                  9.709    

Slack (MET) :             9.709ns  (required time - arrival time)
  Source:                 udp_gateway_shadow_mirror_i/rst_ps7_0_100M/U0/ACTIVE_LOW_PR_OUT_DFF[0].FDRE_PER_N/C
                            (rising edge-triggered cell FDRE clocked by clk_fpga_0  {rise@0.000ns fall@10.000ns period=20.000ns})
  Destination:            udp_gateway_shadow_mirror_i/dma_gateway_hybrid_0/inst/u_device_dna_reader/dna_shift_value_reg[18]/CLR
                            (recovery check against rising-edge clock shadow_dna_clk  {rise@0.000ns fall@320.000ns period=640.000ns})
  Path Group:             **async_default**
  Path Type:              Recovery (Max at Slow Process Corner)
  Requirement:            20.000ns  (shadow_dna_clk rise@640.000ns - clk_fpga_0 rise@620.000ns)
  Data Path Delay:        12.964ns  (logic 0.580ns (4.474%)  route 12.384ns (95.526%))
  Logic Levels:           1  (LUT1=1)
  Clock Path Skew:        3.380ns (DCD - SCD + CPR)
    Destination Clock Delay (DCD):    6.458ns = ( 646.458 - 640.000 ) 
    Source Clock Delay      (SCD):    3.193ns = ( 623.193 - 620.000 ) 
    Clock Pessimism Removal (CPR):    0.115ns
  Clock Uncertainty:      0.302ns  ((TSJ^2 + TIJ^2)^1/2 + DJ) / 2 + PE
    Total System Jitter     (TSJ):    0.071ns
    Total Input Jitter      (TIJ):    0.600ns
    Discrete Jitter          (DJ):    0.000ns
    Phase Error              (PE):    0.000ns

    Location             Delay type                Incr(ns)  Path(ns)    Netlist Resource(s)
  -------------------------------------------------------------------    -------------------
                         (clock clk_fpga_0 rise edge)
                                                    620.000   620.000 r  
    PS7_X0Y0             PS7                          0.000   620.000 r  udp_gateway_shadow_mirror_i/processing_system7_0/inst/PS7_i/FCLKCLK[0]
                         net (fo=1, routed)           1.193   621.193    udp_gateway_shadow_mirror_i/processing_system7_0/inst/FCLK_CLK_unbuffered[0]
    BUFGCTRL_X0Y17       BUFG (Prop_bufg_I_O)         0.101   621.294 r  udp_gateway_shadow_mirror_i/processing_system7_0/inst/buffer_fclk_clk_0.FCLK_CLK_0_BUFG/O
                         net (fo=42827, routed)       1.899   623.193    udp_gateway_shadow_mirror_i/rst_ps7_0_100M/U0/slowest_sync_clk
    SLICE_X57Y135        FDRE                                         r  udp_gateway_shadow_mirror_i/rst_ps7_0_100M/U0/ACTIVE_LOW_PR_OUT_DFF[0].FDRE_PER_N/C
  -------------------------------------------------------------------    -------------------
    SLICE_X57Y135        FDRE (Prop_fdre_C_Q)         0.456   623.649 r  udp_gateway_shadow_mirror_i/rst_ps7_0_100M/U0/ACTIVE_LOW_PR_OUT_DFF[0].FDRE_PER_N/Q
                         net (fo=93, routed)          5.260   628.909    udp_gateway_shadow_mirror_i/dma_gateway_hybrid_0/inst/u_shadow_acl_filter/u_acl/rst_n
    SLICE_X103Y112       LUT1 (Prop_lut1_I0_O)        0.124   629.033 f  udp_gateway_shadow_mirror_i/dma_gateway_hybrid_0/inst/u_shadow_acl_filter/u_acl/s_axil_awready_i_2/O
                         net (fo=1931, routed)        7.124   636.157    udp_gateway_shadow_mirror_i/dma_gateway_hybrid_0/inst/u_device_dna_reader/dna_bit_count_reg[6]_0
    SLICE_X110Y38        FDCE                                         f  udp_gateway_shadow_mirror_i/dma_gateway_hybrid_0/inst/u_device_dna_reader/dna_shift_value_reg[18]/CLR
  -------------------------------------------------------------------    -------------------

                         (clock shadow_dna_clk rise edge)
                                                    640.000   640.000 r  
    PS7_X0Y0             PS7                          0.000   640.000 r  udp_gateway_shadow_mirror_i/processing_system7_0/inst/PS7_i/FCLKCLK[0]
                         net (fo=1, routed)           1.088   641.088    udp_gateway_shadow_mirror_i/processing_system7_0/inst/FCLK_CLK_unbuffered[0]
    BUFGCTRL_X0Y17       BUFG (Prop_bufg_I_O)         0.091   641.179 r  udp_gateway_shadow_mirror_i/processing_system7_0/inst/buffer_fclk_clk_0.FCLK_CLK_0_BUFG/O
                         net (fo=42827, routed)       1.546   642.725    udp_gateway_shadow_mirror_i/dma_gateway_hybrid_0/inst/u_device_dna_reader/clk
    SLICE_X69Y21         FDCE (Prop_fdce_C_Q)         0.367   643.092 r  udp_gateway_shadow_mirror_i/dma_gateway_hybrid_0/inst/u_device_dna_reader/dna_clk_reg/Q
                         net (fo=1, routed)           1.575   644.667    udp_gateway_shadow_mirror_i/dma_gateway_hybrid_0/inst/u_device_dna_reader/dna_clk
    BUFGCTRL_X0Y16       BUFG (Prop_bufg_I_O)         0.091   644.758 r  udp_gateway_shadow_mirror_i/dma_gateway_hybrid_0/inst/u_device_dna_reader/dna_clk_BUFG_inst/O
                         net (fo=69, routed)          1.699   646.458    udp_gateway_shadow_mirror_i/dma_gateway_hybrid_0/inst/u_device_dna_reader/dna_clk_BUFG
    SLICE_X110Y38        FDCE                                         r  udp_gateway_shadow_mirror_i/dma_gateway_hybrid_0/inst/u_device_dna_reader/dna_shift_value_reg[18]/C
                         clock pessimism              0.115   646.573    
                         clock uncertainty           -0.302   646.271    
    SLICE_X110Y38        FDCE (Recov_fdce_C_CLR)     -0.405   645.866    udp_gateway_shadow_mirror_i/dma_gateway_hybrid_0/inst/u_device_dna_reader/dna_shift_value_reg[18]
  -------------------------------------------------------------------
                         required time                        645.866    
                         arrival time                        -636.157    
  -------------------------------------------------------------------
                         slack                                  9.709    

Slack (MET) :             9.709ns  (required time - arrival time)
  Source:                 udp_gateway_shadow_mirror_i/rst_ps7_0_100M/U0/ACTIVE_LOW_PR_OUT_DFF[0].FDRE_PER_N/C
                            (rising edge-triggered cell FDRE clocked by clk_fpga_0  {rise@0.000ns fall@10.000ns period=20.000ns})
  Destination:            udp_gateway_shadow_mirror_i/dma_gateway_hybrid_0/inst/u_device_dna_reader/dna_shift_value_reg[31]/CLR
                            (recovery check against rising-edge clock shadow_dna_clk  {rise@0.000ns fall@320.000ns period=640.000ns})
  Path Group:             **async_default**
  Path Type:              Recovery (Max at Slow Process Corner)
  Requirement:            20.000ns  (shadow_dna_clk rise@640.000ns - clk_fpga_0 rise@620.000ns)
  Data Path Delay:        12.964ns  (logic 0.580ns (4.474%)  route 12.384ns (95.526%))
  Logic Levels:           1  (LUT1=1)
  Clock Path Skew:        3.380ns (DCD - SCD + CPR)
    Destination Clock Delay (DCD):    6.458ns = ( 646.458 - 640.000 ) 
    Source Clock Delay      (SCD):    3.193ns = ( 623.193 - 620.000 ) 
    Clock Pessimism Removal (CPR):    0.115ns
  Clock Uncertainty:      0.302ns  ((TSJ^2 + TIJ^2)^1/2 + DJ) / 2 + PE
    Total System Jitter     (TSJ):    0.071ns
    Total Input Jitter      (TIJ):    0.600ns
    Discrete Jitter          (DJ):    0.000ns
    Phase Error              (PE):    0.000ns

    Location             Delay type                Incr(ns)  Path(ns)    Netlist Resource(s)
  -------------------------------------------------------------------    -------------------
                         (clock clk_fpga_0 rise edge)
                                                    620.000   620.000 r  
    PS7_X0Y0             PS7                          0.000   620.000 r  udp_gateway_shadow_mirror_i/processing_system7_0/inst/PS7_i/FCLKCLK[0]
                         net (fo=1, routed)           1.193   621.193    udp_gateway_shadow_mirror_i/processing_system7_0/inst/FCLK_CLK_unbuffered[0]
    BUFGCTRL_X0Y17       BUFG (Prop_bufg_I_O)         0.101   621.294 r  udp_gateway_shadow_mirror_i/processing_system7_0/inst/buffer_fclk_clk_0.FCLK_CLK_0_BUFG/O
                         net (fo=42827, routed)       1.899   623.193    udp_gateway_shadow_mirror_i/rst_ps7_0_100M/U0/slowest_sync_clk
    SLICE_X57Y135        FDRE                                         r  udp_gateway_shadow_mirror_i/rst_ps7_0_100M/U0/ACTIVE_LOW_PR_OUT_DFF[0].FDRE_PER_N/C
  -------------------------------------------------------------------    -------------------
    SLICE_X57Y135        FDRE (Prop_fdre_C_Q)         0.456   623.649 r  udp_gateway_shadow_mirror_i/rst_ps7_0_100M/U0/ACTIVE_LOW_PR_OUT_DFF[0].FDRE_PER_N/Q
                         net (fo=93, routed)          5.260   628.909    udp_gateway_shadow_mirror_i/dma_gateway_hybrid_0/inst/u_shadow_acl_filter/u_acl/rst_n
    SLICE_X103Y112       LUT1 (Prop_lut1_I0_O)        0.124   629.033 f  udp_gateway_shadow_mirror_i/dma_gateway_hybrid_0/inst/u_shadow_acl_filter/u_acl/s_axil_awready_i_2/O
                         net (fo=1931, routed)        7.124   636.157    udp_gateway_shadow_mirror_i/dma_gateway_hybrid_0/inst/u_device_dna_reader/dna_bit_count_reg[6]_0
    SLICE_X110Y38        FDCE                                         f  udp_gateway_shadow_mirror_i/dma_gateway_hybrid_0/inst/u_device_dna_reader/dna_shift_value_reg[31]/CLR
  -------------------------------------------------------------------    -------------------

                         (clock shadow_dna_clk rise edge)
                                                    640.000   640.000 r  
    PS7_X0Y0             PS7                          0.000   640.000 r  udp_gateway_shadow_mirror_i/processing_system7_0/inst/PS7_i/FCLKCLK[0]
                         net (fo=1, routed)           1.088   641.088    udp_gateway_shadow_mirror_i/processing_system7_0/inst/FCLK_CLK_unbuffered[0]
    BUFGCTRL_X0Y17       BUFG (Prop_bufg_I_O)         0.091   641.179 r  udp_gateway_shadow_mirror_i/processing_system7_0/inst/buffer_fclk_clk_0.FCLK_CLK_0_BUFG/O
                         net (fo=42827, routed)       1.546   642.725    udp_gateway_shadow_mirror_i/dma_gateway_hybrid_0/inst/u_device_dna_reader/clk
    SLICE_X69Y21         FDCE (Prop_fdce_C_Q)         0.367   643.092 r  udp_gateway_shadow_mirror_i/dma_gateway_hybrid_0/inst/u_device_dna_reader/dna_clk_reg/Q
                         net (fo=1, routed)           1.575   644.667    udp_gateway_shadow_mirror_i/dma_gateway_hybrid_0/inst/u_device_dna_reader/dna_clk
    BUFGCTRL_X0Y16       BUFG (Prop_bufg_I_O)         0.091   644.758 r  udp_gateway_shadow_mirror_i/dma_gateway_hybrid_0/inst/u_device_dna_reader/dna_clk_BUFG_inst/O
                         net (fo=69, routed)          1.699   646.458    udp_gateway_shadow_mirror_i/dma_gateway_hybrid_0/inst/u_device_dna_reader/dna_clk_BUFG
    SLICE_X110Y38        FDCE                                         r  udp_gateway_shadow_mirror_i/dma_gateway_hybrid_0/inst/u_device_dna_reader/dna_shift_value_reg[31]/C
                         clock pessimism              0.115   646.573    
                         clock uncertainty           -0.302   646.271    
    SLICE_X110Y38        FDCE (Recov_fdce_C_CLR)     -0.405   645.866    udp_gateway_shadow_mirror_i/dma_gateway_hybrid_0/inst/u_device_dna_reader/dna_shift_value_reg[31]
  -------------------------------------------------------------------
                         required time                        645.866    
                         arrival time                        -636.157    
  -------------------------------------------------------------------
                         slack                                  9.709    

Slack (MET) :             9.709ns  (required time - arrival time)
  Source:                 udp_gateway_shadow_mirror_i/rst_ps7_0_100M/U0/ACTIVE_LOW_PR_OUT_DFF[0].FDRE_PER_N/C
                            (rising edge-triggered cell FDRE clocked by clk_fpga_0  {rise@0.000ns fall@10.000ns period=20.000ns})
  Destination:            udp_gateway_shadow_mirror_i/dma_gateway_hybrid_0/inst/u_device_dna_reader/dna_shift_value_reg[8]/CLR
                            (recovery check against rising-edge clock shadow_dna_clk  {rise@0.000ns fall@320.000ns period=640.000ns})
  Path Group:             **async_default**
  Path Type:              Recovery (Max at Slow Process Corner)
  Requirement:            20.000ns  (shadow_dna_clk rise@640.000ns - clk_fpga_0 rise@620.000ns)
  Data Path Delay:        12.964ns  (logic 0.580ns (4.474%)  route 12.384ns (95.526%))
  Logic Levels:           1  (LUT1=1)
  Clock Path Skew:        3.380ns (DCD - SCD + CPR)
    Destination Clock Delay (DCD):    6.458ns = ( 646.458 - 640.000 ) 
    Source Clock Delay      (SCD):    3.193ns = ( 623.193 - 620.000 ) 
    Clock Pessimism Removal (CPR):    0.115ns
  Clock Uncertainty:      0.302ns  ((TSJ^2 + TIJ^2)^1/2 + DJ) / 2 + PE
    Total System Jitter     (TSJ):    0.071ns
    Total Input Jitter      (TIJ):    0.600ns
    Discrete Jitter          (DJ):    0.000ns
    Phase Error              (PE):    0.000ns

    Location             Delay type                Incr(ns)  Path(ns)    Netlist Resource(s)
  -------------------------------------------------------------------    -------------------
                         (clock clk_fpga_0 rise edge)
                                                    620.000   620.000 r  
    PS7_X0Y0             PS7                          0.000   620.000 r  udp_gateway_shadow_mirror_i/processing_system7_0/inst/PS7_i/FCLKCLK[0]
                         net (fo=1, routed)           1.193   621.193    udp_gateway_shadow_mirror_i/processing_system7_0/inst/FCLK_CLK_unbuffered[0]
    BUFGCTRL_X0Y17       BUFG (Prop_bufg_I_O)         0.101   621.294 r  udp_gateway_shadow_mirror_i/processing_system7_0/inst/buffer_fclk_clk_0.FCLK_CLK_0_BUFG/O
                         net (fo=42827, routed)       1.899   623.193    udp_gateway_shadow_mirror_i/rst_ps7_0_100M/U0/slowest_sync_clk
    SLICE_X57Y135        FDRE                                         r  udp_gateway_shadow_mirror_i/rst_ps7_0_100M/U0/ACTIVE_LOW_PR_OUT_DFF[0].FDRE_PER_N/C
  -------------------------------------------------------------------    -------------------
    SLICE_X57Y135        FDRE (Prop_fdre_C_Q)         0.456   623.649 r  udp_gateway_shadow_mirror_i/rst_ps7_0_100M/U0/ACTIVE_LOW_PR_OUT_DFF[0].FDRE_PER_N/Q
                         net (fo=93, routed)          5.260   628.909    udp_gateway_shadow_mirror_i/dma_gateway_hybrid_0/inst/u_shadow_acl_filter/u_acl/rst_n
    SLICE_X103Y112       LUT1 (Prop_lut1_I0_O)        0.124   629.033 f  udp_gateway_shadow_mirror_i/dma_gateway_hybrid_0/inst/u_shadow_acl_filter/u_acl/s_axil_awready_i_2/O
                         net (fo=1931, routed)        7.124   636.157    udp_gateway_shadow_mirror_i/dma_gateway_hybrid_0/inst/u_device_dna_reader/dna_bit_count_reg[6]_0
    SLICE_X110Y38        FDCE                                         f  udp_gateway_shadow_mirror_i/dma_gateway_hybrid_0/inst/u_device_dna_reader/dna_shift_value_reg[8]/CLR
  -------------------------------------------------------------------    -------------------

                         (clock shadow_dna_clk rise edge)
                                                    640.000   640.000 r  
    PS7_X0Y0             PS7                          0.000   640.000 r  udp_gateway_shadow_mirror_i/processing_system7_0/inst/PS7_i/FCLKCLK[0]
                         net (fo=1, routed)           1.088   641.088    udp_gateway_shadow_mirror_i/processing_system7_0/inst/FCLK_CLK_unbuffered[0]
    BUFGCTRL_X0Y17       BUFG (Prop_bufg_I_O)         0.091   641.179 r  udp_gateway_shadow_mirror_i/processing_system7_0/inst/buffer_fclk_clk_0.FCLK_CLK_0_BUFG/O
                         net (fo=42827, routed)       1.546   642.725    udp_gateway_shadow_mirror_i/dma_gateway_hybrid_0/inst/u_device_dna_reader/clk
    SLICE_X69Y21         FDCE (Prop_fdce_C_Q)         0.367   643.092 r  udp_gateway_shadow_mirror_i/dma_gateway_hybrid_0/inst/u_device_dna_reader/dna_clk_reg/Q
                         net (fo=1, routed)           1.575   644.667    udp_gateway_shadow_mirror_i/dma_gateway_hybrid_0/inst/u_device_dna_reader/dna_clk
    BUFGCTRL_X0Y16       BUFG (Prop_bufg_I_O)         0.091   644.758 r  udp_gateway_shadow_mirror_i/dma_gateway_hybrid_0/inst/u_device_dna_reader/dna_clk_BUFG_inst/O
                         net (fo=69, routed)          1.699   646.458    udp_gateway_shadow_mirror_i/dma_gateway_hybrid_0/inst/u_device_dna_reader/dna_clk_BUFG
    SLICE_X110Y38        FDCE                                         r  udp_gateway_shadow_mirror_i/dma_gateway_hybrid_0/inst/u_device_dna_reader/dna_shift_value_reg[8]/C
                         clock pessimism              0.115   646.573    
                         clock uncertainty           -0.302   646.271    
    SLICE_X110Y38        FDCE (Recov_fdce_C_CLR)     -0.405   645.866    udp_gateway_shadow_mirror_i/dma_gateway_hybrid_0/inst/u_device_dna_reader/dna_shift_value_reg[8]
  -------------------------------------------------------------------
                         required time                        645.866    
                         arrival time                        -636.157    
  -------------------------------------------------------------------
                         slack                                  9.709    

Slack (MET) :             10.119ns  (required time - arrival time)
  Source:                 udp_gateway_shadow_mirror_i/rst_ps7_0_100M/U0/ACTIVE_LOW_PR_OUT_DFF[0].FDRE_PER_N/C
                            (rising edge-triggered cell FDRE clocked by clk_fpga_0  {rise@0.000ns fall@10.000ns period=20.000ns})
  Destination:            udp_gateway_shadow_mirror_i/dma_gateway_hybrid_0/inst/u_device_dna_reader/dna_shift_value_reg[4]/CLR
                            (recovery check against rising-edge clock shadow_dna_clk  {rise@0.000ns fall@320.000ns period=640.000ns})
  Path Group:             **async_default**
  Path Type:              Recovery (Max at Slow Process Corner)
  Requirement:            20.000ns  (shadow_dna_clk rise@640.000ns - clk_fpga_0 rise@620.000ns)
  Data Path Delay:        12.590ns  (logic 0.580ns (4.607%)  route 12.010ns (95.393%))
  Logic Levels:           1  (LUT1=1)
  Clock Path Skew:        3.372ns (DCD - SCD + CPR)
    Destination Clock Delay (DCD):    6.450ns = ( 646.450 - 640.000 ) 
    Source Clock Delay      (SCD):    3.193ns = ( 623.193 - 620.000 ) 
    Clock Pessimism Removal (CPR):    0.115ns
  Clock Uncertainty:      0.302ns  ((TSJ^2 + TIJ^2)^1/2 + DJ) / 2 + PE
    Total System Jitter     (TSJ):    0.071ns
    Total Input Jitter      (TIJ):    0.600ns
    Discrete Jitter          (DJ):    0.000ns
    Phase Error              (PE):    0.000ns

    Location             Delay type                Incr(ns)  Path(ns)    Netlist Resource(s)
  -------------------------------------------------------------------    -------------------
                         (clock clk_fpga_0 rise edge)
                                                    620.000   620.000 r  
    PS7_X0Y0             PS7                          0.000   620.000 r  udp_gateway_shadow_mirror_i/processing_system7_0/inst/PS7_i/FCLKCLK[0]
                         net (fo=1, routed)           1.193   621.193    udp_gateway_shadow_mirror_i/processing_system7_0/inst/FCLK_CLK_unbuffered[0]
    BUFGCTRL_X0Y17       BUFG (Prop_bufg_I_O)         0.101   621.294 r  udp_gateway_shadow_mirror_i/processing_system7_0/inst/buffer_fclk_clk_0.FCLK_CLK_0_BUFG/O
                         net (fo=42827, routed)       1.899   623.193    udp_gateway_shadow_mirror_i/rst_ps7_0_100M/U0/slowest_sync_clk
    SLICE_X57Y135        FDRE                                         r  udp_gateway_shadow_mirror_i/rst_ps7_0_100M/U0/ACTIVE_LOW_PR_OUT_DFF[0].FDRE_PER_N/C
  -------------------------------------------------------------------    -------------------
    SLICE_X57Y135        FDRE (Prop_fdre_C_Q)         0.456   623.649 r  udp_gateway_shadow_mirror_i/rst_ps7_0_100M/U0/ACTIVE_LOW_PR_OUT_DFF[0].FDRE_PER_N/Q
                         net (fo=93, routed)          5.260   628.909    udp_gateway_shadow_mirror_i/dma_gateway_hybrid_0/inst/u_shadow_acl_filter/u_acl/rst_n
    SLICE_X103Y112       LUT1 (Prop_lut1_I0_O)        0.124   629.033 f  udp_gateway_shadow_mirror_i/dma_gateway_hybrid_0/inst/u_shadow_acl_filter/u_acl/s_axil_awready_i_2/O
                         net (fo=1931, routed)        6.750   635.783    udp_gateway_shadow_mirror_i/dma_gateway_hybrid_0/inst/u_device_dna_reader/dna_bit_count_reg[6]_0
    SLICE_X112Y29        FDCE                                         f  udp_gateway_shadow_mirror_i/dma_gateway_hybrid_0/inst/u_device_dna_reader/dna_shift_value_reg[4]/CLR
  -------------------------------------------------------------------    -------------------

                         (clock shadow_dna_clk rise edge)
                                                    640.000   640.000 r  
    PS7_X0Y0             PS7                          0.000   640.000 r  udp_gateway_shadow_mirror_i/processing_system7_0/inst/PS7_i/FCLKCLK[0]
                         net (fo=1, routed)           1.088   641.088    udp_gateway_shadow_mirror_i/processing_system7_0/inst/FCLK_CLK_unbuffered[0]
    BUFGCTRL_X0Y17       BUFG (Prop_bufg_I_O)         0.091   641.179 r  udp_gateway_shadow_mirror_i/processing_system7_0/inst/buffer_fclk_clk_0.FCLK_CLK_0_BUFG/O
                         net (fo=42827, routed)       1.546   642.725    udp_gateway_shadow_mirror_i/dma_gateway_hybrid_0/inst/u_device_dna_reader/clk
    SLICE_X69Y21         FDCE (Prop_fdce_C_Q)         0.367   643.092 r  udp_gateway_shadow_mirror_i/dma_gateway_hybrid_0/inst/u_device_dna_reader/dna_clk_reg/Q
                         net (fo=1, routed)           1.575   644.667    udp_gateway_shadow_mirror_i/dma_gateway_hybrid_0/inst/u_device_dna_reader/dna_clk
    BUFGCTRL_X0Y16       BUFG (Prop_bufg_I_O)         0.091   644.758 r  udp_gateway_shadow_mirror_i/dma_gateway_hybrid_0/inst/u_device_dna_reader/dna_clk_BUFG_inst/O
                         net (fo=69, routed)          1.691   646.450    udp_gateway_shadow_mirror_i/dma_gateway_hybrid_0/inst/u_device_dna_reader/dna_clk_BUFG
    SLICE_X112Y29        FDCE                                         r  udp_gateway_shadow_mirror_i/dma_gateway_hybrid_0/inst/u_device_dna_reader/dna_shift_value_reg[4]/C
                         clock pessimism              0.115   646.565    
                         clock uncertainty           -0.302   646.263    
    SLICE_X112Y29        FDCE (Recov_fdce_C_CLR)     -0.361   645.902    udp_gateway_shadow_mirror_i/dma_gateway_hybrid_0/inst/u_device_dna_reader/dna_shift_value_reg[4]
  -------------------------------------------------------------------
                         required time                        645.902    
                         arrival time                        -635.782    
  -------------------------------------------------------------------
                         slack                                 10.119    

Slack (MET) :             10.161ns  (required time - arrival time)
  Source:                 udp_gateway_shadow_mirror_i/rst_ps7_0_100M/U0/ACTIVE_LOW_PR_OUT_DFF[0].FDRE_PER_N/C
                            (rising edge-triggered cell FDRE clocked by clk_fpga_0  {rise@0.000ns fall@10.000ns period=20.000ns})
  Destination:            udp_gateway_shadow_mirror_i/dma_gateway_hybrid_0/inst/u_device_dna_reader/dna_shift_value_reg[1]/CLR
                            (recovery check against rising-edge clock shadow_dna_clk  {rise@0.000ns fall@320.000ns period=640.000ns})
  Path Group:             **async_default**
  Path Type:              Recovery (Max at Slow Process Corner)
  Requirement:            20.000ns  (shadow_dna_clk rise@640.000ns - clk_fpga_0 rise@620.000ns)
  Data Path Delay:        12.590ns  (logic 0.580ns (4.607%)  route 12.010ns (95.393%))
  Logic Levels:           1  (LUT1=1)
  Clock Path Skew:        3.372ns (DCD - SCD + CPR)
    Destination Clock Delay (DCD):    6.450ns = ( 646.450 - 640.000 ) 
    Source Clock Delay      (SCD):    3.193ns = ( 623.193 - 620.000 ) 
    Clock Pessimism Removal (CPR):    0.115ns
  Clock Uncertainty:      0.302ns  ((TSJ^2 + TIJ^2)^1/2 + DJ) / 2 + PE
    Total System Jitter     (TSJ):    0.071ns
    Total Input Jitter      (TIJ):    0.600ns
    Discrete Jitter          (DJ):    0.000ns
    Phase Error              (PE):    0.000ns

    Location             Delay type                Incr(ns)  Path(ns)    Netlist Resource(s)
  -------------------------------------------------------------------    -------------------
                         (clock clk_fpga_0 rise edge)
                                                    620.000   620.000 r  
    PS7_X0Y0             PS7                          0.000   620.000 r  udp_gateway_shadow_mirror_i/processing_system7_0/inst/PS7_i/FCLKCLK[0]
                         net (fo=1, routed)           1.193   621.193    udp_gateway_shadow_mirror_i/processing_system7_0/inst/FCLK_CLK_unbuffered[0]
    BUFGCTRL_X0Y17       BUFG (Prop_bufg_I_O)         0.101   621.294 r  udp_gateway_shadow_mirror_i/processing_system7_0/inst/buffer_fclk_clk_0.FCLK_CLK_0_BUFG/O
                         net (fo=42827, routed)       1.899   623.193    udp_gateway_shadow_mirror_i/rst_ps7_0_100M/U0/slowest_sync_clk
    SLICE_X57Y135        FDRE                                         r  udp_gateway_shadow_mirror_i/rst_ps7_0_100M/U0/ACTIVE_LOW_PR_OUT_DFF[0].FDRE_PER_N/C
  -------------------------------------------------------------------    -------------------
    SLICE_X57Y135        FDRE (Prop_fdre_C_Q)         0.456   623.649 r  udp_gateway_shadow_mirror_i/rst_ps7_0_100M/U0/ACTIVE_LOW_PR_OUT_DFF[0].FDRE_PER_N/Q
                         net (fo=93, routed)          5.260   628.909    udp_gateway_shadow_mirror_i/dma_gateway_hybrid_0/inst/u_shadow_acl_filter/u_acl/rst_n
    SLICE_X103Y112       LUT1 (Prop_lut1_I0_O)        0.124   629.033 f  udp_gateway_shadow_mirror_i/dma_gateway_hybrid_0/inst/u_shadow_acl_filter/u_acl/s_axil_awready_i_2/O
                         net (fo=1931, routed)        6.750   635.783    udp_gateway_shadow_mirror_i/dma_gateway_hybrid_0/inst/u_device_dna_reader/dna_bit_count_reg[6]_0
    SLICE_X112Y29        FDCE                                         f  udp_gateway_shadow_mirror_i/dma_gateway_hybrid_0/inst/u_device_dna_reader/dna_shift_value_reg[1]/CLR
  -------------------------------------------------------------------    -------------------

                         (clock shadow_dna_clk rise edge)
                                                    640.000   640.000 r  
    PS7_X0Y0             PS7                          0.000   640.000 r  udp_gateway_shadow_mirror_i/processing_system7_0/inst/PS7_i/FCLKCLK[0]
                         net (fo=1, routed)           1.088   641.088    udp_gateway_shadow_mirror_i/processing_system7_0/inst/FCLK_CLK_unbuffered[0]
    BUFGCTRL_X0Y17       BUFG (Prop_bufg_I_O)         0.091   641.179 r  udp_gateway_shadow_mirror_i/processing_system7_0/inst/buffer_fclk_clk_0.FCLK_CLK_0_BUFG/O
                         net (fo=42827, routed)       1.546   642.725    udp_gateway_shadow_mirror_i/dma_gateway_hybrid_0/inst/u_device_dna_reader/clk
    SLICE_X69Y21         FDCE (Prop_fdce_C_Q)         0.367   643.092 r  udp_gateway_shadow_mirror_i/dma_gateway_hybrid_0/inst/u_device_dna_reader/dna_clk_reg/Q
                         net (fo=1, routed)           1.575   644.667    udp_gateway_shadow_mirror_i/dma_gateway_hybrid_0/inst/u_device_dna_reader/dna_clk
    BUFGCTRL_X0Y16       BUFG (Prop_bufg_I_O)         0.091   644.758 r  udp_gateway_shadow_mirror_i/dma_gateway_hybrid_0/inst/u_device_dna_reader/dna_clk_BUFG_inst/O
                         net (fo=69, routed)          1.691   646.450    udp_gateway_shadow_mirror_i/dma_gateway_hybrid_0/inst/u_device_dna_reader/dna_clk_BUFG
    SLICE_X112Y29        FDCE                                         r  udp_gateway_shadow_mirror_i/dma_gateway_hybrid_0/inst/u_device_dna_reader/dna_shift_value_reg[1]/C
                         clock pessimism              0.115   646.565    
                         clock uncertainty           -0.302   646.263    
    SLICE_X112Y29        FDCE (Recov_fdce_C_CLR)     -0.319   645.944    udp_gateway_shadow_mirror_i/dma_gateway_hybrid_0/inst/u_device_dna_reader/dna_shift_value_reg[1]
  -------------------------------------------------------------------
                         required time                        645.944    
                         arrival time                        -635.782    
  -------------------------------------------------------------------
                         slack                                 10.161    

Slack (MET) :             10.161ns  (required time - arrival time)
  Source:                 udp_gateway_shadow_mirror_i/rst_ps7_0_100M/U0/ACTIVE_LOW_PR_OUT_DFF[0].FDRE_PER_N/C
                            (rising edge-triggered cell FDRE clocked by clk_fpga_0  {rise@0.000ns fall@10.000ns period=20.000ns})
  Destination:            udp_gateway_shadow_mirror_i/dma_gateway_hybrid_0/inst/u_device_dna_reader/dna_shift_value_reg[2]/CLR
                            (recovery check against rising-edge clock shadow_dna_clk  {rise@0.000ns fall@320.000ns period=640.000ns})
  Path Group:             **async_default**
  Path Type:              Recovery (Max at Slow Process Corner)
  Requirement:            20.000ns  (shadow_dna_clk rise@640.000ns - clk_fpga_0 rise@620.000ns)
  Data Path Delay:        12.590ns  (logic 0.580ns (4.607%)  route 12.010ns (95.393%))
  Logic Levels:           1  (LUT1=1)
  Clock Path Skew:        3.372ns (DCD - SCD + CPR)
    Destination Clock Delay (DCD):    6.450ns = ( 646.450 - 640.000 ) 
    Source Clock Delay      (SCD):    3.193ns = ( 623.193 - 620.000 ) 
    Clock Pessimism Removal (CPR):    0.115ns
  Clock Uncertainty:      0.302ns  ((TSJ^2 + TIJ^2)^1/2 + DJ) / 2 + PE
    Total System Jitter     (TSJ):    0.071ns
    Total Input Jitter      (TIJ):    0.600ns
    Discrete Jitter          (DJ):    0.000ns
    Phase Error              (PE):    0.000ns

    Location             Delay type                Incr(ns)  Path(ns)    Netlist Resource(s)
  -------------------------------------------------------------------    -------------------
                         (clock clk_fpga_0 rise edge)
                                                    620.000   620.000 r  
    PS7_X0Y0             PS7                          0.000   620.000 r  udp_gateway_shadow_mirror_i/processing_system7_0/inst/PS7_i/FCLKCLK[0]
                         net (fo=1, routed)           1.193   621.193    udp_gateway_shadow_mirror_i/processing_system7_0/inst/FCLK_CLK_unbuffered[0]
    BUFGCTRL_X0Y17       BUFG (Prop_bufg_I_O)         0.101   621.294 r  udp_gateway_shadow_mirror_i/processing_system7_0/inst/buffer_fclk_clk_0.FCLK_CLK_0_BUFG/O
                         net (fo=42827, routed)       1.899   623.193    udp_gateway_shadow_mirror_i/rst_ps7_0_100M/U0/slowest_sync_clk
    SLICE_X57Y135        FDRE                                         r  udp_gateway_shadow_mirror_i/rst_ps7_0_100M/U0/ACTIVE_LOW_PR_OUT_DFF[0].FDRE_PER_N/C
  -------------------------------------------------------------------    -------------------
    SLICE_X57Y135        FDRE (Prop_fdre_C_Q)         0.456   623.649 r  udp_gateway_shadow_mirror_i/rst_ps7_0_100M/U0/ACTIVE_LOW_PR_OUT_DFF[0].FDRE_PER_N/Q
                         net (fo=93, routed)          5.260   628.909    udp_gateway_shadow_mirror_i/dma_gateway_hybrid_0/inst/u_shadow_acl_filter/u_acl/rst_n
    SLICE_X103Y112       LUT1 (Prop_lut1_I0_O)        0.124   629.033 f  udp_gateway_shadow_mirror_i/dma_gateway_hybrid_0/inst/u_shadow_acl_filter/u_acl/s_axil_awready_i_2/O
                         net (fo=1931, routed)        6.750   635.783    udp_gateway_shadow_mirror_i/dma_gateway_hybrid_0/inst/u_device_dna_reader/dna_bit_count_reg[6]_0
    SLICE_X112Y29        FDCE                                         f  udp_gateway_shadow_mirror_i/dma_gateway_hybrid_0/inst/u_device_dna_reader/dna_shift_value_reg[2]/CLR
  -------------------------------------------------------------------    -------------------

                         (clock shadow_dna_clk rise edge)
                                                    640.000   640.000 r  
    PS7_X0Y0             PS7                          0.000   640.000 r  udp_gateway_shadow_mirror_i/processing_system7_0/inst/PS7_i/FCLKCLK[0]
                         net (fo=1, routed)           1.088   641.088    udp_gateway_shadow_mirror_i/processing_system7_0/inst/FCLK_CLK_unbuffered[0]
    BUFGCTRL_X0Y17       BUFG (Prop_bufg_I_O)         0.091   641.179 r  udp_gateway_shadow_mirror_i/processing_system7_0/inst/buffer_fclk_clk_0.FCLK_CLK_0_BUFG/O
                         net (fo=42827, routed)       1.546   642.725    udp_gateway_shadow_mirror_i/dma_gateway_hybrid_0/inst/u_device_dna_reader/clk
    SLICE_X69Y21         FDCE (Prop_fdce_C_Q)         0.367   643.092 r  udp_gateway_shadow_mirror_i/dma_gateway_hybrid_0/inst/u_device_dna_reader/dna_clk_reg/Q
                         net (fo=1, routed)           1.575   644.667    udp_gateway_shadow_mirror_i/dma_gateway_hybrid_0/inst/u_device_dna_reader/dna_clk
    BUFGCTRL_X0Y16       BUFG (Prop_bufg_I_O)         0.091   644.758 r  udp_gateway_shadow_mirror_i/dma_gateway_hybrid_0/inst/u_device_dna_reader/dna_clk_BUFG_inst/O
                         net (fo=69, routed)          1.691   646.450    udp_gateway_shadow_mirror_i/dma_gateway_hybrid_0/inst/u_device_dna_reader/dna_clk_BUFG
    SLICE_X112Y29        FDCE                                         r  udp_gateway_shadow_mirror_i/dma_gateway_hybrid_0/inst/u_device_dna_reader/dna_shift_value_reg[2]/C
                         clock pessimism              0.115   646.565    
                         clock uncertainty           -0.302   646.263    
    SLICE_X112Y29        FDCE (Recov_fdce_C_CLR)     -0.319   645.944    udp_gateway_shadow_mirror_i/dma_gateway_hybrid_0/inst/u_device_dna_reader/dna_shift_value_reg[2]
  -------------------------------------------------------------------
                         required time                        645.944    
                         arrival time                        -635.782    
  -------------------------------------------------------------------
                         slack                                 10.161    

Slack (MET) :             10.161ns  (required time - arrival time)
  Source:                 udp_gateway_shadow_mirror_i/rst_ps7_0_100M/U0/ACTIVE_LOW_PR_OUT_DFF[0].FDRE_PER_N/C
                            (rising edge-triggered cell FDRE clocked by clk_fpga_0  {rise@0.000ns fall@10.000ns period=20.000ns})
  Destination:            udp_gateway_shadow_mirror_i/dma_gateway_hybrid_0/inst/u_device_dna_reader/dna_shift_value_reg[35]/CLR
                            (recovery check against rising-edge clock shadow_dna_clk  {rise@0.000ns fall@320.000ns period=640.000ns})
  Path Group:             **async_default**
  Path Type:              Recovery (Max at Slow Process Corner)
  Requirement:            20.000ns  (shadow_dna_clk rise@640.000ns - clk_fpga_0 rise@620.000ns)
  Data Path Delay:        12.590ns  (logic 0.580ns (4.607%)  route 12.010ns (95.393%))
  Logic Levels:           1  (LUT1=1)
  Clock Path Skew:        3.372ns (DCD - SCD + CPR)
    Destination Clock Delay (DCD):    6.450ns = ( 646.450 - 640.000 ) 
    Source Clock Delay      (SCD):    3.193ns = ( 623.193 - 620.000 ) 
    Clock Pessimism Removal (CPR):    0.115ns
  Clock Uncertainty:      0.302ns  ((TSJ^2 + TIJ^2)^1/2 + DJ) / 2 + PE
    Total System Jitter     (TSJ):    0.071ns
    Total Input Jitter      (TIJ):    0.600ns
    Discrete Jitter          (DJ):    0.000ns
    Phase Error              (PE):    0.000ns

    Location             Delay type                Incr(ns)  Path(ns)    Netlist Resource(s)
  -------------------------------------------------------------------    -------------------
                         (clock clk_fpga_0 rise edge)
                                                    620.000   620.000 r  
    PS7_X0Y0             PS7                          0.000   620.000 r  udp_gateway_shadow_mirror_i/processing_system7_0/inst/PS7_i/FCLKCLK[0]
                         net (fo=1, routed)           1.193   621.193    udp_gateway_shadow_mirror_i/processing_system7_0/inst/FCLK_CLK_unbuffered[0]
    BUFGCTRL_X0Y17       BUFG (Prop_bufg_I_O)         0.101   621.294 r  udp_gateway_shadow_mirror_i/processing_system7_0/inst/buffer_fclk_clk_0.FCLK_CLK_0_BUFG/O
                         net (fo=42827, routed)       1.899   623.193    udp_gateway_shadow_mirror_i/rst_ps7_0_100M/U0/slowest_sync_clk
    SLICE_X57Y135        FDRE                                         r  udp_gateway_shadow_mirror_i/rst_ps7_0_100M/U0/ACTIVE_LOW_PR_OUT_DFF[0].FDRE_PER_N/C
  -------------------------------------------------------------------    -------------------
    SLICE_X57Y135        FDRE (Prop_fdre_C_Q)         0.456   623.649 r  udp_gateway_shadow_mirror_i/rst_ps7_0_100M/U0/ACTIVE_LOW_PR_OUT_DFF[0].FDRE_PER_N/Q
                         net (fo=93, routed)          5.260   628.909    udp_gateway_shadow_mirror_i/dma_gateway_hybrid_0/inst/u_shadow_acl_filter/u_acl/rst_n
    SLICE_X103Y112       LUT1 (Prop_lut1_I0_O)        0.124   629.033 f  udp_gateway_shadow_mirror_i/dma_gateway_hybrid_0/inst/u_shadow_acl_filter/u_acl/s_axil_awready_i_2/O
                         net (fo=1931, routed)        6.750   635.783    udp_gateway_shadow_mirror_i/dma_gateway_hybrid_0/inst/u_device_dna_reader/dna_bit_count_reg[6]_0
    SLICE_X112Y29        FDCE                                         f  udp_gateway_shadow_mirror_i/dma_gateway_hybrid_0/inst/u_device_dna_reader/dna_shift_value_reg[35]/CLR
  -------------------------------------------------------------------    -------------------

                         (clock shadow_dna_clk rise edge)
                                                    640.000   640.000 r  
    PS7_X0Y0             PS7                          0.000   640.000 r  udp_gateway_shadow_mirror_i/processing_system7_0/inst/PS7_i/FCLKCLK[0]
                         net (fo=1, routed)           1.088   641.088    udp_gateway_shadow_mirror_i/processing_system7_0/inst/FCLK_CLK_unbuffered[0]
    BUFGCTRL_X0Y17       BUFG (Prop_bufg_I_O)         0.091   641.179 r  udp_gateway_shadow_mirror_i/processing_system7_0/inst/buffer_fclk_clk_0.FCLK_CLK_0_BUFG/O
                         net (fo=42827, routed)       1.546   642.725    udp_gateway_shadow_mirror_i/dma_gateway_hybrid_0/inst/u_device_dna_reader/clk
    SLICE_X69Y21         FDCE (Prop_fdce_C_Q)         0.367   643.092 r  udp_gateway_shadow_mirror_i/dma_gateway_hybrid_0/inst/u_device_dna_reader/dna_clk_reg/Q
                         net (fo=1, routed)           1.575   644.667    udp_gateway_shadow_mirror_i/dma_gateway_hybrid_0/inst/u_device_dna_reader/dna_clk
    BUFGCTRL_X0Y16       BUFG (Prop_bufg_I_O)         0.091   644.758 r  udp_gateway_shadow_mirror_i/dma_gateway_hybrid_0/inst/u_device_dna_reader/dna_clk_BUFG_inst/O
                         net (fo=69, routed)          1.691   646.450    udp_gateway_shadow_mirror_i/dma_gateway_hybrid_0/inst/u_device_dna_reader/dna_clk_BUFG
    SLICE_X112Y29        FDCE                                         r  udp_gateway_shadow_mirror_i/dma_gateway_hybrid_0/inst/u_device_dna_reader/dna_shift_value_reg[35]/C
                         clock pessimism              0.115   646.565    
                         clock uncertainty           -0.302   646.263    
    SLICE_X112Y29        FDCE (Recov_fdce_C_CLR)     -0.319   645.944    udp_gateway_shadow_mirror_i/dma_gateway_hybrid_0/inst/u_device_dna_reader/dna_shift_value_reg[35]
  -------------------------------------------------------------------
                         required time                        645.944    
                         arrival time                        -635.782    
  -------------------------------------------------------------------
                         slack                                 10.161    

Slack (MET) :             10.161ns  (required time - arrival time)
  Source:                 udp_gateway_shadow_mirror_i/rst_ps7_0_100M/U0/ACTIVE_LOW_PR_OUT_DFF[0].FDRE_PER_N/C
                            (rising edge-triggered cell FDRE clocked by clk_fpga_0  {rise@0.000ns fall@10.000ns period=20.000ns})
  Destination:            udp_gateway_shadow_mirror_i/dma_gateway_hybrid_0/inst/u_device_dna_reader/dna_shift_value_reg[3]/CLR
                            (recovery check against rising-edge clock shadow_dna_clk  {rise@0.000ns fall@320.000ns period=640.000ns})
  Path Group:             **async_default**
  Path Type:              Recovery (Max at Slow Process Corner)
  Requirement:            20.000ns  (shadow_dna_clk rise@640.000ns - clk_fpga_0 rise@620.000ns)
  Data Path Delay:        12.590ns  (logic 0.580ns (4.607%)  route 12.010ns (95.393%))
  Logic Levels:           1  (LUT1=1)
  Clock Path Skew:        3.372ns (DCD - SCD + CPR)
    Destination Clock Delay (DCD):    6.450ns = ( 646.450 - 640.000 ) 
    Source Clock Delay      (SCD):    3.193ns = ( 623.193 - 620.000 ) 
    Clock Pessimism Removal (CPR):    0.115ns
  Clock Uncertainty:      0.302ns  ((TSJ^2 + TIJ^2)^1/2 + DJ) / 2 + PE
    Total System Jitter     (TSJ):    0.071ns
    Total Input Jitter      (TIJ):    0.600ns
    Discrete Jitter          (DJ):    0.000ns
    Phase Error              (PE):    0.000ns

    Location             Delay type                Incr(ns)  Path(ns)    Netlist Resource(s)
  -------------------------------------------------------------------    -------------------
                         (clock clk_fpga_0 rise edge)
                                                    620.000   620.000 r  
    PS7_X0Y0             PS7                          0.000   620.000 r  udp_gateway_shadow_mirror_i/processing_system7_0/inst/PS7_i/FCLKCLK[0]
                         net (fo=1, routed)           1.193   621.193    udp_gateway_shadow_mirror_i/processing_system7_0/inst/FCLK_CLK_unbuffered[0]
    BUFGCTRL_X0Y17       BUFG (Prop_bufg_I_O)         0.101   621.294 r  udp_gateway_shadow_mirror_i/processing_system7_0/inst/buffer_fclk_clk_0.FCLK_CLK_0_BUFG/O
                         net (fo=42827, routed)       1.899   623.193    udp_gateway_shadow_mirror_i/rst_ps7_0_100M/U0/slowest_sync_clk
    SLICE_X57Y135        FDRE                                         r  udp_gateway_shadow_mirror_i/rst_ps7_0_100M/U0/ACTIVE_LOW_PR_OUT_DFF[0].FDRE_PER_N/C
  -------------------------------------------------------------------    -------------------
    SLICE_X57Y135        FDRE (Prop_fdre_C_Q)         0.456   623.649 r  udp_gateway_shadow_mirror_i/rst_ps7_0_100M/U0/ACTIVE_LOW_PR_OUT_DFF[0].FDRE_PER_N/Q
                         net (fo=93, routed)          5.260   628.909    udp_gateway_shadow_mirror_i/dma_gateway_hybrid_0/inst/u_shadow_acl_filter/u_acl/rst_n
    SLICE_X103Y112       LUT1 (Prop_lut1_I0_O)        0.124   629.033 f  udp_gateway_shadow_mirror_i/dma_gateway_hybrid_0/inst/u_shadow_acl_filter/u_acl/s_axil_awready_i_2/O
                         net (fo=1931, routed)        6.750   635.783    udp_gateway_shadow_mirror_i/dma_gateway_hybrid_0/inst/u_device_dna_reader/dna_bit_count_reg[6]_0
    SLICE_X112Y29        FDCE                                         f  udp_gateway_shadow_mirror_i/dma_gateway_hybrid_0/inst/u_device_dna_reader/dna_shift_value_reg[3]/CLR
  -------------------------------------------------------------------    -------------------

                         (clock shadow_dna_clk rise edge)
                                                    640.000   640.000 r  
    PS7_X0Y0             PS7                          0.000   640.000 r  udp_gateway_shadow_mirror_i/processing_system7_0/inst/PS7_i/FCLKCLK[0]
                         net (fo=1, routed)           1.088   641.088    udp_gateway_shadow_mirror_i/processing_system7_0/inst/FCLK_CLK_unbuffered[0]
    BUFGCTRL_X0Y17       BUFG (Prop_bufg_I_O)         0.091   641.179 r  udp_gateway_shadow_mirror_i/processing_system7_0/inst/buffer_fclk_clk_0.FCLK_CLK_0_BUFG/O
                         net (fo=42827, routed)       1.546   642.725    udp_gateway_shadow_mirror_i/dma_gateway_hybrid_0/inst/u_device_dna_reader/clk
    SLICE_X69Y21         FDCE (Prop_fdce_C_Q)         0.367   643.092 r  udp_gateway_shadow_mirror_i/dma_gateway_hybrid_0/inst/u_device_dna_reader/dna_clk_reg/Q
                         net (fo=1, routed)           1.575   644.667    udp_gateway_shadow_mirror_i/dma_gateway_hybrid_0/inst/u_device_dna_reader/dna_clk
    BUFGCTRL_X0Y16       BUFG (Prop_bufg_I_O)         0.091   644.758 r  udp_gateway_shadow_mirror_i/dma_gateway_hybrid_0/inst/u_device_dna_reader/dna_clk_BUFG_inst/O
                         net (fo=69, routed)          1.691   646.450    udp_gateway_shadow_mirror_i/dma_gateway_hybrid_0/inst/u_device_dna_reader/dna_clk_BUFG
    SLICE_X112Y29        FDCE                                         r  udp_gateway_shadow_mirror_i/dma_gateway_hybrid_0/inst/u_device_dna_reader/dna_shift_value_reg[3]/C
                         clock pessimism              0.115   646.565    
                         clock uncertainty           -0.302   646.263    
    SLICE_X112Y29        FDCE (Recov_fdce_C_CLR)     -0.319   645.944    udp_gateway_shadow_mirror_i/dma_gateway_hybrid_0/inst/u_device_dna_reader/dna_shift_value_reg[3]
  -------------------------------------------------------------------
                         required time                        645.944    
                         arrival time                        -635.782    
  -------------------------------------------------------------------
                         slack                                 10.161    





Min Delay Paths
--------------------------------------------------------------------------------------
Slack (MET) :             1.884ns  (arrival time - required time)
  Source:                 udp_gateway_shadow_mirror_i/rst_ps7_0_100M/U0/ACTIVE_LOW_PR_OUT_DFF[0].FDRE_PER_N/C
                            (rising edge-triggered cell FDRE clocked by clk_fpga_0  {rise@0.000ns fall@10.000ns period=20.000ns})
  Destination:            udp_gateway_shadow_mirror_i/dma_gateway_hybrid_0/inst/u_device_dna_reader/dna_shift_reg/CLR
                            (removal check against rising-edge clock shadow_dna_clk  {rise@0.000ns fall@320.000ns period=640.000ns})
  Path Group:             **async_default**
  Path Type:              Removal (Min at Fast Process Corner)
  Requirement:            0.000ns  (shadow_dna_clk rise@0.000ns - clk_fpga_0 rise@0.000ns)
  Data Path Delay:        3.908ns  (logic 0.186ns (4.760%)  route 3.722ns (95.240%))
  Logic Levels:           1  (LUT1=1)
  Clock Path Skew:        2.116ns (DCD - SCD - CPR)
    Destination Clock Delay (DCD):    3.137ns
    Source Clock Delay      (SCD):    0.991ns
    Clock Pessimism Removal (CPR):    0.030ns

    Location             Delay type                Incr(ns)  Path(ns)    Netlist Resource(s)
  -------------------------------------------------------------------    -------------------
                         (clock clk_fpga_0 rise edge)
                                                      0.000     0.000 r  
    PS7_X0Y0             PS7                          0.000     0.000 r  udp_gateway_shadow_mirror_i/processing_system7_0/inst/PS7_i/FCLKCLK[0]
                         net (fo=1, routed)           0.310     0.310    udp_gateway_shadow_mirror_i/processing_system7_0/inst/FCLK_CLK_unbuffered[0]
    BUFGCTRL_X0Y17       BUFG (Prop_bufg_I_O)         0.026     0.336 r  udp_gateway_shadow_mirror_i/processing_system7_0/inst/buffer_fclk_clk_0.FCLK_CLK_0_BUFG/O
                         net (fo=42827, routed)       0.655     0.991    udp_gateway_shadow_mirror_i/rst_ps7_0_100M/U0/slowest_sync_clk
    SLICE_X57Y135        FDRE                                         r  udp_gateway_shadow_mirror_i/rst_ps7_0_100M/U0/ACTIVE_LOW_PR_OUT_DFF[0].FDRE_PER_N/C
  -------------------------------------------------------------------    -------------------
    SLICE_X57Y135        FDRE (Prop_fdre_C_Q)         0.141     1.132 r  udp_gateway_shadow_mirror_i/rst_ps7_0_100M/U0/ACTIVE_LOW_PR_OUT_DFF[0].FDRE_PER_N/Q
                         net (fo=93, routed)          2.305     3.437    udp_gateway_shadow_mirror_i/dma_gateway_hybrid_0/inst/u_shadow_acl_filter/u_acl/rst_n
    SLICE_X103Y112       LUT1 (Prop_lut1_I0_O)        0.045     3.482 f  udp_gateway_shadow_mirror_i/dma_gateway_hybrid_0/inst/u_shadow_acl_filter/u_acl/s_axil_awready_i_2/O
                         net (fo=1931, routed)        1.417     4.899    udp_gateway_shadow_mirror_i/dma_gateway_hybrid_0/inst/u_device_dna_reader/dna_bit_count_reg[6]_0
    SLICE_X99Y95         FDCE                                         f  udp_gateway_shadow_mirror_i/dma_gateway_hybrid_0/inst/u_device_dna_reader/dna_shift_reg/CLR
  -------------------------------------------------------------------    -------------------

                         (clock shadow_dna_clk rise edge)
                                                      0.000     0.000 r  
    PS7_X0Y0             PS7                          0.000     0.000 r  udp_gateway_shadow_mirror_i/processing_system7_0/inst/PS7_i/FCLKCLK[0]
                         net (fo=1, routed)           0.337     0.337    udp_gateway_shadow_mirror_i/processing_system7_0/inst/FCLK_CLK_unbuffered[0]
    BUFGCTRL_X0Y17       BUFG (Prop_bufg_I_O)         0.029     0.366 r  udp_gateway_shadow_mirror_i/processing_system7_0/inst/buffer_fclk_clk_0.FCLK_CLK_0_BUFG/O
                         net (fo=42827, routed)       0.842     1.208    udp_gateway_shadow_mirror_i/dma_gateway_hybrid_0/inst/u_device_dna_reader/clk
    SLICE_X69Y21         FDCE (Prop_fdce_C_Q)         0.175     1.383 r  udp_gateway_shadow_mirror_i/dma_gateway_hybrid_0/inst/u_device_dna_reader/dna_clk_reg/Q
                         net (fo=1, routed)           0.847     2.230    udp_gateway_shadow_mirror_i/dma_gateway_hybrid_0/inst/u_device_dna_reader/dna_clk
    BUFGCTRL_X0Y16       BUFG (Prop_bufg_I_O)         0.029     2.259 r  udp_gateway_shadow_mirror_i/dma_gateway_hybrid_0/inst/u_device_dna_reader/dna_clk_BUFG_inst/O
                         net (fo=69, routed)          0.878     3.137    udp_gateway_shadow_mirror_i/dma_gateway_hybrid_0/inst/u_device_dna_reader/dna_clk_BUFG
    SLICE_X99Y95         FDCE                                         r  udp_gateway_shadow_mirror_i/dma_gateway_hybrid_0/inst/u_device_dna_reader/dna_shift_reg/C
                         clock pessimism             -0.030     3.107    
    SLICE_X99Y95         FDCE (Remov_fdce_C_CLR)     -0.092     3.015    udp_gateway_shadow_mirror_i/dma_gateway_hybrid_0/inst/u_device_dna_reader/dna_shift_reg
  -------------------------------------------------------------------
                         required time                         -3.015    
                         arrival time                           4.899    
  -------------------------------------------------------------------
                         slack                                  1.884    

Slack (MET) :             1.887ns  (arrival time - required time)
  Source:                 udp_gateway_shadow_mirror_i/rst_ps7_0_100M/U0/ACTIVE_LOW_PR_OUT_DFF[0].FDRE_PER_N/C
                            (rising edge-triggered cell FDRE clocked by clk_fpga_0  {rise@0.000ns fall@10.000ns period=20.000ns})
  Destination:            udp_gateway_shadow_mirror_i/dma_gateway_hybrid_0/inst/u_device_dna_reader/dna_busy_raw_reg/PRE
                            (removal check against rising-edge clock shadow_dna_clk  {rise@0.000ns fall@320.000ns period=640.000ns})
  Path Group:             **async_default**
  Path Type:              Removal (Min at Fast Process Corner)
  Requirement:            0.000ns  (shadow_dna_clk rise@0.000ns - clk_fpga_0 rise@0.000ns)
  Data Path Delay:        3.908ns  (logic 0.186ns (4.760%)  route 3.722ns (95.240%))
  Logic Levels:           1  (LUT1=1)
  Clock Path Skew:        2.116ns (DCD - SCD - CPR)
    Destination Clock Delay (DCD):    3.137ns
    Source Clock Delay      (SCD):    0.991ns
    Clock Pessimism Removal (CPR):    0.030ns

    Location             Delay type                Incr(ns)  Path(ns)    Netlist Resource(s)
  -------------------------------------------------------------------    -------------------
                         (clock clk_fpga_0 rise edge)
                                                      0.000     0.000 r  
    PS7_X0Y0             PS7                          0.000     0.000 r  udp_gateway_shadow_mirror_i/processing_system7_0/inst/PS7_i/FCLKCLK[0]
                         net (fo=1, routed)           0.310     0.310    udp_gateway_shadow_mirror_i/processing_system7_0/inst/FCLK_CLK_unbuffered[0]
    BUFGCTRL_X0Y17       BUFG (Prop_bufg_I_O)         0.026     0.336 r  udp_gateway_shadow_mirror_i/processing_system7_0/inst/buffer_fclk_clk_0.FCLK_CLK_0_BUFG/O
                         net (fo=42827, routed)       0.655     0.991    udp_gateway_shadow_mirror_i/rst_ps7_0_100M/U0/slowest_sync_clk
    SLICE_X57Y135        FDRE                                         r  udp_gateway_shadow_mirror_i/rst_ps7_0_100M/U0/ACTIVE_LOW_PR_OUT_DFF[0].FDRE_PER_N/C
  -------------------------------------------------------------------    -------------------
    SLICE_X57Y135        FDRE (Prop_fdre_C_Q)         0.141     1.132 r  udp_gateway_shadow_mirror_i/rst_ps7_0_100M/U0/ACTIVE_LOW_PR_OUT_DFF[0].FDRE_PER_N/Q
                         net (fo=93, routed)          2.305     3.437    udp_gateway_shadow_mirror_i/dma_gateway_hybrid_0/inst/u_shadow_acl_filter/u_acl/rst_n
    SLICE_X103Y112       LUT1 (Prop_lut1_I0_O)        0.045     3.482 f  udp_gateway_shadow_mirror_i/dma_gateway_hybrid_0/inst/u_shadow_acl_filter/u_acl/s_axil_awready_i_2/O
                         net (fo=1931, routed)        1.417     4.899    udp_gateway_shadow_mirror_i/dma_gateway_hybrid_0/inst/u_device_dna_reader/dna_bit_count_reg[6]_0
    SLICE_X99Y95         FDPE                                         f  udp_gateway_shadow_mirror_i/dma_gateway_hybrid_0/inst/u_device_dna_reader/dna_busy_raw_reg/PRE
  -------------------------------------------------------------------    -------------------

                         (clock shadow_dna_clk rise edge)
                                                      0.000     0.000 r  
    PS7_X0Y0             PS7                          0.000     0.000 r  udp_gateway_shadow_mirror_i/processing_system7_0/inst/PS7_i/FCLKCLK[0]
                         net (fo=1, routed)           0.337     0.337    udp_gateway_shadow_mirror_i/processing_system7_0/inst/FCLK_CLK_unbuffered[0]
    BUFGCTRL_X0Y17       BUFG (Prop_bufg_I_O)         0.029     0.366 r  udp_gateway_shadow_mirror_i/processing_system7_0/inst/buffer_fclk_clk_0.FCLK_CLK_0_BUFG/O
                         net (fo=42827, routed)       0.842     1.208    udp_gateway_shadow_mirror_i/dma_gateway_hybrid_0/inst/u_device_dna_reader/clk
    SLICE_X69Y21         FDCE (Prop_fdce_C_Q)         0.175     1.383 r  udp_gateway_shadow_mirror_i/dma_gateway_hybrid_0/inst/u_device_dna_reader/dna_clk_reg/Q
                         net (fo=1, routed)           0.847     2.230    udp_gateway_shadow_mirror_i/dma_gateway_hybrid_0/inst/u_device_dna_reader/dna_clk
    BUFGCTRL_X0Y16       BUFG (Prop_bufg_I_O)         0.029     2.259 r  udp_gateway_shadow_mirror_i/dma_gateway_hybrid_0/inst/u_device_dna_reader/dna_clk_BUFG_inst/O
                         net (fo=69, routed)          0.878     3.137    udp_gateway_shadow_mirror_i/dma_gateway_hybrid_0/inst/u_device_dna_reader/dna_clk_BUFG
    SLICE_X99Y95         FDPE                                         r  udp_gateway_shadow_mirror_i/dma_gateway_hybrid_0/inst/u_device_dna_reader/dna_busy_raw_reg/C
                         clock pessimism             -0.030     3.107    
    SLICE_X99Y95         FDPE (Remov_fdpe_C_PRE)     -0.095     3.012    udp_gateway_shadow_mirror_i/dma_gateway_hybrid_0/inst/u_device_dna_reader/dna_busy_raw_reg
  -------------------------------------------------------------------
                         required time                         -3.012    
                         arrival time                           4.899    
  -------------------------------------------------------------------
                         slack                                  1.887    

Slack (MET) :             1.887ns  (arrival time - required time)
  Source:                 udp_gateway_shadow_mirror_i/rst_ps7_0_100M/U0/ACTIVE_LOW_PR_OUT_DFF[0].FDRE_PER_N/C
                            (rising edge-triggered cell FDRE clocked by clk_fpga_0  {rise@0.000ns fall@10.000ns period=20.000ns})
  Destination:            udp_gateway_shadow_mirror_i/dma_gateway_hybrid_0/inst/u_device_dna_reader/dna_read_reg/PRE
                            (removal check against rising-edge clock shadow_dna_clk  {rise@0.000ns fall@320.000ns period=640.000ns})
  Path Group:             **async_default**
  Path Type:              Removal (Min at Fast Process Corner)
  Requirement:            0.000ns  (shadow_dna_clk rise@0.000ns - clk_fpga_0 rise@0.000ns)
  Data Path Delay:        3.908ns  (logic 0.186ns (4.760%)  route 3.722ns (95.240%))
  Logic Levels:           1  (LUT1=1)
  Clock Path Skew:        2.116ns (DCD - SCD - CPR)
    Destination Clock Delay (DCD):    3.137ns
    Source Clock Delay      (SCD):    0.991ns
    Clock Pessimism Removal (CPR):    0.030ns

    Location             Delay type                Incr(ns)  Path(ns)    Netlist Resource(s)
  -------------------------------------------------------------------    -------------------
                         (clock clk_fpga_0 rise edge)
                                                      0.000     0.000 r  
    PS7_X0Y0             PS7                          0.000     0.000 r  udp_gateway_shadow_mirror_i/processing_system7_0/inst/PS7_i/FCLKCLK[0]
                         net (fo=1, routed)           0.310     0.310    udp_gateway_shadow_mirror_i/processing_system7_0/inst/FCLK_CLK_unbuffered[0]
    BUFGCTRL_X0Y17       BUFG (Prop_bufg_I_O)         0.026     0.336 r  udp_gateway_shadow_mirror_i/processing_system7_0/inst/buffer_fclk_clk_0.FCLK_CLK_0_BUFG/O
                         net (fo=42827, routed)       0.655     0.991    udp_gateway_shadow_mirror_i/rst_ps7_0_100M/U0/slowest_sync_clk
    SLICE_X57Y135        FDRE                                         r  udp_gateway_shadow_mirror_i/rst_ps7_0_100M/U0/ACTIVE_LOW_PR_OUT_DFF[0].FDRE_PER_N/C
  -------------------------------------------------------------------    -------------------
    SLICE_X57Y135        FDRE (Prop_fdre_C_Q)         0.141     1.132 r  udp_gateway_shadow_mirror_i/rst_ps7_0_100M/U0/ACTIVE_LOW_PR_OUT_DFF[0].FDRE_PER_N/Q
                         net (fo=93, routed)          2.305     3.437    udp_gateway_shadow_mirror_i/dma_gateway_hybrid_0/inst/u_shadow_acl_filter/u_acl/rst_n
    SLICE_X103Y112       LUT1 (Prop_lut1_I0_O)        0.045     3.482 f  udp_gateway_shadow_mirror_i/dma_gateway_hybrid_0/inst/u_shadow_acl_filter/u_acl/s_axil_awready_i_2/O
                         net (fo=1931, routed)        1.417     4.899    udp_gateway_shadow_mirror_i/dma_gateway_hybrid_0/inst/u_device_dna_reader/dna_bit_count_reg[6]_0
    SLICE_X99Y95         FDPE                                         f  udp_gateway_shadow_mirror_i/dma_gateway_hybrid_0/inst/u_device_dna_reader/dna_read_reg/PRE
  -------------------------------------------------------------------    -------------------

                         (clock shadow_dna_clk rise edge)
                                                      0.000     0.000 r  
    PS7_X0Y0             PS7                          0.000     0.000 r  udp_gateway_shadow_mirror_i/processing_system7_0/inst/PS7_i/FCLKCLK[0]
                         net (fo=1, routed)           0.337     0.337    udp_gateway_shadow_mirror_i/processing_system7_0/inst/FCLK_CLK_unbuffered[0]
    BUFGCTRL_X0Y17       BUFG (Prop_bufg_I_O)         0.029     0.366 r  udp_gateway_shadow_mirror_i/processing_system7_0/inst/buffer_fclk_clk_0.FCLK_CLK_0_BUFG/O
                         net (fo=42827, routed)       0.842     1.208    udp_gateway_shadow_mirror_i/dma_gateway_hybrid_0/inst/u_device_dna_reader/clk
    SLICE_X69Y21         FDCE (Prop_fdce_C_Q)         0.175     1.383 r  udp_gateway_shadow_mirror_i/dma_gateway_hybrid_0/inst/u_device_dna_reader/dna_clk_reg/Q
                         net (fo=1, routed)           0.847     2.230    udp_gateway_shadow_mirror_i/dma_gateway_hybrid_0/inst/u_device_dna_reader/dna_clk
    BUFGCTRL_X0Y16       BUFG (Prop_bufg_I_O)         0.029     2.259 r  udp_gateway_shadow_mirror_i/dma_gateway_hybrid_0/inst/u_device_dna_reader/dna_clk_BUFG_inst/O
                         net (fo=69, routed)          0.878     3.137    udp_gateway_shadow_mirror_i/dma_gateway_hybrid_0/inst/u_device_dna_reader/dna_clk_BUFG
    SLICE_X99Y95         FDPE                                         r  udp_gateway_shadow_mirror_i/dma_gateway_hybrid_0/inst/u_device_dna_reader/dna_read_reg/C
                         clock pessimism             -0.030     3.107    
    SLICE_X99Y95         FDPE (Remov_fdpe_C_PRE)     -0.095     3.012    udp_gateway_shadow_mirror_i/dma_gateway_hybrid_0/inst/u_device_dna_reader/dna_read_reg
  -------------------------------------------------------------------
                         required time                         -3.012    
                         arrival time                           4.899    
  -------------------------------------------------------------------
                         slack                                  1.887    

Slack (MET) :             1.966ns  (arrival time - required time)
  Source:                 udp_gateway_shadow_mirror_i/rst_ps7_0_100M/U0/ACTIVE_LOW_PR_OUT_DFF[0].FDRE_PER_N/C
                            (rising edge-triggered cell FDRE clocked by clk_fpga_0  {rise@0.000ns fall@10.000ns period=20.000ns})
  Destination:            udp_gateway_shadow_mirror_i/dma_gateway_hybrid_0/inst/u_device_dna_reader/dna_shift_value_reg[0]/CLR
                            (removal check against rising-edge clock shadow_dna_clk  {rise@0.000ns fall@320.000ns period=640.000ns})
  Path Group:             **async_default**
  Path Type:              Removal (Min at Fast Process Corner)
  Requirement:            0.000ns  (shadow_dna_clk rise@0.000ns - clk_fpga_0 rise@0.000ns)
  Data Path Delay:        4.002ns  (logic 0.186ns (4.648%)  route 3.816ns (95.352%))
  Logic Levels:           1  (LUT1=1)
  Clock Path Skew:        2.128ns (DCD - SCD - CPR)
    Destination Clock Delay (DCD):    3.149ns
    Source Clock Delay      (SCD):    0.991ns
    Clock Pessimism Removal (CPR):    0.030ns

    Location             Delay type                Incr(ns)  Path(ns)    Netlist Resource(s)
  -------------------------------------------------------------------    -------------------
                         (clock clk_fpga_0 rise edge)
                                                      0.000     0.000 r  
    PS7_X0Y0             PS7                          0.000     0.000 r  udp_gateway_shadow_mirror_i/processing_system7_0/inst/PS7_i/FCLKCLK[0]
                         net (fo=1, routed)           0.310     0.310    udp_gateway_shadow_mirror_i/processing_system7_0/inst/FCLK_CLK_unbuffered[0]
    BUFGCTRL_X0Y17       BUFG (Prop_bufg_I_O)         0.026     0.336 r  udp_gateway_shadow_mirror_i/processing_system7_0/inst/buffer_fclk_clk_0.FCLK_CLK_0_BUFG/O
                         net (fo=42827, routed)       0.655     0.991    udp_gateway_shadow_mirror_i/rst_ps7_0_100M/U0/slowest_sync_clk
    SLICE_X57Y135        FDRE                                         r  udp_gateway_shadow_mirror_i/rst_ps7_0_100M/U0/ACTIVE_LOW_PR_OUT_DFF[0].FDRE_PER_N/C
  -------------------------------------------------------------------    -------------------
    SLICE_X57Y135        FDRE (Prop_fdre_C_Q)         0.141     1.132 r  udp_gateway_shadow_mirror_i/rst_ps7_0_100M/U0/ACTIVE_LOW_PR_OUT_DFF[0].FDRE_PER_N/Q
                         net (fo=93, routed)          2.305     3.437    udp_gateway_shadow_mirror_i/dma_gateway_hybrid_0/inst/u_shadow_acl_filter/u_acl/rst_n
    SLICE_X103Y112       LUT1 (Prop_lut1_I0_O)        0.045     3.482 f  udp_gateway_shadow_mirror_i/dma_gateway_hybrid_0/inst/u_shadow_acl_filter/u_acl/s_axil_awready_i_2/O
                         net (fo=1931, routed)        1.511     4.993    udp_gateway_shadow_mirror_i/dma_gateway_hybrid_0/inst/u_device_dna_reader/dna_bit_count_reg[6]_0
    SLICE_X107Y73        FDCE                                         f  udp_gateway_shadow_mirror_i/dma_gateway_hybrid_0/inst/u_device_dna_reader/dna_shift_value_reg[0]/CLR
  -------------------------------------------------------------------    -------------------

                         (clock shadow_dna_clk rise edge)
                                                      0.000     0.000 r  
    PS7_X0Y0             PS7                          0.000     0.000 r  udp_gateway_shadow_mirror_i/processing_system7_0/inst/PS7_i/FCLKCLK[0]
                         net (fo=1, routed)           0.337     0.337    udp_gateway_shadow_mirror_i/processing_system7_0/inst/FCLK_CLK_unbuffered[0]
    BUFGCTRL_X0Y17       BUFG (Prop_bufg_I_O)         0.029     0.366 r  udp_gateway_shadow_mirror_i/processing_system7_0/inst/buffer_fclk_clk_0.FCLK_CLK_0_BUFG/O
                         net (fo=42827, routed)       0.842     1.208    udp_gateway_shadow_mirror_i/dma_gateway_hybrid_0/inst/u_device_dna_reader/clk
    SLICE_X69Y21         FDCE (Prop_fdce_C_Q)         0.175     1.383 r  udp_gateway_shadow_mirror_i/dma_gateway_hybrid_0/inst/u_device_dna_reader/dna_clk_reg/Q
                         net (fo=1, routed)           0.847     2.230    udp_gateway_shadow_mirror_i/dma_gateway_hybrid_0/inst/u_device_dna_reader/dna_clk
    BUFGCTRL_X0Y16       BUFG (Prop_bufg_I_O)         0.029     2.259 r  udp_gateway_shadow_mirror_i/dma_gateway_hybrid_0/inst/u_device_dna_reader/dna_clk_BUFG_inst/O
                         net (fo=69, routed)          0.890     3.149    udp_gateway_shadow_mirror_i/dma_gateway_hybrid_0/inst/u_device_dna_reader/dna_clk_BUFG
    SLICE_X107Y73        FDCE                                         r  udp_gateway_shadow_mirror_i/dma_gateway_hybrid_0/inst/u_device_dna_reader/dna_shift_value_reg[0]/C
                         clock pessimism             -0.030     3.119    
    SLICE_X107Y73        FDCE (Remov_fdce_C_CLR)     -0.092     3.027    udp_gateway_shadow_mirror_i/dma_gateway_hybrid_0/inst/u_device_dna_reader/dna_shift_value_reg[0]
  -------------------------------------------------------------------
                         required time                         -3.027    
                         arrival time                           4.993    
  -------------------------------------------------------------------
                         slack                                  1.966    

Slack (MET) :             2.035ns  (arrival time - required time)
  Source:                 udp_gateway_shadow_mirror_i/rst_ps7_0_100M/U0/ACTIVE_LOW_PR_OUT_DFF[0].FDRE_PER_N/C
                            (rising edge-triggered cell FDRE clocked by clk_fpga_0  {rise@0.000ns fall@10.000ns period=20.000ns})
  Destination:            udp_gateway_shadow_mirror_i/dma_gateway_hybrid_0/inst/u_device_dna_reader/dna_shift_value_reg[5]/CLR
                            (removal check against rising-edge clock shadow_dna_clk  {rise@0.000ns fall@320.000ns period=640.000ns})
  Path Group:             **async_default**
  Path Type:              Removal (Min at Fast Process Corner)
  Requirement:            0.000ns  (shadow_dna_clk rise@0.000ns - clk_fpga_0 rise@0.000ns)
  Data Path Delay:        4.081ns  (logic 0.186ns (4.557%)  route 3.895ns (95.443%))
  Logic Levels:           1  (LUT1=1)
  Clock Path Skew:        2.138ns (DCD - SCD - CPR)
    Destination Clock Delay (DCD):    3.159ns
    Source Clock Delay      (SCD):    0.991ns
    Clock Pessimism Removal (CPR):    0.030ns

    Location             Delay type                Incr(ns)  Path(ns)    Netlist Resource(s)
  -------------------------------------------------------------------    -------------------
                         (clock clk_fpga_0 rise edge)
                                                      0.000     0.000 r  
    PS7_X0Y0             PS7                          0.000     0.000 r  udp_gateway_shadow_mirror_i/processing_system7_0/inst/PS7_i/FCLKCLK[0]
                         net (fo=1, routed)           0.310     0.310    udp_gateway_shadow_mirror_i/processing_system7_0/inst/FCLK_CLK_unbuffered[0]
    BUFGCTRL_X0Y17       BUFG (Prop_bufg_I_O)         0.026     0.336 r  udp_gateway_shadow_mirror_i/processing_system7_0/inst/buffer_fclk_clk_0.FCLK_CLK_0_BUFG/O
                         net (fo=42827, routed)       0.655     0.991    udp_gateway_shadow_mirror_i/rst_ps7_0_100M/U0/slowest_sync_clk
    SLICE_X57Y135        FDRE                                         r  udp_gateway_shadow_mirror_i/rst_ps7_0_100M/U0/ACTIVE_LOW_PR_OUT_DFF[0].FDRE_PER_N/C
  -------------------------------------------------------------------    -------------------
    SLICE_X57Y135        FDRE (Prop_fdre_C_Q)         0.141     1.132 r  udp_gateway_shadow_mirror_i/rst_ps7_0_100M/U0/ACTIVE_LOW_PR_OUT_DFF[0].FDRE_PER_N/Q
                         net (fo=93, routed)          2.305     3.437    udp_gateway_shadow_mirror_i/dma_gateway_hybrid_0/inst/u_shadow_acl_filter/u_acl/rst_n
    SLICE_X103Y112       LUT1 (Prop_lut1_I0_O)        0.045     3.482 f  udp_gateway_shadow_mirror_i/dma_gateway_hybrid_0/inst/u_shadow_acl_filter/u_acl/s_axil_awready_i_2/O
                         net (fo=1931, routed)        1.590     5.072    udp_gateway_shadow_mirror_i/dma_gateway_hybrid_0/inst/u_device_dna_reader/dna_bit_count_reg[6]_0
    SLICE_X109Y28        FDCE                                         f  udp_gateway_shadow_mirror_i/dma_gateway_hybrid_0/inst/u_device_dna_reader/dna_shift_value_reg[5]/CLR
  -------------------------------------------------------------------    -------------------

                         (clock shadow_dna_clk rise edge)
                                                      0.000     0.000 r  
    PS7_X0Y0             PS7                          0.000     0.000 r  udp_gateway_shadow_mirror_i/processing_system7_0/inst/PS7_i/FCLKCLK[0]
                         net (fo=1, routed)           0.337     0.337    udp_gateway_shadow_mirror_i/processing_system7_0/inst/FCLK_CLK_unbuffered[0]
    BUFGCTRL_X0Y17       BUFG (Prop_bufg_I_O)         0.029     0.366 r  udp_gateway_shadow_mirror_i/processing_system7_0/inst/buffer_fclk_clk_0.FCLK_CLK_0_BUFG/O
                         net (fo=42827, routed)       0.842     1.208    udp_gateway_shadow_mirror_i/dma_gateway_hybrid_0/inst/u_device_dna_reader/clk
    SLICE_X69Y21         FDCE (Prop_fdce_C_Q)         0.175     1.383 r  udp_gateway_shadow_mirror_i/dma_gateway_hybrid_0/inst/u_device_dna_reader/dna_clk_reg/Q
                         net (fo=1, routed)           0.847     2.230    udp_gateway_shadow_mirror_i/dma_gateway_hybrid_0/inst/u_device_dna_reader/dna_clk
    BUFGCTRL_X0Y16       BUFG (Prop_bufg_I_O)         0.029     2.259 r  udp_gateway_shadow_mirror_i/dma_gateway_hybrid_0/inst/u_device_dna_reader/dna_clk_BUFG_inst/O
                         net (fo=69, routed)          0.900     3.159    udp_gateway_shadow_mirror_i/dma_gateway_hybrid_0/inst/u_device_dna_reader/dna_clk_BUFG
    SLICE_X109Y28        FDCE                                         r  udp_gateway_shadow_mirror_i/dma_gateway_hybrid_0/inst/u_device_dna_reader/dna_shift_value_reg[5]/C
                         clock pessimism             -0.030     3.129    
    SLICE_X109Y28        FDCE (Remov_fdce_C_CLR)     -0.092     3.037    udp_gateway_shadow_mirror_i/dma_gateway_hybrid_0/inst/u_device_dna_reader/dna_shift_value_reg[5]
  -------------------------------------------------------------------
                         required time                         -3.037    
                         arrival time                           5.072    
  -------------------------------------------------------------------
                         slack                                  2.035    

Slack (MET) :             2.261ns  (arrival time - required time)
  Source:                 udp_gateway_shadow_mirror_i/rst_ps7_0_100M/U0/ACTIVE_LOW_PR_OUT_DFF[0].FDRE_PER_N/C
                            (rising edge-triggered cell FDRE clocked by clk_fpga_0  {rise@0.000ns fall@10.000ns period=20.000ns})
  Destination:            udp_gateway_shadow_mirror_i/dma_gateway_hybrid_0/inst/u_device_dna_reader/dna_bit_count_reg[0]/CLR
                            (removal check against rising-edge clock shadow_dna_clk  {rise@0.000ns fall@320.000ns period=640.000ns})
  Path Group:             **async_default**
  Path Type:              Removal (Min at Fast Process Corner)
  Requirement:            0.000ns  (shadow_dna_clk rise@0.000ns - clk_fpga_0 rise@0.000ns)
  Data Path Delay:        4.369ns  (logic 0.186ns (4.258%)  route 4.183ns (95.742%))
  Logic Levels:           1  (LUT1=1)
  Clock Path Skew:        2.200ns (DCD - SCD - CPR)
    Destination Clock Delay (DCD):    3.221ns
    Source Clock Delay      (SCD):    0.991ns
    Clock Pessimism Removal (CPR):    0.030ns

    Location             Delay type                Incr(ns)  Path(ns)    Netlist Resource(s)
  -------------------------------------------------------------------    -------------------
                         (clock clk_fpga_0 rise edge)
                                                      0.000     0.000 r  
    PS7_X0Y0             PS7                          0.000     0.000 r  udp_gateway_shadow_mirror_i/processing_system7_0/inst/PS7_i/FCLKCLK[0]
                         net (fo=1, routed)           0.310     0.310    udp_gateway_shadow_mirror_i/processing_system7_0/inst/FCLK_CLK_unbuffered[0]
    BUFGCTRL_X0Y17       BUFG (Prop_bufg_I_O)         0.026     0.336 r  udp_gateway_shadow_mirror_i/processing_system7_0/inst/buffer_fclk_clk_0.FCLK_CLK_0_BUFG/O
                         net (fo=42827, routed)       0.655     0.991    udp_gateway_shadow_mirror_i/rst_ps7_0_100M/U0/slowest_sync_clk
    SLICE_X57Y135        FDRE                                         r  udp_gateway_shadow_mirror_i/rst_ps7_0_100M/U0/ACTIVE_LOW_PR_OUT_DFF[0].FDRE_PER_N/C
  -------------------------------------------------------------------    -------------------
    SLICE_X57Y135        FDRE (Prop_fdre_C_Q)         0.141     1.132 r  udp_gateway_shadow_mirror_i/rst_ps7_0_100M/U0/ACTIVE_LOW_PR_OUT_DFF[0].FDRE_PER_N/Q
                         net (fo=93, routed)          2.305     3.437    udp_gateway_shadow_mirror_i/dma_gateway_hybrid_0/inst/u_shadow_acl_filter/u_acl/rst_n
    SLICE_X103Y112       LUT1 (Prop_lut1_I0_O)        0.045     3.482 f  udp_gateway_shadow_mirror_i/dma_gateway_hybrid_0/inst/u_shadow_acl_filter/u_acl/s_axil_awready_i_2/O
                         net (fo=1931, routed)        1.878     5.360    udp_gateway_shadow_mirror_i/dma_gateway_hybrid_0/inst/u_device_dna_reader/dna_bit_count_reg[6]_0
    SLICE_X101Y110       FDCE                                         f  udp_gateway_shadow_mirror_i/dma_gateway_hybrid_0/inst/u_device_dna_reader/dna_bit_count_reg[0]/CLR
  -------------------------------------------------------------------    -------------------

                         (clock shadow_dna_clk rise edge)
                                                      0.000     0.000 r  
    PS7_X0Y0             PS7                          0.000     0.000 r  udp_gateway_shadow_mirror_i/processing_system7_0/inst/PS7_i/FCLKCLK[0]
                         net (fo=1, routed)           0.337     0.337    udp_gateway_shadow_mirror_i/processing_system7_0/inst/FCLK_CLK_unbuffered[0]
    BUFGCTRL_X0Y17       BUFG (Prop_bufg_I_O)         0.029     0.366 r  udp_gateway_shadow_mirror_i/processing_system7_0/inst/buffer_fclk_clk_0.FCLK_CLK_0_BUFG/O
                         net (fo=42827, routed)       0.842     1.208    udp_gateway_shadow_mirror_i/dma_gateway_hybrid_0/inst/u_device_dna_reader/clk
    SLICE_X69Y21         FDCE (Prop_fdce_C_Q)         0.175     1.383 r  udp_gateway_shadow_mirror_i/dma_gateway_hybrid_0/inst/u_device_dna_reader/dna_clk_reg/Q
                         net (fo=1, routed)           0.847     2.230    udp_gateway_shadow_mirror_i/dma_gateway_hybrid_0/inst/u_device_dna_reader/dna_clk
    BUFGCTRL_X0Y16       BUFG (Prop_bufg_I_O)         0.029     2.259 r  udp_gateway_shadow_mirror_i/dma_gateway_hybrid_0/inst/u_device_dna_reader/dna_clk_BUFG_inst/O
                         net (fo=69, routed)          0.962     3.221    udp_gateway_shadow_mirror_i/dma_gateway_hybrid_0/inst/u_device_dna_reader/dna_clk_BUFG
    SLICE_X101Y110       FDCE                                         r  udp_gateway_shadow_mirror_i/dma_gateway_hybrid_0/inst/u_device_dna_reader/dna_bit_count_reg[0]/C
                         clock pessimism             -0.030     3.191    
    SLICE_X101Y110       FDCE (Remov_fdce_C_CLR)     -0.092     3.099    udp_gateway_shadow_mirror_i/dma_gateway_hybrid_0/inst/u_device_dna_reader/dna_bit_count_reg[0]
  -------------------------------------------------------------------
                         required time                         -3.099    
                         arrival time                           5.360    
  -------------------------------------------------------------------
                         slack                                  2.261    

Slack (MET) :             2.261ns  (arrival time - required time)
  Source:                 udp_gateway_shadow_mirror_i/rst_ps7_0_100M/U0/ACTIVE_LOW_PR_OUT_DFF[0].FDRE_PER_N/C
                            (rising edge-triggered cell FDRE clocked by clk_fpga_0  {rise@0.000ns fall@10.000ns period=20.000ns})
  Destination:            udp_gateway_shadow_mirror_i/dma_gateway_hybrid_0/inst/u_device_dna_reader/dna_bit_count_reg[1]/CLR
                            (removal check against rising-edge clock shadow_dna_clk  {rise@0.000ns fall@320.000ns period=640.000ns})
  Path Group:             **async_default**
  Path Type:              Removal (Min at Fast Process Corner)
  Requirement:            0.000ns  (shadow_dna_clk rise@0.000ns - clk_fpga_0 rise@0.000ns)
  Data Path Delay:        4.369ns  (logic 0.186ns (4.258%)  route 4.183ns (95.742%))
  Logic Levels:           1  (LUT1=1)
  Clock Path Skew:        2.200ns (DCD - SCD - CPR)
    Destination Clock Delay (DCD):    3.221ns
    Source Clock Delay      (SCD):    0.991ns
    Clock Pessimism Removal (CPR):    0.030ns

    Location             Delay type                Incr(ns)  Path(ns)    Netlist Resource(s)
  -------------------------------------------------------------------    -------------------
                         (clock clk_fpga_0 rise edge)
                                                      0.000     0.000 r  
    PS7_X0Y0             PS7                          0.000     0.000 r  udp_gateway_shadow_mirror_i/processing_system7_0/inst/PS7_i/FCLKCLK[0]
                         net (fo=1, routed)           0.310     0.310    udp_gateway_shadow_mirror_i/processing_system7_0/inst/FCLK_CLK_unbuffered[0]
    BUFGCTRL_X0Y17       BUFG (Prop_bufg_I_O)         0.026     0.336 r  udp_gateway_shadow_mirror_i/processing_system7_0/inst/buffer_fclk_clk_0.FCLK_CLK_0_BUFG/O
                         net (fo=42827, routed)       0.655     0.991    udp_gateway_shadow_mirror_i/rst_ps7_0_100M/U0/slowest_sync_clk
    SLICE_X57Y135        FDRE                                         r  udp_gateway_shadow_mirror_i/rst_ps7_0_100M/U0/ACTIVE_LOW_PR_OUT_DFF[0].FDRE_PER_N/C
  -------------------------------------------------------------------    -------------------
    SLICE_X57Y135        FDRE (Prop_fdre_C_Q)         0.141     1.132 r  udp_gateway_shadow_mirror_i/rst_ps7_0_100M/U0/ACTIVE_LOW_PR_OUT_DFF[0].FDRE_PER_N/Q
                         net (fo=93, routed)          2.305     3.437    udp_gateway_shadow_mirror_i/dma_gateway_hybrid_0/inst/u_shadow_acl_filter/u_acl/rst_n
    SLICE_X103Y112       LUT1 (Prop_lut1_I0_O)        0.045     3.482 f  udp_gateway_shadow_mirror_i/dma_gateway_hybrid_0/inst/u_shadow_acl_filter/u_acl/s_axil_awready_i_2/O
                         net (fo=1931, routed)        1.878     5.360    udp_gateway_shadow_mirror_i/dma_gateway_hybrid_0/inst/u_device_dna_reader/dna_bit_count_reg[6]_0
    SLICE_X101Y110       FDCE                                         f  udp_gateway_shadow_mirror_i/dma_gateway_hybrid_0/inst/u_device_dna_reader/dna_bit_count_reg[1]/CLR
  -------------------------------------------------------------------    -------------------

                         (clock shadow_dna_clk rise edge)
                                                      0.000     0.000 r  
    PS7_X0Y0             PS7                          0.000     0.000 r  udp_gateway_shadow_mirror_i/processing_system7_0/inst/PS7_i/FCLKCLK[0]
                         net (fo=1, routed)           0.337     0.337    udp_gateway_shadow_mirror_i/processing_system7_0/inst/FCLK_CLK_unbuffered[0]
    BUFGCTRL_X0Y17       BUFG (Prop_bufg_I_O)         0.029     0.366 r  udp_gateway_shadow_mirror_i/processing_system7_0/inst/buffer_fclk_clk_0.FCLK_CLK_0_BUFG/O
                         net (fo=42827, routed)       0.842     1.208    udp_gateway_shadow_mirror_i/dma_gateway_hybrid_0/inst/u_device_dna_reader/clk
    SLICE_X69Y21         FDCE (Prop_fdce_C_Q)         0.175     1.383 r  udp_gateway_shadow_mirror_i/dma_gateway_hybrid_0/inst/u_device_dna_reader/dna_clk_reg/Q
                         net (fo=1, routed)           0.847     2.230    udp_gateway_shadow_mirror_i/dma_gateway_hybrid_0/inst/u_device_dna_reader/dna_clk
    BUFGCTRL_X0Y16       BUFG (Prop_bufg_I_O)         0.029     2.259 r  udp_gateway_shadow_mirror_i/dma_gateway_hybrid_0/inst/u_device_dna_reader/dna_clk_BUFG_inst/O
                         net (fo=69, routed)          0.962     3.221    udp_gateway_shadow_mirror_i/dma_gateway_hybrid_0/inst/u_device_dna_reader/dna_clk_BUFG
    SLICE_X101Y110       FDCE                                         r  udp_gateway_shadow_mirror_i/dma_gateway_hybrid_0/inst/u_device_dna_reader/dna_bit_count_reg[1]/C
                         clock pessimism             -0.030     3.191    
    SLICE_X101Y110       FDCE (Remov_fdce_C_CLR)     -0.092     3.099    udp_gateway_shadow_mirror_i/dma_gateway_hybrid_0/inst/u_device_dna_reader/dna_bit_count_reg[1]
  -------------------------------------------------------------------
                         required time                         -3.099    
                         arrival time                           5.360    
  -------------------------------------------------------------------
                         slack                                  2.261    

Slack (MET) :             2.261ns  (arrival time - required time)
  Source:                 udp_gateway_shadow_mirror_i/rst_ps7_0_100M/U0/ACTIVE_LOW_PR_OUT_DFF[0].FDRE_PER_N/C
                            (rising edge-triggered cell FDRE clocked by clk_fpga_0  {rise@0.000ns fall@10.000ns period=20.000ns})
  Destination:            udp_gateway_shadow_mirror_i/dma_gateway_hybrid_0/inst/u_device_dna_reader/dna_bit_count_reg[2]/CLR
                            (removal check against rising-edge clock shadow_dna_clk  {rise@0.000ns fall@320.000ns period=640.000ns})
  Path Group:             **async_default**
  Path Type:              Removal (Min at Fast Process Corner)
  Requirement:            0.000ns  (shadow_dna_clk rise@0.000ns - clk_fpga_0 rise@0.000ns)
  Data Path Delay:        4.369ns  (logic 0.186ns (4.258%)  route 4.183ns (95.742%))
  Logic Levels:           1  (LUT1=1)
  Clock Path Skew:        2.200ns (DCD - SCD - CPR)
    Destination Clock Delay (DCD):    3.221ns
    Source Clock Delay      (SCD):    0.991ns
    Clock Pessimism Removal (CPR):    0.030ns

    Location             Delay type                Incr(ns)  Path(ns)    Netlist Resource(s)
  -------------------------------------------------------------------    -------------------
                         (clock clk_fpga_0 rise edge)
                                                      0.000     0.000 r  
    PS7_X0Y0             PS7                          0.000     0.000 r  udp_gateway_shadow_mirror_i/processing_system7_0/inst/PS7_i/FCLKCLK[0]
                         net (fo=1, routed)           0.310     0.310    udp_gateway_shadow_mirror_i/processing_system7_0/inst/FCLK_CLK_unbuffered[0]
    BUFGCTRL_X0Y17       BUFG (Prop_bufg_I_O)         0.026     0.336 r  udp_gateway_shadow_mirror_i/processing_system7_0/inst/buffer_fclk_clk_0.FCLK_CLK_0_BUFG/O
                         net (fo=42827, routed)       0.655     0.991    udp_gateway_shadow_mirror_i/rst_ps7_0_100M/U0/slowest_sync_clk
    SLICE_X57Y135        FDRE                                         r  udp_gateway_shadow_mirror_i/rst_ps7_0_100M/U0/ACTIVE_LOW_PR_OUT_DFF[0].FDRE_PER_N/C
  -------------------------------------------------------------------    -------------------
    SLICE_X57Y135        FDRE (Prop_fdre_C_Q)         0.141     1.132 r  udp_gateway_shadow_mirror_i/rst_ps7_0_100M/U0/ACTIVE_LOW_PR_OUT_DFF[0].FDRE_PER_N/Q
                         net (fo=93, routed)          2.305     3.437    udp_gateway_shadow_mirror_i/dma_gateway_hybrid_0/inst/u_shadow_acl_filter/u_acl/rst_n
    SLICE_X103Y112       LUT1 (Prop_lut1_I0_O)        0.045     3.482 f  udp_gateway_shadow_mirror_i/dma_gateway_hybrid_0/inst/u_shadow_acl_filter/u_acl/s_axil_awready_i_2/O
                         net (fo=1931, routed)        1.878     5.360    udp_gateway_shadow_mirror_i/dma_gateway_hybrid_0/inst/u_device_dna_reader/dna_bit_count_reg[6]_0
    SLICE_X101Y110       FDCE                                         f  udp_gateway_shadow_mirror_i/dma_gateway_hybrid_0/inst/u_device_dna_reader/dna_bit_count_reg[2]/CLR
  -------------------------------------------------------------------    -------------------

                         (clock shadow_dna_clk rise edge)
                                                      0.000     0.000 r  
    PS7_X0Y0             PS7                          0.000     0.000 r  udp_gateway_shadow_mirror_i/processing_system7_0/inst/PS7_i/FCLKCLK[0]
                         net (fo=1, routed)           0.337     0.337    udp_gateway_shadow_mirror_i/processing_system7_0/inst/FCLK_CLK_unbuffered[0]
    BUFGCTRL_X0Y17       BUFG (Prop_bufg_I_O)         0.029     0.366 r  udp_gateway_shadow_mirror_i/processing_system7_0/inst/buffer_fclk_clk_0.FCLK_CLK_0_BUFG/O
                         net (fo=42827, routed)       0.842     1.208    udp_gateway_shadow_mirror_i/dma_gateway_hybrid_0/inst/u_device_dna_reader/clk
    SLICE_X69Y21         FDCE (Prop_fdce_C_Q)         0.175     1.383 r  udp_gateway_shadow_mirror_i/dma_gateway_hybrid_0/inst/u_device_dna_reader/dna_clk_reg/Q
                         net (fo=1, routed)           0.847     2.230    udp_gateway_shadow_mirror_i/dma_gateway_hybrid_0/inst/u_device_dna_reader/dna_clk
    BUFGCTRL_X0Y16       BUFG (Prop_bufg_I_O)         0.029     2.259 r  udp_gateway_shadow_mirror_i/dma_gateway_hybrid_0/inst/u_device_dna_reader/dna_clk_BUFG_inst/O
                         net (fo=69, routed)          0.962     3.221    udp_gateway_shadow_mirror_i/dma_gateway_hybrid_0/inst/u_device_dna_reader/dna_clk_BUFG
    SLICE_X101Y110       FDCE                                         r  udp_gateway_shadow_mirror_i/dma_gateway_hybrid_0/inst/u_device_dna_reader/dna_bit_count_reg[2]/C
                         clock pessimism             -0.030     3.191    
    SLICE_X101Y110       FDCE (Remov_fdce_C_CLR)     -0.092     3.099    udp_gateway_shadow_mirror_i/dma_gateway_hybrid_0/inst/u_device_dna_reader/dna_bit_count_reg[2]
  -------------------------------------------------------------------
                         required time                         -3.099    
                         arrival time                           5.360    
  -------------------------------------------------------------------
                         slack                                  2.261    

Slack (MET) :             2.381ns  (arrival time - required time)
  Source:                 udp_gateway_shadow_mirror_i/rst_ps7_0_100M/U0/ACTIVE_LOW_PR_OUT_DFF[0].FDRE_PER_N/C
                            (rising edge-triggered cell FDRE clocked by clk_fpga_0  {rise@0.000ns fall@10.000ns period=20.000ns})
  Destination:            udp_gateway_shadow_mirror_i/dma_gateway_hybrid_0/inst/u_device_dna_reader/dna_bit_count_reg[3]/CLR
                            (removal check against rising-edge clock shadow_dna_clk  {rise@0.000ns fall@320.000ns period=640.000ns})
  Path Group:             **async_default**
  Path Type:              Removal (Min at Fast Process Corner)
  Requirement:            0.000ns  (shadow_dna_clk rise@0.000ns - clk_fpga_0 rise@0.000ns)
  Data Path Delay:        4.489ns  (logic 0.186ns (4.144%)  route 4.303ns (95.856%))
  Logic Levels:           1  (LUT1=1)
  Clock Path Skew:        2.200ns (DCD - SCD - CPR)
    Destination Clock Delay (DCD):    3.221ns
    Source Clock Delay      (SCD):    0.991ns
    Clock Pessimism Removal (CPR):    0.030ns

    Location             Delay type                Incr(ns)  Path(ns)    Netlist Resource(s)
  -------------------------------------------------------------------    -------------------
                         (clock clk_fpga_0 rise edge)
                                                      0.000     0.000 r  
    PS7_X0Y0             PS7                          0.000     0.000 r  udp_gateway_shadow_mirror_i/processing_system7_0/inst/PS7_i/FCLKCLK[0]
                         net (fo=1, routed)           0.310     0.310    udp_gateway_shadow_mirror_i/processing_system7_0/inst/FCLK_CLK_unbuffered[0]
    BUFGCTRL_X0Y17       BUFG (Prop_bufg_I_O)         0.026     0.336 r  udp_gateway_shadow_mirror_i/processing_system7_0/inst/buffer_fclk_clk_0.FCLK_CLK_0_BUFG/O
                         net (fo=42827, routed)       0.655     0.991    udp_gateway_shadow_mirror_i/rst_ps7_0_100M/U0/slowest_sync_clk
    SLICE_X57Y135        FDRE                                         r  udp_gateway_shadow_mirror_i/rst_ps7_0_100M/U0/ACTIVE_LOW_PR_OUT_DFF[0].FDRE_PER_N/C
  -------------------------------------------------------------------    -------------------
    SLICE_X57Y135        FDRE (Prop_fdre_C_Q)         0.141     1.132 r  udp_gateway_shadow_mirror_i/rst_ps7_0_100M/U0/ACTIVE_LOW_PR_OUT_DFF[0].FDRE_PER_N/Q
                         net (fo=93, routed)          2.305     3.437    udp_gateway_shadow_mirror_i/dma_gateway_hybrid_0/inst/u_shadow_acl_filter/u_acl/rst_n
    SLICE_X103Y112       LUT1 (Prop_lut1_I0_O)        0.045     3.482 f  udp_gateway_shadow_mirror_i/dma_gateway_hybrid_0/inst/u_shadow_acl_filter/u_acl/s_axil_awready_i_2/O
                         net (fo=1931, routed)        1.998     5.480    udp_gateway_shadow_mirror_i/dma_gateway_hybrid_0/inst/u_device_dna_reader/dna_bit_count_reg[6]_0
    SLICE_X99Y110        FDCE                                         f  udp_gateway_shadow_mirror_i/dma_gateway_hybrid_0/inst/u_device_dna_reader/dna_bit_count_reg[3]/CLR
  -------------------------------------------------------------------    -------------------

                         (clock shadow_dna_clk rise edge)
                                                      0.000     0.000 r  
    PS7_X0Y0             PS7                          0.000     0.000 r  udp_gateway_shadow_mirror_i/processing_system7_0/inst/PS7_i/FCLKCLK[0]
                         net (fo=1, routed)           0.337     0.337    udp_gateway_shadow_mirror_i/processing_system7_0/inst/FCLK_CLK_unbuffered[0]
    BUFGCTRL_X0Y17       BUFG (Prop_bufg_I_O)         0.029     0.366 r  udp_gateway_shadow_mirror_i/processing_system7_0/inst/buffer_fclk_clk_0.FCLK_CLK_0_BUFG/O
                         net (fo=42827, routed)       0.842     1.208    udp_gateway_shadow_mirror_i/dma_gateway_hybrid_0/inst/u_device_dna_reader/clk
    SLICE_X69Y21         FDCE (Prop_fdce_C_Q)         0.175     1.383 r  udp_gateway_shadow_mirror_i/dma_gateway_hybrid_0/inst/u_device_dna_reader/dna_clk_reg/Q
                         net (fo=1, routed)           0.847     2.230    udp_gateway_shadow_mirror_i/dma_gateway_hybrid_0/inst/u_device_dna_reader/dna_clk
    BUFGCTRL_X0Y16       BUFG (Prop_bufg_I_O)         0.029     2.259 r  udp_gateway_shadow_mirror_i/dma_gateway_hybrid_0/inst/u_device_dna_reader/dna_clk_BUFG_inst/O
                         net (fo=69, routed)          0.962     3.221    udp_gateway_shadow_mirror_i/dma_gateway_hybrid_0/inst/u_device_dna_reader/dna_clk_BUFG
    SLICE_X99Y110        FDCE                                         r  udp_gateway_shadow_mirror_i/dma_gateway_hybrid_0/inst/u_device_dna_reader/dna_bit_count_reg[3]/C
                         clock pessimism             -0.030     3.191    
    SLICE_X99Y110        FDCE (Remov_fdce_C_CLR)     -0.092     3.099    udp_gateway_shadow_mirror_i/dma_gateway_hybrid_0/inst/u_device_dna_reader/dna_bit_count_reg[3]
  -------------------------------------------------------------------
                         required time                         -3.099    
                         arrival time                           5.480    
  -------------------------------------------------------------------
                         slack                                  2.381    

Slack (MET) :             2.381ns  (arrival time - required time)
  Source:                 udp_gateway_shadow_mirror_i/rst_ps7_0_100M/U0/ACTIVE_LOW_PR_OUT_DFF[0].FDRE_PER_N/C
                            (rising edge-triggered cell FDRE clocked by clk_fpga_0  {rise@0.000ns fall@10.000ns period=20.000ns})
  Destination:            udp_gateway_shadow_mirror_i/dma_gateway_hybrid_0/inst/u_device_dna_reader/dna_bit_count_reg[4]/CLR
                            (removal check against rising-edge clock shadow_dna_clk  {rise@0.000ns fall@320.000ns period=640.000ns})
  Path Group:             **async_default**
  Path Type:              Removal (Min at Fast Process Corner)
  Requirement:            0.000ns  (shadow_dna_clk rise@0.000ns - clk_fpga_0 rise@0.000ns)
  Data Path Delay:        4.489ns  (logic 0.186ns (4.144%)  route 4.303ns (95.856%))
  Logic Levels:           1  (LUT1=1)
  Clock Path Skew:        2.200ns (DCD - SCD - CPR)
    Destination Clock Delay (DCD):    3.221ns
    Source Clock Delay      (SCD):    0.991ns
    Clock Pessimism Removal (CPR):    0.030ns

    Location             Delay type                Incr(ns)  Path(ns)    Netlist Resource(s)
  -------------------------------------------------------------------    -------------------
                         (clock clk_fpga_0 rise edge)
                                                      0.000     0.000 r  
    PS7_X0Y0             PS7                          0.000     0.000 r  udp_gateway_shadow_mirror_i/processing_system7_0/inst/PS7_i/FCLKCLK[0]
                         net (fo=1, routed)           0.310     0.310    udp_gateway_shadow_mirror_i/processing_system7_0/inst/FCLK_CLK_unbuffered[0]
    BUFGCTRL_X0Y17       BUFG (Prop_bufg_I_O)         0.026     0.336 r  udp_gateway_shadow_mirror_i/processing_system7_0/inst/buffer_fclk_clk_0.FCLK_CLK_0_BUFG/O
                         net (fo=42827, routed)       0.655     0.991    udp_gateway_shadow_mirror_i/rst_ps7_0_100M/U0/slowest_sync_clk
    SLICE_X57Y135        FDRE                                         r  udp_gateway_shadow_mirror_i/rst_ps7_0_100M/U0/ACTIVE_LOW_PR_OUT_DFF[0].FDRE_PER_N/C
  -------------------------------------------------------------------    -------------------
    SLICE_X57Y135        FDRE (Prop_fdre_C_Q)         0.141     1.132 r  udp_gateway_shadow_mirror_i/rst_ps7_0_100M/U0/ACTIVE_LOW_PR_OUT_DFF[0].FDRE_PER_N/Q
                         net (fo=93, routed)          2.305     3.437    udp_gateway_shadow_mirror_i/dma_gateway_hybrid_0/inst/u_shadow_acl_filter/u_acl/rst_n
    SLICE_X103Y112       LUT1 (Prop_lut1_I0_O)        0.045     3.482 f  udp_gateway_shadow_mirror_i/dma_gateway_hybrid_0/inst/u_shadow_acl_filter/u_acl/s_axil_awready_i_2/O
                         net (fo=1931, routed)        1.998     5.480    udp_gateway_shadow_mirror_i/dma_gateway_hybrid_0/inst/u_device_dna_reader/dna_bit_count_reg[6]_0
    SLICE_X99Y110        FDCE                                         f  udp_gateway_shadow_mirror_i/dma_gateway_hybrid_0/inst/u_device_dna_reader/dna_bit_count_reg[4]/CLR
  -------------------------------------------------------------------    -------------------

                         (clock shadow_dna_clk rise edge)
                                                      0.000     0.000 r  
    PS7_X0Y0             PS7                          0.000     0.000 r  udp_gateway_shadow_mirror_i/processing_system7_0/inst/PS7_i/FCLKCLK[0]
                         net (fo=1, routed)           0.337     0.337    udp_gateway_shadow_mirror_i/processing_system7_0/inst/FCLK_CLK_unbuffered[0]
    BUFGCTRL_X0Y17       BUFG (Prop_bufg_I_O)         0.029     0.366 r  udp_gateway_shadow_mirror_i/processing_system7_0/inst/buffer_fclk_clk_0.FCLK_CLK_0_BUFG/O
                         net (fo=42827, routed)       0.842     1.208    udp_gateway_shadow_mirror_i/dma_gateway_hybrid_0/inst/u_device_dna_reader/clk
    SLICE_X69Y21         FDCE (Prop_fdce_C_Q)         0.175     1.383 r  udp_gateway_shadow_mirror_i/dma_gateway_hybrid_0/inst/u_device_dna_reader/dna_clk_reg/Q
                         net (fo=1, routed)           0.847     2.230    udp_gateway_shadow_mirror_i/dma_gateway_hybrid_0/inst/u_device_dna_reader/dna_clk
    BUFGCTRL_X0Y16       BUFG (Prop_bufg_I_O)         0.029     2.259 r  udp_gateway_shadow_mirror_i/dma_gateway_hybrid_0/inst/u_device_dna_reader/dna_clk_BUFG_inst/O
                         net (fo=69, routed)          0.962     3.221    udp_gateway_shadow_mirror_i/dma_gateway_hybrid_0/inst/u_device_dna_reader/dna_clk_BUFG
    SLICE_X99Y110        FDCE                                         r  udp_gateway_shadow_mirror_i/dma_gateway_hybrid_0/inst/u_device_dna_reader/dna_bit_count_reg[4]/C
                         clock pessimism             -0.030     3.191    
    SLICE_X99Y110        FDCE (Remov_fdce_C_CLR)     -0.092     3.099    udp_gateway_shadow_mirror_i/dma_gateway_hybrid_0/inst/u_device_dna_reader/dna_bit_count_reg[4]
  -------------------------------------------------------------------
                         required time                         -3.099    
                         arrival time                           5.480    
  -------------------------------------------------------------------
                         slack                                  2.381    





--------------------------------------------------------------------------------------
Path Group:  (none)
From Clock:  
  To Clock:  clk_fpga_0

Max Delay             1 Endpoint
Min Delay             1 Endpoint
--------------------------------------------------------------------------------------


Max Delay Paths
--------------------------------------------------------------------------------------
Slack:                    inf
  Source:                 udp_gateway_shadow_mirror_i/processing_system7_0/inst/PS7_i/FCLKRESETN[0]
                            (internal pin)
  Destination:            udp_gateway_shadow_mirror_i/rst_ps7_0_100M/U0/EXT_LPF/ACTIVE_LOW_EXT.ACT_LO_EXT/GENERATE_LEVEL_P_S_CDC.SINGLE_BIT.CROSS_PLEVEL_IN2SCNDRY_IN_cdc_to/D
                            (rising edge-triggered cell FDRE clocked by clk_fpga_0  {rise@0.000ns fall@10.000ns period=20.000ns})
  Path Group:             (none)
  Path Type:              Setup (Max at Slow Process Corner)
  Data Path Delay:        3.964ns  (logic 0.124ns (3.128%)  route 3.840ns (96.872%))
  Logic Levels:           1  (LUT1=1)
  Clock Uncertainty:      0.301ns  ((TSJ^2 + TIJ^2)^1/2 + DJ) / 2 + PE
    Total System Jitter     (TSJ):    0.050ns
    Total Input Jitter      (TIJ):    0.600ns
    Discrete Jitter          (DJ):    0.000ns
    Phase Error              (PE):    0.000ns
  Timing Exception:       False Path

    Location             Delay type                Incr(ns)  Path(ns)    Netlist Resource(s)
  -------------------------------------------------------------------    -------------------
    PS7_X0Y0             PS7                          0.000     0.000 f  udp_gateway_shadow_mirror_i/processing_system7_0/inst/PS7_i/FCLKRESETN[0]
                         net (fo=1, routed)           3.102     3.102    udp_gateway_shadow_mirror_i/rst_ps7_0_100M/U0/EXT_LPF/ACTIVE_LOW_EXT.ACT_LO_EXT/ext_reset_in
    SLICE_X56Y126        LUT1 (Prop_lut1_I0_O)        0.124     3.226 r  udp_gateway_shadow_mirror_i/rst_ps7_0_100M/U0/EXT_LPF/ACTIVE_LOW_EXT.ACT_LO_EXT/GENERATE_LEVEL_P_S_CDC.SINGLE_BIT.CROSS_PLEVEL_IN2SCNDRY_IN_cdc_to_i_1/O
                         net (fo=1, routed)           0.738     3.964    udp_gateway_shadow_mirror_i/rst_ps7_0_100M/U0/EXT_LPF/ACTIVE_LOW_EXT.ACT_LO_EXT/exr_d1
    SLICE_X58Y131        FDRE                                         r  udp_gateway_shadow_mirror_i/rst_ps7_0_100M/U0/EXT_LPF/ACTIVE_LOW_EXT.ACT_LO_EXT/GENERATE_LEVEL_P_S_CDC.SINGLE_BIT.CROSS_PLEVEL_IN2SCNDRY_IN_cdc_to/D
  -------------------------------------------------------------------    -------------------

                         (clock clk_fpga_0 rise edge)
                                                      0.000     0.000 r  
    PS7_X0Y0             PS7                          0.000     0.000 r  udp_gateway_shadow_mirror_i/processing_system7_0/inst/PS7_i/FCLKCLK[0]
                         net (fo=1, routed)           1.088     1.088    udp_gateway_shadow_mirror_i/processing_system7_0/inst/FCLK_CLK_unbuffered[0]
    BUFGCTRL_X0Y17       BUFG (Prop_bufg_I_O)         0.091     1.179 r  udp_gateway_shadow_mirror_i/processing_system7_0/inst/buffer_fclk_clk_0.FCLK_CLK_0_BUFG/O
                         net (fo=42827, routed)       1.701     2.880    udp_gateway_shadow_mirror_i/rst_ps7_0_100M/U0/EXT_LPF/ACTIVE_LOW_EXT.ACT_LO_EXT/slowest_sync_clk
    SLICE_X58Y131        FDRE                                         r  udp_gateway_shadow_mirror_i/rst_ps7_0_100M/U0/EXT_LPF/ACTIVE_LOW_EXT.ACT_LO_EXT/GENERATE_LEVEL_P_S_CDC.SINGLE_BIT.CROSS_PLEVEL_IN2SCNDRY_IN_cdc_to/C





Min Delay Paths
--------------------------------------------------------------------------------------
Slack:                    inf
  Source:                 udp_gateway_shadow_mirror_i/processing_system7_0/inst/PS7_i/FCLKRESETN[0]
                            (internal pin)
  Destination:            udp_gateway_shadow_mirror_i/rst_ps7_0_100M/U0/EXT_LPF/ACTIVE_LOW_EXT.ACT_LO_EXT/GENERATE_LEVEL_P_S_CDC.SINGLE_BIT.CROSS_PLEVEL_IN2SCNDRY_IN_cdc_to/D
                            (rising edge-triggered cell FDRE clocked by clk_fpga_0  {rise@0.000ns fall@10.000ns period=20.000ns})
  Path Group:             (none)
  Path Type:              Hold (Min at Fast Process Corner)
  Data Path Delay:        1.667ns  (logic 0.045ns (2.699%)  route 1.622ns (97.301%))
  Logic Levels:           1  (LUT1=1)
  Clock Uncertainty:      0.301ns  ((TSJ^2 + TIJ^2)^1/2 + DJ) / 2 + PE
    Total System Jitter     (TSJ):    0.050ns
    Total Input Jitter      (TIJ):    0.600ns
    Discrete Jitter          (DJ):    0.000ns
    Phase Error              (PE):    0.000ns
  Timing Exception:       False Path

    Location             Delay type                Incr(ns)  Path(ns)    Netlist Resource(s)
  -------------------------------------------------------------------    -------------------
    PS7_X0Y0             PS7                          0.000     0.000 f  udp_gateway_shadow_mirror_i/processing_system7_0/inst/PS7_i/FCLKRESETN[0]
                         net (fo=1, routed)           1.365     1.365    udp_gateway_shadow_mirror_i/rst_ps7_0_100M/U0/EXT_LPF/ACTIVE_LOW_EXT.ACT_LO_EXT/ext_reset_in
    SLICE_X56Y126        LUT1 (Prop_lut1_I0_O)        0.045     1.410 r  udp_gateway_shadow_mirror_i/rst_ps7_0_100M/U0/EXT_LPF/ACTIVE_LOW_EXT.ACT_LO_EXT/GENERATE_LEVEL_P_S_CDC.SINGLE_BIT.CROSS_PLEVEL_IN2SCNDRY_IN_cdc_to_i_1/O
                         net (fo=1, routed)           0.257     1.667    udp_gateway_shadow_mirror_i/rst_ps7_0_100M/U0/EXT_LPF/ACTIVE_LOW_EXT.ACT_LO_EXT/exr_d1
    SLICE_X58Y131        FDRE                                         r  udp_gateway_shadow_mirror_i/rst_ps7_0_100M/U0/EXT_LPF/ACTIVE_LOW_EXT.ACT_LO_EXT/GENERATE_LEVEL_P_S_CDC.SINGLE_BIT.CROSS_PLEVEL_IN2SCNDRY_IN_cdc_to/D
  -------------------------------------------------------------------    -------------------

                         (clock clk_fpga_0 rise edge)
                                                      0.000     0.000 r  
    PS7_X0Y0             PS7                          0.000     0.000 r  udp_gateway_shadow_mirror_i/processing_system7_0/inst/PS7_i/FCLKCLK[0]
                         net (fo=1, routed)           0.337     0.337    udp_gateway_shadow_mirror_i/processing_system7_0/inst/FCLK_CLK_unbuffered[0]
    BUFGCTRL_X0Y17       BUFG (Prop_bufg_I_O)         0.029     0.366 r  udp_gateway_shadow_mirror_i/processing_system7_0/inst/buffer_fclk_clk_0.FCLK_CLK_0_BUFG/O
                         net (fo=42827, routed)       0.924     1.290    udp_gateway_shadow_mirror_i/rst_ps7_0_100M/U0/EXT_LPF/ACTIVE_LOW_EXT.ACT_LO_EXT/slowest_sync_clk
    SLICE_X58Y131        FDRE                                         r  udp_gateway_shadow_mirror_i/rst_ps7_0_100M/U0/EXT_LPF/ACTIVE_LOW_EXT.ACT_LO_EXT/GENERATE_LEVEL_P_S_CDC.SINGLE_BIT.CROSS_PLEVEL_IN2SCNDRY_IN_cdc_to/C





--------------------------------------------------------------------------------------
Path Group:  (none)
From Clock:  clk_fpga_0
  To Clock:  clk_fpga_0

Max Delay             6 Endpoints
Min Delay             6 Endpoints
--------------------------------------------------------------------------------------


Max Delay Paths
--------------------------------------------------------------------------------------
Slack:                    inf
  Source:                 udp_gateway_shadow_mirror_i/rst_ps7_0_100M/U0/ACTIVE_LOW_PR_OUT_DFF[0].FDRE_PER_N/C
                            (rising edge-triggered cell FDRE clocked by clk_fpga_0  {rise@0.000ns fall@10.000ns period=20.000ns})
  Destination:            udp_gateway_shadow_mirror_i/axi_mem_intercon/m00_couplers/auto_pc/inst/gen_axi4_axi3.axi3_conv_inst/USE_READ.USE_SPLIT_R.read_addr_inst/USE_R_CHANNEL.cmd_queue/inst/fifo_gen_inst/inst_fifo_gen/gconvfifo.rf/grf.rf/rstblk/ngwrdrst.grst.g7serrst.gnsckt_wrst.rst_wr_reg2_inst/arststages_ff_reg[0]/PRE
                            (recovery check against rising-edge clock clk_fpga_0  {rise@0.000ns fall@10.000ns period=20.000ns})
  Path Group:             (none)
  Path Type:              Recovery (Max at Slow Process Corner)
  Data Path Delay:        7.066ns  (logic 0.608ns (8.605%)  route 6.458ns (91.395%))
  Logic Levels:           1  (LUT1=1)
  Clock Path Skew:        -0.505ns (DCD - SCD + CPR)
    Destination Clock Delay (DCD):    2.688ns
    Source Clock Delay      (SCD):    3.193ns
    Clock Pessimism Removal (CPR):    0.000ns
  Clock Uncertainty:      0.302ns  ((TSJ^2 + TIJ^2)^1/2 + DJ) / 2 + PE
    Total System Jitter     (TSJ):    0.071ns
    Total Input Jitter      (TIJ):    0.600ns
    Discrete Jitter          (DJ):    0.000ns
    Phase Error              (PE):    0.000ns
  Timing Exception:       False Path

    Location             Delay type                Incr(ns)  Path(ns)    Netlist Resource(s)
  -------------------------------------------------------------------    -------------------
                         (clock clk_fpga_0 rise edge)
                                                      0.000     0.000 r  
    PS7_X0Y0             PS7                          0.000     0.000 r  udp_gateway_shadow_mirror_i/processing_system7_0/inst/PS7_i/FCLKCLK[0]
                         net (fo=1, routed)           1.193     1.193    udp_gateway_shadow_mirror_i/processing_system7_0/inst/FCLK_CLK_unbuffered[0]
    BUFGCTRL_X0Y17       BUFG (Prop_bufg_I_O)         0.101     1.294 r  udp_gateway_shadow_mirror_i/processing_system7_0/inst/buffer_fclk_clk_0.FCLK_CLK_0_BUFG/O
                         net (fo=42827, routed)       1.899     3.193    udp_gateway_shadow_mirror_i/rst_ps7_0_100M/U0/slowest_sync_clk
    SLICE_X57Y135        FDRE                                         r  udp_gateway_shadow_mirror_i/rst_ps7_0_100M/U0/ACTIVE_LOW_PR_OUT_DFF[0].FDRE_PER_N/C
  -------------------------------------------------------------------    -------------------
    SLICE_X57Y135        FDRE (Prop_fdre_C_Q)         0.456     3.649 r  udp_gateway_shadow_mirror_i/rst_ps7_0_100M/U0/ACTIVE_LOW_PR_OUT_DFF[0].FDRE_PER_N/Q
                         net (fo=93, routed)          2.272     5.921    udp_gateway_shadow_mirror_i/axi_mem_intercon/m00_couplers/auto_pc/inst/gen_axi4_axi3.axi3_conv_inst/USE_WRITE.write_addr_inst/USE_BURSTS.cmd_queue/inst/aresetn
    SLICE_X57Y96         LUT1 (Prop_lut1_I0_O)        0.152     6.073 f  udp_gateway_shadow_mirror_i/axi_mem_intercon/m00_couplers/auto_pc/inst/gen_axi4_axi3.axi3_conv_inst/USE_WRITE.write_addr_inst/USE_BURSTS.cmd_queue/inst/S_AXI_AREADY_I_i_1/O
                         net (fo=253, routed)         4.186    10.259    udp_gateway_shadow_mirror_i/axi_mem_intercon/m00_couplers/auto_pc/inst/gen_axi4_axi3.axi3_conv_inst/USE_READ.USE_SPLIT_R.read_addr_inst/USE_R_CHANNEL.cmd_queue/inst/fifo_gen_inst/inst_fifo_gen/gconvfifo.rf/grf.rf/rstblk/ngwrdrst.grst.g7serrst.gnsckt_wrst.rst_wr_reg2_inst/src_arst
    SLICE_X27Y78         FDPE                                         f  udp_gateway_shadow_mirror_i/axi_mem_intercon/m00_couplers/auto_pc/inst/gen_axi4_axi3.axi3_conv_inst/USE_READ.USE_SPLIT_R.read_addr_inst/USE_R_CHANNEL.cmd_queue/inst/fifo_gen_inst/inst_fifo_gen/gconvfifo.rf/grf.rf/rstblk/ngwrdrst.grst.g7serrst.gnsckt_wrst.rst_wr_reg2_inst/arststages_ff_reg[0]/PRE
  -------------------------------------------------------------------    -------------------

                         (clock clk_fpga_0 rise edge)
                                                      0.000     0.000 r  
    PS7_X0Y0             PS7                          0.000     0.000 r  udp_gateway_shadow_mirror_i/processing_system7_0/inst/PS7_i/FCLKCLK[0]
                         net (fo=1, routed)           1.088     1.088    udp_gateway_shadow_mirror_i/processing_system7_0/inst/FCLK_CLK_unbuffered[0]
    BUFGCTRL_X0Y17       BUFG (Prop_bufg_I_O)         0.091     1.179 r  udp_gateway_shadow_mirror_i/processing_system7_0/inst/buffer_fclk_clk_0.FCLK_CLK_0_BUFG/O
                         net (fo=42827, routed)       1.509     2.688    udp_gateway_shadow_mirror_i/axi_mem_intercon/m00_couplers/auto_pc/inst/gen_axi4_axi3.axi3_conv_inst/USE_READ.USE_SPLIT_R.read_addr_inst/USE_R_CHANNEL.cmd_queue/inst/fifo_gen_inst/inst_fifo_gen/gconvfifo.rf/grf.rf/rstblk/ngwrdrst.grst.g7serrst.gnsckt_wrst.rst_wr_reg2_inst/dest_clk
    SLICE_X27Y78         FDPE                                         r  udp_gateway_shadow_mirror_i/axi_mem_intercon/m00_couplers/auto_pc/inst/gen_axi4_axi3.axi3_conv_inst/USE_READ.USE_SPLIT_R.read_addr_inst/USE_R_CHANNEL.cmd_queue/inst/fifo_gen_inst/inst_fifo_gen/gconvfifo.rf/grf.rf/rstblk/ngwrdrst.grst.g7serrst.gnsckt_wrst.rst_wr_reg2_inst/arststages_ff_reg[0]/C

Slack:                    inf
  Source:                 udp_gateway_shadow_mirror_i/rst_ps7_0_100M/U0/ACTIVE_LOW_PR_OUT_DFF[0].FDRE_PER_N/C
                            (rising edge-triggered cell FDRE clocked by clk_fpga_0  {rise@0.000ns fall@10.000ns period=20.000ns})
  Destination:            udp_gateway_shadow_mirror_i/axi_mem_intercon/m00_couplers/auto_pc/inst/gen_axi4_axi3.axi3_conv_inst/USE_READ.USE_SPLIT_R.read_addr_inst/USE_R_CHANNEL.cmd_queue/inst/fifo_gen_inst/inst_fifo_gen/gconvfifo.rf/grf.rf/rstblk/ngwrdrst.grst.g7serrst.gnsckt_wrst.rst_wr_reg2_inst/arststages_ff_reg[1]/PRE
                            (recovery check against rising-edge clock clk_fpga_0  {rise@0.000ns fall@10.000ns period=20.000ns})
  Path Group:             (none)
  Path Type:              Recovery (Max at Slow Process Corner)
  Data Path Delay:        7.066ns  (logic 0.608ns (8.605%)  route 6.458ns (91.395%))
  Logic Levels:           1  (LUT1=1)
  Clock Path Skew:        -0.505ns (DCD - SCD + CPR)
    Destination Clock Delay (DCD):    2.688ns
    Source Clock Delay      (SCD):    3.193ns
    Clock Pessimism Removal (CPR):    0.000ns
  Clock Uncertainty:      0.302ns  ((TSJ^2 + TIJ^2)^1/2 + DJ) / 2 + PE
    Total System Jitter     (TSJ):    0.071ns
    Total Input Jitter      (TIJ):    0.600ns
    Discrete Jitter          (DJ):    0.000ns
    Phase Error              (PE):    0.000ns
  Timing Exception:       False Path

    Location             Delay type                Incr(ns)  Path(ns)    Netlist Resource(s)
  -------------------------------------------------------------------    -------------------
                         (clock clk_fpga_0 rise edge)
                                                      0.000     0.000 r  
    PS7_X0Y0             PS7                          0.000     0.000 r  udp_gateway_shadow_mirror_i/processing_system7_0/inst/PS7_i/FCLKCLK[0]
                         net (fo=1, routed)           1.193     1.193    udp_gateway_shadow_mirror_i/processing_system7_0/inst/FCLK_CLK_unbuffered[0]
    BUFGCTRL_X0Y17       BUFG (Prop_bufg_I_O)         0.101     1.294 r  udp_gateway_shadow_mirror_i/processing_system7_0/inst/buffer_fclk_clk_0.FCLK_CLK_0_BUFG/O
                         net (fo=42827, routed)       1.899     3.193    udp_gateway_shadow_mirror_i/rst_ps7_0_100M/U0/slowest_sync_clk
    SLICE_X57Y135        FDRE                                         r  udp_gateway_shadow_mirror_i/rst_ps7_0_100M/U0/ACTIVE_LOW_PR_OUT_DFF[0].FDRE_PER_N/C
  -------------------------------------------------------------------    -------------------
    SLICE_X57Y135        FDRE (Prop_fdre_C_Q)         0.456     3.649 r  udp_gateway_shadow_mirror_i/rst_ps7_0_100M/U0/ACTIVE_LOW_PR_OUT_DFF[0].FDRE_PER_N/Q
                         net (fo=93, routed)          2.272     5.921    udp_gateway_shadow_mirror_i/axi_mem_intercon/m00_couplers/auto_pc/inst/gen_axi4_axi3.axi3_conv_inst/USE_WRITE.write_addr_inst/USE_BURSTS.cmd_queue/inst/aresetn
    SLICE_X57Y96         LUT1 (Prop_lut1_I0_O)        0.152     6.073 f  udp_gateway_shadow_mirror_i/axi_mem_intercon/m00_couplers/auto_pc/inst/gen_axi4_axi3.axi3_conv_inst/USE_WRITE.write_addr_inst/USE_BURSTS.cmd_queue/inst/S_AXI_AREADY_I_i_1/O
                         net (fo=253, routed)         4.186    10.259    udp_gateway_shadow_mirror_i/axi_mem_intercon/m00_couplers/auto_pc/inst/gen_axi4_axi3.axi3_conv_inst/USE_READ.USE_SPLIT_R.read_addr_inst/USE_R_CHANNEL.cmd_queue/inst/fifo_gen_inst/inst_fifo_gen/gconvfifo.rf/grf.rf/rstblk/ngwrdrst.grst.g7serrst.gnsckt_wrst.rst_wr_reg2_inst/src_arst
    SLICE_X27Y78         FDPE                                         f  udp_gateway_shadow_mirror_i/axi_mem_intercon/m00_couplers/auto_pc/inst/gen_axi4_axi3.axi3_conv_inst/USE_READ.USE_SPLIT_R.read_addr_inst/USE_R_CHANNEL.cmd_queue/inst/fifo_gen_inst/inst_fifo_gen/gconvfifo.rf/grf.rf/rstblk/ngwrdrst.grst.g7serrst.gnsckt_wrst.rst_wr_reg2_inst/arststages_ff_reg[1]/PRE
  -------------------------------------------------------------------    -------------------

                         (clock clk_fpga_0 rise edge)
                                                      0.000     0.000 r  
    PS7_X0Y0             PS7                          0.000     0.000 r  udp_gateway_shadow_mirror_i/processing_system7_0/inst/PS7_i/FCLKCLK[0]
                         net (fo=1, routed)           1.088     1.088    udp_gateway_shadow_mirror_i/processing_system7_0/inst/FCLK_CLK_unbuffered[0]
    BUFGCTRL_X0Y17       BUFG (Prop_bufg_I_O)         0.091     1.179 r  udp_gateway_shadow_mirror_i/processing_system7_0/inst/buffer_fclk_clk_0.FCLK_CLK_0_BUFG/O
                         net (fo=42827, routed)       1.509     2.688    udp_gateway_shadow_mirror_i/axi_mem_intercon/m00_couplers/auto_pc/inst/gen_axi4_axi3.axi3_conv_inst/USE_READ.USE_SPLIT_R.read_addr_inst/USE_R_CHANNEL.cmd_queue/inst/fifo_gen_inst/inst_fifo_gen/gconvfifo.rf/grf.rf/rstblk/ngwrdrst.grst.g7serrst.gnsckt_wrst.rst_wr_reg2_inst/dest_clk
    SLICE_X27Y78         FDPE                                         r  udp_gateway_shadow_mirror_i/axi_mem_intercon/m00_couplers/auto_pc/inst/gen_axi4_axi3.axi3_conv_inst/USE_READ.USE_SPLIT_R.read_addr_inst/USE_R_CHANNEL.cmd_queue/inst/fifo_gen_inst/inst_fifo_gen/gconvfifo.rf/grf.rf/rstblk/ngwrdrst.grst.g7serrst.gnsckt_wrst.rst_wr_reg2_inst/arststages_ff_reg[1]/C

Slack:                    inf
  Source:                 udp_gateway_shadow_mirror_i/rst_ps7_0_100M/U0/ACTIVE_LOW_PR_OUT_DFF[0].FDRE_PER_N/C
                            (rising edge-triggered cell FDRE clocked by clk_fpga_0  {rise@0.000ns fall@10.000ns period=20.000ns})
  Destination:            udp_gateway_shadow_mirror_i/axi_mem_intercon/m00_couplers/auto_pc/inst/gen_axi4_axi3.axi3_conv_inst/USE_WRITE.write_addr_inst/USE_BURSTS.cmd_queue/inst/fifo_gen_inst/inst_fifo_gen/gconvfifo.rf/grf.rf/rstblk/ngwrdrst.grst.g7serrst.gnsckt_wrst.rst_wr_reg2_inst/arststages_ff_reg[0]/PRE
                            (recovery check against rising-edge clock clk_fpga_0  {rise@0.000ns fall@10.000ns period=20.000ns})
  Path Group:             (none)
  Path Type:              Recovery (Max at Slow Process Corner)
  Data Path Delay:        6.356ns  (logic 0.608ns (9.566%)  route 5.748ns (90.434%))
  Logic Levels:           1  (LUT1=1)
  Clock Path Skew:        -0.294ns (DCD - SCD + CPR)
    Destination Clock Delay (DCD):    2.899ns
    Source Clock Delay      (SCD):    3.193ns
    Clock Pessimism Removal (CPR):    0.000ns
  Clock Uncertainty:      0.302ns  ((TSJ^2 + TIJ^2)^1/2 + DJ) / 2 + PE
    Total System Jitter     (TSJ):    0.071ns
    Total Input Jitter      (TIJ):    0.600ns
    Discrete Jitter          (DJ):    0.000ns
    Phase Error              (PE):    0.000ns
  Timing Exception:       False Path

    Location             Delay type                Incr(ns)  Path(ns)    Netlist Resource(s)
  -------------------------------------------------------------------    -------------------
                         (clock clk_fpga_0 rise edge)
                                                      0.000     0.000 r  
    PS7_X0Y0             PS7                          0.000     0.000 r  udp_gateway_shadow_mirror_i/processing_system7_0/inst/PS7_i/FCLKCLK[0]
                         net (fo=1, routed)           1.193     1.193    udp_gateway_shadow_mirror_i/processing_system7_0/inst/FCLK_CLK_unbuffered[0]
    BUFGCTRL_X0Y17       BUFG (Prop_bufg_I_O)         0.101     1.294 r  udp_gateway_shadow_mirror_i/processing_system7_0/inst/buffer_fclk_clk_0.FCLK_CLK_0_BUFG/O
                         net (fo=42827, routed)       1.899     3.193    udp_gateway_shadow_mirror_i/rst_ps7_0_100M/U0/slowest_sync_clk
    SLICE_X57Y135        FDRE                                         r  udp_gateway_shadow_mirror_i/rst_ps7_0_100M/U0/ACTIVE_LOW_PR_OUT_DFF[0].FDRE_PER_N/C
  -------------------------------------------------------------------    -------------------
    SLICE_X57Y135        FDRE (Prop_fdre_C_Q)         0.456     3.649 r  udp_gateway_shadow_mirror_i/rst_ps7_0_100M/U0/ACTIVE_LOW_PR_OUT_DFF[0].FDRE_PER_N/Q
                         net (fo=93, routed)          2.272     5.921    udp_gateway_shadow_mirror_i/axi_mem_intercon/m00_couplers/auto_pc/inst/gen_axi4_axi3.axi3_conv_inst/USE_WRITE.write_addr_inst/USE_BURSTS.cmd_queue/inst/aresetn
    SLICE_X57Y96         LUT1 (Prop_lut1_I0_O)        0.152     6.073 f  udp_gateway_shadow_mirror_i/axi_mem_intercon/m00_couplers/auto_pc/inst/gen_axi4_axi3.axi3_conv_inst/USE_WRITE.write_addr_inst/USE_BURSTS.cmd_queue/inst/S_AXI_AREADY_I_i_1/O
                         net (fo=253, routed)         3.476     9.549    udp_gateway_shadow_mirror_i/axi_mem_intercon/m00_couplers/auto_pc/inst/gen_axi4_axi3.axi3_conv_inst/USE_WRITE.write_addr_inst/USE_BURSTS.cmd_queue/inst/fifo_gen_inst/inst_fifo_gen/gconvfifo.rf/grf.rf/rstblk/ngwrdrst.grst.g7serrst.gnsckt_wrst.rst_wr_reg2_inst/src_arst
    SLICE_X85Y105        FDPE                                         f  udp_gateway_shadow_mirror_i/axi_mem_intercon/m00_couplers/auto_pc/inst/gen_axi4_axi3.axi3_conv_inst/USE_WRITE.write_addr_inst/USE_BURSTS.cmd_queue/inst/fifo_gen_inst/inst_fifo_gen/gconvfifo.rf/grf.rf/rstblk/ngwrdrst.grst.g7serrst.gnsckt_wrst.rst_wr_reg2_inst/arststages_ff_reg[0]/PRE
  -------------------------------------------------------------------    -------------------

                         (clock clk_fpga_0 rise edge)
                                                      0.000     0.000 r  
    PS7_X0Y0             PS7                          0.000     0.000 r  udp_gateway_shadow_mirror_i/processing_system7_0/inst/PS7_i/FCLKCLK[0]
                         net (fo=1, routed)           1.088     1.088    udp_gateway_shadow_mirror_i/processing_system7_0/inst/FCLK_CLK_unbuffered[0]
    BUFGCTRL_X0Y17       BUFG (Prop_bufg_I_O)         0.091     1.179 r  udp_gateway_shadow_mirror_i/processing_system7_0/inst/buffer_fclk_clk_0.FCLK_CLK_0_BUFG/O
                         net (fo=42827, routed)       1.720     2.899    udp_gateway_shadow_mirror_i/axi_mem_intercon/m00_couplers/auto_pc/inst/gen_axi4_axi3.axi3_conv_inst/USE_WRITE.write_addr_inst/USE_BURSTS.cmd_queue/inst/fifo_gen_inst/inst_fifo_gen/gconvfifo.rf/grf.rf/rstblk/ngwrdrst.grst.g7serrst.gnsckt_wrst.rst_wr_reg2_inst/dest_clk
    SLICE_X85Y105        FDPE                                         r  udp_gateway_shadow_mirror_i/axi_mem_intercon/m00_couplers/auto_pc/inst/gen_axi4_axi3.axi3_conv_inst/USE_WRITE.write_addr_inst/USE_BURSTS.cmd_queue/inst/fifo_gen_inst/inst_fifo_gen/gconvfifo.rf/grf.rf/rstblk/ngwrdrst.grst.g7serrst.gnsckt_wrst.rst_wr_reg2_inst/arststages_ff_reg[0]/C

Slack:                    inf
  Source:                 udp_gateway_shadow_mirror_i/rst_ps7_0_100M/U0/ACTIVE_LOW_PR_OUT_DFF[0].FDRE_PER_N/C
                            (rising edge-triggered cell FDRE clocked by clk_fpga_0  {rise@0.000ns fall@10.000ns period=20.000ns})
  Destination:            udp_gateway_shadow_mirror_i/axi_mem_intercon/m00_couplers/auto_pc/inst/gen_axi4_axi3.axi3_conv_inst/USE_WRITE.write_addr_inst/USE_BURSTS.cmd_queue/inst/fifo_gen_inst/inst_fifo_gen/gconvfifo.rf/grf.rf/rstblk/ngwrdrst.grst.g7serrst.gnsckt_wrst.rst_wr_reg2_inst/arststages_ff_reg[1]/PRE
                            (recovery check against rising-edge clock clk_fpga_0  {rise@0.000ns fall@10.000ns period=20.000ns})
  Path Group:             (none)
  Path Type:              Recovery (Max at Slow Process Corner)
  Data Path Delay:        6.356ns  (logic 0.608ns (9.566%)  route 5.748ns (90.434%))
  Logic Levels:           1  (LUT1=1)
  Clock Path Skew:        -0.294ns (DCD - SCD + CPR)
    Destination Clock Delay (DCD):    2.899ns
    Source Clock Delay      (SCD):    3.193ns
    Clock Pessimism Removal (CPR):    0.000ns
  Clock Uncertainty:      0.302ns  ((TSJ^2 + TIJ^2)^1/2 + DJ) / 2 + PE
    Total System Jitter     (TSJ):    0.071ns
    Total Input Jitter      (TIJ):    0.600ns
    Discrete Jitter          (DJ):    0.000ns
    Phase Error              (PE):    0.000ns
  Timing Exception:       False Path

    Location             Delay type                Incr(ns)  Path(ns)    Netlist Resource(s)
  -------------------------------------------------------------------    -------------------
                         (clock clk_fpga_0 rise edge)
                                                      0.000     0.000 r  
    PS7_X0Y0             PS7                          0.000     0.000 r  udp_gateway_shadow_mirror_i/processing_system7_0/inst/PS7_i/FCLKCLK[0]
                         net (fo=1, routed)           1.193     1.193    udp_gateway_shadow_mirror_i/processing_system7_0/inst/FCLK_CLK_unbuffered[0]
    BUFGCTRL_X0Y17       BUFG (Prop_bufg_I_O)         0.101     1.294 r  udp_gateway_shadow_mirror_i/processing_system7_0/inst/buffer_fclk_clk_0.FCLK_CLK_0_BUFG/O
                         net (fo=42827, routed)       1.899     3.193    udp_gateway_shadow_mirror_i/rst_ps7_0_100M/U0/slowest_sync_clk
    SLICE_X57Y135        FDRE                                         r  udp_gateway_shadow_mirror_i/rst_ps7_0_100M/U0/ACTIVE_LOW_PR_OUT_DFF[0].FDRE_PER_N/C
  -------------------------------------------------------------------    -------------------
    SLICE_X57Y135        FDRE (Prop_fdre_C_Q)         0.456     3.649 r  udp_gateway_shadow_mirror_i/rst_ps7_0_100M/U0/ACTIVE_LOW_PR_OUT_DFF[0].FDRE_PER_N/Q
                         net (fo=93, routed)          2.272     5.921    udp_gateway_shadow_mirror_i/axi_mem_intercon/m00_couplers/auto_pc/inst/gen_axi4_axi3.axi3_conv_inst/USE_WRITE.write_addr_inst/USE_BURSTS.cmd_queue/inst/aresetn
    SLICE_X57Y96         LUT1 (Prop_lut1_I0_O)        0.152     6.073 f  udp_gateway_shadow_mirror_i/axi_mem_intercon/m00_couplers/auto_pc/inst/gen_axi4_axi3.axi3_conv_inst/USE_WRITE.write_addr_inst/USE_BURSTS.cmd_queue/inst/S_AXI_AREADY_I_i_1/O
                         net (fo=253, routed)         3.476     9.549    udp_gateway_shadow_mirror_i/axi_mem_intercon/m00_couplers/auto_pc/inst/gen_axi4_axi3.axi3_conv_inst/USE_WRITE.write_addr_inst/USE_BURSTS.cmd_queue/inst/fifo_gen_inst/inst_fifo_gen/gconvfifo.rf/grf.rf/rstblk/ngwrdrst.grst.g7serrst.gnsckt_wrst.rst_wr_reg2_inst/src_arst
    SLICE_X85Y105        FDPE                                         f  udp_gateway_shadow_mirror_i/axi_mem_intercon/m00_couplers/auto_pc/inst/gen_axi4_axi3.axi3_conv_inst/USE_WRITE.write_addr_inst/USE_BURSTS.cmd_queue/inst/fifo_gen_inst/inst_fifo_gen/gconvfifo.rf/grf.rf/rstblk/ngwrdrst.grst.g7serrst.gnsckt_wrst.rst_wr_reg2_inst/arststages_ff_reg[1]/PRE
  -------------------------------------------------------------------    -------------------

                         (clock clk_fpga_0 rise edge)
                                                      0.000     0.000 r  
    PS7_X0Y0             PS7                          0.000     0.000 r  udp_gateway_shadow_mirror_i/processing_system7_0/inst/PS7_i/FCLKCLK[0]
                         net (fo=1, routed)           1.088     1.088    udp_gateway_shadow_mirror_i/processing_system7_0/inst/FCLK_CLK_unbuffered[0]
    BUFGCTRL_X0Y17       BUFG (Prop_bufg_I_O)         0.091     1.179 r  udp_gateway_shadow_mirror_i/processing_system7_0/inst/buffer_fclk_clk_0.FCLK_CLK_0_BUFG/O
                         net (fo=42827, routed)       1.720     2.899    udp_gateway_shadow_mirror_i/axi_mem_intercon/m00_couplers/auto_pc/inst/gen_axi4_axi3.axi3_conv_inst/USE_WRITE.write_addr_inst/USE_BURSTS.cmd_queue/inst/fifo_gen_inst/inst_fifo_gen/gconvfifo.rf/grf.rf/rstblk/ngwrdrst.grst.g7serrst.gnsckt_wrst.rst_wr_reg2_inst/dest_clk
    SLICE_X85Y105        FDPE                                         r  udp_gateway_shadow_mirror_i/axi_mem_intercon/m00_couplers/auto_pc/inst/gen_axi4_axi3.axi3_conv_inst/USE_WRITE.write_addr_inst/USE_BURSTS.cmd_queue/inst/fifo_gen_inst/inst_fifo_gen/gconvfifo.rf/grf.rf/rstblk/ngwrdrst.grst.g7serrst.gnsckt_wrst.rst_wr_reg2_inst/arststages_ff_reg[1]/C

Slack:                    inf
  Source:                 udp_gateway_shadow_mirror_i/rst_ps7_0_100M/U0/ACTIVE_LOW_PR_OUT_DFF[0].FDRE_PER_N/C
                            (rising edge-triggered cell FDRE clocked by clk_fpga_0  {rise@0.000ns fall@10.000ns period=20.000ns})
  Destination:            udp_gateway_shadow_mirror_i/axi_mem_intercon/m00_couplers/auto_pc/inst/gen_axi4_axi3.axi3_conv_inst/USE_WRITE.write_addr_inst/USE_B_CHANNEL.cmd_b_queue/inst/fifo_gen_inst/inst_fifo_gen/gconvfifo.rf/grf.rf/rstblk/ngwrdrst.grst.g7serrst.gnsckt_wrst.rst_wr_reg2_inst/arststages_ff_reg[0]/PRE
                            (recovery check against rising-edge clock clk_fpga_0  {rise@0.000ns fall@10.000ns period=20.000ns})
  Path Group:             (none)
  Path Type:              Recovery (Max at Slow Process Corner)
  Data Path Delay:        6.356ns  (logic 0.608ns (9.566%)  route 5.748ns (90.434%))
  Logic Levels:           1  (LUT1=1)
  Clock Path Skew:        -0.294ns (DCD - SCD + CPR)
    Destination Clock Delay (DCD):    2.899ns
    Source Clock Delay      (SCD):    3.193ns
    Clock Pessimism Removal (CPR):    0.000ns
  Clock Uncertainty:      0.302ns  ((TSJ^2 + TIJ^2)^1/2 + DJ) / 2 + PE
    Total System Jitter     (TSJ):    0.071ns
    Total Input Jitter      (TIJ):    0.600ns
    Discrete Jitter          (DJ):    0.000ns
    Phase Error              (PE):    0.000ns
  Timing Exception:       False Path

    Location             Delay type                Incr(ns)  Path(ns)    Netlist Resource(s)
  -------------------------------------------------------------------    -------------------
                         (clock clk_fpga_0 rise edge)
                                                      0.000     0.000 r  
    PS7_X0Y0             PS7                          0.000     0.000 r  udp_gateway_shadow_mirror_i/processing_system7_0/inst/PS7_i/FCLKCLK[0]
                         net (fo=1, routed)           1.193     1.193    udp_gateway_shadow_mirror_i/processing_system7_0/inst/FCLK_CLK_unbuffered[0]
    BUFGCTRL_X0Y17       BUFG (Prop_bufg_I_O)         0.101     1.294 r  udp_gateway_shadow_mirror_i/processing_system7_0/inst/buffer_fclk_clk_0.FCLK_CLK_0_BUFG/O
                         net (fo=42827, routed)       1.899     3.193    udp_gateway_shadow_mirror_i/rst_ps7_0_100M/U0/slowest_sync_clk
    SLICE_X57Y135        FDRE                                         r  udp_gateway_shadow_mirror_i/rst_ps7_0_100M/U0/ACTIVE_LOW_PR_OUT_DFF[0].FDRE_PER_N/C
  -------------------------------------------------------------------    -------------------
    SLICE_X57Y135        FDRE (Prop_fdre_C_Q)         0.456     3.649 r  udp_gateway_shadow_mirror_i/rst_ps7_0_100M/U0/ACTIVE_LOW_PR_OUT_DFF[0].FDRE_PER_N/Q
                         net (fo=93, routed)          2.272     5.921    udp_gateway_shadow_mirror_i/axi_mem_intercon/m00_couplers/auto_pc/inst/gen_axi4_axi3.axi3_conv_inst/USE_WRITE.write_addr_inst/USE_BURSTS.cmd_queue/inst/aresetn
    SLICE_X57Y96         LUT1 (Prop_lut1_I0_O)        0.152     6.073 f  udp_gateway_shadow_mirror_i/axi_mem_intercon/m00_couplers/auto_pc/inst/gen_axi4_axi3.axi3_conv_inst/USE_WRITE.write_addr_inst/USE_BURSTS.cmd_queue/inst/S_AXI_AREADY_I_i_1/O
                         net (fo=253, routed)         3.476     9.549    udp_gateway_shadow_mirror_i/axi_mem_intercon/m00_couplers/auto_pc/inst/gen_axi4_axi3.axi3_conv_inst/USE_WRITE.write_addr_inst/USE_B_CHANNEL.cmd_b_queue/inst/fifo_gen_inst/inst_fifo_gen/gconvfifo.rf/grf.rf/rstblk/ngwrdrst.grst.g7serrst.gnsckt_wrst.rst_wr_reg2_inst/src_arst
    SLICE_X85Y105        FDPE                                         f  udp_gateway_shadow_mirror_i/axi_mem_intercon/m00_couplers/auto_pc/inst/gen_axi4_axi3.axi3_conv_inst/USE_WRITE.write_addr_inst/USE_B_CHANNEL.cmd_b_queue/inst/fifo_gen_inst/inst_fifo_gen/gconvfifo.rf/grf.rf/rstblk/ngwrdrst.grst.g7serrst.gnsckt_wrst.rst_wr_reg2_inst/arststages_ff_reg[0]/PRE
  -------------------------------------------------------------------    -------------------

                         (clock clk_fpga_0 rise edge)
                                                      0.000     0.000 r  
    PS7_X0Y0             PS7                          0.000     0.000 r  udp_gateway_shadow_mirror_i/processing_system7_0/inst/PS7_i/FCLKCLK[0]
                         net (fo=1, routed)           1.088     1.088    udp_gateway_shadow_mirror_i/processing_system7_0/inst/FCLK_CLK_unbuffered[0]
    BUFGCTRL_X0Y17       BUFG (Prop_bufg_I_O)         0.091     1.179 r  udp_gateway_shadow_mirror_i/processing_system7_0/inst/buffer_fclk_clk_0.FCLK_CLK_0_BUFG/O
                         net (fo=42827, routed)       1.720     2.899    udp_gateway_shadow_mirror_i/axi_mem_intercon/m00_couplers/auto_pc/inst/gen_axi4_axi3.axi3_conv_inst/USE_WRITE.write_addr_inst/USE_B_CHANNEL.cmd_b_queue/inst/fifo_gen_inst/inst_fifo_gen/gconvfifo.rf/grf.rf/rstblk/ngwrdrst.grst.g7serrst.gnsckt_wrst.rst_wr_reg2_inst/dest_clk
    SLICE_X85Y105        FDPE                                         r  udp_gateway_shadow_mirror_i/axi_mem_intercon/m00_couplers/auto_pc/inst/gen_axi4_axi3.axi3_conv_inst/USE_WRITE.write_addr_inst/USE_B_CHANNEL.cmd_b_queue/inst/fifo_gen_inst/inst_fifo_gen/gconvfifo.rf/grf.rf/rstblk/ngwrdrst.grst.g7serrst.gnsckt_wrst.rst_wr_reg2_inst/arststages_ff_reg[0]/C

Slack:                    inf
  Source:                 udp_gateway_shadow_mirror_i/rst_ps7_0_100M/U0/ACTIVE_LOW_PR_OUT_DFF[0].FDRE_PER_N/C
                            (rising edge-triggered cell FDRE clocked by clk_fpga_0  {rise@0.000ns fall@10.000ns period=20.000ns})
  Destination:            udp_gateway_shadow_mirror_i/axi_mem_intercon/m00_couplers/auto_pc/inst/gen_axi4_axi3.axi3_conv_inst/USE_WRITE.write_addr_inst/USE_B_CHANNEL.cmd_b_queue/inst/fifo_gen_inst/inst_fifo_gen/gconvfifo.rf/grf.rf/rstblk/ngwrdrst.grst.g7serrst.gnsckt_wrst.rst_wr_reg2_inst/arststages_ff_reg[1]/PRE
                            (recovery check against rising-edge clock clk_fpga_0  {rise@0.000ns fall@10.000ns period=20.000ns})
  Path Group:             (none)
  Path Type:              Recovery (Max at Slow Process Corner)
  Data Path Delay:        6.356ns  (logic 0.608ns (9.566%)  route 5.748ns (90.434%))
  Logic Levels:           1  (LUT1=1)
  Clock Path Skew:        -0.294ns (DCD - SCD + CPR)
    Destination Clock Delay (DCD):    2.899ns
    Source Clock Delay      (SCD):    3.193ns
    Clock Pessimism Removal (CPR):    0.000ns
  Clock Uncertainty:      0.302ns  ((TSJ^2 + TIJ^2)^1/2 + DJ) / 2 + PE
    Total System Jitter     (TSJ):    0.071ns
    Total Input Jitter      (TIJ):    0.600ns
    Discrete Jitter          (DJ):    0.000ns
    Phase Error              (PE):    0.000ns
  Timing Exception:       False Path

    Location             Delay type                Incr(ns)  Path(ns)    Netlist Resource(s)
  -------------------------------------------------------------------    -------------------
                         (clock clk_fpga_0 rise edge)
                                                      0.000     0.000 r  
    PS7_X0Y0             PS7                          0.000     0.000 r  udp_gateway_shadow_mirror_i/processing_system7_0/inst/PS7_i/FCLKCLK[0]
                         net (fo=1, routed)           1.193     1.193    udp_gateway_shadow_mirror_i/processing_system7_0/inst/FCLK_CLK_unbuffered[0]
    BUFGCTRL_X0Y17       BUFG (Prop_bufg_I_O)         0.101     1.294 r  udp_gateway_shadow_mirror_i/processing_system7_0/inst/buffer_fclk_clk_0.FCLK_CLK_0_BUFG/O
                         net (fo=42827, routed)       1.899     3.193    udp_gateway_shadow_mirror_i/rst_ps7_0_100M/U0/slowest_sync_clk
    SLICE_X57Y135        FDRE                                         r  udp_gateway_shadow_mirror_i/rst_ps7_0_100M/U0/ACTIVE_LOW_PR_OUT_DFF[0].FDRE_PER_N/C
  -------------------------------------------------------------------    -------------------
    SLICE_X57Y135        FDRE (Prop_fdre_C_Q)         0.456     3.649 r  udp_gateway_shadow_mirror_i/rst_ps7_0_100M/U0/ACTIVE_LOW_PR_OUT_DFF[0].FDRE_PER_N/Q
                         net (fo=93, routed)          2.272     5.921    udp_gateway_shadow_mirror_i/axi_mem_intercon/m00_couplers/auto_pc/inst/gen_axi4_axi3.axi3_conv_inst/USE_WRITE.write_addr_inst/USE_BURSTS.cmd_queue/inst/aresetn
    SLICE_X57Y96         LUT1 (Prop_lut1_I0_O)        0.152     6.073 f  udp_gateway_shadow_mirror_i/axi_mem_intercon/m00_couplers/auto_pc/inst/gen_axi4_axi3.axi3_conv_inst/USE_WRITE.write_addr_inst/USE_BURSTS.cmd_queue/inst/S_AXI_AREADY_I_i_1/O
                         net (fo=253, routed)         3.476     9.549    udp_gateway_shadow_mirror_i/axi_mem_intercon/m00_couplers/auto_pc/inst/gen_axi4_axi3.axi3_conv_inst/USE_WRITE.write_addr_inst/USE_B_CHANNEL.cmd_b_queue/inst/fifo_gen_inst/inst_fifo_gen/gconvfifo.rf/grf.rf/rstblk/ngwrdrst.grst.g7serrst.gnsckt_wrst.rst_wr_reg2_inst/src_arst
    SLICE_X85Y105        FDPE                                         f  udp_gateway_shadow_mirror_i/axi_mem_intercon/m00_couplers/auto_pc/inst/gen_axi4_axi3.axi3_conv_inst/USE_WRITE.write_addr_inst/USE_B_CHANNEL.cmd_b_queue/inst/fifo_gen_inst/inst_fifo_gen/gconvfifo.rf/grf.rf/rstblk/ngwrdrst.grst.g7serrst.gnsckt_wrst.rst_wr_reg2_inst/arststages_ff_reg[1]/PRE
  -------------------------------------------------------------------    -------------------

                         (clock clk_fpga_0 rise edge)
                                                      0.000     0.000 r  
    PS7_X0Y0             PS7                          0.000     0.000 r  udp_gateway_shadow_mirror_i/processing_system7_0/inst/PS7_i/FCLKCLK[0]
                         net (fo=1, routed)           1.088     1.088    udp_gateway_shadow_mirror_i/processing_system7_0/inst/FCLK_CLK_unbuffered[0]
    BUFGCTRL_X0Y17       BUFG (Prop_bufg_I_O)         0.091     1.179 r  udp_gateway_shadow_mirror_i/processing_system7_0/inst/buffer_fclk_clk_0.FCLK_CLK_0_BUFG/O
                         net (fo=42827, routed)       1.720     2.899    udp_gateway_shadow_mirror_i/axi_mem_intercon/m00_couplers/auto_pc/inst/gen_axi4_axi3.axi3_conv_inst/USE_WRITE.write_addr_inst/USE_B_CHANNEL.cmd_b_queue/inst/fifo_gen_inst/inst_fifo_gen/gconvfifo.rf/grf.rf/rstblk/ngwrdrst.grst.g7serrst.gnsckt_wrst.rst_wr_reg2_inst/dest_clk
    SLICE_X85Y105        FDPE                                         r  udp_gateway_shadow_mirror_i/axi_mem_intercon/m00_couplers/auto_pc/inst/gen_axi4_axi3.axi3_conv_inst/USE_WRITE.write_addr_inst/USE_B_CHANNEL.cmd_b_queue/inst/fifo_gen_inst/inst_fifo_gen/gconvfifo.rf/grf.rf/rstblk/ngwrdrst.grst.g7serrst.gnsckt_wrst.rst_wr_reg2_inst/arststages_ff_reg[1]/C





Min Delay Paths
--------------------------------------------------------------------------------------
Slack:                    inf
  Source:                 udp_gateway_shadow_mirror_i/rst_ps7_0_100M/U0/ACTIVE_LOW_PR_OUT_DFF[0].FDRE_PER_N/C
                            (rising edge-triggered cell FDRE clocked by clk_fpga_0  {rise@0.000ns fall@10.000ns period=20.000ns})
  Destination:            udp_gateway_shadow_mirror_i/axi_mem_intercon/m00_couplers/auto_pc/inst/gen_axi4_axi3.axi3_conv_inst/USE_WRITE.write_addr_inst/USE_BURSTS.cmd_queue/inst/fifo_gen_inst/inst_fifo_gen/gconvfifo.rf/grf.rf/rstblk/ngwrdrst.grst.g7serrst.gnsckt_wrst.rst_wr_reg2_inst/arststages_ff_reg[0]/PRE
                            (removal check against rising-edge clock clk_fpga_0  {rise@0.000ns fall@10.000ns period=20.000ns})
  Path Group:             (none)
  Path Type:              Removal (Min at Fast Process Corner)
  Data Path Delay:        2.685ns  (logic 0.185ns (6.890%)  route 2.500ns (93.110%))
  Logic Levels:           1  (LUT1=1)
  Clock Path Skew:        0.313ns (DCD - SCD - CPR)
    Destination Clock Delay (DCD):    1.304ns
    Source Clock Delay      (SCD):    0.991ns
    Clock Pessimism Removal (CPR):    -0.000ns
  Clock Uncertainty:      0.302ns  ((TSJ^2 + TIJ^2)^1/2 + DJ) / 2 + PE
    Total System Jitter     (TSJ):    0.071ns
    Total Input Jitter      (TIJ):    0.600ns
    Discrete Jitter          (DJ):    0.000ns
    Phase Error              (PE):    0.000ns
  Timing Exception:       False Path

    Location             Delay type                Incr(ns)  Path(ns)    Netlist Resource(s)
  -------------------------------------------------------------------    -------------------
                         (clock clk_fpga_0 rise edge)
                                                      0.000     0.000 r  
    PS7_X0Y0             PS7                          0.000     0.000 r  udp_gateway_shadow_mirror_i/processing_system7_0/inst/PS7_i/FCLKCLK[0]
                         net (fo=1, routed)           0.310     0.310    udp_gateway_shadow_mirror_i/processing_system7_0/inst/FCLK_CLK_unbuffered[0]
    BUFGCTRL_X0Y17       BUFG (Prop_bufg_I_O)         0.026     0.336 r  udp_gateway_shadow_mirror_i/processing_system7_0/inst/buffer_fclk_clk_0.FCLK_CLK_0_BUFG/O
                         net (fo=42827, routed)       0.655     0.991    udp_gateway_shadow_mirror_i/rst_ps7_0_100M/U0/slowest_sync_clk
    SLICE_X57Y135        FDRE                                         r  udp_gateway_shadow_mirror_i/rst_ps7_0_100M/U0/ACTIVE_LOW_PR_OUT_DFF[0].FDRE_PER_N/C
  -------------------------------------------------------------------    -------------------
    SLICE_X57Y135        FDRE (Prop_fdre_C_Q)         0.141     1.132 r  udp_gateway_shadow_mirror_i/rst_ps7_0_100M/U0/ACTIVE_LOW_PR_OUT_DFF[0].FDRE_PER_N/Q
                         net (fo=93, routed)          0.951     2.083    udp_gateway_shadow_mirror_i/axi_mem_intercon/m00_couplers/auto_pc/inst/gen_axi4_axi3.axi3_conv_inst/USE_WRITE.write_addr_inst/USE_BURSTS.cmd_queue/inst/aresetn
    SLICE_X57Y96         LUT1 (Prop_lut1_I0_O)        0.044     2.127 f  udp_gateway_shadow_mirror_i/axi_mem_intercon/m00_couplers/auto_pc/inst/gen_axi4_axi3.axi3_conv_inst/USE_WRITE.write_addr_inst/USE_BURSTS.cmd_queue/inst/S_AXI_AREADY_I_i_1/O
                         net (fo=253, routed)         1.549     3.676    udp_gateway_shadow_mirror_i/axi_mem_intercon/m00_couplers/auto_pc/inst/gen_axi4_axi3.axi3_conv_inst/USE_WRITE.write_addr_inst/USE_BURSTS.cmd_queue/inst/fifo_gen_inst/inst_fifo_gen/gconvfifo.rf/grf.rf/rstblk/ngwrdrst.grst.g7serrst.gnsckt_wrst.rst_wr_reg2_inst/src_arst
    SLICE_X85Y105        FDPE                                         f  udp_gateway_shadow_mirror_i/axi_mem_intercon/m00_couplers/auto_pc/inst/gen_axi4_axi3.axi3_conv_inst/USE_WRITE.write_addr_inst/USE_BURSTS.cmd_queue/inst/fifo_gen_inst/inst_fifo_gen/gconvfifo.rf/grf.rf/rstblk/ngwrdrst.grst.g7serrst.gnsckt_wrst.rst_wr_reg2_inst/arststages_ff_reg[0]/PRE
  -------------------------------------------------------------------    -------------------

                         (clock clk_fpga_0 rise edge)
                                                      0.000     0.000 r  
    PS7_X0Y0             PS7                          0.000     0.000 r  udp_gateway_shadow_mirror_i/processing_system7_0/inst/PS7_i/FCLKCLK[0]
                         net (fo=1, routed)           0.337     0.337    udp_gateway_shadow_mirror_i/processing_system7_0/inst/FCLK_CLK_unbuffered[0]
    BUFGCTRL_X0Y17       BUFG (Prop_bufg_I_O)         0.029     0.366 r  udp_gateway_shadow_mirror_i/processing_system7_0/inst/buffer_fclk_clk_0.FCLK_CLK_0_BUFG/O
                         net (fo=42827, routed)       0.938     1.304    udp_gateway_shadow_mirror_i/axi_mem_intercon/m00_couplers/auto_pc/inst/gen_axi4_axi3.axi3_conv_inst/USE_WRITE.write_addr_inst/USE_BURSTS.cmd_queue/inst/fifo_gen_inst/inst_fifo_gen/gconvfifo.rf/grf.rf/rstblk/ngwrdrst.grst.g7serrst.gnsckt_wrst.rst_wr_reg2_inst/dest_clk
    SLICE_X85Y105        FDPE                                         r  udp_gateway_shadow_mirror_i/axi_mem_intercon/m00_couplers/auto_pc/inst/gen_axi4_axi3.axi3_conv_inst/USE_WRITE.write_addr_inst/USE_BURSTS.cmd_queue/inst/fifo_gen_inst/inst_fifo_gen/gconvfifo.rf/grf.rf/rstblk/ngwrdrst.grst.g7serrst.gnsckt_wrst.rst_wr_reg2_inst/arststages_ff_reg[0]/C

Slack:                    inf
  Source:                 udp_gateway_shadow_mirror_i/rst_ps7_0_100M/U0/ACTIVE_LOW_PR_OUT_DFF[0].FDRE_PER_N/C
                            (rising edge-triggered cell FDRE clocked by clk_fpga_0  {rise@0.000ns fall@10.000ns period=20.000ns})
  Destination:            udp_gateway_shadow_mirror_i/axi_mem_intercon/m00_couplers/auto_pc/inst/gen_axi4_axi3.axi3_conv_inst/USE_WRITE.write_addr_inst/USE_BURSTS.cmd_queue/inst/fifo_gen_inst/inst_fifo_gen/gconvfifo.rf/grf.rf/rstblk/ngwrdrst.grst.g7serrst.gnsckt_wrst.rst_wr_reg2_inst/arststages_ff_reg[1]/PRE
                            (removal check against rising-edge clock clk_fpga_0  {rise@0.000ns fall@10.000ns period=20.000ns})
  Path Group:             (none)
  Path Type:              Removal (Min at Fast Process Corner)
  Data Path Delay:        2.685ns  (logic 0.185ns (6.890%)  route 2.500ns (93.110%))
  Logic Levels:           1  (LUT1=1)
  Clock Path Skew:        0.313ns (DCD - SCD - CPR)
    Destination Clock Delay (DCD):    1.304ns
    Source Clock Delay      (SCD):    0.991ns
    Clock Pessimism Removal (CPR):    -0.000ns
  Clock Uncertainty:      0.302ns  ((TSJ^2 + TIJ^2)^1/2 + DJ) / 2 + PE
    Total System Jitter     (TSJ):    0.071ns
    Total Input Jitter      (TIJ):    0.600ns
    Discrete Jitter          (DJ):    0.000ns
    Phase Error              (PE):    0.000ns
  Timing Exception:       False Path

    Location             Delay type                Incr(ns)  Path(ns)    Netlist Resource(s)
  -------------------------------------------------------------------    -------------------
                         (clock clk_fpga_0 rise edge)
                                                      0.000     0.000 r  
    PS7_X0Y0             PS7                          0.000     0.000 r  udp_gateway_shadow_mirror_i/processing_system7_0/inst/PS7_i/FCLKCLK[0]
                         net (fo=1, routed)           0.310     0.310    udp_gateway_shadow_mirror_i/processing_system7_0/inst/FCLK_CLK_unbuffered[0]
    BUFGCTRL_X0Y17       BUFG (Prop_bufg_I_O)         0.026     0.336 r  udp_gateway_shadow_mirror_i/processing_system7_0/inst/buffer_fclk_clk_0.FCLK_CLK_0_BUFG/O
                         net (fo=42827, routed)       0.655     0.991    udp_gateway_shadow_mirror_i/rst_ps7_0_100M/U0/slowest_sync_clk
    SLICE_X57Y135        FDRE                                         r  udp_gateway_shadow_mirror_i/rst_ps7_0_100M/U0/ACTIVE_LOW_PR_OUT_DFF[0].FDRE_PER_N/C
  -------------------------------------------------------------------    -------------------
    SLICE_X57Y135        FDRE (Prop_fdre_C_Q)         0.141     1.132 r  udp_gateway_shadow_mirror_i/rst_ps7_0_100M/U0/ACTIVE_LOW_PR_OUT_DFF[0].FDRE_PER_N/Q
                         net (fo=93, routed)          0.951     2.083    udp_gateway_shadow_mirror_i/axi_mem_intercon/m00_couplers/auto_pc/inst/gen_axi4_axi3.axi3_conv_inst/USE_WRITE.write_addr_inst/USE_BURSTS.cmd_queue/inst/aresetn
    SLICE_X57Y96         LUT1 (Prop_lut1_I0_O)        0.044     2.127 f  udp_gateway_shadow_mirror_i/axi_mem_intercon/m00_couplers/auto_pc/inst/gen_axi4_axi3.axi3_conv_inst/USE_WRITE.write_addr_inst/USE_BURSTS.cmd_queue/inst/S_AXI_AREADY_I_i_1/O
                         net (fo=253, routed)         1.549     3.676    udp_gateway_shadow_mirror_i/axi_mem_intercon/m00_couplers/auto_pc/inst/gen_axi4_axi3.axi3_conv_inst/USE_WRITE.write_addr_inst/USE_BURSTS.cmd_queue/inst/fifo_gen_inst/inst_fifo_gen/gconvfifo.rf/grf.rf/rstblk/ngwrdrst.grst.g7serrst.gnsckt_wrst.rst_wr_reg2_inst/src_arst
    SLICE_X85Y105        FDPE                                         f  udp_gateway_shadow_mirror_i/axi_mem_intercon/m00_couplers/auto_pc/inst/gen_axi4_axi3.axi3_conv_inst/USE_WRITE.write_addr_inst/USE_BURSTS.cmd_queue/inst/fifo_gen_inst/inst_fifo_gen/gconvfifo.rf/grf.rf/rstblk/ngwrdrst.grst.g7serrst.gnsckt_wrst.rst_wr_reg2_inst/arststages_ff_reg[1]/PRE
  -------------------------------------------------------------------    -------------------

                         (clock clk_fpga_0 rise edge)
                                                      0.000     0.000 r  
    PS7_X0Y0             PS7                          0.000     0.000 r  udp_gateway_shadow_mirror_i/processing_system7_0/inst/PS7_i/FCLKCLK[0]
                         net (fo=1, routed)           0.337     0.337    udp_gateway_shadow_mirror_i/processing_system7_0/inst/FCLK_CLK_unbuffered[0]
    BUFGCTRL_X0Y17       BUFG (Prop_bufg_I_O)         0.029     0.366 r  udp_gateway_shadow_mirror_i/processing_system7_0/inst/buffer_fclk_clk_0.FCLK_CLK_0_BUFG/O
                         net (fo=42827, routed)       0.938     1.304    udp_gateway_shadow_mirror_i/axi_mem_intercon/m00_couplers/auto_pc/inst/gen_axi4_axi3.axi3_conv_inst/USE_WRITE.write_addr_inst/USE_BURSTS.cmd_queue/inst/fifo_gen_inst/inst_fifo_gen/gconvfifo.rf/grf.rf/rstblk/ngwrdrst.grst.g7serrst.gnsckt_wrst.rst_wr_reg2_inst/dest_clk
    SLICE_X85Y105        FDPE                                         r  udp_gateway_shadow_mirror_i/axi_mem_intercon/m00_couplers/auto_pc/inst/gen_axi4_axi3.axi3_conv_inst/USE_WRITE.write_addr_inst/USE_BURSTS.cmd_queue/inst/fifo_gen_inst/inst_fifo_gen/gconvfifo.rf/grf.rf/rstblk/ngwrdrst.grst.g7serrst.gnsckt_wrst.rst_wr_reg2_inst/arststages_ff_reg[1]/C

Slack:                    inf
  Source:                 udp_gateway_shadow_mirror_i/rst_ps7_0_100M/U0/ACTIVE_LOW_PR_OUT_DFF[0].FDRE_PER_N/C
                            (rising edge-triggered cell FDRE clocked by clk_fpga_0  {rise@0.000ns fall@10.000ns period=20.000ns})
  Destination:            udp_gateway_shadow_mirror_i/axi_mem_intercon/m00_couplers/auto_pc/inst/gen_axi4_axi3.axi3_conv_inst/USE_WRITE.write_addr_inst/USE_B_CHANNEL.cmd_b_queue/inst/fifo_gen_inst/inst_fifo_gen/gconvfifo.rf/grf.rf/rstblk/ngwrdrst.grst.g7serrst.gnsckt_wrst.rst_wr_reg2_inst/arststages_ff_reg[0]/PRE
                            (removal check against rising-edge clock clk_fpga_0  {rise@0.000ns fall@10.000ns period=20.000ns})
  Path Group:             (none)
  Path Type:              Removal (Min at Fast Process Corner)
  Data Path Delay:        2.685ns  (logic 0.185ns (6.890%)  route 2.500ns (93.110%))
  Logic Levels:           1  (LUT1=1)
  Clock Path Skew:        0.313ns (DCD - SCD - CPR)
    Destination Clock Delay (DCD):    1.304ns
    Source Clock Delay      (SCD):    0.991ns
    Clock Pessimism Removal (CPR):    -0.000ns
  Clock Uncertainty:      0.302ns  ((TSJ^2 + TIJ^2)^1/2 + DJ) / 2 + PE
    Total System Jitter     (TSJ):    0.071ns
    Total Input Jitter      (TIJ):    0.600ns
    Discrete Jitter          (DJ):    0.000ns
    Phase Error              (PE):    0.000ns
  Timing Exception:       False Path

    Location             Delay type                Incr(ns)  Path(ns)    Netlist Resource(s)
  -------------------------------------------------------------------    -------------------
                         (clock clk_fpga_0 rise edge)
                                                      0.000     0.000 r  
    PS7_X0Y0             PS7                          0.000     0.000 r  udp_gateway_shadow_mirror_i/processing_system7_0/inst/PS7_i/FCLKCLK[0]
                         net (fo=1, routed)           0.310     0.310    udp_gateway_shadow_mirror_i/processing_system7_0/inst/FCLK_CLK_unbuffered[0]
    BUFGCTRL_X0Y17       BUFG (Prop_bufg_I_O)         0.026     0.336 r  udp_gateway_shadow_mirror_i/processing_system7_0/inst/buffer_fclk_clk_0.FCLK_CLK_0_BUFG/O
                         net (fo=42827, routed)       0.655     0.991    udp_gateway_shadow_mirror_i/rst_ps7_0_100M/U0/slowest_sync_clk
    SLICE_X57Y135        FDRE                                         r  udp_gateway_shadow_mirror_i/rst_ps7_0_100M/U0/ACTIVE_LOW_PR_OUT_DFF[0].FDRE_PER_N/C
  -------------------------------------------------------------------    -------------------
    SLICE_X57Y135        FDRE (Prop_fdre_C_Q)         0.141     1.132 r  udp_gateway_shadow_mirror_i/rst_ps7_0_100M/U0/ACTIVE_LOW_PR_OUT_DFF[0].FDRE_PER_N/Q
                         net (fo=93, routed)          0.951     2.083    udp_gateway_shadow_mirror_i/axi_mem_intercon/m00_couplers/auto_pc/inst/gen_axi4_axi3.axi3_conv_inst/USE_WRITE.write_addr_inst/USE_BURSTS.cmd_queue/inst/aresetn
    SLICE_X57Y96         LUT1 (Prop_lut1_I0_O)        0.044     2.127 f  udp_gateway_shadow_mirror_i/axi_mem_intercon/m00_couplers/auto_pc/inst/gen_axi4_axi3.axi3_conv_inst/USE_WRITE.write_addr_inst/USE_BURSTS.cmd_queue/inst/S_AXI_AREADY_I_i_1/O
                         net (fo=253, routed)         1.549     3.676    udp_gateway_shadow_mirror_i/axi_mem_intercon/m00_couplers/auto_pc/inst/gen_axi4_axi3.axi3_conv_inst/USE_WRITE.write_addr_inst/USE_B_CHANNEL.cmd_b_queue/inst/fifo_gen_inst/inst_fifo_gen/gconvfifo.rf/grf.rf/rstblk/ngwrdrst.grst.g7serrst.gnsckt_wrst.rst_wr_reg2_inst/src_arst
    SLICE_X85Y105        FDPE                                         f  udp_gateway_shadow_mirror_i/axi_mem_intercon/m00_couplers/auto_pc/inst/gen_axi4_axi3.axi3_conv_inst/USE_WRITE.write_addr_inst/USE_B_CHANNEL.cmd_b_queue/inst/fifo_gen_inst/inst_fifo_gen/gconvfifo.rf/grf.rf/rstblk/ngwrdrst.grst.g7serrst.gnsckt_wrst.rst_wr_reg2_inst/arststages_ff_reg[0]/PRE
  -------------------------------------------------------------------    -------------------

                         (clock clk_fpga_0 rise edge)
                                                      0.000     0.000 r  
    PS7_X0Y0             PS7                          0.000     0.000 r  udp_gateway_shadow_mirror_i/processing_system7_0/inst/PS7_i/FCLKCLK[0]
                         net (fo=1, routed)           0.337     0.337    udp_gateway_shadow_mirror_i/processing_system7_0/inst/FCLK_CLK_unbuffered[0]
    BUFGCTRL_X0Y17       BUFG (Prop_bufg_I_O)         0.029     0.366 r  udp_gateway_shadow_mirror_i/processing_system7_0/inst/buffer_fclk_clk_0.FCLK_CLK_0_BUFG/O
                         net (fo=42827, routed)       0.938     1.304    udp_gateway_shadow_mirror_i/axi_mem_intercon/m00_couplers/auto_pc/inst/gen_axi4_axi3.axi3_conv_inst/USE_WRITE.write_addr_inst/USE_B_CHANNEL.cmd_b_queue/inst/fifo_gen_inst/inst_fifo_gen/gconvfifo.rf/grf.rf/rstblk/ngwrdrst.grst.g7serrst.gnsckt_wrst.rst_wr_reg2_inst/dest_clk
    SLICE_X85Y105        FDPE                                         r  udp_gateway_shadow_mirror_i/axi_mem_intercon/m00_couplers/auto_pc/inst/gen_axi4_axi3.axi3_conv_inst/USE_WRITE.write_addr_inst/USE_B_CHANNEL.cmd_b_queue/inst/fifo_gen_inst/inst_fifo_gen/gconvfifo.rf/grf.rf/rstblk/ngwrdrst.grst.g7serrst.gnsckt_wrst.rst_wr_reg2_inst/arststages_ff_reg[0]/C

Slack:                    inf
  Source:                 udp_gateway_shadow_mirror_i/rst_ps7_0_100M/U0/ACTIVE_LOW_PR_OUT_DFF[0].FDRE_PER_N/C
                            (rising edge-triggered cell FDRE clocked by clk_fpga_0  {rise@0.000ns fall@10.000ns period=20.000ns})
  Destination:            udp_gateway_shadow_mirror_i/axi_mem_intercon/m00_couplers/auto_pc/inst/gen_axi4_axi3.axi3_conv_inst/USE_WRITE.write_addr_inst/USE_B_CHANNEL.cmd_b_queue/inst/fifo_gen_inst/inst_fifo_gen/gconvfifo.rf/grf.rf/rstblk/ngwrdrst.grst.g7serrst.gnsckt_wrst.rst_wr_reg2_inst/arststages_ff_reg[1]/PRE
                            (removal check against rising-edge clock clk_fpga_0  {rise@0.000ns fall@10.000ns period=20.000ns})
  Path Group:             (none)
  Path Type:              Removal (Min at Fast Process Corner)
  Data Path Delay:        2.685ns  (logic 0.185ns (6.890%)  route 2.500ns (93.110%))
  Logic Levels:           1  (LUT1=1)
  Clock Path Skew:        0.313ns (DCD - SCD - CPR)
    Destination Clock Delay (DCD):    1.304ns
    Source Clock Delay      (SCD):    0.991ns
    Clock Pessimism Removal (CPR):    -0.000ns
  Clock Uncertainty:      0.302ns  ((TSJ^2 + TIJ^2)^1/2 + DJ) / 2 + PE
    Total System Jitter     (TSJ):    0.071ns
    Total Input Jitter      (TIJ):    0.600ns
    Discrete Jitter          (DJ):    0.000ns
    Phase Error              (PE):    0.000ns
  Timing Exception:       False Path

    Location             Delay type                Incr(ns)  Path(ns)    Netlist Resource(s)
  -------------------------------------------------------------------    -------------------
                         (clock clk_fpga_0 rise edge)
                                                      0.000     0.000 r  
    PS7_X0Y0             PS7                          0.000     0.000 r  udp_gateway_shadow_mirror_i/processing_system7_0/inst/PS7_i/FCLKCLK[0]
                         net (fo=1, routed)           0.310     0.310    udp_gateway_shadow_mirror_i/processing_system7_0/inst/FCLK_CLK_unbuffered[0]
    BUFGCTRL_X0Y17       BUFG (Prop_bufg_I_O)         0.026     0.336 r  udp_gateway_shadow_mirror_i/processing_system7_0/inst/buffer_fclk_clk_0.FCLK_CLK_0_BUFG/O
                         net (fo=42827, routed)       0.655     0.991    udp_gateway_shadow_mirror_i/rst_ps7_0_100M/U0/slowest_sync_clk
    SLICE_X57Y135        FDRE                                         r  udp_gateway_shadow_mirror_i/rst_ps7_0_100M/U0/ACTIVE_LOW_PR_OUT_DFF[0].FDRE_PER_N/C
  -------------------------------------------------------------------    -------------------
    SLICE_X57Y135        FDRE (Prop_fdre_C_Q)         0.141     1.132 r  udp_gateway_shadow_mirror_i/rst_ps7_0_100M/U0/ACTIVE_LOW_PR_OUT_DFF[0].FDRE_PER_N/Q
                         net (fo=93, routed)          0.951     2.083    udp_gateway_shadow_mirror_i/axi_mem_intercon/m00_couplers/auto_pc/inst/gen_axi4_axi3.axi3_conv_inst/USE_WRITE.write_addr_inst/USE_BURSTS.cmd_queue/inst/aresetn
    SLICE_X57Y96         LUT1 (Prop_lut1_I0_O)        0.044     2.127 f  udp_gateway_shadow_mirror_i/axi_mem_intercon/m00_couplers/auto_pc/inst/gen_axi4_axi3.axi3_conv_inst/USE_WRITE.write_addr_inst/USE_BURSTS.cmd_queue/inst/S_AXI_AREADY_I_i_1/O
                         net (fo=253, routed)         1.549     3.676    udp_gateway_shadow_mirror_i/axi_mem_intercon/m00_couplers/auto_pc/inst/gen_axi4_axi3.axi3_conv_inst/USE_WRITE.write_addr_inst/USE_B_CHANNEL.cmd_b_queue/inst/fifo_gen_inst/inst_fifo_gen/gconvfifo.rf/grf.rf/rstblk/ngwrdrst.grst.g7serrst.gnsckt_wrst.rst_wr_reg2_inst/src_arst
    SLICE_X85Y105        FDPE                                         f  udp_gateway_shadow_mirror_i/axi_mem_intercon/m00_couplers/auto_pc/inst/gen_axi4_axi3.axi3_conv_inst/USE_WRITE.write_addr_inst/USE_B_CHANNEL.cmd_b_queue/inst/fifo_gen_inst/inst_fifo_gen/gconvfifo.rf/grf.rf/rstblk/ngwrdrst.grst.g7serrst.gnsckt_wrst.rst_wr_reg2_inst/arststages_ff_reg[1]/PRE
  -------------------------------------------------------------------    -------------------

                         (clock clk_fpga_0 rise edge)
                                                      0.000     0.000 r  
    PS7_X0Y0             PS7                          0.000     0.000 r  udp_gateway_shadow_mirror_i/processing_system7_0/inst/PS7_i/FCLKCLK[0]
                         net (fo=1, routed)           0.337     0.337    udp_gateway_shadow_mirror_i/processing_system7_0/inst/FCLK_CLK_unbuffered[0]
    BUFGCTRL_X0Y17       BUFG (Prop_bufg_I_O)         0.029     0.366 r  udp_gateway_shadow_mirror_i/processing_system7_0/inst/buffer_fclk_clk_0.FCLK_CLK_0_BUFG/O
                         net (fo=42827, routed)       0.938     1.304    udp_gateway_shadow_mirror_i/axi_mem_intercon/m00_couplers/auto_pc/inst/gen_axi4_axi3.axi3_conv_inst/USE_WRITE.write_addr_inst/USE_B_CHANNEL.cmd_b_queue/inst/fifo_gen_inst/inst_fifo_gen/gconvfifo.rf/grf.rf/rstblk/ngwrdrst.grst.g7serrst.gnsckt_wrst.rst_wr_reg2_inst/dest_clk
    SLICE_X85Y105        FDPE                                         r  udp_gateway_shadow_mirror_i/axi_mem_intercon/m00_couplers/auto_pc/inst/gen_axi4_axi3.axi3_conv_inst/USE_WRITE.write_addr_inst/USE_B_CHANNEL.cmd_b_queue/inst/fifo_gen_inst/inst_fifo_gen/gconvfifo.rf/grf.rf/rstblk/ngwrdrst.grst.g7serrst.gnsckt_wrst.rst_wr_reg2_inst/arststages_ff_reg[1]/C

Slack:                    inf
  Source:                 udp_gateway_shadow_mirror_i/rst_ps7_0_100M/U0/ACTIVE_LOW_PR_OUT_DFF[0].FDRE_PER_N/C
                            (rising edge-triggered cell FDRE clocked by clk_fpga_0  {rise@0.000ns fall@10.000ns period=20.000ns})
  Destination:            udp_gateway_shadow_mirror_i/axi_mem_intercon/m00_couplers/auto_pc/inst/gen_axi4_axi3.axi3_conv_inst/USE_READ.USE_SPLIT_R.read_addr_inst/USE_R_CHANNEL.cmd_queue/inst/fifo_gen_inst/inst_fifo_gen/gconvfifo.rf/grf.rf/rstblk/ngwrdrst.grst.g7serrst.gnsckt_wrst.rst_wr_reg2_inst/arststages_ff_reg[0]/PRE
                            (removal check against rising-edge clock clk_fpga_0  {rise@0.000ns fall@10.000ns period=20.000ns})
  Path Group:             (none)
  Path Type:              Removal (Min at Fast Process Corner)
  Data Path Delay:        2.980ns  (logic 0.185ns (6.208%)  route 2.795ns (93.792%))
  Logic Levels:           1  (LUT1=1)
  Clock Path Skew:        0.206ns (DCD - SCD - CPR)
    Destination Clock Delay (DCD):    1.197ns
    Source Clock Delay      (SCD):    0.991ns
    Clock Pessimism Removal (CPR):    -0.000ns
  Clock Uncertainty:      0.302ns  ((TSJ^2 + TIJ^2)^1/2 + DJ) / 2 + PE
    Total System Jitter     (TSJ):    0.071ns
    Total Input Jitter      (TIJ):    0.600ns
    Discrete Jitter          (DJ):    0.000ns
    Phase Error              (PE):    0.000ns
  Timing Exception:       False Path

    Location             Delay type                Incr(ns)  Path(ns)    Netlist Resource(s)
  -------------------------------------------------------------------    -------------------
                         (clock clk_fpga_0 rise edge)
                                                      0.000     0.000 r  
    PS7_X0Y0             PS7                          0.000     0.000 r  udp_gateway_shadow_mirror_i/processing_system7_0/inst/PS7_i/FCLKCLK[0]
                         net (fo=1, routed)           0.310     0.310    udp_gateway_shadow_mirror_i/processing_system7_0/inst/FCLK_CLK_unbuffered[0]
    BUFGCTRL_X0Y17       BUFG (Prop_bufg_I_O)         0.026     0.336 r  udp_gateway_shadow_mirror_i/processing_system7_0/inst/buffer_fclk_clk_0.FCLK_CLK_0_BUFG/O
                         net (fo=42827, routed)       0.655     0.991    udp_gateway_shadow_mirror_i/rst_ps7_0_100M/U0/slowest_sync_clk
    SLICE_X57Y135        FDRE                                         r  udp_gateway_shadow_mirror_i/rst_ps7_0_100M/U0/ACTIVE_LOW_PR_OUT_DFF[0].FDRE_PER_N/C
  -------------------------------------------------------------------    -------------------
    SLICE_X57Y135        FDRE (Prop_fdre_C_Q)         0.141     1.132 r  udp_gateway_shadow_mirror_i/rst_ps7_0_100M/U0/ACTIVE_LOW_PR_OUT_DFF[0].FDRE_PER_N/Q
                         net (fo=93, routed)          0.951     2.083    udp_gateway_shadow_mirror_i/axi_mem_intercon/m00_couplers/auto_pc/inst/gen_axi4_axi3.axi3_conv_inst/USE_WRITE.write_addr_inst/USE_BURSTS.cmd_queue/inst/aresetn
    SLICE_X57Y96         LUT1 (Prop_lut1_I0_O)        0.044     2.127 f  udp_gateway_shadow_mirror_i/axi_mem_intercon/m00_couplers/auto_pc/inst/gen_axi4_axi3.axi3_conv_inst/USE_WRITE.write_addr_inst/USE_BURSTS.cmd_queue/inst/S_AXI_AREADY_I_i_1/O
                         net (fo=253, routed)         1.844     3.971    udp_gateway_shadow_mirror_i/axi_mem_intercon/m00_couplers/auto_pc/inst/gen_axi4_axi3.axi3_conv_inst/USE_READ.USE_SPLIT_R.read_addr_inst/USE_R_CHANNEL.cmd_queue/inst/fifo_gen_inst/inst_fifo_gen/gconvfifo.rf/grf.rf/rstblk/ngwrdrst.grst.g7serrst.gnsckt_wrst.rst_wr_reg2_inst/src_arst
    SLICE_X27Y78         FDPE                                         f  udp_gateway_shadow_mirror_i/axi_mem_intercon/m00_couplers/auto_pc/inst/gen_axi4_axi3.axi3_conv_inst/USE_READ.USE_SPLIT_R.read_addr_inst/USE_R_CHANNEL.cmd_queue/inst/fifo_gen_inst/inst_fifo_gen/gconvfifo.rf/grf.rf/rstblk/ngwrdrst.grst.g7serrst.gnsckt_wrst.rst_wr_reg2_inst/arststages_ff_reg[0]/PRE
  -------------------------------------------------------------------    -------------------

                         (clock clk_fpga_0 rise edge)
                                                      0.000     0.000 r  
    PS7_X0Y0             PS7                          0.000     0.000 r  udp_gateway_shadow_mirror_i/processing_system7_0/inst/PS7_i/FCLKCLK[0]
                         net (fo=1, routed)           0.337     0.337    udp_gateway_shadow_mirror_i/processing_system7_0/inst/FCLK_CLK_unbuffered[0]
    BUFGCTRL_X0Y17       BUFG (Prop_bufg_I_O)         0.029     0.366 r  udp_gateway_shadow_mirror_i/processing_system7_0/inst/buffer_fclk_clk_0.FCLK_CLK_0_BUFG/O
                         net (fo=42827, routed)       0.831     1.197    udp_gateway_shadow_mirror_i/axi_mem_intercon/m00_couplers/auto_pc/inst/gen_axi4_axi3.axi3_conv_inst/USE_READ.USE_SPLIT_R.read_addr_inst/USE_R_CHANNEL.cmd_queue/inst/fifo_gen_inst/inst_fifo_gen/gconvfifo.rf/grf.rf/rstblk/ngwrdrst.grst.g7serrst.gnsckt_wrst.rst_wr_reg2_inst/dest_clk
    SLICE_X27Y78         FDPE                                         r  udp_gateway_shadow_mirror_i/axi_mem_intercon/m00_couplers/auto_pc/inst/gen_axi4_axi3.axi3_conv_inst/USE_READ.USE_SPLIT_R.read_addr_inst/USE_R_CHANNEL.cmd_queue/inst/fifo_gen_inst/inst_fifo_gen/gconvfifo.rf/grf.rf/rstblk/ngwrdrst.grst.g7serrst.gnsckt_wrst.rst_wr_reg2_inst/arststages_ff_reg[0]/C

Slack:                    inf
  Source:                 udp_gateway_shadow_mirror_i/rst_ps7_0_100M/U0/ACTIVE_LOW_PR_OUT_DFF[0].FDRE_PER_N/C
                            (rising edge-triggered cell FDRE clocked by clk_fpga_0  {rise@0.000ns fall@10.000ns period=20.000ns})
  Destination:            udp_gateway_shadow_mirror_i/axi_mem_intercon/m00_couplers/auto_pc/inst/gen_axi4_axi3.axi3_conv_inst/USE_READ.USE_SPLIT_R.read_addr_inst/USE_R_CHANNEL.cmd_queue/inst/fifo_gen_inst/inst_fifo_gen/gconvfifo.rf/grf.rf/rstblk/ngwrdrst.grst.g7serrst.gnsckt_wrst.rst_wr_reg2_inst/arststages_ff_reg[1]/PRE
                            (removal check against rising-edge clock clk_fpga_0  {rise@0.000ns fall@10.000ns period=20.000ns})
  Path Group:             (none)
  Path Type:              Removal (Min at Fast Process Corner)
  Data Path Delay:        2.980ns  (logic 0.185ns (6.208%)  route 2.795ns (93.792%))
  Logic Levels:           1  (LUT1=1)
  Clock Path Skew:        0.206ns (DCD - SCD - CPR)
    Destination Clock Delay (DCD):    1.197ns
    Source Clock Delay      (SCD):    0.991ns
    Clock Pessimism Removal (CPR):    -0.000ns
  Clock Uncertainty:      0.302ns  ((TSJ^2 + TIJ^2)^1/2 + DJ) / 2 + PE
    Total System Jitter     (TSJ):    0.071ns
    Total Input Jitter      (TIJ):    0.600ns
    Discrete Jitter          (DJ):    0.000ns
    Phase Error              (PE):    0.000ns
  Timing Exception:       False Path

    Location             Delay type                Incr(ns)  Path(ns)    Netlist Resource(s)
  -------------------------------------------------------------------    -------------------
                         (clock clk_fpga_0 rise edge)
                                                      0.000     0.000 r  
    PS7_X0Y0             PS7                          0.000     0.000 r  udp_gateway_shadow_mirror_i/processing_system7_0/inst/PS7_i/FCLKCLK[0]
                         net (fo=1, routed)           0.310     0.310    udp_gateway_shadow_mirror_i/processing_system7_0/inst/FCLK_CLK_unbuffered[0]
    BUFGCTRL_X0Y17       BUFG (Prop_bufg_I_O)         0.026     0.336 r  udp_gateway_shadow_mirror_i/processing_system7_0/inst/buffer_fclk_clk_0.FCLK_CLK_0_BUFG/O
                         net (fo=42827, routed)       0.655     0.991    udp_gateway_shadow_mirror_i/rst_ps7_0_100M/U0/slowest_sync_clk
    SLICE_X57Y135        FDRE                                         r  udp_gateway_shadow_mirror_i/rst_ps7_0_100M/U0/ACTIVE_LOW_PR_OUT_DFF[0].FDRE_PER_N/C
  -------------------------------------------------------------------    -------------------
    SLICE_X57Y135        FDRE (Prop_fdre_C_Q)         0.141     1.132 r  udp_gateway_shadow_mirror_i/rst_ps7_0_100M/U0/ACTIVE_LOW_PR_OUT_DFF[0].FDRE_PER_N/Q
                         net (fo=93, routed)          0.951     2.083    udp_gateway_shadow_mirror_i/axi_mem_intercon/m00_couplers/auto_pc/inst/gen_axi4_axi3.axi3_conv_inst/USE_WRITE.write_addr_inst/USE_BURSTS.cmd_queue/inst/aresetn
    SLICE_X57Y96         LUT1 (Prop_lut1_I0_O)        0.044     2.127 f  udp_gateway_shadow_mirror_i/axi_mem_intercon/m00_couplers/auto_pc/inst/gen_axi4_axi3.axi3_conv_inst/USE_WRITE.write_addr_inst/USE_BURSTS.cmd_queue/inst/S_AXI_AREADY_I_i_1/O
                         net (fo=253, routed)         1.844     3.971    udp_gateway_shadow_mirror_i/axi_mem_intercon/m00_couplers/auto_pc/inst/gen_axi4_axi3.axi3_conv_inst/USE_READ.USE_SPLIT_R.read_addr_inst/USE_R_CHANNEL.cmd_queue/inst/fifo_gen_inst/inst_fifo_gen/gconvfifo.rf/grf.rf/rstblk/ngwrdrst.grst.g7serrst.gnsckt_wrst.rst_wr_reg2_inst/src_arst
    SLICE_X27Y78         FDPE                                         f  udp_gateway_shadow_mirror_i/axi_mem_intercon/m00_couplers/auto_pc/inst/gen_axi4_axi3.axi3_conv_inst/USE_READ.USE_SPLIT_R.read_addr_inst/USE_R_CHANNEL.cmd_queue/inst/fifo_gen_inst/inst_fifo_gen/gconvfifo.rf/grf.rf/rstblk/ngwrdrst.grst.g7serrst.gnsckt_wrst.rst_wr_reg2_inst/arststages_ff_reg[1]/PRE
  -------------------------------------------------------------------    -------------------

                         (clock clk_fpga_0 rise edge)
                                                      0.000     0.000 r  
    PS7_X0Y0             PS7                          0.000     0.000 r  udp_gateway_shadow_mirror_i/processing_system7_0/inst/PS7_i/FCLKCLK[0]
                         net (fo=1, routed)           0.337     0.337    udp_gateway_shadow_mirror_i/processing_system7_0/inst/FCLK_CLK_unbuffered[0]
    BUFGCTRL_X0Y17       BUFG (Prop_bufg_I_O)         0.029     0.366 r  udp_gateway_shadow_mirror_i/processing_system7_0/inst/buffer_fclk_clk_0.FCLK_CLK_0_BUFG/O
                         net (fo=42827, routed)       0.831     1.197    udp_gateway_shadow_mirror_i/axi_mem_intercon/m00_couplers/auto_pc/inst/gen_axi4_axi3.axi3_conv_inst/USE_READ.USE_SPLIT_R.read_addr_inst/USE_R_CHANNEL.cmd_queue/inst/fifo_gen_inst/inst_fifo_gen/gconvfifo.rf/grf.rf/rstblk/ngwrdrst.grst.g7serrst.gnsckt_wrst.rst_wr_reg2_inst/dest_clk
    SLICE_X27Y78         FDPE                                         r  udp_gateway_shadow_mirror_i/axi_mem_intercon/m00_couplers/auto_pc/inst/gen_axi4_axi3.axi3_conv_inst/USE_READ.USE_SPLIT_R.read_addr_inst/USE_R_CHANNEL.cmd_queue/inst/fifo_gen_inst/inst_fifo_gen/gconvfifo.rf/grf.rf/rstblk/ngwrdrst.grst.g7serrst.gnsckt_wrst.rst_wr_reg2_inst/arststages_ff_reg[1]/C





