Copyright 1986-2022 Xilinx, Inc. All Rights Reserved. Copyright 2022-2024 Advanced Micro Devices, Inc. All Rights Reserved.
----------------------------------------------------------------------------------------------------------------------------------------------------------------------------------------------------------------------------------------------------------------------------------------------------------
| Tool Version : Vivado v.2024.1 (win64) Build 5076996 Wed May 22 18:37:14 MDT 2024
| Date         : Thu Apr  2 08:16:33 2026
| Host         : LAPTOP-96UDD738 running 64-bit major release  (build 9200)
| Command      : report_timing_summary -max_paths 10 -report_unconstrained -warn_on_violation -file D:/FPGAhanjia/Hetero_SoC_2026_3/Hetero_SoC_2026/doc/reports/engineering_evidence/shadow_mirror_20260402_081552/fresh_reports/udp_gateway_shadow_mirror_wrapper_timing_summary_postroute_physopted.rpt
| Design       : udp_gateway_shadow_mirror_wrapper
| Device       : 7z020-clg400
| Speed File   : -1  PRODUCTION 1.12 2019-11-22
| Design State : Physopt postRoute
----------------------------------------------------------------------------------------------------------------------------------------------------------------------------------------------------------------------------------------------------------------------------------------------------------

Timing Summary Report

------------------------------------------------------------------------------------------------
| Timer Settings
| --------------
------------------------------------------------------------------------------------------------

  Enable Multi Corner Analysis               :  Yes
  Enable Pessimism Removal                   :  Yes
  Pessimism Removal Resolution               :  Nearest Common Node
  Enable Input Delay Default Clock           :  No
  Enable Preset / Clear Arcs                 :  No
  Disable Flight Delays                      :  No
  Ignore I/O Paths                           :  No
  Timing Early Launch at Borrowing Latches   :  No
  Borrow Time for Max Delay Exceptions       :  Yes
  Merge Timing Exceptions                    :  Yes
  Inter-SLR Compensation                     :  Conservative

  Corner  Analyze    Analyze    
  Name    Max Paths  Min Paths  
  ------  ---------  ---------  
  Slow    Yes        Yes        
  Fast    Yes        Yes        


------------------------------------------------------------------------------------------------
| Report Methodology
| ------------------
------------------------------------------------------------------------------------------------

Rule      Severity  Description                                  Violations  
--------  --------  -------------------------------------------  ----------  
LUTAR-1   Warning   LUT drives async reset alert                 3           
ULMTCS-1  Warning   Control Sets use limits recommend reduction  1           

Note: This report is based on the most recent report_methodology run and may not be up-to-date. Run report_methodology on the current design for the latest report.



check_timing report

Table of Contents
-----------------
1. checking no_clock (0)
2. checking constant_clock (0)
3. checking pulse_width_clock (0)
4. checking unconstrained_internal_endpoints (0)
5. checking no_input_delay (0)
6. checking no_output_delay (0)
7. checking multiple_clock (0)
8. checking generated_clocks (0)
9. checking loops (0)
10. checking partial_input_delay (0)
11. checking partial_output_delay (0)
12. checking latch_loops (0)

1. checking no_clock (0)
------------------------
 There are 0 register/latch pins with no clock.


2. checking constant_clock (0)
------------------------------
 There are 0 register/latch pins with constant_clock.


3. checking pulse_width_clock (0)
---------------------------------
 There are 0 register/latch pins which need pulse_width check


4. checking unconstrained_internal_endpoints (0)
------------------------------------------------
 There are 0 pins that are not constrained for maximum delay.

 There are 0 pins that are not constrained for maximum delay due to constant clock.


5. checking no_input_delay (0)
------------------------------
 There are 0 input ports with no input delay specified.

 There are 0 input ports with no input delay but user has a false path constraint.


6. checking no_output_delay (0)
-------------------------------
 There are 0 ports with no output delay specified.

 There are 0 ports with no output delay but user has a false path constraint

 There are 0 ports with no output delay but with a timing clock defined on it or propagating through it


7. checking multiple_clock (0)
------------------------------
 There are 0 register/latch pins with multiple clocks.


8. checking generated_clocks (0)
--------------------------------
 There are 0 generated clocks that are not connected to a clock source.


9. checking loops (0)
---------------------
 There are 0 combinational loops in the design.


10. checking partial_input_delay (0)
------------------------------------
 There are 0 input ports with partial input delay specified.


11. checking partial_output_delay (0)
-------------------------------------
 There are 0 ports with partial output delay specified.


12. checking latch_loops (0)
----------------------------
 There are 0 combinational latch loops in the design through latch input



------------------------------------------------------------------------------------------------
| Design Timing Summary
| ---------------------
------------------------------------------------------------------------------------------------

    WNS(ns)      TNS(ns)  TNS Failing Endpoints  TNS Total Endpoints      WHS(ns)      THS(ns)  THS Failing Endpoints  THS Total Endpoints     WPWS(ns)     TPWS(ns)  TPWS Failing Endpoints  TPWS Total Endpoints  
    -------      -------  ---------------------  -------------------      -------      -------  ---------------------  -------------------     --------     --------  ----------------------  --------------------  
      2.438        0.000                      0               194877        0.032        0.000                      0               194877        8.750        0.000                       0                 54627  


All user specified timing constraints are met.


------------------------------------------------------------------------------------------------
| Clock Summary
| -------------
------------------------------------------------------------------------------------------------

Clock             Waveform(ns)         Period(ns)      Frequency(MHz)
-----             ------------         ----------      --------------
clk_fpga_0        {0.000 10.000}       20.000          50.000          
  shadow_dna_clk  {0.000 320.000}      640.000         1.562           


------------------------------------------------------------------------------------------------
| Intra Clock Table
| -----------------
------------------------------------------------------------------------------------------------

Clock                 WNS(ns)      TNS(ns)  TNS Failing Endpoints  TNS Total Endpoints      WHS(ns)      THS(ns)  THS Failing Endpoints  THS Total Endpoints     WPWS(ns)     TPWS(ns)  TPWS Failing Endpoints  TPWS Total Endpoints  
-----                 -------      -------  ---------------------  -------------------      -------      -------  ---------------------  -------------------     --------     --------  ----------------------  --------------------  
clk_fpga_0              2.438        0.000                      0               172472        0.032        0.000                      0               172472        8.750        0.000                       0                 54558  
  shadow_dna_clk      632.568        0.000                      0                  133        0.255        0.000                      0                  133      319.500        0.000                       0                    69  


------------------------------------------------------------------------------------------------
| Inter Clock Table
| -----------------
------------------------------------------------------------------------------------------------

From Clock      To Clock            WNS(ns)      TNS(ns)  TNS Failing Endpoints  TNS Total Endpoints      WHS(ns)      THS(ns)  THS Failing Endpoints  THS Total Endpoints  
----------      --------            -------      -------  ---------------------  -------------------      -------      -------  ---------------------  -------------------  
shadow_dna_clk  clk_fpga_0           12.775        0.000                      0                   63        0.942        0.000                      0                   63  


------------------------------------------------------------------------------------------------
| Other Path Groups Table
| -----------------------
------------------------------------------------------------------------------------------------

Path Group         From Clock         To Clock               WNS(ns)      TNS(ns)  TNS Failing Endpoints  TNS Total Endpoints      WHS(ns)      THS(ns)  THS Failing Endpoints  THS Total Endpoints  
----------         ----------         --------               -------      -------  ---------------------  -------------------      -------      -------  ---------------------  -------------------  
**async_default**  clk_fpga_0         clk_fpga_0               3.637        0.000                      0                22147        0.643        0.000                      0                22147  
**async_default**  clk_fpga_0         shadow_dna_clk          10.727        0.000                      0                   67        1.491        0.000                      0                   67  


------------------------------------------------------------------------------------------------
| User Ignored Path Table
| -----------------------
------------------------------------------------------------------------------------------------

Path Group    From Clock    To Clock    
----------    ----------    --------    
(none)                      clk_fpga_0    
(none)        clk_fpga_0    clk_fpga_0    


------------------------------------------------------------------------------------------------
| Unconstrained Path Table
| ------------------------
------------------------------------------------------------------------------------------------

Path Group    From Clock    To Clock    
----------    ----------    --------    


------------------------------------------------------------------------------------------------
| Timing Details
| --------------
------------------------------------------------------------------------------------------------


---------------------------------------------------------------------------------------------------
From Clock:  clk_fpga_0
  To Clock:  clk_fpga_0

Setup :            0  Failing Endpoints,  Worst Slack        2.438ns,  Total Violation        0.000ns
Hold  :            0  Failing Endpoints,  Worst Slack        0.032ns,  Total Violation        0.000ns
PW    :            0  Failing Endpoints,  Worst Slack        8.750ns,  Total Violation        0.000ns
---------------------------------------------------------------------------------------------------


Max Delay Paths
--------------------------------------------------------------------------------------
Slack (MET) :             2.438ns  (required time - arrival time)
  Source:                 udp_gateway_shadow_mirror_i/rst_ps7_0_100M/U0/ACTIVE_LOW_PR_OUT_DFF[0].FDRE_PER_N/C
                            (rising edge-triggered cell FDRE clocked by clk_fpga_0  {rise@0.000ns fall@10.000ns period=20.000ns})
  Destination:            udp_gateway_shadow_mirror_i/dma_gateway_hybrid_0/inst/i_hybrid_dma/u_crypto_bridge/u_mid_fifo/mem_reg[8][117]/CE
                            (rising edge-triggered cell FDRE clocked by clk_fpga_0  {rise@0.000ns fall@10.000ns period=20.000ns})
  Path Group:             clk_fpga_0
  Path Type:              Setup (Max at Slow Process Corner)
  Requirement:            20.000ns  (clk_fpga_0 rise@20.000ns - clk_fpga_0 rise@0.000ns)
  Data Path Delay:        16.714ns  (logic 0.642ns (3.841%)  route 16.072ns (96.159%))
  Logic Levels:           1  (LUT6=1)
  Clock Path Skew:        -0.342ns (DCD - SCD + CPR)
    Destination Clock Delay (DCD):    2.730ns = ( 22.729 - 20.000 ) 
    Source Clock Delay      (SCD):    3.186ns
    Clock Pessimism Removal (CPR):    0.115ns
  Clock Uncertainty:      0.302ns  ((TSJ^2 + TIJ^2)^1/2 + DJ) / 2 + PE
    Total System Jitter     (TSJ):    0.071ns
    Total Input Jitter      (TIJ):    0.600ns
    Discrete Jitter          (DJ):    0.000ns
    Phase Error              (PE):    0.000ns

    Location             Delay type                Incr(ns)  Path(ns)    PBlock               Netlist Resource(s)
  -------------------------------------------------------------------    ----------------------------------------
                         (clock clk_fpga_0 rise edge)
                                                      0.000     0.000 r                       
    PS7_X0Y0             PS7                          0.000     0.000 r                       udp_gateway_shadow_mirror_i/processing_system7_0/inst/PS7_i/FCLKCLK[0]
                         net (fo=1, routed)           1.193     1.193                         udp_gateway_shadow_mirror_i/processing_system7_0/inst/FCLK_CLK_unbuffered[0]
    BUFGCTRL_X0Y17       BUFG (Prop_bufg_I_O)         0.101     1.294 r                       udp_gateway_shadow_mirror_i/processing_system7_0/inst/buffer_fclk_clk_0.FCLK_CLK_0_BUFG/O
                         net (fo=54559, routed)       1.892     3.186                         udp_gateway_shadow_mirror_i/rst_ps7_0_100M/U0/slowest_sync_clk
    SLICE_X62Y128        FDRE                                         r                       udp_gateway_shadow_mirror_i/rst_ps7_0_100M/U0/ACTIVE_LOW_PR_OUT_DFF[0].FDRE_PER_N/C
  -------------------------------------------------------------------    ----------------------------------------
    SLICE_X62Y128        FDRE (Prop_fdre_C_Q)         0.518     3.704 r                       udp_gateway_shadow_mirror_i/rst_ps7_0_100M/U0/ACTIVE_LOW_PR_OUT_DFF[0].FDRE_PER_N/Q
                         net (fo=100, routed)        10.761    14.465                         udp_gateway_shadow_mirror_i/dma_gateway_hybrid_0/inst/i_hybrid_dma/u_crypto_bridge/u_mid_fifo/rst_n
    SLICE_X5Y7           LUT6 (Prop_lut6_I1_O)        0.124    14.589 r  shadow_core_region   udp_gateway_shadow_mirror_i/dma_gateway_hybrid_0/inst/i_hybrid_dma/u_crypto_bridge/u_mid_fifo/mem[8][127]_i_1/O
                         net (fo=128, routed)         5.311    19.900                         udp_gateway_shadow_mirror_i/dma_gateway_hybrid_0/inst/i_hybrid_dma/u_crypto_bridge/u_mid_fifo/mem[8][127]_i_1_n_0
    SLICE_X61Y34         FDRE                                         r  shadow_core_region   udp_gateway_shadow_mirror_i/dma_gateway_hybrid_0/inst/i_hybrid_dma/u_crypto_bridge/u_mid_fifo/mem_reg[8][117]/CE
  -------------------------------------------------------------------    ----------------------------------------

                         (clock clk_fpga_0 rise edge)
                                                     20.000    20.000 r                       
    PS7_X0Y0             PS7                          0.000    20.000 r                       udp_gateway_shadow_mirror_i/processing_system7_0/inst/PS7_i/FCLKCLK[0]
                         net (fo=1, routed)           1.088    21.088                         udp_gateway_shadow_mirror_i/processing_system7_0/inst/FCLK_CLK_unbuffered[0]
    BUFGCTRL_X0Y17       BUFG (Prop_bufg_I_O)         0.091    21.179 r                       udp_gateway_shadow_mirror_i/processing_system7_0/inst/buffer_fclk_clk_0.FCLK_CLK_0_BUFG/O
                         net (fo=54559, routed)       1.550    22.729                         udp_gateway_shadow_mirror_i/dma_gateway_hybrid_0/inst/i_hybrid_dma/u_crypto_bridge/u_mid_fifo/clk
    SLICE_X61Y34         FDRE                                         r  shadow_core_region   udp_gateway_shadow_mirror_i/dma_gateway_hybrid_0/inst/i_hybrid_dma/u_crypto_bridge/u_mid_fifo/mem_reg[8][117]/C
                         clock pessimism              0.115    22.844                           
                         clock uncertainty           -0.302    22.542                           
    SLICE_X61Y34         FDRE (Setup_fdre_C_CE)      -0.205    22.337    shadow_core_region     udp_gateway_shadow_mirror_i/dma_gateway_hybrid_0/inst/i_hybrid_dma/u_crypto_bridge/u_mid_fifo/mem_reg[8][117]
  -------------------------------------------------------------------
                         required time                         22.337                           
                         arrival time                         -19.900                           
  -------------------------------------------------------------------
                         slack                                  2.438                           

Slack (MET) :             2.438ns  (required time - arrival time)
  Source:                 udp_gateway_shadow_mirror_i/rst_ps7_0_100M/U0/ACTIVE_LOW_PR_OUT_DFF[0].FDRE_PER_N/C
                            (rising edge-triggered cell FDRE clocked by clk_fpga_0  {rise@0.000ns fall@10.000ns period=20.000ns})
  Destination:            udp_gateway_shadow_mirror_i/dma_gateway_hybrid_0/inst/i_hybrid_dma/u_crypto_bridge/u_mid_fifo/mem_reg[8][90]/CE
                            (rising edge-triggered cell FDRE clocked by clk_fpga_0  {rise@0.000ns fall@10.000ns period=20.000ns})
  Path Group:             clk_fpga_0
  Path Type:              Setup (Max at Slow Process Corner)
  Requirement:            20.000ns  (clk_fpga_0 rise@20.000ns - clk_fpga_0 rise@0.000ns)
  Data Path Delay:        16.714ns  (logic 0.642ns (3.841%)  route 16.072ns (96.159%))
  Logic Levels:           1  (LUT6=1)
  Clock Path Skew:        -0.342ns (DCD - SCD + CPR)
    Destination Clock Delay (DCD):    2.730ns = ( 22.729 - 20.000 ) 
    Source Clock Delay      (SCD):    3.186ns
    Clock Pessimism Removal (CPR):    0.115ns
  Clock Uncertainty:      0.302ns  ((TSJ^2 + TIJ^2)^1/2 + DJ) / 2 + PE
    Total System Jitter     (TSJ):    0.071ns
    Total Input Jitter      (TIJ):    0.600ns
    Discrete Jitter          (DJ):    0.000ns
    Phase Error              (PE):    0.000ns

    Location             Delay type                Incr(ns)  Path(ns)    PBlock               Netlist Resource(s)
  -------------------------------------------------------------------    ----------------------------------------
                         (clock clk_fpga_0 rise edge)
                                                      0.000     0.000 r                       
    PS7_X0Y0             PS7                          0.000     0.000 r                       udp_gateway_shadow_mirror_i/processing_system7_0/inst/PS7_i/FCLKCLK[0]
                         net (fo=1, routed)           1.193     1.193                         udp_gateway_shadow_mirror_i/processing_system7_0/inst/FCLK_CLK_unbuffered[0]
    BUFGCTRL_X0Y17       BUFG (Prop_bufg_I_O)         0.101     1.294 r                       udp_gateway_shadow_mirror_i/processing_system7_0/inst/buffer_fclk_clk_0.FCLK_CLK_0_BUFG/O
                         net (fo=54559, routed)       1.892     3.186                         udp_gateway_shadow_mirror_i/rst_ps7_0_100M/U0/slowest_sync_clk
    SLICE_X62Y128        FDRE                                         r                       udp_gateway_shadow_mirror_i/rst_ps7_0_100M/U0/ACTIVE_LOW_PR_OUT_DFF[0].FDRE_PER_N/C
  -------------------------------------------------------------------    ----------------------------------------
    SLICE_X62Y128        FDRE (Prop_fdre_C_Q)         0.518     3.704 r                       udp_gateway_shadow_mirror_i/rst_ps7_0_100M/U0/ACTIVE_LOW_PR_OUT_DFF[0].FDRE_PER_N/Q
                         net (fo=100, routed)        10.761    14.465                         udp_gateway_shadow_mirror_i/dma_gateway_hybrid_0/inst/i_hybrid_dma/u_crypto_bridge/u_mid_fifo/rst_n
    SLICE_X5Y7           LUT6 (Prop_lut6_I1_O)        0.124    14.589 r  shadow_core_region   udp_gateway_shadow_mirror_i/dma_gateway_hybrid_0/inst/i_hybrid_dma/u_crypto_bridge/u_mid_fifo/mem[8][127]_i_1/O
                         net (fo=128, routed)         5.311    19.900                         udp_gateway_shadow_mirror_i/dma_gateway_hybrid_0/inst/i_hybrid_dma/u_crypto_bridge/u_mid_fifo/mem[8][127]_i_1_n_0
    SLICE_X61Y34         FDRE                                         r  shadow_core_region   udp_gateway_shadow_mirror_i/dma_gateway_hybrid_0/inst/i_hybrid_dma/u_crypto_bridge/u_mid_fifo/mem_reg[8][90]/CE
  -------------------------------------------------------------------    ----------------------------------------

                         (clock clk_fpga_0 rise edge)
                                                     20.000    20.000 r                       
    PS7_X0Y0             PS7                          0.000    20.000 r                       udp_gateway_shadow_mirror_i/processing_system7_0/inst/PS7_i/FCLKCLK[0]
                         net (fo=1, routed)           1.088    21.088                         udp_gateway_shadow_mirror_i/processing_system7_0/inst/FCLK_CLK_unbuffered[0]
    BUFGCTRL_X0Y17       BUFG (Prop_bufg_I_O)         0.091    21.179 r                       udp_gateway_shadow_mirror_i/processing_system7_0/inst/buffer_fclk_clk_0.FCLK_CLK_0_BUFG/O
                         net (fo=54559, routed)       1.550    22.729                         udp_gateway_shadow_mirror_i/dma_gateway_hybrid_0/inst/i_hybrid_dma/u_crypto_bridge/u_mid_fifo/clk
    SLICE_X61Y34         FDRE                                         r  shadow_core_region   udp_gateway_shadow_mirror_i/dma_gateway_hybrid_0/inst/i_hybrid_dma/u_crypto_bridge/u_mid_fifo/mem_reg[8][90]/C
                         clock pessimism              0.115    22.844                           
                         clock uncertainty           -0.302    22.542                           
    SLICE_X61Y34         FDRE (Setup_fdre_C_CE)      -0.205    22.337    shadow_core_region     udp_gateway_shadow_mirror_i/dma_gateway_hybrid_0/inst/i_hybrid_dma/u_crypto_bridge/u_mid_fifo/mem_reg[8][90]
  -------------------------------------------------------------------
                         required time                         22.337                           
                         arrival time                         -19.900                           
  -------------------------------------------------------------------
                         slack                                  2.438                           

Slack (MET) :             2.450ns  (required time - arrival time)
  Source:                 udp_gateway_shadow_mirror_i/rst_ps7_0_100M/U0/ACTIVE_LOW_PR_OUT_DFF[0].FDRE_PER_N/C
                            (rising edge-triggered cell FDRE clocked by clk_fpga_0  {rise@0.000ns fall@10.000ns period=20.000ns})
  Destination:            udp_gateway_shadow_mirror_i/dma_gateway_hybrid_0/inst/i_hybrid_dma/u_crypto_bridge/u_mid_fifo/mem_reg[8][92]/CE
                            (rising edge-triggered cell FDRE clocked by clk_fpga_0  {rise@0.000ns fall@10.000ns period=20.000ns})
  Path Group:             clk_fpga_0
  Path Type:              Setup (Max at Slow Process Corner)
  Requirement:            20.000ns  (clk_fpga_0 rise@20.000ns - clk_fpga_0 rise@0.000ns)
  Data Path Delay:        16.701ns  (logic 0.642ns (3.844%)  route 16.059ns (96.156%))
  Logic Levels:           1  (LUT6=1)
  Clock Path Skew:        -0.343ns (DCD - SCD + CPR)
    Destination Clock Delay (DCD):    2.728ns = ( 22.729 - 20.000 ) 
    Source Clock Delay      (SCD):    3.186ns
    Clock Pessimism Removal (CPR):    0.115ns
  Clock Uncertainty:      0.302ns  ((TSJ^2 + TIJ^2)^1/2 + DJ) / 2 + PE
    Total System Jitter     (TSJ):    0.071ns
    Total Input Jitter      (TIJ):    0.600ns
    Discrete Jitter          (DJ):    0.000ns
    Phase Error              (PE):    0.000ns

    Location             Delay type                Incr(ns)  Path(ns)    PBlock               Netlist Resource(s)
  -------------------------------------------------------------------    ----------------------------------------
                         (clock clk_fpga_0 rise edge)
                                                      0.000     0.000 r                       
    PS7_X0Y0             PS7                          0.000     0.000 r                       udp_gateway_shadow_mirror_i/processing_system7_0/inst/PS7_i/FCLKCLK[0]
                         net (fo=1, routed)           1.193     1.193                         udp_gateway_shadow_mirror_i/processing_system7_0/inst/FCLK_CLK_unbuffered[0]
    BUFGCTRL_X0Y17       BUFG (Prop_bufg_I_O)         0.101     1.294 r                       udp_gateway_shadow_mirror_i/processing_system7_0/inst/buffer_fclk_clk_0.FCLK_CLK_0_BUFG/O
                         net (fo=54559, routed)       1.892     3.186                         udp_gateway_shadow_mirror_i/rst_ps7_0_100M/U0/slowest_sync_clk
    SLICE_X62Y128        FDRE                                         r                       udp_gateway_shadow_mirror_i/rst_ps7_0_100M/U0/ACTIVE_LOW_PR_OUT_DFF[0].FDRE_PER_N/C
  -------------------------------------------------------------------    ----------------------------------------
    SLICE_X62Y128        FDRE (Prop_fdre_C_Q)         0.518     3.704 r                       udp_gateway_shadow_mirror_i/rst_ps7_0_100M/U0/ACTIVE_LOW_PR_OUT_DFF[0].FDRE_PER_N/Q
                         net (fo=100, routed)        10.761    14.465                         udp_gateway_shadow_mirror_i/dma_gateway_hybrid_0/inst/i_hybrid_dma/u_crypto_bridge/u_mid_fifo/rst_n
    SLICE_X5Y7           LUT6 (Prop_lut6_I1_O)        0.124    14.589 r  shadow_core_region   udp_gateway_shadow_mirror_i/dma_gateway_hybrid_0/inst/i_hybrid_dma/u_crypto_bridge/u_mid_fifo/mem[8][127]_i_1/O
                         net (fo=128, routed)         5.298    19.887                         udp_gateway_shadow_mirror_i/dma_gateway_hybrid_0/inst/i_hybrid_dma/u_crypto_bridge/u_mid_fifo/mem[8][127]_i_1_n_0
    SLICE_X60Y33         FDRE                                         r  shadow_core_region   udp_gateway_shadow_mirror_i/dma_gateway_hybrid_0/inst/i_hybrid_dma/u_crypto_bridge/u_mid_fifo/mem_reg[8][92]/CE
  -------------------------------------------------------------------    ----------------------------------------

                         (clock clk_fpga_0 rise edge)
                                                     20.000    20.000 r                       
    PS7_X0Y0             PS7                          0.000    20.000 r                       udp_gateway_shadow_mirror_i/processing_system7_0/inst/PS7_i/FCLKCLK[0]
                         net (fo=1, routed)           1.088    21.088                         udp_gateway_shadow_mirror_i/processing_system7_0/inst/FCLK_CLK_unbuffered[0]
    BUFGCTRL_X0Y17       BUFG (Prop_bufg_I_O)         0.091    21.179 r                       udp_gateway_shadow_mirror_i/processing_system7_0/inst/buffer_fclk_clk_0.FCLK_CLK_0_BUFG/O
                         net (fo=54559, routed)       1.549    22.729                         udp_gateway_shadow_mirror_i/dma_gateway_hybrid_0/inst/i_hybrid_dma/u_crypto_bridge/u_mid_fifo/clk
    SLICE_X60Y33         FDRE                                         r  shadow_core_region   udp_gateway_shadow_mirror_i/dma_gateway_hybrid_0/inst/i_hybrid_dma/u_crypto_bridge/u_mid_fifo/mem_reg[8][92]/C
                         clock pessimism              0.115    22.843                           
                         clock uncertainty           -0.302    22.541                           
    SLICE_X60Y33         FDRE (Setup_fdre_C_CE)      -0.205    22.336    shadow_core_region     udp_gateway_shadow_mirror_i/dma_gateway_hybrid_0/inst/i_hybrid_dma/u_crypto_bridge/u_mid_fifo/mem_reg[8][92]
  -------------------------------------------------------------------
                         required time                         22.336                           
                         arrival time                         -19.887                           
  -------------------------------------------------------------------
                         slack                                  2.450                           

Slack (MET) :             2.450ns  (required time - arrival time)
  Source:                 udp_gateway_shadow_mirror_i/rst_ps7_0_100M/U0/ACTIVE_LOW_PR_OUT_DFF[0].FDRE_PER_N/C
                            (rising edge-triggered cell FDRE clocked by clk_fpga_0  {rise@0.000ns fall@10.000ns period=20.000ns})
  Destination:            udp_gateway_shadow_mirror_i/dma_gateway_hybrid_0/inst/i_hybrid_dma/u_crypto_bridge/u_mid_fifo/mem_reg[8][96]/CE
                            (rising edge-triggered cell FDRE clocked by clk_fpga_0  {rise@0.000ns fall@10.000ns period=20.000ns})
  Path Group:             clk_fpga_0
  Path Type:              Setup (Max at Slow Process Corner)
  Requirement:            20.000ns  (clk_fpga_0 rise@20.000ns - clk_fpga_0 rise@0.000ns)
  Data Path Delay:        16.701ns  (logic 0.642ns (3.844%)  route 16.059ns (96.156%))
  Logic Levels:           1  (LUT6=1)
  Clock Path Skew:        -0.343ns (DCD - SCD + CPR)
    Destination Clock Delay (DCD):    2.728ns = ( 22.729 - 20.000 ) 
    Source Clock Delay      (SCD):    3.186ns
    Clock Pessimism Removal (CPR):    0.115ns
  Clock Uncertainty:      0.302ns  ((TSJ^2 + TIJ^2)^1/2 + DJ) / 2 + PE
    Total System Jitter     (TSJ):    0.071ns
    Total Input Jitter      (TIJ):    0.600ns
    Discrete Jitter          (DJ):    0.000ns
    Phase Error              (PE):    0.000ns

    Location             Delay type                Incr(ns)  Path(ns)    PBlock               Netlist Resource(s)
  -------------------------------------------------------------------    ----------------------------------------
                         (clock clk_fpga_0 rise edge)
                                                      0.000     0.000 r                       
    PS7_X0Y0             PS7                          0.000     0.000 r                       udp_gateway_shadow_mirror_i/processing_system7_0/inst/PS7_i/FCLKCLK[0]
                         net (fo=1, routed)           1.193     1.193                         udp_gateway_shadow_mirror_i/processing_system7_0/inst/FCLK_CLK_unbuffered[0]
    BUFGCTRL_X0Y17       BUFG (Prop_bufg_I_O)         0.101     1.294 r                       udp_gateway_shadow_mirror_i/processing_system7_0/inst/buffer_fclk_clk_0.FCLK_CLK_0_BUFG/O
                         net (fo=54559, routed)       1.892     3.186                         udp_gateway_shadow_mirror_i/rst_ps7_0_100M/U0/slowest_sync_clk
    SLICE_X62Y128        FDRE                                         r                       udp_gateway_shadow_mirror_i/rst_ps7_0_100M/U0/ACTIVE_LOW_PR_OUT_DFF[0].FDRE_PER_N/C
  -------------------------------------------------------------------    ----------------------------------------
    SLICE_X62Y128        FDRE (Prop_fdre_C_Q)         0.518     3.704 r                       udp_gateway_shadow_mirror_i/rst_ps7_0_100M/U0/ACTIVE_LOW_PR_OUT_DFF[0].FDRE_PER_N/Q
                         net (fo=100, routed)        10.761    14.465                         udp_gateway_shadow_mirror_i/dma_gateway_hybrid_0/inst/i_hybrid_dma/u_crypto_bridge/u_mid_fifo/rst_n
    SLICE_X5Y7           LUT6 (Prop_lut6_I1_O)        0.124    14.589 r  shadow_core_region   udp_gateway_shadow_mirror_i/dma_gateway_hybrid_0/inst/i_hybrid_dma/u_crypto_bridge/u_mid_fifo/mem[8][127]_i_1/O
                         net (fo=128, routed)         5.298    19.887                         udp_gateway_shadow_mirror_i/dma_gateway_hybrid_0/inst/i_hybrid_dma/u_crypto_bridge/u_mid_fifo/mem[8][127]_i_1_n_0
    SLICE_X60Y33         FDRE                                         r  shadow_core_region   udp_gateway_shadow_mirror_i/dma_gateway_hybrid_0/inst/i_hybrid_dma/u_crypto_bridge/u_mid_fifo/mem_reg[8][96]/CE
  -------------------------------------------------------------------    ----------------------------------------

                         (clock clk_fpga_0 rise edge)
                                                     20.000    20.000 r                       
    PS7_X0Y0             PS7                          0.000    20.000 r                       udp_gateway_shadow_mirror_i/processing_system7_0/inst/PS7_i/FCLKCLK[0]
                         net (fo=1, routed)           1.088    21.088                         udp_gateway_shadow_mirror_i/processing_system7_0/inst/FCLK_CLK_unbuffered[0]
    BUFGCTRL_X0Y17       BUFG (Prop_bufg_I_O)         0.091    21.179 r                       udp_gateway_shadow_mirror_i/processing_system7_0/inst/buffer_fclk_clk_0.FCLK_CLK_0_BUFG/O
                         net (fo=54559, routed)       1.549    22.729                         udp_gateway_shadow_mirror_i/dma_gateway_hybrid_0/inst/i_hybrid_dma/u_crypto_bridge/u_mid_fifo/clk
    SLICE_X60Y33         FDRE                                         r  shadow_core_region   udp_gateway_shadow_mirror_i/dma_gateway_hybrid_0/inst/i_hybrid_dma/u_crypto_bridge/u_mid_fifo/mem_reg[8][96]/C
                         clock pessimism              0.115    22.843                           
                         clock uncertainty           -0.302    22.541                           
    SLICE_X60Y33         FDRE (Setup_fdre_C_CE)      -0.205    22.336    shadow_core_region     udp_gateway_shadow_mirror_i/dma_gateway_hybrid_0/inst/i_hybrid_dma/u_crypto_bridge/u_mid_fifo/mem_reg[8][96]
  -------------------------------------------------------------------
                         required time                         22.336                           
                         arrival time                         -19.887                           
  -------------------------------------------------------------------
                         slack                                  2.450                           

Slack (MET) :             2.450ns  (required time - arrival time)
  Source:                 udp_gateway_shadow_mirror_i/rst_ps7_0_100M/U0/ACTIVE_LOW_PR_OUT_DFF[0].FDRE_PER_N/C
                            (rising edge-triggered cell FDRE clocked by clk_fpga_0  {rise@0.000ns fall@10.000ns period=20.000ns})
  Destination:            udp_gateway_shadow_mirror_i/dma_gateway_hybrid_0/inst/i_hybrid_dma/u_crypto_bridge/u_mid_fifo/mem_reg[8][98]/CE
                            (rising edge-triggered cell FDRE clocked by clk_fpga_0  {rise@0.000ns fall@10.000ns period=20.000ns})
  Path Group:             clk_fpga_0
  Path Type:              Setup (Max at Slow Process Corner)
  Requirement:            20.000ns  (clk_fpga_0 rise@20.000ns - clk_fpga_0 rise@0.000ns)
  Data Path Delay:        16.701ns  (logic 0.642ns (3.844%)  route 16.059ns (96.156%))
  Logic Levels:           1  (LUT6=1)
  Clock Path Skew:        -0.343ns (DCD - SCD + CPR)
    Destination Clock Delay (DCD):    2.728ns = ( 22.729 - 20.000 ) 
    Source Clock Delay      (SCD):    3.186ns
    Clock Pessimism Removal (CPR):    0.115ns
  Clock Uncertainty:      0.302ns  ((TSJ^2 + TIJ^2)^1/2 + DJ) / 2 + PE
    Total System Jitter     (TSJ):    0.071ns
    Total Input Jitter      (TIJ):    0.600ns
    Discrete Jitter          (DJ):    0.000ns
    Phase Error              (PE):    0.000ns

    Location             Delay type                Incr(ns)  Path(ns)    PBlock               Netlist Resource(s)
  -------------------------------------------------------------------    ----------------------------------------
                         (clock clk_fpga_0 rise edge)
                                                      0.000     0.000 r                       
    PS7_X0Y0             PS7                          0.000     0.000 r                       udp_gateway_shadow_mirror_i/processing_system7_0/inst/PS7_i/FCLKCLK[0]
                         net (fo=1, routed)           1.193     1.193                         udp_gateway_shadow_mirror_i/processing_system7_0/inst/FCLK_CLK_unbuffered[0]
    BUFGCTRL_X0Y17       BUFG (Prop_bufg_I_O)         0.101     1.294 r                       udp_gateway_shadow_mirror_i/processing_system7_0/inst/buffer_fclk_clk_0.FCLK_CLK_0_BUFG/O
                         net (fo=54559, routed)       1.892     3.186                         udp_gateway_shadow_mirror_i/rst_ps7_0_100M/U0/slowest_sync_clk
    SLICE_X62Y128        FDRE                                         r                       udp_gateway_shadow_mirror_i/rst_ps7_0_100M/U0/ACTIVE_LOW_PR_OUT_DFF[0].FDRE_PER_N/C
  -------------------------------------------------------------------    ----------------------------------------
    SLICE_X62Y128        FDRE (Prop_fdre_C_Q)         0.518     3.704 r                       udp_gateway_shadow_mirror_i/rst_ps7_0_100M/U0/ACTIVE_LOW_PR_OUT_DFF[0].FDRE_PER_N/Q
                         net (fo=100, routed)        10.761    14.465                         udp_gateway_shadow_mirror_i/dma_gateway_hybrid_0/inst/i_hybrid_dma/u_crypto_bridge/u_mid_fifo/rst_n
    SLICE_X5Y7           LUT6 (Prop_lut6_I1_O)        0.124    14.589 r  shadow_core_region   udp_gateway_shadow_mirror_i/dma_gateway_hybrid_0/inst/i_hybrid_dma/u_crypto_bridge/u_mid_fifo/mem[8][127]_i_1/O
                         net (fo=128, routed)         5.298    19.887                         udp_gateway_shadow_mirror_i/dma_gateway_hybrid_0/inst/i_hybrid_dma/u_crypto_bridge/u_mid_fifo/mem[8][127]_i_1_n_0
    SLICE_X60Y33         FDRE                                         r  shadow_core_region   udp_gateway_shadow_mirror_i/dma_gateway_hybrid_0/inst/i_hybrid_dma/u_crypto_bridge/u_mid_fifo/mem_reg[8][98]/CE
  -------------------------------------------------------------------    ----------------------------------------

                         (clock clk_fpga_0 rise edge)
                                                     20.000    20.000 r                       
    PS7_X0Y0             PS7                          0.000    20.000 r                       udp_gateway_shadow_mirror_i/processing_system7_0/inst/PS7_i/FCLKCLK[0]
                         net (fo=1, routed)           1.088    21.088                         udp_gateway_shadow_mirror_i/processing_system7_0/inst/FCLK_CLK_unbuffered[0]
    BUFGCTRL_X0Y17       BUFG (Prop_bufg_I_O)         0.091    21.179 r                       udp_gateway_shadow_mirror_i/processing_system7_0/inst/buffer_fclk_clk_0.FCLK_CLK_0_BUFG/O
                         net (fo=54559, routed)       1.549    22.729                         udp_gateway_shadow_mirror_i/dma_gateway_hybrid_0/inst/i_hybrid_dma/u_crypto_bridge/u_mid_fifo/clk
    SLICE_X60Y33         FDRE                                         r  shadow_core_region   udp_gateway_shadow_mirror_i/dma_gateway_hybrid_0/inst/i_hybrid_dma/u_crypto_bridge/u_mid_fifo/mem_reg[8][98]/C
                         clock pessimism              0.115    22.843                           
                         clock uncertainty           -0.302    22.541                           
    SLICE_X60Y33         FDRE (Setup_fdre_C_CE)      -0.205    22.336    shadow_core_region     udp_gateway_shadow_mirror_i/dma_gateway_hybrid_0/inst/i_hybrid_dma/u_crypto_bridge/u_mid_fifo/mem_reg[8][98]
  -------------------------------------------------------------------
                         required time                         22.336                           
                         arrival time                         -19.887                           
  -------------------------------------------------------------------
                         slack                                  2.450                           

Slack (MET) :             2.525ns  (required time - arrival time)
  Source:                 udp_gateway_shadow_mirror_i/dma_gateway_hybrid_0/inst/u_shadow_acl_filter/flush_idx_reg[3]/C
                            (rising edge-triggered cell FDCE clocked by clk_fpga_0  {rise@0.000ns fall@10.000ns period=20.000ns})
  Destination:            udp_gateway_shadow_mirror_i/dma_gateway_hybrid_0/inst/txcap_read_data_q_reg[27]/CE
                            (rising edge-triggered cell FDCE clocked by clk_fpga_0  {rise@0.000ns fall@10.000ns period=20.000ns})
  Path Group:             clk_fpga_0
  Path Type:              Setup (Max at Slow Process Corner)
  Requirement:            20.000ns  (clk_fpga_0 rise@20.000ns - clk_fpga_0 rise@0.000ns)
  Data Path Delay:        16.553ns  (logic 4.403ns (26.599%)  route 12.150ns (73.401%))
  Logic Levels:           17  (CARRY4=7 LUT1=1 LUT3=1 LUT4=1 LUT5=4 LUT6=2 MUXF7=1)
  Clock Path Skew:        -0.415ns (DCD - SCD + CPR)
    Destination Clock Delay (DCD):    2.736ns = ( 22.736 - 20.000 ) 
    Source Clock Delay      (SCD):    3.266ns
    Clock Pessimism Removal (CPR):    0.115ns
  Clock Uncertainty:      0.302ns  ((TSJ^2 + TIJ^2)^1/2 + DJ) / 2 + PE
    Total System Jitter     (TSJ):    0.071ns
    Total Input Jitter      (TIJ):    0.600ns
    Discrete Jitter          (DJ):    0.000ns
    Phase Error              (PE):    0.000ns

    Location             Delay type                Incr(ns)  Path(ns)    Netlist Resource(s)
  -------------------------------------------------------------------    -------------------
                         (clock clk_fpga_0 rise edge)
                                                      0.000     0.000 r  
    PS7_X0Y0             PS7                          0.000     0.000 r  udp_gateway_shadow_mirror_i/processing_system7_0/inst/PS7_i/FCLKCLK[0]
                         net (fo=1, routed)           1.193     1.193    udp_gateway_shadow_mirror_i/processing_system7_0/inst/FCLK_CLK_unbuffered[0]
    BUFGCTRL_X0Y17       BUFG (Prop_bufg_I_O)         0.101     1.294 r  udp_gateway_shadow_mirror_i/processing_system7_0/inst/buffer_fclk_clk_0.FCLK_CLK_0_BUFG/O
                         net (fo=54559, routed)       1.972     3.266    udp_gateway_shadow_mirror_i/dma_gateway_hybrid_0/inst/u_shadow_acl_filter/clk
    SLICE_X91Y107        FDCE                                         r  udp_gateway_shadow_mirror_i/dma_gateway_hybrid_0/inst/u_shadow_acl_filter/flush_idx_reg[3]/C
  -------------------------------------------------------------------    -------------------
    SLICE_X91Y107        FDCE (Prop_fdce_C_Q)         0.456     3.722 r  udp_gateway_shadow_mirror_i/dma_gateway_hybrid_0/inst/u_shadow_acl_filter/flush_idx_reg[3]/Q
                         net (fo=193, routed)         1.091     4.813    udp_gateway_shadow_mirror_i/dma_gateway_hybrid_0/inst/u_shadow_acl_filter/flush_idx_reg_n_0_[3]
    SLICE_X89Y109        LUT3 (Prop_lut3_I2_O)        0.124     4.937 r  udp_gateway_shadow_mirror_i/dma_gateway_hybrid_0/inst/u_shadow_acl_filter/fastpath_header_mem[0][31]_i_8/O
                         net (fo=33, routed)          1.161     6.097    udp_gateway_shadow_mirror_i/dma_gateway_hybrid_0/inst/u_shadow_acl_filter/fastpath_header_mem[0][31]_i_8_n_0
    SLICE_X91Y122        MUXF7 (Prop_muxf7_S_O)       0.276     6.373 f  udp_gateway_shadow_mirror_i/dma_gateway_hybrid_0/inst/u_shadow_acl_filter/fastpath_header_mem_reg[0][3]_i_3/O
                         net (fo=6, routed)           1.652     8.025    udp_gateway_shadow_mirror_i/dma_gateway_hybrid_0/inst/u_shadow_acl_filter/fastpath_header_mem_reg[0][3]_i_3_n_0
    SLICE_X95Y81         LUT5 (Prop_lut5_I4_O)        0.299     8.324 f  udp_gateway_shadow_mirror_i/dma_gateway_hybrid_0/inst/u_shadow_acl_filter/fastpath_header_mem[0][3]_i_1/O
                         net (fo=17, routed)          1.539     9.864    udp_gateway_shadow_mirror_i/dma_gateway_hybrid_0/inst/u_shadow_acl_filter/gen_wr_a.gen_word_narrow.mem_reg[0]
    SLICE_X81Y67         LUT1 (Prop_lut1_I0_O)        0.124     9.988 r  udp_gateway_shadow_mirror_i/dma_gateway_hybrid_0/inst/u_shadow_acl_filter/FSM_sequential_fastpath_route_state_q[2]_i_30/O
                         net (fo=1, routed)           0.000     9.988    udp_gateway_shadow_mirror_i/dma_gateway_hybrid_0/inst/u_shadow_acl_filter/FSM_sequential_fastpath_route_state_q[2]_i_30_n_0
    SLICE_X81Y67         CARRY4 (Prop_carry4_S[1]_CO[3])
                                                      0.550    10.538 r  udp_gateway_shadow_mirror_i/dma_gateway_hybrid_0/inst/u_shadow_acl_filter/FSM_sequential_fastpath_route_state_q_reg[2]_i_19/CO[3]
                         net (fo=1, routed)           0.000    10.538    udp_gateway_shadow_mirror_i/dma_gateway_hybrid_0/inst/u_shadow_acl_filter/FSM_sequential_fastpath_route_state_q_reg[2]_i_19_n_0
    SLICE_X81Y68         CARRY4 (Prop_carry4_CI_CO[3])
                                                      0.114    10.652 r  udp_gateway_shadow_mirror_i/dma_gateway_hybrid_0/inst/u_shadow_acl_filter/FSM_sequential_fastpath_route_state_q_reg[2]_i_32/CO[3]
                         net (fo=1, routed)           0.000    10.652    udp_gateway_shadow_mirror_i/dma_gateway_hybrid_0/inst/u_shadow_acl_filter/FSM_sequential_fastpath_route_state_q_reg[2]_i_32_n_0
    SLICE_X81Y69         CARRY4 (Prop_carry4_CI_CO[3])
                                                      0.114    10.766 r  udp_gateway_shadow_mirror_i/dma_gateway_hybrid_0/inst/u_shadow_acl_filter/FSM_sequential_fastpath_route_state_q_reg[2]_i_25/CO[3]
                         net (fo=1, routed)           0.000    10.766    udp_gateway_shadow_mirror_i/dma_gateway_hybrid_0/inst/u_shadow_acl_filter/FSM_sequential_fastpath_route_state_q_reg[2]_i_25_n_0
    SLICE_X81Y70         CARRY4 (Prop_carry4_CI_O[2])
                                                      0.239    11.005 r  udp_gateway_shadow_mirror_i/dma_gateway_hybrid_0/inst/u_shadow_acl_filter/FSM_sequential_fastpath_route_state_q_reg[2]_i_24/O[2]
                         net (fo=16, routed)          0.706    11.711    udp_gateway_shadow_mirror_i/dma_gateway_hybrid_0/inst/u_shadow_acl_filter/fastpath_route_state_q5[16]
    SLICE_X83Y71         CARRY4 (Prop_carry4_S[1]_CO[3])
                                                      0.852    12.563 r  udp_gateway_shadow_mirror_i/dma_gateway_hybrid_0/inst/u_shadow_acl_filter/FSM_sequential_fastpath_route_state_q_reg[2]_i_12/CO[3]
                         net (fo=1, routed)           0.000    12.563    udp_gateway_shadow_mirror_i/dma_gateway_hybrid_0/inst/u_shadow_acl_filter/FSM_sequential_fastpath_route_state_q_reg[2]_i_12_n_0
    SLICE_X83Y72         CARRY4 (Prop_carry4_CI_CO[3])
                                                      0.114    12.677 r  udp_gateway_shadow_mirror_i/dma_gateway_hybrid_0/inst/u_shadow_acl_filter/FSM_sequential_fastpath_route_state_q_reg[2]_i_16/CO[3]
                         net (fo=1, routed)           0.000    12.677    udp_gateway_shadow_mirror_i/dma_gateway_hybrid_0/inst/u_shadow_acl_filter/FSM_sequential_fastpath_route_state_q_reg[2]_i_16_n_0
    SLICE_X83Y73         CARRY4 (Prop_carry4_CI_O[0])
                                                      0.222    12.899 f  udp_gateway_shadow_mirror_i/dma_gateway_hybrid_0/inst/u_shadow_acl_filter/FSM_sequential_fastpath_route_state_q_reg[2]_i_14/O[0]
                         net (fo=1, routed)           0.951    13.850    udp_gateway_shadow_mirror_i/dma_gateway_hybrid_0/inst/u_shadow_acl_filter/FSM_sequential_fastpath_route_state_q_reg[2]_i_14_n_7
    SLICE_X84Y72         LUT4 (Prop_lut4_I3_O)        0.299    14.149 f  udp_gateway_shadow_mirror_i/dma_gateway_hybrid_0/inst/u_shadow_acl_filter/FSM_sequential_fastpath_route_state_q[2]_i_17/O
                         net (fo=1, routed)           0.684    14.832    udp_gateway_shadow_mirror_i/dma_gateway_hybrid_0/inst/u_shadow_acl_filter/FSM_sequential_fastpath_route_state_q[2]_i_17_n_0
    SLICE_X84Y71         LUT5 (Prop_lut5_I4_O)        0.124    14.956 f  udp_gateway_shadow_mirror_i/dma_gateway_hybrid_0/inst/u_shadow_acl_filter/FSM_sequential_fastpath_route_state_q[2]_i_7/O
                         net (fo=1, routed)           0.375    15.331    udp_gateway_shadow_mirror_i/dma_gateway_hybrid_0/inst/u_shadow_acl_filter/FSM_sequential_fastpath_route_state_q[2]_i_7_n_0
    SLICE_X84Y71         LUT5 (Prop_lut5_I2_O)        0.124    15.455 r  udp_gateway_shadow_mirror_i/dma_gateway_hybrid_0/inst/u_shadow_acl_filter/FSM_sequential_fastpath_route_state_q[2]_i_2/O
                         net (fo=59, routed)          0.843    16.299    udp_gateway_shadow_mirror_i/dma_gateway_hybrid_0/inst/u_shadow_acl_filter/fastpath_route_state_q114_out
    SLICE_X84Y84         LUT6 (Prop_lut6_I2_O)        0.124    16.423 r  udp_gateway_shadow_mirror_i/dma_gateway_hybrid_0/inst/u_shadow_acl_filter/txcap_read_data_q[31]_i_7/O
                         net (fo=1, routed)           0.444    16.867    udp_gateway_shadow_mirror_i/dma_gateway_hybrid_0/inst/u_shadow_acl_filter/txcap_read_data_q__0
    SLICE_X84Y84         LUT6 (Prop_lut6_I0_O)        0.124    16.991 r  udp_gateway_shadow_mirror_i/dma_gateway_hybrid_0/inst/u_shadow_acl_filter/txcap_read_data_q[31]_i_4/O
                         net (fo=2, routed)           0.439    17.430    udp_gateway_shadow_mirror_i/dma_gateway_hybrid_0/inst/gen_shadow_ctrl_csr.u_shadow_ctrl_csr/txcap_count_q_reg[0]_1
    SLICE_X83Y84         LUT5 (Prop_lut5_I4_O)        0.124    17.554 r  udp_gateway_shadow_mirror_i/dma_gateway_hybrid_0/inst/gen_shadow_ctrl_csr.u_shadow_ctrl_csr/txcap_read_data_q[31]_i_1/O
                         net (fo=95, routed)          2.265    19.819    udp_gateway_shadow_mirror_i/dma_gateway_hybrid_0/inst/gen_shadow_ctrl_csr.u_shadow_ctrl_csr_n_15
    SLICE_X81Y36         FDCE                                         r  udp_gateway_shadow_mirror_i/dma_gateway_hybrid_0/inst/txcap_read_data_q_reg[27]/CE
  -------------------------------------------------------------------    -------------------

                         (clock clk_fpga_0 rise edge)
                                                     20.000    20.000 r  
    PS7_X0Y0             PS7                          0.000    20.000 r  udp_gateway_shadow_mirror_i/processing_system7_0/inst/PS7_i/FCLKCLK[0]
                         net (fo=1, routed)           1.088    21.088    udp_gateway_shadow_mirror_i/processing_system7_0/inst/FCLK_CLK_unbuffered[0]
    BUFGCTRL_X0Y17       BUFG (Prop_bufg_I_O)         0.091    21.179 r  udp_gateway_shadow_mirror_i/processing_system7_0/inst/buffer_fclk_clk_0.FCLK_CLK_0_BUFG/O
                         net (fo=54559, routed)       1.557    22.736    udp_gateway_shadow_mirror_i/dma_gateway_hybrid_0/inst/clk
    SLICE_X81Y36         FDCE                                         r  udp_gateway_shadow_mirror_i/dma_gateway_hybrid_0/inst/txcap_read_data_q_reg[27]/C
                         clock pessimism              0.115    22.851    
                         clock uncertainty           -0.302    22.549    
    SLICE_X81Y36         FDCE (Setup_fdce_C_CE)      -0.205    22.344    udp_gateway_shadow_mirror_i/dma_gateway_hybrid_0/inst/txcap_read_data_q_reg[27]
  -------------------------------------------------------------------
                         required time                         22.344    
                         arrival time                         -19.819    
  -------------------------------------------------------------------
                         slack                                  2.525    

Slack (MET) :             2.525ns  (required time - arrival time)
  Source:                 udp_gateway_shadow_mirror_i/dma_gateway_hybrid_0/inst/u_shadow_acl_filter/flush_idx_reg[3]/C
                            (rising edge-triggered cell FDCE clocked by clk_fpga_0  {rise@0.000ns fall@10.000ns period=20.000ns})
  Destination:            udp_gateway_shadow_mirror_i/dma_gateway_hybrid_0/inst/txcap_read_data_q_reg[8]/CE
                            (rising edge-triggered cell FDCE clocked by clk_fpga_0  {rise@0.000ns fall@10.000ns period=20.000ns})
  Path Group:             clk_fpga_0
  Path Type:              Setup (Max at Slow Process Corner)
  Requirement:            20.000ns  (clk_fpga_0 rise@20.000ns - clk_fpga_0 rise@0.000ns)
  Data Path Delay:        16.553ns  (logic 4.403ns (26.599%)  route 12.150ns (73.401%))
  Logic Levels:           17  (CARRY4=7 LUT1=1 LUT3=1 LUT4=1 LUT5=4 LUT6=2 MUXF7=1)
  Clock Path Skew:        -0.415ns (DCD - SCD + CPR)
    Destination Clock Delay (DCD):    2.736ns = ( 22.736 - 20.000 ) 
    Source Clock Delay      (SCD):    3.266ns
    Clock Pessimism Removal (CPR):    0.115ns
  Clock Uncertainty:      0.302ns  ((TSJ^2 + TIJ^2)^1/2 + DJ) / 2 + PE
    Total System Jitter     (TSJ):    0.071ns
    Total Input Jitter      (TIJ):    0.600ns
    Discrete Jitter          (DJ):    0.000ns
    Phase Error              (PE):    0.000ns

    Location             Delay type                Incr(ns)  Path(ns)    Netlist Resource(s)
  -------------------------------------------------------------------    -------------------
                         (clock clk_fpga_0 rise edge)
                                                      0.000     0.000 r  
    PS7_X0Y0             PS7                          0.000     0.000 r  udp_gateway_shadow_mirror_i/processing_system7_0/inst/PS7_i/FCLKCLK[0]
                         net (fo=1, routed)           1.193     1.193    udp_gateway_shadow_mirror_i/processing_system7_0/inst/FCLK_CLK_unbuffered[0]
    BUFGCTRL_X0Y17       BUFG (Prop_bufg_I_O)         0.101     1.294 r  udp_gateway_shadow_mirror_i/processing_system7_0/inst/buffer_fclk_clk_0.FCLK_CLK_0_BUFG/O
                         net (fo=54559, routed)       1.972     3.266    udp_gateway_shadow_mirror_i/dma_gateway_hybrid_0/inst/u_shadow_acl_filter/clk
    SLICE_X91Y107        FDCE                                         r  udp_gateway_shadow_mirror_i/dma_gateway_hybrid_0/inst/u_shadow_acl_filter/flush_idx_reg[3]/C
  -------------------------------------------------------------------    -------------------
    SLICE_X91Y107        FDCE (Prop_fdce_C_Q)         0.456     3.722 r  udp_gateway_shadow_mirror_i/dma_gateway_hybrid_0/inst/u_shadow_acl_filter/flush_idx_reg[3]/Q
                         net (fo=193, routed)         1.091     4.813    udp_gateway_shadow_mirror_i/dma_gateway_hybrid_0/inst/u_shadow_acl_filter/flush_idx_reg_n_0_[3]
    SLICE_X89Y109        LUT3 (Prop_lut3_I2_O)        0.124     4.937 r  udp_gateway_shadow_mirror_i/dma_gateway_hybrid_0/inst/u_shadow_acl_filter/fastpath_header_mem[0][31]_i_8/O
                         net (fo=33, routed)          1.161     6.097    udp_gateway_shadow_mirror_i/dma_gateway_hybrid_0/inst/u_shadow_acl_filter/fastpath_header_mem[0][31]_i_8_n_0
    SLICE_X91Y122        MUXF7 (Prop_muxf7_S_O)       0.276     6.373 f  udp_gateway_shadow_mirror_i/dma_gateway_hybrid_0/inst/u_shadow_acl_filter/fastpath_header_mem_reg[0][3]_i_3/O
                         net (fo=6, routed)           1.652     8.025    udp_gateway_shadow_mirror_i/dma_gateway_hybrid_0/inst/u_shadow_acl_filter/fastpath_header_mem_reg[0][3]_i_3_n_0
    SLICE_X95Y81         LUT5 (Prop_lut5_I4_O)        0.299     8.324 f  udp_gateway_shadow_mirror_i/dma_gateway_hybrid_0/inst/u_shadow_acl_filter/fastpath_header_mem[0][3]_i_1/O
                         net (fo=17, routed)          1.539     9.864    udp_gateway_shadow_mirror_i/dma_gateway_hybrid_0/inst/u_shadow_acl_filter/gen_wr_a.gen_word_narrow.mem_reg[0]
    SLICE_X81Y67         LUT1 (Prop_lut1_I0_O)        0.124     9.988 r  udp_gateway_shadow_mirror_i/dma_gateway_hybrid_0/inst/u_shadow_acl_filter/FSM_sequential_fastpath_route_state_q[2]_i_30/O
                         net (fo=1, routed)           0.000     9.988    udp_gateway_shadow_mirror_i/dma_gateway_hybrid_0/inst/u_shadow_acl_filter/FSM_sequential_fastpath_route_state_q[2]_i_30_n_0
    SLICE_X81Y67         CARRY4 (Prop_carry4_S[1]_CO[3])
                                                      0.550    10.538 r  udp_gateway_shadow_mirror_i/dma_gateway_hybrid_0/inst/u_shadow_acl_filter/FSM_sequential_fastpath_route_state_q_reg[2]_i_19/CO[3]
                         net (fo=1, routed)           0.000    10.538    udp_gateway_shadow_mirror_i/dma_gateway_hybrid_0/inst/u_shadow_acl_filter/FSM_sequential_fastpath_route_state_q_reg[2]_i_19_n_0
    SLICE_X81Y68         CARRY4 (Prop_carry4_CI_CO[3])
                                                      0.114    10.652 r  udp_gateway_shadow_mirror_i/dma_gateway_hybrid_0/inst/u_shadow_acl_filter/FSM_sequential_fastpath_route_state_q_reg[2]_i_32/CO[3]
                         net (fo=1, routed)           0.000    10.652    udp_gateway_shadow_mirror_i/dma_gateway_hybrid_0/inst/u_shadow_acl_filter/FSM_sequential_fastpath_route_state_q_reg[2]_i_32_n_0
    SLICE_X81Y69         CARRY4 (Prop_carry4_CI_CO[3])
                                                      0.114    10.766 r  udp_gateway_shadow_mirror_i/dma_gateway_hybrid_0/inst/u_shadow_acl_filter/FSM_sequential_fastpath_route_state_q_reg[2]_i_25/CO[3]
                         net (fo=1, routed)           0.000    10.766    udp_gateway_shadow_mirror_i/dma_gateway_hybrid_0/inst/u_shadow_acl_filter/FSM_sequential_fastpath_route_state_q_reg[2]_i_25_n_0
    SLICE_X81Y70         CARRY4 (Prop_carry4_CI_O[2])
                                                      0.239    11.005 r  udp_gateway_shadow_mirror_i/dma_gateway_hybrid_0/inst/u_shadow_acl_filter/FSM_sequential_fastpath_route_state_q_reg[2]_i_24/O[2]
                         net (fo=16, routed)          0.706    11.711    udp_gateway_shadow_mirror_i/dma_gateway_hybrid_0/inst/u_shadow_acl_filter/fastpath_route_state_q5[16]
    SLICE_X83Y71         CARRY4 (Prop_carry4_S[1]_CO[3])
                                                      0.852    12.563 r  udp_gateway_shadow_mirror_i/dma_gateway_hybrid_0/inst/u_shadow_acl_filter/FSM_sequential_fastpath_route_state_q_reg[2]_i_12/CO[3]
                         net (fo=1, routed)           0.000    12.563    udp_gateway_shadow_mirror_i/dma_gateway_hybrid_0/inst/u_shadow_acl_filter/FSM_sequential_fastpath_route_state_q_reg[2]_i_12_n_0
    SLICE_X83Y72         CARRY4 (Prop_carry4_CI_CO[3])
                                                      0.114    12.677 r  udp_gateway_shadow_mirror_i/dma_gateway_hybrid_0/inst/u_shadow_acl_filter/FSM_sequential_fastpath_route_state_q_reg[2]_i_16/CO[3]
                         net (fo=1, routed)           0.000    12.677    udp_gateway_shadow_mirror_i/dma_gateway_hybrid_0/inst/u_shadow_acl_filter/FSM_sequential_fastpath_route_state_q_reg[2]_i_16_n_0
    SLICE_X83Y73         CARRY4 (Prop_carry4_CI_O[0])
                                                      0.222    12.899 f  udp_gateway_shadow_mirror_i/dma_gateway_hybrid_0/inst/u_shadow_acl_filter/FSM_sequential_fastpath_route_state_q_reg[2]_i_14/O[0]
                         net (fo=1, routed)           0.951    13.850    udp_gateway_shadow_mirror_i/dma_gateway_hybrid_0/inst/u_shadow_acl_filter/FSM_sequential_fastpath_route_state_q_reg[2]_i_14_n_7
    SLICE_X84Y72         LUT4 (Prop_lut4_I3_O)        0.299    14.149 f  udp_gateway_shadow_mirror_i/dma_gateway_hybrid_0/inst/u_shadow_acl_filter/FSM_sequential_fastpath_route_state_q[2]_i_17/O
                         net (fo=1, routed)           0.684    14.832    udp_gateway_shadow_mirror_i/dma_gateway_hybrid_0/inst/u_shadow_acl_filter/FSM_sequential_fastpath_route_state_q[2]_i_17_n_0
    SLICE_X84Y71         LUT5 (Prop_lut5_I4_O)        0.124    14.956 f  udp_gateway_shadow_mirror_i/dma_gateway_hybrid_0/inst/u_shadow_acl_filter/FSM_sequential_fastpath_route_state_q[2]_i_7/O
                         net (fo=1, routed)           0.375    15.331    udp_gateway_shadow_mirror_i/dma_gateway_hybrid_0/inst/u_shadow_acl_filter/FSM_sequential_fastpath_route_state_q[2]_i_7_n_0
    SLICE_X84Y71         LUT5 (Prop_lut5_I2_O)        0.124    15.455 r  udp_gateway_shadow_mirror_i/dma_gateway_hybrid_0/inst/u_shadow_acl_filter/FSM_sequential_fastpath_route_state_q[2]_i_2/O
                         net (fo=59, routed)          0.843    16.299    udp_gateway_shadow_mirror_i/dma_gateway_hybrid_0/inst/u_shadow_acl_filter/fastpath_route_state_q114_out
    SLICE_X84Y84         LUT6 (Prop_lut6_I2_O)        0.124    16.423 r  udp_gateway_shadow_mirror_i/dma_gateway_hybrid_0/inst/u_shadow_acl_filter/txcap_read_data_q[31]_i_7/O
                         net (fo=1, routed)           0.444    16.867    udp_gateway_shadow_mirror_i/dma_gateway_hybrid_0/inst/u_shadow_acl_filter/txcap_read_data_q__0
    SLICE_X84Y84         LUT6 (Prop_lut6_I0_O)        0.124    16.991 r  udp_gateway_shadow_mirror_i/dma_gateway_hybrid_0/inst/u_shadow_acl_filter/txcap_read_data_q[31]_i_4/O
                         net (fo=2, routed)           0.439    17.430    udp_gateway_shadow_mirror_i/dma_gateway_hybrid_0/inst/gen_shadow_ctrl_csr.u_shadow_ctrl_csr/txcap_count_q_reg[0]_1
    SLICE_X83Y84         LUT5 (Prop_lut5_I4_O)        0.124    17.554 r  udp_gateway_shadow_mirror_i/dma_gateway_hybrid_0/inst/gen_shadow_ctrl_csr.u_shadow_ctrl_csr/txcap_read_data_q[31]_i_1/O
                         net (fo=95, routed)          2.265    19.819    udp_gateway_shadow_mirror_i/dma_gateway_hybrid_0/inst/gen_shadow_ctrl_csr.u_shadow_ctrl_csr_n_15
    SLICE_X81Y36         FDCE                                         r  udp_gateway_shadow_mirror_i/dma_gateway_hybrid_0/inst/txcap_read_data_q_reg[8]/CE
  -------------------------------------------------------------------    -------------------

                         (clock clk_fpga_0 rise edge)
                                                     20.000    20.000 r  
    PS7_X0Y0             PS7                          0.000    20.000 r  udp_gateway_shadow_mirror_i/processing_system7_0/inst/PS7_i/FCLKCLK[0]
                         net (fo=1, routed)           1.088    21.088    udp_gateway_shadow_mirror_i/processing_system7_0/inst/FCLK_CLK_unbuffered[0]
    BUFGCTRL_X0Y17       BUFG (Prop_bufg_I_O)         0.091    21.179 r  udp_gateway_shadow_mirror_i/processing_system7_0/inst/buffer_fclk_clk_0.FCLK_CLK_0_BUFG/O
                         net (fo=54559, routed)       1.557    22.736    udp_gateway_shadow_mirror_i/dma_gateway_hybrid_0/inst/clk
    SLICE_X81Y36         FDCE                                         r  udp_gateway_shadow_mirror_i/dma_gateway_hybrid_0/inst/txcap_read_data_q_reg[8]/C
                         clock pessimism              0.115    22.851    
                         clock uncertainty           -0.302    22.549    
    SLICE_X81Y36         FDCE (Setup_fdce_C_CE)      -0.205    22.344    udp_gateway_shadow_mirror_i/dma_gateway_hybrid_0/inst/txcap_read_data_q_reg[8]
  -------------------------------------------------------------------
                         required time                         22.344    
                         arrival time                         -19.819    
  -------------------------------------------------------------------
                         slack                                  2.525    

Slack (MET) :             2.597ns  (required time - arrival time)
  Source:                 udp_gateway_shadow_mirror_i/dma_gateway_hybrid_0/inst/u_shadow_acl_filter/flush_idx_reg[3]/C
                            (rising edge-triggered cell FDCE clocked by clk_fpga_0  {rise@0.000ns fall@10.000ns period=20.000ns})
  Destination:            udp_gateway_shadow_mirror_i/dma_gateway_hybrid_0/inst/txcap_rd_ptr_q_reg[7]/CE
                            (rising edge-triggered cell FDCE clocked by clk_fpga_0  {rise@0.000ns fall@10.000ns period=20.000ns})
  Path Group:             clk_fpga_0
  Path Type:              Setup (Max at Slow Process Corner)
  Requirement:            20.000ns  (clk_fpga_0 rise@20.000ns - clk_fpga_0 rise@0.000ns)
  Data Path Delay:        16.544ns  (logic 4.403ns (26.613%)  route 12.141ns (73.387%))
  Logic Levels:           17  (CARRY4=7 LUT1=1 LUT3=1 LUT4=1 LUT5=4 LUT6=2 MUXF7=1)
  Clock Path Skew:        -0.352ns (DCD - SCD + CPR)
    Destination Clock Delay (DCD):    2.799ns = ( 22.799 - 20.000 ) 
    Source Clock Delay      (SCD):    3.266ns
    Clock Pessimism Removal (CPR):    0.115ns
  Clock Uncertainty:      0.302ns  ((TSJ^2 + TIJ^2)^1/2 + DJ) / 2 + PE
    Total System Jitter     (TSJ):    0.071ns
    Total Input Jitter      (TIJ):    0.600ns
    Discrete Jitter          (DJ):    0.000ns
    Phase Error              (PE):    0.000ns

    Location             Delay type                Incr(ns)  Path(ns)    Netlist Resource(s)
  -------------------------------------------------------------------    -------------------
                         (clock clk_fpga_0 rise edge)
                                                      0.000     0.000 r  
    PS7_X0Y0             PS7                          0.000     0.000 r  udp_gateway_shadow_mirror_i/processing_system7_0/inst/PS7_i/FCLKCLK[0]
                         net (fo=1, routed)           1.193     1.193    udp_gateway_shadow_mirror_i/processing_system7_0/inst/FCLK_CLK_unbuffered[0]
    BUFGCTRL_X0Y17       BUFG (Prop_bufg_I_O)         0.101     1.294 r  udp_gateway_shadow_mirror_i/processing_system7_0/inst/buffer_fclk_clk_0.FCLK_CLK_0_BUFG/O
                         net (fo=54559, routed)       1.972     3.266    udp_gateway_shadow_mirror_i/dma_gateway_hybrid_0/inst/u_shadow_acl_filter/clk
    SLICE_X91Y107        FDCE                                         r  udp_gateway_shadow_mirror_i/dma_gateway_hybrid_0/inst/u_shadow_acl_filter/flush_idx_reg[3]/C
  -------------------------------------------------------------------    -------------------
    SLICE_X91Y107        FDCE (Prop_fdce_C_Q)         0.456     3.722 r  udp_gateway_shadow_mirror_i/dma_gateway_hybrid_0/inst/u_shadow_acl_filter/flush_idx_reg[3]/Q
                         net (fo=193, routed)         1.091     4.813    udp_gateway_shadow_mirror_i/dma_gateway_hybrid_0/inst/u_shadow_acl_filter/flush_idx_reg_n_0_[3]
    SLICE_X89Y109        LUT3 (Prop_lut3_I2_O)        0.124     4.937 r  udp_gateway_shadow_mirror_i/dma_gateway_hybrid_0/inst/u_shadow_acl_filter/fastpath_header_mem[0][31]_i_8/O
                         net (fo=33, routed)          1.161     6.097    udp_gateway_shadow_mirror_i/dma_gateway_hybrid_0/inst/u_shadow_acl_filter/fastpath_header_mem[0][31]_i_8_n_0
    SLICE_X91Y122        MUXF7 (Prop_muxf7_S_O)       0.276     6.373 f  udp_gateway_shadow_mirror_i/dma_gateway_hybrid_0/inst/u_shadow_acl_filter/fastpath_header_mem_reg[0][3]_i_3/O
                         net (fo=6, routed)           1.652     8.025    udp_gateway_shadow_mirror_i/dma_gateway_hybrid_0/inst/u_shadow_acl_filter/fastpath_header_mem_reg[0][3]_i_3_n_0
    SLICE_X95Y81         LUT5 (Prop_lut5_I4_O)        0.299     8.324 f  udp_gateway_shadow_mirror_i/dma_gateway_hybrid_0/inst/u_shadow_acl_filter/fastpath_header_mem[0][3]_i_1/O
                         net (fo=17, routed)          1.539     9.864    udp_gateway_shadow_mirror_i/dma_gateway_hybrid_0/inst/u_shadow_acl_filter/gen_wr_a.gen_word_narrow.mem_reg[0]
    SLICE_X81Y67         LUT1 (Prop_lut1_I0_O)        0.124     9.988 r  udp_gateway_shadow_mirror_i/dma_gateway_hybrid_0/inst/u_shadow_acl_filter/FSM_sequential_fastpath_route_state_q[2]_i_30/O
                         net (fo=1, routed)           0.000     9.988    udp_gateway_shadow_mirror_i/dma_gateway_hybrid_0/inst/u_shadow_acl_filter/FSM_sequential_fastpath_route_state_q[2]_i_30_n_0
    SLICE_X81Y67         CARRY4 (Prop_carry4_S[1]_CO[3])
                                                      0.550    10.538 r  udp_gateway_shadow_mirror_i/dma_gateway_hybrid_0/inst/u_shadow_acl_filter/FSM_sequential_fastpath_route_state_q_reg[2]_i_19/CO[3]
                         net (fo=1, routed)           0.000    10.538    udp_gateway_shadow_mirror_i/dma_gateway_hybrid_0/inst/u_shadow_acl_filter/FSM_sequential_fastpath_route_state_q_reg[2]_i_19_n_0
    SLICE_X81Y68         CARRY4 (Prop_carry4_CI_CO[3])
                                                      0.114    10.652 r  udp_gateway_shadow_mirror_i/dma_gateway_hybrid_0/inst/u_shadow_acl_filter/FSM_sequential_fastpath_route_state_q_reg[2]_i_32/CO[3]
                         net (fo=1, routed)           0.000    10.652    udp_gateway_shadow_mirror_i/dma_gateway_hybrid_0/inst/u_shadow_acl_filter/FSM_sequential_fastpath_route_state_q_reg[2]_i_32_n_0
    SLICE_X81Y69         CARRY4 (Prop_carry4_CI_CO[3])
                                                      0.114    10.766 r  udp_gateway_shadow_mirror_i/dma_gateway_hybrid_0/inst/u_shadow_acl_filter/FSM_sequential_fastpath_route_state_q_reg[2]_i_25/CO[3]
                         net (fo=1, routed)           0.000    10.766    udp_gateway_shadow_mirror_i/dma_gateway_hybrid_0/inst/u_shadow_acl_filter/FSM_sequential_fastpath_route_state_q_reg[2]_i_25_n_0
    SLICE_X81Y70         CARRY4 (Prop_carry4_CI_O[2])
                                                      0.239    11.005 r  udp_gateway_shadow_mirror_i/dma_gateway_hybrid_0/inst/u_shadow_acl_filter/FSM_sequential_fastpath_route_state_q_reg[2]_i_24/O[2]
                         net (fo=16, routed)          0.706    11.711    udp_gateway_shadow_mirror_i/dma_gateway_hybrid_0/inst/u_shadow_acl_filter/fastpath_route_state_q5[16]
    SLICE_X83Y71         CARRY4 (Prop_carry4_S[1]_CO[3])
                                                      0.852    12.563 r  udp_gateway_shadow_mirror_i/dma_gateway_hybrid_0/inst/u_shadow_acl_filter/FSM_sequential_fastpath_route_state_q_reg[2]_i_12/CO[3]
                         net (fo=1, routed)           0.000    12.563    udp_gateway_shadow_mirror_i/dma_gateway_hybrid_0/inst/u_shadow_acl_filter/FSM_sequential_fastpath_route_state_q_reg[2]_i_12_n_0
    SLICE_X83Y72         CARRY4 (Prop_carry4_CI_CO[3])
                                                      0.114    12.677 r  udp_gateway_shadow_mirror_i/dma_gateway_hybrid_0/inst/u_shadow_acl_filter/FSM_sequential_fastpath_route_state_q_reg[2]_i_16/CO[3]
                         net (fo=1, routed)           0.000    12.677    udp_gateway_shadow_mirror_i/dma_gateway_hybrid_0/inst/u_shadow_acl_filter/FSM_sequential_fastpath_route_state_q_reg[2]_i_16_n_0
    SLICE_X83Y73         CARRY4 (Prop_carry4_CI_O[0])
                                                      0.222    12.899 f  udp_gateway_shadow_mirror_i/dma_gateway_hybrid_0/inst/u_shadow_acl_filter/FSM_sequential_fastpath_route_state_q_reg[2]_i_14/O[0]
                         net (fo=1, routed)           0.951    13.850    udp_gateway_shadow_mirror_i/dma_gateway_hybrid_0/inst/u_shadow_acl_filter/FSM_sequential_fastpath_route_state_q_reg[2]_i_14_n_7
    SLICE_X84Y72         LUT4 (Prop_lut4_I3_O)        0.299    14.149 f  udp_gateway_shadow_mirror_i/dma_gateway_hybrid_0/inst/u_shadow_acl_filter/FSM_sequential_fastpath_route_state_q[2]_i_17/O
                         net (fo=1, routed)           0.684    14.832    udp_gateway_shadow_mirror_i/dma_gateway_hybrid_0/inst/u_shadow_acl_filter/FSM_sequential_fastpath_route_state_q[2]_i_17_n_0
    SLICE_X84Y71         LUT5 (Prop_lut5_I4_O)        0.124    14.956 f  udp_gateway_shadow_mirror_i/dma_gateway_hybrid_0/inst/u_shadow_acl_filter/FSM_sequential_fastpath_route_state_q[2]_i_7/O
                         net (fo=1, routed)           0.375    15.331    udp_gateway_shadow_mirror_i/dma_gateway_hybrid_0/inst/u_shadow_acl_filter/FSM_sequential_fastpath_route_state_q[2]_i_7_n_0
    SLICE_X84Y71         LUT5 (Prop_lut5_I2_O)        0.124    15.455 r  udp_gateway_shadow_mirror_i/dma_gateway_hybrid_0/inst/u_shadow_acl_filter/FSM_sequential_fastpath_route_state_q[2]_i_2/O
                         net (fo=59, routed)          0.843    16.299    udp_gateway_shadow_mirror_i/dma_gateway_hybrid_0/inst/u_shadow_acl_filter/fastpath_route_state_q114_out
    SLICE_X84Y84         LUT6 (Prop_lut6_I2_O)        0.124    16.423 r  udp_gateway_shadow_mirror_i/dma_gateway_hybrid_0/inst/u_shadow_acl_filter/txcap_read_data_q[31]_i_7/O
                         net (fo=1, routed)           0.444    16.867    udp_gateway_shadow_mirror_i/dma_gateway_hybrid_0/inst/u_shadow_acl_filter/txcap_read_data_q__0
    SLICE_X84Y84         LUT6 (Prop_lut6_I0_O)        0.124    16.991 r  udp_gateway_shadow_mirror_i/dma_gateway_hybrid_0/inst/u_shadow_acl_filter/txcap_read_data_q[31]_i_4/O
                         net (fo=2, routed)           0.439    17.430    udp_gateway_shadow_mirror_i/dma_gateway_hybrid_0/inst/gen_shadow_ctrl_csr.u_shadow_ctrl_csr/txcap_count_q_reg[0]_1
    SLICE_X83Y84         LUT5 (Prop_lut5_I4_O)        0.124    17.554 r  udp_gateway_shadow_mirror_i/dma_gateway_hybrid_0/inst/gen_shadow_ctrl_csr.u_shadow_ctrl_csr/txcap_read_data_q[31]_i_1/O
                         net (fo=95, routed)          2.256    19.810    udp_gateway_shadow_mirror_i/dma_gateway_hybrid_0/inst/gen_shadow_ctrl_csr.u_shadow_ctrl_csr_n_15
    SLICE_X101Y36        FDCE                                         r  udp_gateway_shadow_mirror_i/dma_gateway_hybrid_0/inst/txcap_rd_ptr_q_reg[7]/CE
  -------------------------------------------------------------------    -------------------

                         (clock clk_fpga_0 rise edge)
                                                     20.000    20.000 r  
    PS7_X0Y0             PS7                          0.000    20.000 r  udp_gateway_shadow_mirror_i/processing_system7_0/inst/PS7_i/FCLKCLK[0]
                         net (fo=1, routed)           1.088    21.088    udp_gateway_shadow_mirror_i/processing_system7_0/inst/FCLK_CLK_unbuffered[0]
    BUFGCTRL_X0Y17       BUFG (Prop_bufg_I_O)         0.091    21.179 r  udp_gateway_shadow_mirror_i/processing_system7_0/inst/buffer_fclk_clk_0.FCLK_CLK_0_BUFG/O
                         net (fo=54559, routed)       1.620    22.799    udp_gateway_shadow_mirror_i/dma_gateway_hybrid_0/inst/clk
    SLICE_X101Y36        FDCE                                         r  udp_gateway_shadow_mirror_i/dma_gateway_hybrid_0/inst/txcap_rd_ptr_q_reg[7]/C
                         clock pessimism              0.115    22.914    
                         clock uncertainty           -0.302    22.612    
    SLICE_X101Y36        FDCE (Setup_fdce_C_CE)      -0.205    22.407    udp_gateway_shadow_mirror_i/dma_gateway_hybrid_0/inst/txcap_rd_ptr_q_reg[7]
  -------------------------------------------------------------------
                         required time                         22.407    
                         arrival time                         -19.810    
  -------------------------------------------------------------------
                         slack                                  2.597    

Slack (MET) :             2.608ns  (required time - arrival time)
  Source:                 udp_gateway_shadow_mirror_i/dma_gateway_hybrid_0/inst/u_shadow_acl_filter/FSM_sequential_state_reg[2]/C
                            (rising edge-triggered cell FDCE clocked by clk_fpga_0  {rise@0.000ns fall@10.000ns period=20.000ns})
  Destination:            udp_gateway_shadow_mirror_i/dma_gateway_hybrid_0/inst/fastpath_fallback_count_q_reg[28]/CE
                            (rising edge-triggered cell FDCE clocked by clk_fpga_0  {rise@0.000ns fall@10.000ns period=20.000ns})
  Path Group:             clk_fpga_0
  Path Type:              Setup (Max at Slow Process Corner)
  Requirement:            20.000ns  (clk_fpga_0 rise@20.000ns - clk_fpga_0 rise@0.000ns)
  Data Path Delay:        16.836ns  (logic 4.043ns (24.014%)  route 12.793ns (75.985%))
  Logic Levels:           16  (CARRY4=6 LUT1=1 LUT3=1 LUT4=2 LUT5=4 LUT6=2)
  Clock Path Skew:        -0.049ns (DCD - SCD + CPR)
    Destination Clock Delay (DCD):    2.897ns = ( 22.897 - 20.000 ) 
    Source Clock Delay      (SCD):    3.075ns
    Clock Pessimism Removal (CPR):    0.129ns
  Clock Uncertainty:      0.302ns  ((TSJ^2 + TIJ^2)^1/2 + DJ) / 2 + PE
    Total System Jitter     (TSJ):    0.071ns
    Total Input Jitter      (TIJ):    0.600ns
    Discrete Jitter          (DJ):    0.000ns
    Phase Error              (PE):    0.000ns

    Location             Delay type                Incr(ns)  Path(ns)    Netlist Resource(s)
  -------------------------------------------------------------------    -------------------
                         (clock clk_fpga_0 rise edge)
                                                      0.000     0.000 r  
    PS7_X0Y0             PS7                          0.000     0.000 r  udp_gateway_shadow_mirror_i/processing_system7_0/inst/PS7_i/FCLKCLK[0]
                         net (fo=1, routed)           1.193     1.193    udp_gateway_shadow_mirror_i/processing_system7_0/inst/FCLK_CLK_unbuffered[0]
    BUFGCTRL_X0Y17       BUFG (Prop_bufg_I_O)         0.101     1.294 r  udp_gateway_shadow_mirror_i/processing_system7_0/inst/buffer_fclk_clk_0.FCLK_CLK_0_BUFG/O
                         net (fo=54559, routed)       1.781     3.075    udp_gateway_shadow_mirror_i/dma_gateway_hybrid_0/inst/u_shadow_acl_filter/clk
    SLICE_X91Y94         FDCE                                         r  udp_gateway_shadow_mirror_i/dma_gateway_hybrid_0/inst/u_shadow_acl_filter/FSM_sequential_state_reg[2]/C
  -------------------------------------------------------------------    -------------------
    SLICE_X91Y94         FDCE (Prop_fdce_C_Q)         0.456     3.531 f  udp_gateway_shadow_mirror_i/dma_gateway_hybrid_0/inst/u_shadow_acl_filter/FSM_sequential_state_reg[2]/Q
                         net (fo=68, routed)          1.119     4.650    udp_gateway_shadow_mirror_i/dma_gateway_hybrid_0/inst/u_shadow_acl_filter/state__0[2]
    SLICE_X88Y95         LUT3 (Prop_lut3_I2_O)        0.152     4.802 r  udp_gateway_shadow_mirror_i/dma_gateway_hybrid_0/inst/u_shadow_acl_filter/fastpath_header_mem[0][31]_i_7/O
                         net (fo=26, routed)          1.705     6.508    udp_gateway_shadow_mirror_i/dma_gateway_hybrid_0/inst/u_shadow_acl_filter/fastpath_header_mem[0][31]_i_7_n_0
    SLICE_X88Y116        LUT5 (Prop_lut5_I4_O)        0.326     6.834 r  udp_gateway_shadow_mirror_i/dma_gateway_hybrid_0/inst/u_shadow_acl_filter/fastpath_header_mem[0][9]_i_2/O
                         net (fo=6, routed)           1.668     8.502    udp_gateway_shadow_mirror_i/dma_gateway_hybrid_0/inst/u_shadow_acl_filter/fastpath_header_mem[0][9]_i_2_n_0
    SLICE_X88Y91         LUT5 (Prop_lut5_I2_O)        0.124     8.626 f  udp_gateway_shadow_mirror_i/dma_gateway_hybrid_0/inst/u_shadow_acl_filter/fastpath_header_mem[0][9]_i_1/O
                         net (fo=16, routed)          1.434    10.060    udp_gateway_shadow_mirror_i/dma_gateway_hybrid_0/inst/u_shadow_acl_filter/gen_wr_a.gen_word_narrow.mem_reg[6]
    SLICE_X81Y68         LUT1 (Prop_lut1_I0_O)        0.124    10.184 r  udp_gateway_shadow_mirror_i/dma_gateway_hybrid_0/inst/u_shadow_acl_filter/FSM_sequential_fastpath_route_state_q[2]_i_47/O
                         net (fo=1, routed)           0.000    10.184    udp_gateway_shadow_mirror_i/dma_gateway_hybrid_0/inst/u_shadow_acl_filter/FSM_sequential_fastpath_route_state_q[2]_i_47_n_0
    SLICE_X81Y68         CARRY4 (Prop_carry4_S[3]_CO[3])
                                                      0.401    10.585 r  udp_gateway_shadow_mirror_i/dma_gateway_hybrid_0/inst/u_shadow_acl_filter/FSM_sequential_fastpath_route_state_q_reg[2]_i_32/CO[3]
                         net (fo=1, routed)           0.000    10.585    udp_gateway_shadow_mirror_i/dma_gateway_hybrid_0/inst/u_shadow_acl_filter/FSM_sequential_fastpath_route_state_q_reg[2]_i_32_n_0
    SLICE_X81Y69         CARRY4 (Prop_carry4_CI_CO[3])
                                                      0.114    10.699 r  udp_gateway_shadow_mirror_i/dma_gateway_hybrid_0/inst/u_shadow_acl_filter/FSM_sequential_fastpath_route_state_q_reg[2]_i_25/CO[3]
                         net (fo=1, routed)           0.000    10.699    udp_gateway_shadow_mirror_i/dma_gateway_hybrid_0/inst/u_shadow_acl_filter/FSM_sequential_fastpath_route_state_q_reg[2]_i_25_n_0
    SLICE_X81Y70         CARRY4 (Prop_carry4_CI_O[2])
                                                      0.239    10.938 r  udp_gateway_shadow_mirror_i/dma_gateway_hybrid_0/inst/u_shadow_acl_filter/FSM_sequential_fastpath_route_state_q_reg[2]_i_24/O[2]
                         net (fo=16, routed)          0.706    11.644    udp_gateway_shadow_mirror_i/dma_gateway_hybrid_0/inst/u_shadow_acl_filter/fastpath_route_state_q5[16]
    SLICE_X83Y71         CARRY4 (Prop_carry4_S[1]_CO[3])
                                                      0.852    12.496 r  udp_gateway_shadow_mirror_i/dma_gateway_hybrid_0/inst/u_shadow_acl_filter/FSM_sequential_fastpath_route_state_q_reg[2]_i_12/CO[3]
                         net (fo=1, routed)           0.000    12.496    udp_gateway_shadow_mirror_i/dma_gateway_hybrid_0/inst/u_shadow_acl_filter/FSM_sequential_fastpath_route_state_q_reg[2]_i_12_n_0
    SLICE_X83Y72         CARRY4 (Prop_carry4_CI_CO[3])
                                                      0.114    12.610 r  udp_gateway_shadow_mirror_i/dma_gateway_hybrid_0/inst/u_shadow_acl_filter/FSM_sequential_fastpath_route_state_q_reg[2]_i_16/CO[3]
                         net (fo=1, routed)           0.000    12.610    udp_gateway_shadow_mirror_i/dma_gateway_hybrid_0/inst/u_shadow_acl_filter/FSM_sequential_fastpath_route_state_q_reg[2]_i_16_n_0
    SLICE_X83Y73         CARRY4 (Prop_carry4_CI_O[0])
                                                      0.222    12.832 r  udp_gateway_shadow_mirror_i/dma_gateway_hybrid_0/inst/u_shadow_acl_filter/FSM_sequential_fastpath_route_state_q_reg[2]_i_14/O[0]
                         net (fo=1, routed)           0.951    13.782    udp_gateway_shadow_mirror_i/dma_gateway_hybrid_0/inst/u_shadow_acl_filter/FSM_sequential_fastpath_route_state_q_reg[2]_i_14_n_7
    SLICE_X84Y72         LUT4 (Prop_lut4_I3_O)        0.299    14.081 r  udp_gateway_shadow_mirror_i/dma_gateway_hybrid_0/inst/u_shadow_acl_filter/FSM_sequential_fastpath_route_state_q[2]_i_17/O
                         net (fo=1, routed)           0.684    14.765    udp_gateway_shadow_mirror_i/dma_gateway_hybrid_0/inst/u_shadow_acl_filter/FSM_sequential_fastpath_route_state_q[2]_i_17_n_0
    SLICE_X84Y71         LUT5 (Prop_lut5_I4_O)        0.124    14.889 r  udp_gateway_shadow_mirror_i/dma_gateway_hybrid_0/inst/u_shadow_acl_filter/FSM_sequential_fastpath_route_state_q[2]_i_7/O
                         net (fo=1, routed)           0.375    15.264    udp_gateway_shadow_mirror_i/dma_gateway_hybrid_0/inst/u_shadow_acl_filter/FSM_sequential_fastpath_route_state_q[2]_i_7_n_0
    SLICE_X84Y71         LUT5 (Prop_lut5_I2_O)        0.124    15.388 f  udp_gateway_shadow_mirror_i/dma_gateway_hybrid_0/inst/u_shadow_acl_filter/FSM_sequential_fastpath_route_state_q[2]_i_2/O
                         net (fo=59, routed)          1.122    16.510    udp_gateway_shadow_mirror_i/dma_gateway_hybrid_0/inst/u_shadow_acl_filter/fastpath_route_state_q114_out
    SLICE_X67Y57         LUT6 (Prop_lut6_I1_O)        0.124    16.634 f  udp_gateway_shadow_mirror_i/dma_gateway_hybrid_0/inst/u_shadow_acl_filter/fastpath_replay_idx_q[3]_i_5/O
                         net (fo=1, routed)           0.433    17.067    udp_gateway_shadow_mirror_i/dma_gateway_hybrid_0/inst/u_shadow_acl_filter/fastpath_replay_idx_q[3]_i_5_n_0
    SLICE_X67Y57         LUT4 (Prop_lut4_I2_O)        0.124    17.191 r  udp_gateway_shadow_mirror_i/dma_gateway_hybrid_0/inst/u_shadow_acl_filter/fastpath_replay_idx_q[3]_i_4/O
                         net (fo=2, routed)           0.827    18.018    udp_gateway_shadow_mirror_i/dma_gateway_hybrid_0/inst/u_shadow_acl_filter/fastpath_header_count_q_reg[2]
    SLICE_X81Y61         LUT6 (Prop_lut6_I5_O)        0.124    18.142 r  udp_gateway_shadow_mirror_i/dma_gateway_hybrid_0/inst/u_shadow_acl_filter/fastpath_fallback_count_q[0]_i_1/O
                         net (fo=32, routed)          1.769    19.911    udp_gateway_shadow_mirror_i/dma_gateway_hybrid_0/inst/fastpath_fallback_count_q
    SLICE_X88Y109        FDCE                                         r  udp_gateway_shadow_mirror_i/dma_gateway_hybrid_0/inst/fastpath_fallback_count_q_reg[28]/CE
  -------------------------------------------------------------------    -------------------

                         (clock clk_fpga_0 rise edge)
                                                     20.000    20.000 r  
    PS7_X0Y0             PS7                          0.000    20.000 r  udp_gateway_shadow_mirror_i/processing_system7_0/inst/PS7_i/FCLKCLK[0]
                         net (fo=1, routed)           1.088    21.088    udp_gateway_shadow_mirror_i/processing_system7_0/inst/FCLK_CLK_unbuffered[0]
    BUFGCTRL_X0Y17       BUFG (Prop_bufg_I_O)         0.091    21.179 r  udp_gateway_shadow_mirror_i/processing_system7_0/inst/buffer_fclk_clk_0.FCLK_CLK_0_BUFG/O
                         net (fo=54559, routed)       1.718    22.897    udp_gateway_shadow_mirror_i/dma_gateway_hybrid_0/inst/clk
    SLICE_X88Y109        FDCE                                         r  udp_gateway_shadow_mirror_i/dma_gateway_hybrid_0/inst/fastpath_fallback_count_q_reg[28]/C
                         clock pessimism              0.129    23.026    
                         clock uncertainty           -0.302    22.724    
    SLICE_X88Y109        FDCE (Setup_fdce_C_CE)      -0.205    22.519    udp_gateway_shadow_mirror_i/dma_gateway_hybrid_0/inst/fastpath_fallback_count_q_reg[28]
  -------------------------------------------------------------------
                         required time                         22.519    
                         arrival time                         -19.911    
  -------------------------------------------------------------------
                         slack                                  2.608    

Slack (MET) :             2.608ns  (required time - arrival time)
  Source:                 udp_gateway_shadow_mirror_i/dma_gateway_hybrid_0/inst/u_shadow_acl_filter/FSM_sequential_state_reg[2]/C
                            (rising edge-triggered cell FDCE clocked by clk_fpga_0  {rise@0.000ns fall@10.000ns period=20.000ns})
  Destination:            udp_gateway_shadow_mirror_i/dma_gateway_hybrid_0/inst/fastpath_fallback_count_q_reg[29]/CE
                            (rising edge-triggered cell FDCE clocked by clk_fpga_0  {rise@0.000ns fall@10.000ns period=20.000ns})
  Path Group:             clk_fpga_0
  Path Type:              Setup (Max at Slow Process Corner)
  Requirement:            20.000ns  (clk_fpga_0 rise@20.000ns - clk_fpga_0 rise@0.000ns)
  Data Path Delay:        16.836ns  (logic 4.043ns (24.014%)  route 12.793ns (75.985%))
  Logic Levels:           16  (CARRY4=6 LUT1=1 LUT3=1 LUT4=2 LUT5=4 LUT6=2)
  Clock Path Skew:        -0.049ns (DCD - SCD + CPR)
    Destination Clock Delay (DCD):    2.897ns = ( 22.897 - 20.000 ) 
    Source Clock Delay      (SCD):    3.075ns
    Clock Pessimism Removal (CPR):    0.129ns
  Clock Uncertainty:      0.302ns  ((TSJ^2 + TIJ^2)^1/2 + DJ) / 2 + PE
    Total System Jitter     (TSJ):    0.071ns
    Total Input Jitter      (TIJ):    0.600ns
    Discrete Jitter          (DJ):    0.000ns
    Phase Error              (PE):    0.000ns

    Location             Delay type                Incr(ns)  Path(ns)    Netlist Resource(s)
  -------------------------------------------------------------------    -------------------
                         (clock clk_fpga_0 rise edge)
                                                      0.000     0.000 r  
    PS7_X0Y0             PS7                          0.000     0.000 r  udp_gateway_shadow_mirror_i/processing_system7_0/inst/PS7_i/FCLKCLK[0]
                         net (fo=1, routed)           1.193     1.193    udp_gateway_shadow_mirror_i/processing_system7_0/inst/FCLK_CLK_unbuffered[0]
    BUFGCTRL_X0Y17       BUFG (Prop_bufg_I_O)         0.101     1.294 r  udp_gateway_shadow_mirror_i/processing_system7_0/inst/buffer_fclk_clk_0.FCLK_CLK_0_BUFG/O
                         net (fo=54559, routed)       1.781     3.075    udp_gateway_shadow_mirror_i/dma_gateway_hybrid_0/inst/u_shadow_acl_filter/clk
    SLICE_X91Y94         FDCE                                         r  udp_gateway_shadow_mirror_i/dma_gateway_hybrid_0/inst/u_shadow_acl_filter/FSM_sequential_state_reg[2]/C
  -------------------------------------------------------------------    -------------------
    SLICE_X91Y94         FDCE (Prop_fdce_C_Q)         0.456     3.531 f  udp_gateway_shadow_mirror_i/dma_gateway_hybrid_0/inst/u_shadow_acl_filter/FSM_sequential_state_reg[2]/Q
                         net (fo=68, routed)          1.119     4.650    udp_gateway_shadow_mirror_i/dma_gateway_hybrid_0/inst/u_shadow_acl_filter/state__0[2]
    SLICE_X88Y95         LUT3 (Prop_lut3_I2_O)        0.152     4.802 r  udp_gateway_shadow_mirror_i/dma_gateway_hybrid_0/inst/u_shadow_acl_filter/fastpath_header_mem[0][31]_i_7/O
                         net (fo=26, routed)          1.705     6.508    udp_gateway_shadow_mirror_i/dma_gateway_hybrid_0/inst/u_shadow_acl_filter/fastpath_header_mem[0][31]_i_7_n_0
    SLICE_X88Y116        LUT5 (Prop_lut5_I4_O)        0.326     6.834 r  udp_gateway_shadow_mirror_i/dma_gateway_hybrid_0/inst/u_shadow_acl_filter/fastpath_header_mem[0][9]_i_2/O
                         net (fo=6, routed)           1.668     8.502    udp_gateway_shadow_mirror_i/dma_gateway_hybrid_0/inst/u_shadow_acl_filter/fastpath_header_mem[0][9]_i_2_n_0
    SLICE_X88Y91         LUT5 (Prop_lut5_I2_O)        0.124     8.626 f  udp_gateway_shadow_mirror_i/dma_gateway_hybrid_0/inst/u_shadow_acl_filter/fastpath_header_mem[0][9]_i_1/O
                         net (fo=16, routed)          1.434    10.060    udp_gateway_shadow_mirror_i/dma_gateway_hybrid_0/inst/u_shadow_acl_filter/gen_wr_a.gen_word_narrow.mem_reg[6]
    SLICE_X81Y68         LUT1 (Prop_lut1_I0_O)        0.124    10.184 r  udp_gateway_shadow_mirror_i/dma_gateway_hybrid_0/inst/u_shadow_acl_filter/FSM_sequential_fastpath_route_state_q[2]_i_47/O
                         net (fo=1, routed)           0.000    10.184    udp_gateway_shadow_mirror_i/dma_gateway_hybrid_0/inst/u_shadow_acl_filter/FSM_sequential_fastpath_route_state_q[2]_i_47_n_0
    SLICE_X81Y68         CARRY4 (Prop_carry4_S[3]_CO[3])
                                                      0.401    10.585 r  udp_gateway_shadow_mirror_i/dma_gateway_hybrid_0/inst/u_shadow_acl_filter/FSM_sequential_fastpath_route_state_q_reg[2]_i_32/CO[3]
                         net (fo=1, routed)           0.000    10.585    udp_gateway_shadow_mirror_i/dma_gateway_hybrid_0/inst/u_shadow_acl_filter/FSM_sequential_fastpath_route_state_q_reg[2]_i_32_n_0
    SLICE_X81Y69         CARRY4 (Prop_carry4_CI_CO[3])
                                                      0.114    10.699 r  udp_gateway_shadow_mirror_i/dma_gateway_hybrid_0/inst/u_shadow_acl_filter/FSM_sequential_fastpath_route_state_q_reg[2]_i_25/CO[3]
                         net (fo=1, routed)           0.000    10.699    udp_gateway_shadow_mirror_i/dma_gateway_hybrid_0/inst/u_shadow_acl_filter/FSM_sequential_fastpath_route_state_q_reg[2]_i_25_n_0
    SLICE_X81Y70         CARRY4 (Prop_carry4_CI_O[2])
                                                      0.239    10.938 r  udp_gateway_shadow_mirror_i/dma_gateway_hybrid_0/inst/u_shadow_acl_filter/FSM_sequential_fastpath_route_state_q_reg[2]_i_24/O[2]
                         net (fo=16, routed)          0.706    11.644    udp_gateway_shadow_mirror_i/dma_gateway_hybrid_0/inst/u_shadow_acl_filter/fastpath_route_state_q5[16]
    SLICE_X83Y71         CARRY4 (Prop_carry4_S[1]_CO[3])
                                                      0.852    12.496 r  udp_gateway_shadow_mirror_i/dma_gateway_hybrid_0/inst/u_shadow_acl_filter/FSM_sequential_fastpath_route_state_q_reg[2]_i_12/CO[3]
                         net (fo=1, routed)           0.000    12.496    udp_gateway_shadow_mirror_i/dma_gateway_hybrid_0/inst/u_shadow_acl_filter/FSM_sequential_fastpath_route_state_q_reg[2]_i_12_n_0
    SLICE_X83Y72         CARRY4 (Prop_carry4_CI_CO[3])
                                                      0.114    12.610 r  udp_gateway_shadow_mirror_i/dma_gateway_hybrid_0/inst/u_shadow_acl_filter/FSM_sequential_fastpath_route_state_q_reg[2]_i_16/CO[3]
                         net (fo=1, routed)           0.000    12.610    udp_gateway_shadow_mirror_i/dma_gateway_hybrid_0/inst/u_shadow_acl_filter/FSM_sequential_fastpath_route_state_q_reg[2]_i_16_n_0
    SLICE_X83Y73         CARRY4 (Prop_carry4_CI_O[0])
                                                      0.222    12.832 r  udp_gateway_shadow_mirror_i/dma_gateway_hybrid_0/inst/u_shadow_acl_filter/FSM_sequential_fastpath_route_state_q_reg[2]_i_14/O[0]
                         net (fo=1, routed)           0.951    13.782    udp_gateway_shadow_mirror_i/dma_gateway_hybrid_0/inst/u_shadow_acl_filter/FSM_sequential_fastpath_route_state_q_reg[2]_i_14_n_7
    SLICE_X84Y72         LUT4 (Prop_lut4_I3_O)        0.299    14.081 r  udp_gateway_shadow_mirror_i/dma_gateway_hybrid_0/inst/u_shadow_acl_filter/FSM_sequential_fastpath_route_state_q[2]_i_17/O
                         net (fo=1, routed)           0.684    14.765    udp_gateway_shadow_mirror_i/dma_gateway_hybrid_0/inst/u_shadow_acl_filter/FSM_sequential_fastpath_route_state_q[2]_i_17_n_0
    SLICE_X84Y71         LUT5 (Prop_lut5_I4_O)        0.124    14.889 r  udp_gateway_shadow_mirror_i/dma_gateway_hybrid_0/inst/u_shadow_acl_filter/FSM_sequential_fastpath_route_state_q[2]_i_7/O
                         net (fo=1, routed)           0.375    15.264    udp_gateway_shadow_mirror_i/dma_gateway_hybrid_0/inst/u_shadow_acl_filter/FSM_sequential_fastpath_route_state_q[2]_i_7_n_0
    SLICE_X84Y71         LUT5 (Prop_lut5_I2_O)        0.124    15.388 f  udp_gateway_shadow_mirror_i/dma_gateway_hybrid_0/inst/u_shadow_acl_filter/FSM_sequential_fastpath_route_state_q[2]_i_2/O
                         net (fo=59, routed)          1.122    16.510    udp_gateway_shadow_mirror_i/dma_gateway_hybrid_0/inst/u_shadow_acl_filter/fastpath_route_state_q114_out
    SLICE_X67Y57         LUT6 (Prop_lut6_I1_O)        0.124    16.634 f  udp_gateway_shadow_mirror_i/dma_gateway_hybrid_0/inst/u_shadow_acl_filter/fastpath_replay_idx_q[3]_i_5/O
                         net (fo=1, routed)           0.433    17.067    udp_gateway_shadow_mirror_i/dma_gateway_hybrid_0/inst/u_shadow_acl_filter/fastpath_replay_idx_q[3]_i_5_n_0
    SLICE_X67Y57         LUT4 (Prop_lut4_I2_O)        0.124    17.191 r  udp_gateway_shadow_mirror_i/dma_gateway_hybrid_0/inst/u_shadow_acl_filter/fastpath_replay_idx_q[3]_i_4/O
                         net (fo=2, routed)           0.827    18.018    udp_gateway_shadow_mirror_i/dma_gateway_hybrid_0/inst/u_shadow_acl_filter/fastpath_header_count_q_reg[2]
    SLICE_X81Y61         LUT6 (Prop_lut6_I5_O)        0.124    18.142 r  udp_gateway_shadow_mirror_i/dma_gateway_hybrid_0/inst/u_shadow_acl_filter/fastpath_fallback_count_q[0]_i_1/O
                         net (fo=32, routed)          1.769    19.911    udp_gateway_shadow_mirror_i/dma_gateway_hybrid_0/inst/fastpath_fallback_count_q
    SLICE_X88Y109        FDCE                                         r  udp_gateway_shadow_mirror_i/dma_gateway_hybrid_0/inst/fastpath_fallback_count_q_reg[29]/CE
  -------------------------------------------------------------------    -------------------

                         (clock clk_fpga_0 rise edge)
                                                     20.000    20.000 r  
    PS7_X0Y0             PS7                          0.000    20.000 r  udp_gateway_shadow_mirror_i/processing_system7_0/inst/PS7_i/FCLKCLK[0]
                         net (fo=1, routed)           1.088    21.088    udp_gateway_shadow_mirror_i/processing_system7_0/inst/FCLK_CLK_unbuffered[0]
    BUFGCTRL_X0Y17       BUFG (Prop_bufg_I_O)         0.091    21.179 r  udp_gateway_shadow_mirror_i/processing_system7_0/inst/buffer_fclk_clk_0.FCLK_CLK_0_BUFG/O
                         net (fo=54559, routed)       1.718    22.897    udp_gateway_shadow_mirror_i/dma_gateway_hybrid_0/inst/clk
    SLICE_X88Y109        FDCE                                         r  udp_gateway_shadow_mirror_i/dma_gateway_hybrid_0/inst/fastpath_fallback_count_q_reg[29]/C
                         clock pessimism              0.129    23.026    
                         clock uncertainty           -0.302    22.724    
    SLICE_X88Y109        FDCE (Setup_fdce_C_CE)      -0.205    22.519    udp_gateway_shadow_mirror_i/dma_gateway_hybrid_0/inst/fastpath_fallback_count_q_reg[29]
  -------------------------------------------------------------------
                         required time                         22.519    
                         arrival time                         -19.911    
  -------------------------------------------------------------------
                         slack                                  2.608    





Min Delay Paths
--------------------------------------------------------------------------------------
Slack (MET) :             0.032ns  (arrival time - required time)
  Source:                 udp_gateway_shadow_mirror_i/dma_gateway_hybrid_0/inst/i_hybrid_dma/u_dma_crypto_source_reader/current_arlen_reg[3]/C
                            (rising edge-triggered cell FDCE clocked by clk_fpga_0  {rise@0.000ns fall@10.000ns period=20.000ns})
  Destination:            udp_gateway_shadow_mirror_i/axi_mem_intercon/s02_couplers/auto_us/inst/gen_upsizer.gen_full_upsizer.axi_upsizer_inst/si_register_slice_inst/ar.ar_pipe/m_payload_i_reg[47]/D
                            (rising edge-triggered cell FDRE clocked by clk_fpga_0  {rise@0.000ns fall@10.000ns period=20.000ns})
  Path Group:             clk_fpga_0
  Path Type:              Hold (Min at Fast Process Corner)
  Requirement:            0.000ns  (clk_fpga_0 rise@0.000ns - clk_fpga_0 rise@0.000ns)
  Data Path Delay:        0.396ns  (logic 0.190ns (47.960%)  route 0.206ns (52.040%))
  Logic Levels:           1  (LUT2=1)
  Clock Path Skew:        0.257ns (DCD - SCD - CPR)
    Destination Clock Delay (DCD):    1.175ns
    Source Clock Delay      (SCD):    0.883ns
    Clock Pessimism Removal (CPR):    0.035ns

    Location             Delay type                Incr(ns)  Path(ns)    PBlock               Netlist Resource(s)
  -------------------------------------------------------------------    ----------------------------------------
                         (clock clk_fpga_0 rise edge)
                                                      0.000     0.000 r                       
    PS7_X0Y0             PS7                          0.000     0.000 r                       udp_gateway_shadow_mirror_i/processing_system7_0/inst/PS7_i/FCLKCLK[0]
                         net (fo=1, routed)           0.310     0.310                         udp_gateway_shadow_mirror_i/processing_system7_0/inst/FCLK_CLK_unbuffered[0]
    BUFGCTRL_X0Y17       BUFG (Prop_bufg_I_O)         0.026     0.336 r                       udp_gateway_shadow_mirror_i/processing_system7_0/inst/buffer_fclk_clk_0.FCLK_CLK_0_BUFG/O
                         net (fo=54559, routed)       0.547     0.883                         udp_gateway_shadow_mirror_i/dma_gateway_hybrid_0/inst/i_hybrid_dma/u_dma_crypto_source_reader/clk
    SLICE_X44Y70         FDCE                                         r  shadow_core_region   udp_gateway_shadow_mirror_i/dma_gateway_hybrid_0/inst/i_hybrid_dma/u_dma_crypto_source_reader/current_arlen_reg[3]/C
  -------------------------------------------------------------------    ----------------------------------------
    SLICE_X44Y70         FDCE (Prop_fdce_C_Q)         0.141     1.024 r  shadow_core_region   udp_gateway_shadow_mirror_i/dma_gateway_hybrid_0/inst/i_hybrid_dma/u_dma_crypto_source_reader/current_arlen_reg[3]/Q
                         net (fo=1, routed)           0.206     1.230                         udp_gateway_shadow_mirror_i/dma_gateway_hybrid_0/inst/i_hybrid_dma/source_arlen[3]
    SLICE_X53Y70         LUT2 (Prop_lut2_I0_O)        0.049     1.279 r  shadow_core_region   udp_gateway_shadow_mirror_i/dma_gateway_hybrid_0/inst/i_hybrid_dma/m_axis_s2mm_arlen[3]_INST_0/O
                         net (fo=1, routed)           0.000     1.279                         udp_gateway_shadow_mirror_i/axi_mem_intercon/s02_couplers/auto_us/inst/gen_upsizer.gen_full_upsizer.axi_upsizer_inst/si_register_slice_inst/ar.ar_pipe/m_payload_i_reg[61]_1[47]
    SLICE_X53Y70         FDRE                                         r                       udp_gateway_shadow_mirror_i/axi_mem_intercon/s02_couplers/auto_us/inst/gen_upsizer.gen_full_upsizer.axi_upsizer_inst/si_register_slice_inst/ar.ar_pipe/m_payload_i_reg[47]/D
  -------------------------------------------------------------------    ----------------------------------------

                         (clock clk_fpga_0 rise edge)
                                                      0.000     0.000 r                       
    PS7_X0Y0             PS7                          0.000     0.000 r                       udp_gateway_shadow_mirror_i/processing_system7_0/inst/PS7_i/FCLKCLK[0]
                         net (fo=1, routed)           0.337     0.337                         udp_gateway_shadow_mirror_i/processing_system7_0/inst/FCLK_CLK_unbuffered[0]
    BUFGCTRL_X0Y17       BUFG (Prop_bufg_I_O)         0.029     0.366 r                       udp_gateway_shadow_mirror_i/processing_system7_0/inst/buffer_fclk_clk_0.FCLK_CLK_0_BUFG/O
                         net (fo=54559, routed)       0.809     1.175                         udp_gateway_shadow_mirror_i/axi_mem_intercon/s02_couplers/auto_us/inst/gen_upsizer.gen_full_upsizer.axi_upsizer_inst/si_register_slice_inst/ar.ar_pipe/s_ready_i_reg_0
    SLICE_X53Y70         FDRE                                         r                       udp_gateway_shadow_mirror_i/axi_mem_intercon/s02_couplers/auto_us/inst/gen_upsizer.gen_full_upsizer.axi_upsizer_inst/si_register_slice_inst/ar.ar_pipe/m_payload_i_reg[47]/C
                         clock pessimism             -0.035     1.140                           
    SLICE_X53Y70         FDRE (Hold_fdre_C_D)         0.107     1.247                           udp_gateway_shadow_mirror_i/axi_mem_intercon/s02_couplers/auto_us/inst/gen_upsizer.gen_full_upsizer.axi_upsizer_inst/si_register_slice_inst/ar.ar_pipe/m_payload_i_reg[47]
  -------------------------------------------------------------------
                         required time                         -1.247                           
                         arrival time                           1.279                           
  -------------------------------------------------------------------
                         slack                                  0.032                           

Slack (MET) :             0.044ns  (arrival time - required time)
  Source:                 udp_gateway_shadow_mirror_i/axi_mem_intercon/m00_couplers/auto_pc/inst/gen_axi4_axi3.axi3_conv_inst/USE_WRITE.write_addr_inst/USE_B_CHANNEL.cmd_b_queue/inst/fifo_gen_inst/inst_fifo_gen/gconvfifo.rf/grf.rf/gntv_or_sync_fifo.gl0.rd/rpntr/gc0.count_reg[1]/C
                            (rising edge-triggered cell FDCE clocked by clk_fpga_0  {rise@0.000ns fall@10.000ns period=20.000ns})
  Destination:            udp_gateway_shadow_mirror_i/axi_mem_intercon/m00_couplers/auto_pc/inst/gen_axi4_axi3.axi3_conv_inst/USE_WRITE.write_addr_inst/USE_B_CHANNEL.cmd_b_queue/inst/fifo_gen_inst/inst_fifo_gen/gconvfifo.rf/grf.rf/gntv_or_sync_fifo.gl0.rd/rpntr/gc0.count_d1_reg[1]/D
                            (rising edge-triggered cell FDCE clocked by clk_fpga_0  {rise@0.000ns fall@10.000ns period=20.000ns})
  Path Group:             clk_fpga_0
  Path Type:              Hold (Min at Fast Process Corner)
  Requirement:            0.000ns  (clk_fpga_0 rise@0.000ns - clk_fpga_0 rise@0.000ns)
  Data Path Delay:        0.370ns  (logic 0.141ns (38.143%)  route 0.229ns (61.857%))
  Logic Levels:           0  
  Clock Path Skew:        0.253ns (DCD - SCD - CPR)
    Destination Clock Delay (DCD):    1.170ns
    Source Clock Delay      (SCD):    0.882ns
    Clock Pessimism Removal (CPR):    0.035ns

    Location             Delay type                Incr(ns)  Path(ns)    Netlist Resource(s)
  -------------------------------------------------------------------    -------------------
                         (clock clk_fpga_0 rise edge)
                                                      0.000     0.000 r  
    PS7_X0Y0             PS7                          0.000     0.000 r  udp_gateway_shadow_mirror_i/processing_system7_0/inst/PS7_i/FCLKCLK[0]
                         net (fo=1, routed)           0.310     0.310    udp_gateway_shadow_mirror_i/processing_system7_0/inst/FCLK_CLK_unbuffered[0]
    BUFGCTRL_X0Y17       BUFG (Prop_bufg_I_O)         0.026     0.336 r  udp_gateway_shadow_mirror_i/processing_system7_0/inst/buffer_fclk_clk_0.FCLK_CLK_0_BUFG/O
                         net (fo=54559, routed)       0.546     0.882    udp_gateway_shadow_mirror_i/axi_mem_intercon/m00_couplers/auto_pc/inst/gen_axi4_axi3.axi3_conv_inst/USE_WRITE.write_addr_inst/USE_B_CHANNEL.cmd_b_queue/inst/fifo_gen_inst/inst_fifo_gen/gconvfifo.rf/grf.rf/gntv_or_sync_fifo.gl0.rd/rpntr/clk
    SLICE_X47Y71         FDCE                                         r  udp_gateway_shadow_mirror_i/axi_mem_intercon/m00_couplers/auto_pc/inst/gen_axi4_axi3.axi3_conv_inst/USE_WRITE.write_addr_inst/USE_B_CHANNEL.cmd_b_queue/inst/fifo_gen_inst/inst_fifo_gen/gconvfifo.rf/grf.rf/gntv_or_sync_fifo.gl0.rd/rpntr/gc0.count_reg[1]/C
  -------------------------------------------------------------------    -------------------
    SLICE_X47Y71         FDCE (Prop_fdce_C_Q)         0.141     1.023 r  udp_gateway_shadow_mirror_i/axi_mem_intercon/m00_couplers/auto_pc/inst/gen_axi4_axi3.axi3_conv_inst/USE_WRITE.write_addr_inst/USE_B_CHANNEL.cmd_b_queue/inst/fifo_gen_inst/inst_fifo_gen/gconvfifo.rf/grf.rf/gntv_or_sync_fifo.gl0.rd/rpntr/gc0.count_reg[1]/Q
                         net (fo=6, routed)           0.229     1.251    udp_gateway_shadow_mirror_i/axi_mem_intercon/m00_couplers/auto_pc/inst/gen_axi4_axi3.axi3_conv_inst/USE_WRITE.write_addr_inst/USE_B_CHANNEL.cmd_b_queue/inst/fifo_gen_inst/inst_fifo_gen/gconvfifo.rf/grf.rf/gntv_or_sync_fifo.gl0.rd/rpntr/Q[1]
    SLICE_X51Y75         FDCE                                         r  udp_gateway_shadow_mirror_i/axi_mem_intercon/m00_couplers/auto_pc/inst/gen_axi4_axi3.axi3_conv_inst/USE_WRITE.write_addr_inst/USE_B_CHANNEL.cmd_b_queue/inst/fifo_gen_inst/inst_fifo_gen/gconvfifo.rf/grf.rf/gntv_or_sync_fifo.gl0.rd/rpntr/gc0.count_d1_reg[1]/D
  -------------------------------------------------------------------    -------------------

                         (clock clk_fpga_0 rise edge)
                                                      0.000     0.000 r  
    PS7_X0Y0             PS7                          0.000     0.000 r  udp_gateway_shadow_mirror_i/processing_system7_0/inst/PS7_i/FCLKCLK[0]
                         net (fo=1, routed)           0.337     0.337    udp_gateway_shadow_mirror_i/processing_system7_0/inst/FCLK_CLK_unbuffered[0]
    BUFGCTRL_X0Y17       BUFG (Prop_bufg_I_O)         0.029     0.366 r  udp_gateway_shadow_mirror_i/processing_system7_0/inst/buffer_fclk_clk_0.FCLK_CLK_0_BUFG/O
                         net (fo=54559, routed)       0.804     1.170    udp_gateway_shadow_mirror_i/axi_mem_intercon/m00_couplers/auto_pc/inst/gen_axi4_axi3.axi3_conv_inst/USE_WRITE.write_addr_inst/USE_B_CHANNEL.cmd_b_queue/inst/fifo_gen_inst/inst_fifo_gen/gconvfifo.rf/grf.rf/gntv_or_sync_fifo.gl0.rd/rpntr/clk
    SLICE_X51Y75         FDCE                                         r  udp_gateway_shadow_mirror_i/axi_mem_intercon/m00_couplers/auto_pc/inst/gen_axi4_axi3.axi3_conv_inst/USE_WRITE.write_addr_inst/USE_B_CHANNEL.cmd_b_queue/inst/fifo_gen_inst/inst_fifo_gen/gconvfifo.rf/grf.rf/gntv_or_sync_fifo.gl0.rd/rpntr/gc0.count_d1_reg[1]/C
                         clock pessimism             -0.035     1.135    
    SLICE_X51Y75         FDCE (Hold_fdce_C_D)         0.072     1.207    udp_gateway_shadow_mirror_i/axi_mem_intercon/m00_couplers/auto_pc/inst/gen_axi4_axi3.axi3_conv_inst/USE_WRITE.write_addr_inst/USE_B_CHANNEL.cmd_b_queue/inst/fifo_gen_inst/inst_fifo_gen/gconvfifo.rf/grf.rf/gntv_or_sync_fifo.gl0.rd/rpntr/gc0.count_d1_reg[1]
  -------------------------------------------------------------------
                         required time                         -1.207    
                         arrival time                           1.251    
  -------------------------------------------------------------------
                         slack                                  0.044    

Slack (MET) :             0.046ns  (arrival time - required time)
  Source:                 udp_gateway_shadow_mirror_i/crypto_accel_axi_0/inst/u_design1_crypto_accel_axi/crypto_accel_axi_slave_lite_v1_0_S00_AXI_inst/u_crypto_bridge_top/key_lfsr_reg[14]/C
                            (rising edge-triggered cell FDCE clocked by clk_fpga_0  {rise@0.000ns fall@10.000ns period=20.000ns})
  Destination:            udp_gateway_shadow_mirror_i/crypto_accel_axi_0/inst/u_design1_crypto_accel_axi/crypto_accel_axi_slave_lite_v1_0_S00_AXI_inst/u_crypto_bridge_top/key_lfsr_reg[15]/D
                            (rising edge-triggered cell FDCE clocked by clk_fpga_0  {rise@0.000ns fall@10.000ns period=20.000ns})
  Path Group:             clk_fpga_0
  Path Type:              Hold (Min at Fast Process Corner)
  Requirement:            0.000ns  (clk_fpga_0 rise@0.000ns - clk_fpga_0 rise@0.000ns)
  Data Path Delay:        0.380ns  (logic 0.141ns (37.133%)  route 0.239ns (62.867%))
  Logic Levels:           0  
  Clock Path Skew:        0.262ns (DCD - SCD - CPR)
    Destination Clock Delay (DCD):    1.184ns
    Source Clock Delay      (SCD):    0.887ns
    Clock Pessimism Removal (CPR):    0.035ns

    Location             Delay type                Incr(ns)  Path(ns)    PBlock               Netlist Resource(s)
  -------------------------------------------------------------------    ----------------------------------------
                         (clock clk_fpga_0 rise edge)
                                                      0.000     0.000 r                       
    PS7_X0Y0             PS7                          0.000     0.000 r                       udp_gateway_shadow_mirror_i/processing_system7_0/inst/PS7_i/FCLKCLK[0]
                         net (fo=1, routed)           0.310     0.310                         udp_gateway_shadow_mirror_i/processing_system7_0/inst/FCLK_CLK_unbuffered[0]
    BUFGCTRL_X0Y17       BUFG (Prop_bufg_I_O)         0.026     0.336 r                       udp_gateway_shadow_mirror_i/processing_system7_0/inst/buffer_fclk_clk_0.FCLK_CLK_0_BUFG/O
                         net (fo=54559, routed)       0.551     0.887                         udp_gateway_shadow_mirror_i/crypto_accel_axi_0/inst/u_design1_crypto_accel_axi/crypto_accel_axi_slave_lite_v1_0_S00_AXI_inst/u_crypto_bridge_top/s00_axi_aclk
    SLICE_X48Y86         FDCE                                         r  shadow_core_region   udp_gateway_shadow_mirror_i/crypto_accel_axi_0/inst/u_design1_crypto_accel_axi/crypto_accel_axi_slave_lite_v1_0_S00_AXI_inst/u_crypto_bridge_top/key_lfsr_reg[14]/C
  -------------------------------------------------------------------    ----------------------------------------
    SLICE_X48Y86         FDCE (Prop_fdce_C_Q)         0.141     1.028 r  shadow_core_region   udp_gateway_shadow_mirror_i/crypto_accel_axi_0/inst/u_design1_crypto_accel_axi/crypto_accel_axi_slave_lite_v1_0_S00_AXI_inst/u_crypto_bridge_top/key_lfsr_reg[14]/Q
                         net (fo=3, routed)           0.239     1.266                         udp_gateway_shadow_mirror_i/crypto_accel_axi_0/inst/u_design1_crypto_accel_axi/crypto_accel_axi_slave_lite_v1_0_S00_AXI_inst/u_crypto_bridge_top/key_lfsr_reg_n_0_[14]
    SLICE_X52Y88         FDCE                                         r  shadow_core_region   udp_gateway_shadow_mirror_i/crypto_accel_axi_0/inst/u_design1_crypto_accel_axi/crypto_accel_axi_slave_lite_v1_0_S00_AXI_inst/u_crypto_bridge_top/key_lfsr_reg[15]/D
  -------------------------------------------------------------------    ----------------------------------------

                         (clock clk_fpga_0 rise edge)
                                                      0.000     0.000 r                       
    PS7_X0Y0             PS7                          0.000     0.000 r                       udp_gateway_shadow_mirror_i/processing_system7_0/inst/PS7_i/FCLKCLK[0]
                         net (fo=1, routed)           0.337     0.337                         udp_gateway_shadow_mirror_i/processing_system7_0/inst/FCLK_CLK_unbuffered[0]
    BUFGCTRL_X0Y17       BUFG (Prop_bufg_I_O)         0.029     0.366 r                       udp_gateway_shadow_mirror_i/processing_system7_0/inst/buffer_fclk_clk_0.FCLK_CLK_0_BUFG/O
                         net (fo=54559, routed)       0.818     1.184                         udp_gateway_shadow_mirror_i/crypto_accel_axi_0/inst/u_design1_crypto_accel_axi/crypto_accel_axi_slave_lite_v1_0_S00_AXI_inst/u_crypto_bridge_top/s00_axi_aclk
    SLICE_X52Y88         FDCE                                         r  shadow_core_region   udp_gateway_shadow_mirror_i/crypto_accel_axi_0/inst/u_design1_crypto_accel_axi/crypto_accel_axi_slave_lite_v1_0_S00_AXI_inst/u_crypto_bridge_top/key_lfsr_reg[15]/C
                         clock pessimism             -0.035     1.149                           
    SLICE_X52Y88         FDCE (Hold_fdce_C_D)         0.071     1.220    shadow_core_region     udp_gateway_shadow_mirror_i/crypto_accel_axi_0/inst/u_design1_crypto_accel_axi/crypto_accel_axi_slave_lite_v1_0_S00_AXI_inst/u_crypto_bridge_top/key_lfsr_reg[15]
  -------------------------------------------------------------------
                         required time                         -1.220                           
                         arrival time                           1.266                           
  -------------------------------------------------------------------
                         slack                                  0.046                           

Slack (MET) :             0.048ns  (arrival time - required time)
  Source:                 udp_gateway_shadow_mirror_i/dma_gateway_hybrid_0/inst/fastpath_header_mem_reg[5][11]/C
                            (rising edge-triggered cell FDRE clocked by clk_fpga_0  {rise@0.000ns fall@10.000ns period=20.000ns})
  Destination:            udp_gateway_shadow_mirror_i/dma_gateway_hybrid_0/inst/txcap_header_mem_reg[5][11]/D
                            (rising edge-triggered cell FDRE clocked by clk_fpga_0  {rise@0.000ns fall@10.000ns period=20.000ns})
  Path Group:             clk_fpga_0
  Path Type:              Hold (Min at Fast Process Corner)
  Requirement:            0.000ns  (clk_fpga_0 rise@0.000ns - clk_fpga_0 rise@0.000ns)
  Data Path Delay:        0.395ns  (logic 0.141ns (35.683%)  route 0.254ns (64.317%))
  Logic Levels:           0  
  Clock Path Skew:        0.275ns (DCD - SCD - CPR)
    Destination Clock Delay (DCD):    1.250ns
    Source Clock Delay      (SCD):    0.945ns
    Clock Pessimism Removal (CPR):    0.030ns

    Location             Delay type                Incr(ns)  Path(ns)    Netlist Resource(s)
  -------------------------------------------------------------------    -------------------
                         (clock clk_fpga_0 rise edge)
                                                      0.000     0.000 r  
    PS7_X0Y0             PS7                          0.000     0.000 r  udp_gateway_shadow_mirror_i/processing_system7_0/inst/PS7_i/FCLKCLK[0]
                         net (fo=1, routed)           0.310     0.310    udp_gateway_shadow_mirror_i/processing_system7_0/inst/FCLK_CLK_unbuffered[0]
    BUFGCTRL_X0Y17       BUFG (Prop_bufg_I_O)         0.026     0.336 r  udp_gateway_shadow_mirror_i/processing_system7_0/inst/buffer_fclk_clk_0.FCLK_CLK_0_BUFG/O
                         net (fo=54559, routed)       0.609     0.945    udp_gateway_shadow_mirror_i/dma_gateway_hybrid_0/inst/clk
    SLICE_X103Y50        FDRE                                         r  udp_gateway_shadow_mirror_i/dma_gateway_hybrid_0/inst/fastpath_header_mem_reg[5][11]/C
  -------------------------------------------------------------------    -------------------
    SLICE_X103Y50        FDRE (Prop_fdre_C_Q)         0.141     1.086 r  udp_gateway_shadow_mirror_i/dma_gateway_hybrid_0/inst/fastpath_header_mem_reg[5][11]/Q
                         net (fo=2, routed)           0.254     1.340    udp_gateway_shadow_mirror_i/dma_gateway_hybrid_0/inst/fastpath_header_mem_reg[5]_5[11]
    SLICE_X95Y49         FDRE                                         r  udp_gateway_shadow_mirror_i/dma_gateway_hybrid_0/inst/txcap_header_mem_reg[5][11]/D
  -------------------------------------------------------------------    -------------------

                         (clock clk_fpga_0 rise edge)
                                                      0.000     0.000 r  
    PS7_X0Y0             PS7                          0.000     0.000 r  udp_gateway_shadow_mirror_i/processing_system7_0/inst/PS7_i/FCLKCLK[0]
                         net (fo=1, routed)           0.337     0.337    udp_gateway_shadow_mirror_i/processing_system7_0/inst/FCLK_CLK_unbuffered[0]
    BUFGCTRL_X0Y17       BUFG (Prop_bufg_I_O)         0.029     0.366 r  udp_gateway_shadow_mirror_i/processing_system7_0/inst/buffer_fclk_clk_0.FCLK_CLK_0_BUFG/O
                         net (fo=54559, routed)       0.884     1.250    udp_gateway_shadow_mirror_i/dma_gateway_hybrid_0/inst/clk
    SLICE_X95Y49         FDRE                                         r  udp_gateway_shadow_mirror_i/dma_gateway_hybrid_0/inst/txcap_header_mem_reg[5][11]/C
                         clock pessimism             -0.030     1.220    
    SLICE_X95Y49         FDRE (Hold_fdre_C_D)         0.072     1.292    udp_gateway_shadow_mirror_i/dma_gateway_hybrid_0/inst/txcap_header_mem_reg[5][11]
  -------------------------------------------------------------------
                         required time                         -1.292    
                         arrival time                           1.340    
  -------------------------------------------------------------------
                         slack                                  0.048    

Slack (MET) :             0.057ns  (arrival time - required time)
  Source:                 udp_gateway_shadow_mirror_i/crypto_accel_axi_0/inst/u_design1_crypto_accel_axi/crypto_accel_axi_slave_lite_v1_0_S00_AXI_inst/u_crypto_bridge_top/key_lfsr_reg[13]/C
                            (rising edge-triggered cell FDCE clocked by clk_fpga_0  {rise@0.000ns fall@10.000ns period=20.000ns})
  Destination:            udp_gateway_shadow_mirror_i/crypto_accel_axi_0/inst/u_design1_crypto_accel_axi/crypto_accel_axi_slave_lite_v1_0_S00_AXI_inst/u_crypto_bridge_top/key_shadow_lo_reg_reg[13]/D
                            (rising edge-triggered cell FDCE clocked by clk_fpga_0  {rise@0.000ns fall@10.000ns period=20.000ns})
  Path Group:             clk_fpga_0
  Path Type:              Hold (Min at Fast Process Corner)
  Requirement:            0.000ns  (clk_fpga_0 rise@0.000ns - clk_fpga_0 rise@0.000ns)
  Data Path Delay:        0.416ns  (logic 0.209ns (50.252%)  route 0.207ns (49.748%))
  Logic Levels:           1  (LUT2=1)
  Clock Path Skew:        0.267ns (DCD - SCD - CPR)
    Destination Clock Delay (DCD):    1.185ns
    Source Clock Delay      (SCD):    0.883ns
    Clock Pessimism Removal (CPR):    0.035ns

    Location             Delay type                Incr(ns)  Path(ns)    PBlock               Netlist Resource(s)
  -------------------------------------------------------------------    ----------------------------------------
                         (clock clk_fpga_0 rise edge)
                                                      0.000     0.000 r                       
    PS7_X0Y0             PS7                          0.000     0.000 r                       udp_gateway_shadow_mirror_i/processing_system7_0/inst/PS7_i/FCLKCLK[0]
                         net (fo=1, routed)           0.310     0.310                         udp_gateway_shadow_mirror_i/processing_system7_0/inst/FCLK_CLK_unbuffered[0]
    BUFGCTRL_X0Y17       BUFG (Prop_bufg_I_O)         0.026     0.336 r                       udp_gateway_shadow_mirror_i/processing_system7_0/inst/buffer_fclk_clk_0.FCLK_CLK_0_BUFG/O
                         net (fo=54559, routed)       0.547     0.883                         udp_gateway_shadow_mirror_i/crypto_accel_axi_0/inst/u_design1_crypto_accel_axi/crypto_accel_axi_slave_lite_v1_0_S00_AXI_inst/u_crypto_bridge_top/s00_axi_aclk
    SLICE_X50Y83         FDCE                                         r  shadow_core_region   udp_gateway_shadow_mirror_i/crypto_accel_axi_0/inst/u_design1_crypto_accel_axi/crypto_accel_axi_slave_lite_v1_0_S00_AXI_inst/u_crypto_bridge_top/key_lfsr_reg[13]/C
  -------------------------------------------------------------------    ----------------------------------------
    SLICE_X50Y83         FDCE (Prop_fdce_C_Q)         0.164     1.047 r  shadow_core_region   udp_gateway_shadow_mirror_i/crypto_accel_axi_0/inst/u_design1_crypto_accel_axi/crypto_accel_axi_slave_lite_v1_0_S00_AXI_inst/u_crypto_bridge_top/key_lfsr_reg[13]/Q
                         net (fo=3, routed)           0.207     1.254                         udp_gateway_shadow_mirror_i/crypto_accel_axi_0/inst/u_design1_crypto_accel_axi/crypto_accel_axi_slave_lite_v1_0_S00_AXI_inst/u_crypto_bridge_top/key_lfsr_reg_n_0_[13]
    SLICE_X47Y86         LUT2 (Prop_lut2_I1_O)        0.045     1.299 r  shadow_core_region   udp_gateway_shadow_mirror_i/crypto_accel_axi_0/inst/u_design1_crypto_accel_axi/crypto_accel_axi_slave_lite_v1_0_S00_AXI_inst/u_crypto_bridge_top/key_shadow_lo_reg[13]_i_1/O
                         net (fo=1, routed)           0.000     1.299                         udp_gateway_shadow_mirror_i/crypto_accel_axi_0/inst/u_design1_crypto_accel_axi/crypto_accel_axi_slave_lite_v1_0_S00_AXI_inst/u_crypto_bridge_top/key_shadow_lo_reg0[13]
    SLICE_X47Y86         FDCE                                         r  shadow_core_region   udp_gateway_shadow_mirror_i/crypto_accel_axi_0/inst/u_design1_crypto_accel_axi/crypto_accel_axi_slave_lite_v1_0_S00_AXI_inst/u_crypto_bridge_top/key_shadow_lo_reg_reg[13]/D
  -------------------------------------------------------------------    ----------------------------------------

                         (clock clk_fpga_0 rise edge)
                                                      0.000     0.000 r                       
    PS7_X0Y0             PS7                          0.000     0.000 r                       udp_gateway_shadow_mirror_i/processing_system7_0/inst/PS7_i/FCLKCLK[0]
                         net (fo=1, routed)           0.337     0.337                         udp_gateway_shadow_mirror_i/processing_system7_0/inst/FCLK_CLK_unbuffered[0]
    BUFGCTRL_X0Y17       BUFG (Prop_bufg_I_O)         0.029     0.366 r                       udp_gateway_shadow_mirror_i/processing_system7_0/inst/buffer_fclk_clk_0.FCLK_CLK_0_BUFG/O
                         net (fo=54559, routed)       0.819     1.185                         udp_gateway_shadow_mirror_i/crypto_accel_axi_0/inst/u_design1_crypto_accel_axi/crypto_accel_axi_slave_lite_v1_0_S00_AXI_inst/u_crypto_bridge_top/s00_axi_aclk
    SLICE_X47Y86         FDCE                                         r  shadow_core_region   udp_gateway_shadow_mirror_i/crypto_accel_axi_0/inst/u_design1_crypto_accel_axi/crypto_accel_axi_slave_lite_v1_0_S00_AXI_inst/u_crypto_bridge_top/key_shadow_lo_reg_reg[13]/C
                         clock pessimism             -0.035     1.150                           
    SLICE_X47Y86         FDCE (Hold_fdce_C_D)         0.092     1.242    shadow_core_region     udp_gateway_shadow_mirror_i/crypto_accel_axi_0/inst/u_design1_crypto_accel_axi/crypto_accel_axi_slave_lite_v1_0_S00_AXI_inst/u_crypto_bridge_top/key_shadow_lo_reg_reg[13]
  -------------------------------------------------------------------
                         required time                         -1.242                           
                         arrival time                           1.299                           
  -------------------------------------------------------------------
                         slack                                  0.057                           

Slack (MET) :             0.057ns  (arrival time - required time)
  Source:                 udp_gateway_shadow_mirror_i/crypto_accel_axi_0/inst/u_design1_crypto_accel_axi/crypto_accel_axi_slave_lite_v1_0_S00_AXI_inst/u_crypto_bridge_top/key_lfsr_reg[108]/C
                            (rising edge-triggered cell FDCE clocked by clk_fpga_0  {rise@0.000ns fall@10.000ns period=20.000ns})
  Destination:            udp_gateway_shadow_mirror_i/crypto_accel_axi_0/inst/u_design1_crypto_accel_axi/crypto_accel_axi_slave_lite_v1_0_S00_AXI_inst/u_crypto_bridge_top/key_lfsr_reg[109]/D
                            (rising edge-triggered cell FDCE clocked by clk_fpga_0  {rise@0.000ns fall@10.000ns period=20.000ns})
  Path Group:             clk_fpga_0
  Path Type:              Hold (Min at Fast Process Corner)
  Requirement:            0.000ns  (clk_fpga_0 rise@0.000ns - clk_fpga_0 rise@0.000ns)
  Data Path Delay:        0.340ns  (logic 0.128ns (37.603%)  route 0.212ns (62.397%))
  Logic Levels:           0  
  Clock Path Skew:        0.265ns (DCD - SCD - CPR)
    Destination Clock Delay (DCD):    1.186ns
    Source Clock Delay      (SCD):    0.886ns
    Clock Pessimism Removal (CPR):    0.035ns

    Location             Delay type                Incr(ns)  Path(ns)    PBlock               Netlist Resource(s)
  -------------------------------------------------------------------    ----------------------------------------
                         (clock clk_fpga_0 rise edge)
                                                      0.000     0.000 r                       
    PS7_X0Y0             PS7                          0.000     0.000 r                       udp_gateway_shadow_mirror_i/processing_system7_0/inst/PS7_i/FCLKCLK[0]
                         net (fo=1, routed)           0.310     0.310                         udp_gateway_shadow_mirror_i/processing_system7_0/inst/FCLK_CLK_unbuffered[0]
    BUFGCTRL_X0Y17       BUFG (Prop_bufg_I_O)         0.026     0.336 r                       udp_gateway_shadow_mirror_i/processing_system7_0/inst/buffer_fclk_clk_0.FCLK_CLK_0_BUFG/O
                         net (fo=54559, routed)       0.550     0.886                         udp_gateway_shadow_mirror_i/crypto_accel_axi_0/inst/u_design1_crypto_accel_axi/crypto_accel_axi_slave_lite_v1_0_S00_AXI_inst/u_crypto_bridge_top/s00_axi_aclk
    SLICE_X52Y88         FDCE                                         r  shadow_core_region   udp_gateway_shadow_mirror_i/crypto_accel_axi_0/inst/u_design1_crypto_accel_axi/crypto_accel_axi_slave_lite_v1_0_S00_AXI_inst/u_crypto_bridge_top/key_lfsr_reg[108]/C
  -------------------------------------------------------------------    ----------------------------------------
    SLICE_X52Y88         FDCE (Prop_fdce_C_Q)         0.128     1.014 r  shadow_core_region   udp_gateway_shadow_mirror_i/crypto_accel_axi_0/inst/u_design1_crypto_accel_axi/crypto_accel_axi_slave_lite_v1_0_S00_AXI_inst/u_crypto_bridge_top/key_lfsr_reg[108]/Q
                         net (fo=3, routed)           0.212     1.226                         udp_gateway_shadow_mirror_i/crypto_accel_axi_0/inst/u_design1_crypto_accel_axi/crypto_accel_axi_slave_lite_v1_0_S00_AXI_inst/u_crypto_bridge_top/key_lfsr_reg_n_0_[108]
    SLICE_X49Y87         FDCE                                         r  shadow_core_region   udp_gateway_shadow_mirror_i/crypto_accel_axi_0/inst/u_design1_crypto_accel_axi/crypto_accel_axi_slave_lite_v1_0_S00_AXI_inst/u_crypto_bridge_top/key_lfsr_reg[109]/D
  -------------------------------------------------------------------    ----------------------------------------

                         (clock clk_fpga_0 rise edge)
                                                      0.000     0.000 r                       
    PS7_X0Y0             PS7                          0.000     0.000 r                       udp_gateway_shadow_mirror_i/processing_system7_0/inst/PS7_i/FCLKCLK[0]
                         net (fo=1, routed)           0.337     0.337                         udp_gateway_shadow_mirror_i/processing_system7_0/inst/FCLK_CLK_unbuffered[0]
    BUFGCTRL_X0Y17       BUFG (Prop_bufg_I_O)         0.029     0.366 r                       udp_gateway_shadow_mirror_i/processing_system7_0/inst/buffer_fclk_clk_0.FCLK_CLK_0_BUFG/O
                         net (fo=54559, routed)       0.820     1.186                         udp_gateway_shadow_mirror_i/crypto_accel_axi_0/inst/u_design1_crypto_accel_axi/crypto_accel_axi_slave_lite_v1_0_S00_AXI_inst/u_crypto_bridge_top/s00_axi_aclk
    SLICE_X49Y87         FDCE                                         r  shadow_core_region   udp_gateway_shadow_mirror_i/crypto_accel_axi_0/inst/u_design1_crypto_accel_axi/crypto_accel_axi_slave_lite_v1_0_S00_AXI_inst/u_crypto_bridge_top/key_lfsr_reg[109]/C
                         clock pessimism             -0.035     1.151                           
    SLICE_X49Y87         FDCE (Hold_fdce_C_D)         0.018     1.169    shadow_core_region     udp_gateway_shadow_mirror_i/crypto_accel_axi_0/inst/u_design1_crypto_accel_axi/crypto_accel_axi_slave_lite_v1_0_S00_AXI_inst/u_crypto_bridge_top/key_lfsr_reg[109]
  -------------------------------------------------------------------
                         required time                         -1.169                           
                         arrival time                           1.226                           
  -------------------------------------------------------------------
                         slack                                  0.057                           

Slack (MET) :             0.060ns  (arrival time - required time)
  Source:                 udp_gateway_shadow_mirror_i/dma_gateway_hybrid_0/inst/gen_shadow_ctrl_csr.u_shadow_ctrl_csr/reg_acl_addr_reg[0]_rep__23/C
                            (rising edge-triggered cell FDRE clocked by clk_fpga_0  {rise@0.000ns fall@10.000ns period=20.000ns})
  Destination:            udp_gateway_shadow_mirror_i/dma_gateway_hybrid_0/inst/u_shadow_acl_filter/u_acl/gen_way1_reg_3584_3711_9_9/DP.HIGH/WADR0
                            (rising edge-triggered cell RAMD64E clocked by clk_fpga_0  {rise@0.000ns fall@10.000ns period=20.000ns})
  Path Group:             clk_fpga_0
  Path Type:              Hold (Min at Fast Process Corner)
  Requirement:            0.000ns  (clk_fpga_0 rise@0.000ns - clk_fpga_0 rise@0.000ns)
  Data Path Delay:        0.383ns  (logic 0.141ns (36.840%)  route 0.242ns (63.160%))
  Logic Levels:           0  
  Clock Path Skew:        0.013ns (DCD - SCD - CPR)
    Destination Clock Delay (DCD):    1.246ns
    Source Clock Delay      (SCD):    0.945ns
    Clock Pessimism Removal (CPR):    0.288ns

    Location             Delay type                Incr(ns)  Path(ns)    Netlist Resource(s)
  -------------------------------------------------------------------    -------------------
                         (clock clk_fpga_0 rise edge)
                                                      0.000     0.000 r  
    PS7_X0Y0             PS7                          0.000     0.000 r  udp_gateway_shadow_mirror_i/processing_system7_0/inst/PS7_i/FCLKCLK[0]
                         net (fo=1, routed)           0.310     0.310    udp_gateway_shadow_mirror_i/processing_system7_0/inst/FCLK_CLK_unbuffered[0]
    BUFGCTRL_X0Y17       BUFG (Prop_bufg_I_O)         0.026     0.336 r  udp_gateway_shadow_mirror_i/processing_system7_0/inst/buffer_fclk_clk_0.FCLK_CLK_0_BUFG/O
                         net (fo=54559, routed)       0.609     0.945    udp_gateway_shadow_mirror_i/dma_gateway_hybrid_0/inst/gen_shadow_ctrl_csr.u_shadow_ctrl_csr/clk
    SLICE_X105Y97        FDRE                                         r  udp_gateway_shadow_mirror_i/dma_gateway_hybrid_0/inst/gen_shadow_ctrl_csr.u_shadow_ctrl_csr/reg_acl_addr_reg[0]_rep__23/C
  -------------------------------------------------------------------    -------------------
    SLICE_X105Y97        FDRE (Prop_fdre_C_Q)         0.141     1.086 r  udp_gateway_shadow_mirror_i/dma_gateway_hybrid_0/inst/gen_shadow_ctrl_csr.u_shadow_ctrl_csr/reg_acl_addr_reg[0]_rep__23/Q
                         net (fo=192, routed)         0.242     1.327    udp_gateway_shadow_mirror_i/dma_gateway_hybrid_0/inst/u_shadow_acl_filter/u_acl/gen_way1_reg_3584_3711_9_9/A0
    SLICE_X104Y97        RAMD64E                                      r  udp_gateway_shadow_mirror_i/dma_gateway_hybrid_0/inst/u_shadow_acl_filter/u_acl/gen_way1_reg_3584_3711_9_9/DP.HIGH/WADR0
  -------------------------------------------------------------------    -------------------

                         (clock clk_fpga_0 rise edge)
                                                      0.000     0.000 r  
    PS7_X0Y0             PS7                          0.000     0.000 r  udp_gateway_shadow_mirror_i/processing_system7_0/inst/PS7_i/FCLKCLK[0]
                         net (fo=1, routed)           0.337     0.337    udp_gateway_shadow_mirror_i/processing_system7_0/inst/FCLK_CLK_unbuffered[0]
    BUFGCTRL_X0Y17       BUFG (Prop_bufg_I_O)         0.029     0.366 r  udp_gateway_shadow_mirror_i/processing_system7_0/inst/buffer_fclk_clk_0.FCLK_CLK_0_BUFG/O
                         net (fo=54559, routed)       0.880     1.246    udp_gateway_shadow_mirror_i/dma_gateway_hybrid_0/inst/u_shadow_acl_filter/u_acl/gen_way1_reg_3584_3711_9_9/WCLK
    SLICE_X104Y97        RAMD64E                                      r  udp_gateway_shadow_mirror_i/dma_gateway_hybrid_0/inst/u_shadow_acl_filter/u_acl/gen_way1_reg_3584_3711_9_9/DP.HIGH/CLK
                         clock pessimism             -0.288     0.958    
    SLICE_X104Y97        RAMD64E (Hold_ramd64e_CLK_WADR0)
                                                      0.310     1.268    udp_gateway_shadow_mirror_i/dma_gateway_hybrid_0/inst/u_shadow_acl_filter/u_acl/gen_way1_reg_3584_3711_9_9/DP.HIGH
  -------------------------------------------------------------------
                         required time                         -1.268    
                         arrival time                           1.327    
  -------------------------------------------------------------------
                         slack                                  0.060    

Slack (MET) :             0.060ns  (arrival time - required time)
  Source:                 udp_gateway_shadow_mirror_i/dma_gateway_hybrid_0/inst/gen_shadow_ctrl_csr.u_shadow_ctrl_csr/reg_acl_addr_reg[0]_rep__23/C
                            (rising edge-triggered cell FDRE clocked by clk_fpga_0  {rise@0.000ns fall@10.000ns period=20.000ns})
  Destination:            udp_gateway_shadow_mirror_i/dma_gateway_hybrid_0/inst/u_shadow_acl_filter/u_acl/gen_way1_reg_3584_3711_9_9/DP.LOW/WADR0
                            (rising edge-triggered cell RAMD64E clocked by clk_fpga_0  {rise@0.000ns fall@10.000ns period=20.000ns})
  Path Group:             clk_fpga_0
  Path Type:              Hold (Min at Fast Process Corner)
  Requirement:            0.000ns  (clk_fpga_0 rise@0.000ns - clk_fpga_0 rise@0.000ns)
  Data Path Delay:        0.383ns  (logic 0.141ns (36.840%)  route 0.242ns (63.160%))
  Logic Levels:           0  
  Clock Path Skew:        0.013ns (DCD - SCD - CPR)
    Destination Clock Delay (DCD):    1.246ns
    Source Clock Delay      (SCD):    0.945ns
    Clock Pessimism Removal (CPR):    0.288ns

    Location             Delay type                Incr(ns)  Path(ns)    Netlist Resource(s)
  -------------------------------------------------------------------    -------------------
                         (clock clk_fpga_0 rise edge)
                                                      0.000     0.000 r  
    PS7_X0Y0             PS7                          0.000     0.000 r  udp_gateway_shadow_mirror_i/processing_system7_0/inst/PS7_i/FCLKCLK[0]
                         net (fo=1, routed)           0.310     0.310    udp_gateway_shadow_mirror_i/processing_system7_0/inst/FCLK_CLK_unbuffered[0]
    BUFGCTRL_X0Y17       BUFG (Prop_bufg_I_O)         0.026     0.336 r  udp_gateway_shadow_mirror_i/processing_system7_0/inst/buffer_fclk_clk_0.FCLK_CLK_0_BUFG/O
                         net (fo=54559, routed)       0.609     0.945    udp_gateway_shadow_mirror_i/dma_gateway_hybrid_0/inst/gen_shadow_ctrl_csr.u_shadow_ctrl_csr/clk
    SLICE_X105Y97        FDRE                                         r  udp_gateway_shadow_mirror_i/dma_gateway_hybrid_0/inst/gen_shadow_ctrl_csr.u_shadow_ctrl_csr/reg_acl_addr_reg[0]_rep__23/C
  -------------------------------------------------------------------    -------------------
    SLICE_X105Y97        FDRE (Prop_fdre_C_Q)         0.141     1.086 r  udp_gateway_shadow_mirror_i/dma_gateway_hybrid_0/inst/gen_shadow_ctrl_csr.u_shadow_ctrl_csr/reg_acl_addr_reg[0]_rep__23/Q
                         net (fo=192, routed)         0.242     1.327    udp_gateway_shadow_mirror_i/dma_gateway_hybrid_0/inst/u_shadow_acl_filter/u_acl/gen_way1_reg_3584_3711_9_9/A0
    SLICE_X104Y97        RAMD64E                                      r  udp_gateway_shadow_mirror_i/dma_gateway_hybrid_0/inst/u_shadow_acl_filter/u_acl/gen_way1_reg_3584_3711_9_9/DP.LOW/WADR0
  -------------------------------------------------------------------    -------------------

                         (clock clk_fpga_0 rise edge)
                                                      0.000     0.000 r  
    PS7_X0Y0             PS7                          0.000     0.000 r  udp_gateway_shadow_mirror_i/processing_system7_0/inst/PS7_i/FCLKCLK[0]
                         net (fo=1, routed)           0.337     0.337    udp_gateway_shadow_mirror_i/processing_system7_0/inst/FCLK_CLK_unbuffered[0]
    BUFGCTRL_X0Y17       BUFG (Prop_bufg_I_O)         0.029     0.366 r  udp_gateway_shadow_mirror_i/processing_system7_0/inst/buffer_fclk_clk_0.FCLK_CLK_0_BUFG/O
                         net (fo=54559, routed)       0.880     1.246    udp_gateway_shadow_mirror_i/dma_gateway_hybrid_0/inst/u_shadow_acl_filter/u_acl/gen_way1_reg_3584_3711_9_9/WCLK
    SLICE_X104Y97        RAMD64E                                      r  udp_gateway_shadow_mirror_i/dma_gateway_hybrid_0/inst/u_shadow_acl_filter/u_acl/gen_way1_reg_3584_3711_9_9/DP.LOW/CLK
                         clock pessimism             -0.288     0.958    
    SLICE_X104Y97        RAMD64E (Hold_ramd64e_CLK_WADR0)
                                                      0.310     1.268    udp_gateway_shadow_mirror_i/dma_gateway_hybrid_0/inst/u_shadow_acl_filter/u_acl/gen_way1_reg_3584_3711_9_9/DP.LOW
  -------------------------------------------------------------------
                         required time                         -1.268    
                         arrival time                           1.327    
  -------------------------------------------------------------------
                         slack                                  0.060    

Slack (MET) :             0.060ns  (arrival time - required time)
  Source:                 udp_gateway_shadow_mirror_i/dma_gateway_hybrid_0/inst/gen_shadow_ctrl_csr.u_shadow_ctrl_csr/reg_acl_addr_reg[0]_rep__23/C
                            (rising edge-triggered cell FDRE clocked by clk_fpga_0  {rise@0.000ns fall@10.000ns period=20.000ns})
  Destination:            udp_gateway_shadow_mirror_i/dma_gateway_hybrid_0/inst/u_shadow_acl_filter/u_acl/gen_way1_reg_3584_3711_9_9/SP.HIGH/WADR0
                            (rising edge-triggered cell RAMD64E clocked by clk_fpga_0  {rise@0.000ns fall@10.000ns period=20.000ns})
  Path Group:             clk_fpga_0
  Path Type:              Hold (Min at Fast Process Corner)
  Requirement:            0.000ns  (clk_fpga_0 rise@0.000ns - clk_fpga_0 rise@0.000ns)
  Data Path Delay:        0.383ns  (logic 0.141ns (36.840%)  route 0.242ns (63.160%))
  Logic Levels:           0  
  Clock Path Skew:        0.013ns (DCD - SCD - CPR)
    Destination Clock Delay (DCD):    1.246ns
    Source Clock Delay      (SCD):    0.945ns
    Clock Pessimism Removal (CPR):    0.288ns

    Location             Delay type                Incr(ns)  Path(ns)    Netlist Resource(s)
  -------------------------------------------------------------------    -------------------
                         (clock clk_fpga_0 rise edge)
                                                      0.000     0.000 r  
    PS7_X0Y0             PS7                          0.000     0.000 r  udp_gateway_shadow_mirror_i/processing_system7_0/inst/PS7_i/FCLKCLK[0]
                         net (fo=1, routed)           0.310     0.310    udp_gateway_shadow_mirror_i/processing_system7_0/inst/FCLK_CLK_unbuffered[0]
    BUFGCTRL_X0Y17       BUFG (Prop_bufg_I_O)         0.026     0.336 r  udp_gateway_shadow_mirror_i/processing_system7_0/inst/buffer_fclk_clk_0.FCLK_CLK_0_BUFG/O
                         net (fo=54559, routed)       0.609     0.945    udp_gateway_shadow_mirror_i/dma_gateway_hybrid_0/inst/gen_shadow_ctrl_csr.u_shadow_ctrl_csr/clk
    SLICE_X105Y97        FDRE                                         r  udp_gateway_shadow_mirror_i/dma_gateway_hybrid_0/inst/gen_shadow_ctrl_csr.u_shadow_ctrl_csr/reg_acl_addr_reg[0]_rep__23/C
  -------------------------------------------------------------------    -------------------
    SLICE_X105Y97        FDRE (Prop_fdre_C_Q)         0.141     1.086 r  udp_gateway_shadow_mirror_i/dma_gateway_hybrid_0/inst/gen_shadow_ctrl_csr.u_shadow_ctrl_csr/reg_acl_addr_reg[0]_rep__23/Q
                         net (fo=192, routed)         0.242     1.327    udp_gateway_shadow_mirror_i/dma_gateway_hybrid_0/inst/u_shadow_acl_filter/u_acl/gen_way1_reg_3584_3711_9_9/A0
    SLICE_X104Y97        RAMD64E                                      r  udp_gateway_shadow_mirror_i/dma_gateway_hybrid_0/inst/u_shadow_acl_filter/u_acl/gen_way1_reg_3584_3711_9_9/SP.HIGH/WADR0
  -------------------------------------------------------------------    -------------------

                         (clock clk_fpga_0 rise edge)
                                                      0.000     0.000 r  
    PS7_X0Y0             PS7                          0.000     0.000 r  udp_gateway_shadow_mirror_i/processing_system7_0/inst/PS7_i/FCLKCLK[0]
                         net (fo=1, routed)           0.337     0.337    udp_gateway_shadow_mirror_i/processing_system7_0/inst/FCLK_CLK_unbuffered[0]
    BUFGCTRL_X0Y17       BUFG (Prop_bufg_I_O)         0.029     0.366 r  udp_gateway_shadow_mirror_i/processing_system7_0/inst/buffer_fclk_clk_0.FCLK_CLK_0_BUFG/O
                         net (fo=54559, routed)       0.880     1.246    udp_gateway_shadow_mirror_i/dma_gateway_hybrid_0/inst/u_shadow_acl_filter/u_acl/gen_way1_reg_3584_3711_9_9/WCLK
    SLICE_X104Y97        RAMD64E                                      r  udp_gateway_shadow_mirror_i/dma_gateway_hybrid_0/inst/u_shadow_acl_filter/u_acl/gen_way1_reg_3584_3711_9_9/SP.HIGH/CLK
                         clock pessimism             -0.288     0.958    
    SLICE_X104Y97        RAMD64E (Hold_ramd64e_CLK_WADR0)
                                                      0.310     1.268    udp_gateway_shadow_mirror_i/dma_gateway_hybrid_0/inst/u_shadow_acl_filter/u_acl/gen_way1_reg_3584_3711_9_9/SP.HIGH
  -------------------------------------------------------------------
                         required time                         -1.268    
                         arrival time                           1.327    
  -------------------------------------------------------------------
                         slack                                  0.060    

Slack (MET) :             0.060ns  (arrival time - required time)
  Source:                 udp_gateway_shadow_mirror_i/dma_gateway_hybrid_0/inst/gen_shadow_ctrl_csr.u_shadow_ctrl_csr/reg_acl_addr_reg[0]_rep__23/C
                            (rising edge-triggered cell FDRE clocked by clk_fpga_0  {rise@0.000ns fall@10.000ns period=20.000ns})
  Destination:            udp_gateway_shadow_mirror_i/dma_gateway_hybrid_0/inst/u_shadow_acl_filter/u_acl/gen_way1_reg_3584_3711_9_9/SP.LOW/WADR0
                            (rising edge-triggered cell RAMD64E clocked by clk_fpga_0  {rise@0.000ns fall@10.000ns period=20.000ns})
  Path Group:             clk_fpga_0
  Path Type:              Hold (Min at Fast Process Corner)
  Requirement:            0.000ns  (clk_fpga_0 rise@0.000ns - clk_fpga_0 rise@0.000ns)
  Data Path Delay:        0.383ns  (logic 0.141ns (36.840%)  route 0.242ns (63.160%))
  Logic Levels:           0  
  Clock Path Skew:        0.013ns (DCD - SCD - CPR)
    Destination Clock Delay (DCD):    1.246ns
    Source Clock Delay      (SCD):    0.945ns
    Clock Pessimism Removal (CPR):    0.288ns

    Location             Delay type                Incr(ns)  Path(ns)    Netlist Resource(s)
  -------------------------------------------------------------------    -------------------
                         (clock clk_fpga_0 rise edge)
                                                      0.000     0.000 r  
    PS7_X0Y0             PS7                          0.000     0.000 r  udp_gateway_shadow_mirror_i/processing_system7_0/inst/PS7_i/FCLKCLK[0]
                         net (fo=1, routed)           0.310     0.310    udp_gateway_shadow_mirror_i/processing_system7_0/inst/FCLK_CLK_unbuffered[0]
    BUFGCTRL_X0Y17       BUFG (Prop_bufg_I_O)         0.026     0.336 r  udp_gateway_shadow_mirror_i/processing_system7_0/inst/buffer_fclk_clk_0.FCLK_CLK_0_BUFG/O
                         net (fo=54559, routed)       0.609     0.945    udp_gateway_shadow_mirror_i/dma_gateway_hybrid_0/inst/gen_shadow_ctrl_csr.u_shadow_ctrl_csr/clk
    SLICE_X105Y97        FDRE                                         r  udp_gateway_shadow_mirror_i/dma_gateway_hybrid_0/inst/gen_shadow_ctrl_csr.u_shadow_ctrl_csr/reg_acl_addr_reg[0]_rep__23/C
  -------------------------------------------------------------------    -------------------
    SLICE_X105Y97        FDRE (Prop_fdre_C_Q)         0.141     1.086 r  udp_gateway_shadow_mirror_i/dma_gateway_hybrid_0/inst/gen_shadow_ctrl_csr.u_shadow_ctrl_csr/reg_acl_addr_reg[0]_rep__23/Q
                         net (fo=192, routed)         0.242     1.327    udp_gateway_shadow_mirror_i/dma_gateway_hybrid_0/inst/u_shadow_acl_filter/u_acl/gen_way1_reg_3584_3711_9_9/A0
    SLICE_X104Y97        RAMD64E                                      r  udp_gateway_shadow_mirror_i/dma_gateway_hybrid_0/inst/u_shadow_acl_filter/u_acl/gen_way1_reg_3584_3711_9_9/SP.LOW/WADR0
  -------------------------------------------------------------------    -------------------

                         (clock clk_fpga_0 rise edge)
                                                      0.000     0.000 r  
    PS7_X0Y0             PS7                          0.000     0.000 r  udp_gateway_shadow_mirror_i/processing_system7_0/inst/PS7_i/FCLKCLK[0]
                         net (fo=1, routed)           0.337     0.337    udp_gateway_shadow_mirror_i/processing_system7_0/inst/FCLK_CLK_unbuffered[0]
    BUFGCTRL_X0Y17       BUFG (Prop_bufg_I_O)         0.029     0.366 r  udp_gateway_shadow_mirror_i/processing_system7_0/inst/buffer_fclk_clk_0.FCLK_CLK_0_BUFG/O
                         net (fo=54559, routed)       0.880     1.246    udp_gateway_shadow_mirror_i/dma_gateway_hybrid_0/inst/u_shadow_acl_filter/u_acl/gen_way1_reg_3584_3711_9_9/WCLK
    SLICE_X104Y97        RAMD64E                                      r  udp_gateway_shadow_mirror_i/dma_gateway_hybrid_0/inst/u_shadow_acl_filter/u_acl/gen_way1_reg_3584_3711_9_9/SP.LOW/CLK
                         clock pessimism             -0.288     0.958    
    SLICE_X104Y97        RAMD64E (Hold_ramd64e_CLK_WADR0)
                                                      0.310     1.268    udp_gateway_shadow_mirror_i/dma_gateway_hybrid_0/inst/u_shadow_acl_filter/u_acl/gen_way1_reg_3584_3711_9_9/SP.LOW
  -------------------------------------------------------------------
                         required time                         -1.268    
                         arrival time                           1.327    
  -------------------------------------------------------------------
                         slack                                  0.060    





Pulse Width Checks
--------------------------------------------------------------------------------------
Clock Name:         clk_fpga_0
Waveform(ns):       { 0.000 10.000 }
Period(ns):         20.000
Sources:            { udp_gateway_shadow_mirror_i/processing_system7_0/inst/PS7_i/FCLKCLK[0] }

Check Type        Corner  Lib Pin             Reference Pin  Required(ns)  Actual(ns)  Slack(ns)  Location      Pin
Min Period        n/a     RAMB36E1/CLKARDCLK  n/a            2.944         20.000      17.056     RAMB36_X4Y22  udp_gateway_shadow_mirror_i/dma_gateway_hybrid_0/inst/u_shadow_acl_filter/u_acl/bram_way0_reg_0/CLKARDCLK
Min Period        n/a     RAMB36E1/CLKARDCLK  n/a            2.944         20.000      17.056     RAMB36_X4Y25  udp_gateway_shadow_mirror_i/dma_gateway_hybrid_0/inst/u_shadow_acl_filter/u_acl/bram_way0_reg_1/CLKARDCLK
Min Period        n/a     RAMB36E1/CLKARDCLK  n/a            2.944         20.000      17.056     RAMB36_X4Y26  udp_gateway_shadow_mirror_i/dma_gateway_hybrid_0/inst/u_shadow_acl_filter/u_acl/bram_way0_reg_10/CLKARDCLK
Min Period        n/a     RAMB36E1/CLKARDCLK  n/a            2.944         20.000      17.056     RAMB36_X5Y25  udp_gateway_shadow_mirror_i/dma_gateway_hybrid_0/inst/u_shadow_acl_filter/u_acl/bram_way0_reg_11/CLKARDCLK
Min Period        n/a     RAMB36E1/CLKARDCLK  n/a            2.944         20.000      17.056     RAMB36_X3Y20  udp_gateway_shadow_mirror_i/dma_gateway_hybrid_0/inst/u_shadow_acl_filter/u_acl/bram_way0_reg_2/CLKARDCLK
Min Period        n/a     RAMB36E1/CLKARDCLK  n/a            2.944         20.000      17.056     RAMB36_X4Y18  udp_gateway_shadow_mirror_i/dma_gateway_hybrid_0/inst/u_shadow_acl_filter/u_acl/bram_way0_reg_3/CLKARDCLK
Min Period        n/a     RAMB36E1/CLKARDCLK  n/a            2.944         20.000      17.056     RAMB36_X3Y19  udp_gateway_shadow_mirror_i/dma_gateway_hybrid_0/inst/u_shadow_acl_filter/u_acl/bram_way0_reg_4/CLKARDCLK
Min Period        n/a     RAMB36E1/CLKARDCLK  n/a            2.944         20.000      17.056     RAMB36_X4Y21  udp_gateway_shadow_mirror_i/dma_gateway_hybrid_0/inst/u_shadow_acl_filter/u_acl/bram_way0_reg_5/CLKARDCLK
Min Period        n/a     RAMB36E1/CLKARDCLK  n/a            2.944         20.000      17.056     RAMB36_X5Y20  udp_gateway_shadow_mirror_i/dma_gateway_hybrid_0/inst/u_shadow_acl_filter/u_acl/bram_way0_reg_6/CLKARDCLK
Min Period        n/a     RAMB36E1/CLKARDCLK  n/a            2.944         20.000      17.056     RAMB36_X5Y22  udp_gateway_shadow_mirror_i/dma_gateway_hybrid_0/inst/u_shadow_acl_filter/u_acl/bram_way0_reg_7/CLKARDCLK
Low Pulse Width   Slow    RAMD32/CLK          n/a            1.250         10.000      8.750      SLICE_X62Y92  udp_gateway_shadow_mirror_i/axi_mem_intercon/m00_couplers/auto_pc/inst/gen_axi4_axi3.axi3_conv_inst/USE_READ.USE_SPLIT_R.read_addr_inst/USE_R_CHANNEL.cmd_queue/inst/fifo_gen_inst/inst_fifo_gen/gconvfifo.rf/grf.rf/gntv_or_sync_fifo.mem/gdm.dm_gen.dm/RAM_reg_0_31_0_0/DP/CLK
Low Pulse Width   Fast    RAMD32/CLK          n/a            1.250         10.000      8.750      SLICE_X62Y92  udp_gateway_shadow_mirror_i/axi_mem_intercon/m00_couplers/auto_pc/inst/gen_axi4_axi3.axi3_conv_inst/USE_READ.USE_SPLIT_R.read_addr_inst/USE_R_CHANNEL.cmd_queue/inst/fifo_gen_inst/inst_fifo_gen/gconvfifo.rf/grf.rf/gntv_or_sync_fifo.mem/gdm.dm_gen.dm/RAM_reg_0_31_0_0/DP/CLK
Low Pulse Width   Slow    RAMD32/CLK          n/a            1.250         10.000      8.750      SLICE_X62Y92  udp_gateway_shadow_mirror_i/axi_mem_intercon/m00_couplers/auto_pc/inst/gen_axi4_axi3.axi3_conv_inst/USE_READ.USE_SPLIT_R.read_addr_inst/USE_R_CHANNEL.cmd_queue/inst/fifo_gen_inst/inst_fifo_gen/gconvfifo.rf/grf.rf/gntv_or_sync_fifo.mem/gdm.dm_gen.dm/RAM_reg_0_31_0_0/SP/CLK
Low Pulse Width   Fast    RAMD32/CLK          n/a            1.250         10.000      8.750      SLICE_X62Y92  udp_gateway_shadow_mirror_i/axi_mem_intercon/m00_couplers/auto_pc/inst/gen_axi4_axi3.axi3_conv_inst/USE_READ.USE_SPLIT_R.read_addr_inst/USE_R_CHANNEL.cmd_queue/inst/fifo_gen_inst/inst_fifo_gen/gconvfifo.rf/grf.rf/gntv_or_sync_fifo.mem/gdm.dm_gen.dm/RAM_reg_0_31_0_0/SP/CLK
Low Pulse Width   Slow    RAMD32/CLK          n/a            1.250         10.000      8.750      SLICE_X30Y85  udp_gateway_shadow_mirror_i/axi_mem_intercon/m00_couplers/auto_pc/inst/gen_axi4_axi3.axi3_conv_inst/USE_WRITE.write_addr_inst/USE_BURSTS.cmd_queue/inst/fifo_gen_inst/inst_fifo_gen/gconvfifo.rf/grf.rf/gntv_or_sync_fifo.mem/gdm.dm_gen.dm/RAM_reg_0_31_0_5/RAMA/CLK
Low Pulse Width   Fast    RAMD32/CLK          n/a            1.250         10.000      8.750      SLICE_X30Y85  udp_gateway_shadow_mirror_i/axi_mem_intercon/m00_couplers/auto_pc/inst/gen_axi4_axi3.axi3_conv_inst/USE_WRITE.write_addr_inst/USE_BURSTS.cmd_queue/inst/fifo_gen_inst/inst_fifo_gen/gconvfifo.rf/grf.rf/gntv_or_sync_fifo.mem/gdm.dm_gen.dm/RAM_reg_0_31_0_5/RAMA/CLK
Low Pulse Width   Slow    RAMD32/CLK          n/a            1.250         10.000      8.750      SLICE_X30Y85  udp_gateway_shadow_mirror_i/axi_mem_intercon/m00_couplers/auto_pc/inst/gen_axi4_axi3.axi3_conv_inst/USE_WRITE.write_addr_inst/USE_BURSTS.cmd_queue/inst/fifo_gen_inst/inst_fifo_gen/gconvfifo.rf/grf.rf/gntv_or_sync_fifo.mem/gdm.dm_gen.dm/RAM_reg_0_31_0_5/RAMA_D1/CLK
Low Pulse Width   Fast    RAMD32/CLK          n/a            1.250         10.000      8.750      SLICE_X30Y85  udp_gateway_shadow_mirror_i/axi_mem_intercon/m00_couplers/auto_pc/inst/gen_axi4_axi3.axi3_conv_inst/USE_WRITE.write_addr_inst/USE_BURSTS.cmd_queue/inst/fifo_gen_inst/inst_fifo_gen/gconvfifo.rf/grf.rf/gntv_or_sync_fifo.mem/gdm.dm_gen.dm/RAM_reg_0_31_0_5/RAMA_D1/CLK
Low Pulse Width   Slow    RAMD32/CLK          n/a            1.250         10.000      8.750      SLICE_X30Y85  udp_gateway_shadow_mirror_i/axi_mem_intercon/m00_couplers/auto_pc/inst/gen_axi4_axi3.axi3_conv_inst/USE_WRITE.write_addr_inst/USE_BURSTS.cmd_queue/inst/fifo_gen_inst/inst_fifo_gen/gconvfifo.rf/grf.rf/gntv_or_sync_fifo.mem/gdm.dm_gen.dm/RAM_reg_0_31_0_5/RAMB/CLK
Low Pulse Width   Fast    RAMD32/CLK          n/a            1.250         10.000      8.750      SLICE_X30Y85  udp_gateway_shadow_mirror_i/axi_mem_intercon/m00_couplers/auto_pc/inst/gen_axi4_axi3.axi3_conv_inst/USE_WRITE.write_addr_inst/USE_BURSTS.cmd_queue/inst/fifo_gen_inst/inst_fifo_gen/gconvfifo.rf/grf.rf/gntv_or_sync_fifo.mem/gdm.dm_gen.dm/RAM_reg_0_31_0_5/RAMB/CLK
High Pulse Width  Slow    RAMD32/CLK          n/a            1.250         10.000      8.750      SLICE_X62Y92  udp_gateway_shadow_mirror_i/axi_mem_intercon/m00_couplers/auto_pc/inst/gen_axi4_axi3.axi3_conv_inst/USE_READ.USE_SPLIT_R.read_addr_inst/USE_R_CHANNEL.cmd_queue/inst/fifo_gen_inst/inst_fifo_gen/gconvfifo.rf/grf.rf/gntv_or_sync_fifo.mem/gdm.dm_gen.dm/RAM_reg_0_31_0_0/DP/CLK
High Pulse Width  Fast    RAMD32/CLK          n/a            1.250         10.000      8.750      SLICE_X62Y92  udp_gateway_shadow_mirror_i/axi_mem_intercon/m00_couplers/auto_pc/inst/gen_axi4_axi3.axi3_conv_inst/USE_READ.USE_SPLIT_R.read_addr_inst/USE_R_CHANNEL.cmd_queue/inst/fifo_gen_inst/inst_fifo_gen/gconvfifo.rf/grf.rf/gntv_or_sync_fifo.mem/gdm.dm_gen.dm/RAM_reg_0_31_0_0/DP/CLK
High Pulse Width  Slow    RAMD32/CLK          n/a            1.250         10.000      8.750      SLICE_X62Y92  udp_gateway_shadow_mirror_i/axi_mem_intercon/m00_couplers/auto_pc/inst/gen_axi4_axi3.axi3_conv_inst/USE_READ.USE_SPLIT_R.read_addr_inst/USE_R_CHANNEL.cmd_queue/inst/fifo_gen_inst/inst_fifo_gen/gconvfifo.rf/grf.rf/gntv_or_sync_fifo.mem/gdm.dm_gen.dm/RAM_reg_0_31_0_0/SP/CLK
High Pulse Width  Fast    RAMD32/CLK          n/a            1.250         10.000      8.750      SLICE_X62Y92  udp_gateway_shadow_mirror_i/axi_mem_intercon/m00_couplers/auto_pc/inst/gen_axi4_axi3.axi3_conv_inst/USE_READ.USE_SPLIT_R.read_addr_inst/USE_R_CHANNEL.cmd_queue/inst/fifo_gen_inst/inst_fifo_gen/gconvfifo.rf/grf.rf/gntv_or_sync_fifo.mem/gdm.dm_gen.dm/RAM_reg_0_31_0_0/SP/CLK
High Pulse Width  Slow    RAMD32/CLK          n/a            1.250         10.000      8.750      SLICE_X30Y85  udp_gateway_shadow_mirror_i/axi_mem_intercon/m00_couplers/auto_pc/inst/gen_axi4_axi3.axi3_conv_inst/USE_WRITE.write_addr_inst/USE_BURSTS.cmd_queue/inst/fifo_gen_inst/inst_fifo_gen/gconvfifo.rf/grf.rf/gntv_or_sync_fifo.mem/gdm.dm_gen.dm/RAM_reg_0_31_0_5/RAMA/CLK
High Pulse Width  Fast    RAMD32/CLK          n/a            1.250         10.000      8.750      SLICE_X30Y85  udp_gateway_shadow_mirror_i/axi_mem_intercon/m00_couplers/auto_pc/inst/gen_axi4_axi3.axi3_conv_inst/USE_WRITE.write_addr_inst/USE_BURSTS.cmd_queue/inst/fifo_gen_inst/inst_fifo_gen/gconvfifo.rf/grf.rf/gntv_or_sync_fifo.mem/gdm.dm_gen.dm/RAM_reg_0_31_0_5/RAMA/CLK
High Pulse Width  Slow    RAMD32/CLK          n/a            1.250         10.000      8.750      SLICE_X30Y85  udp_gateway_shadow_mirror_i/axi_mem_intercon/m00_couplers/auto_pc/inst/gen_axi4_axi3.axi3_conv_inst/USE_WRITE.write_addr_inst/USE_BURSTS.cmd_queue/inst/fifo_gen_inst/inst_fifo_gen/gconvfifo.rf/grf.rf/gntv_or_sync_fifo.mem/gdm.dm_gen.dm/RAM_reg_0_31_0_5/RAMA_D1/CLK
High Pulse Width  Fast    RAMD32/CLK          n/a            1.250         10.000      8.750      SLICE_X30Y85  udp_gateway_shadow_mirror_i/axi_mem_intercon/m00_couplers/auto_pc/inst/gen_axi4_axi3.axi3_conv_inst/USE_WRITE.write_addr_inst/USE_BURSTS.cmd_queue/inst/fifo_gen_inst/inst_fifo_gen/gconvfifo.rf/grf.rf/gntv_or_sync_fifo.mem/gdm.dm_gen.dm/RAM_reg_0_31_0_5/RAMA_D1/CLK
High Pulse Width  Slow    RAMD32/CLK          n/a            1.250         10.000      8.750      SLICE_X30Y85  udp_gateway_shadow_mirror_i/axi_mem_intercon/m00_couplers/auto_pc/inst/gen_axi4_axi3.axi3_conv_inst/USE_WRITE.write_addr_inst/USE_BURSTS.cmd_queue/inst/fifo_gen_inst/inst_fifo_gen/gconvfifo.rf/grf.rf/gntv_or_sync_fifo.mem/gdm.dm_gen.dm/RAM_reg_0_31_0_5/RAMB/CLK
High Pulse Width  Fast    RAMD32/CLK          n/a            1.250         10.000      8.750      SLICE_X30Y85  udp_gateway_shadow_mirror_i/axi_mem_intercon/m00_couplers/auto_pc/inst/gen_axi4_axi3.axi3_conv_inst/USE_WRITE.write_addr_inst/USE_BURSTS.cmd_queue/inst/fifo_gen_inst/inst_fifo_gen/gconvfifo.rf/grf.rf/gntv_or_sync_fifo.mem/gdm.dm_gen.dm/RAM_reg_0_31_0_5/RAMB/CLK



---------------------------------------------------------------------------------------------------
From Clock:  shadow_dna_clk
  To Clock:  shadow_dna_clk

Setup :            0  Failing Endpoints,  Worst Slack      632.568ns,  Total Violation        0.000ns
Hold  :            0  Failing Endpoints,  Worst Slack        0.255ns,  Total Violation        0.000ns
PW    :            0  Failing Endpoints,  Worst Slack      319.500ns,  Total Violation        0.000ns
---------------------------------------------------------------------------------------------------


Max Delay Paths
--------------------------------------------------------------------------------------
Slack (MET) :             632.568ns  (required time - arrival time)
  Source:                 udp_gateway_shadow_mirror_i/dma_gateway_hybrid_0/inst/u_device_dna_reader/dna_read_reg/C
                            (rising edge-triggered cell FDPE clocked by shadow_dna_clk  {rise@0.000ns fall@320.000ns period=640.000ns})
  Destination:            udp_gateway_shadow_mirror_i/dma_gateway_hybrid_0/inst/u_device_dna_reader/dna_shift_value_reg[50]/CE
                            (rising edge-triggered cell FDCE clocked by shadow_dna_clk  {rise@0.000ns fall@320.000ns period=640.000ns})
  Path Group:             shadow_dna_clk
  Path Type:              Setup (Max at Slow Process Corner)
  Requirement:            640.000ns  (shadow_dna_clk rise@640.000ns - shadow_dna_clk rise@0.000ns)
  Data Path Delay:        6.946ns  (logic 0.716ns (10.308%)  route 6.230ns (89.692%))
  Logic Levels:           1  (LUT3=1)
  Clock Path Skew:        0.021ns (DCD - SCD + CPR)
    Destination Clock Delay (DCD):    5.812ns = ( 645.812 - 640.000 ) 
    Source Clock Delay      (SCD):    6.314ns
    Clock Pessimism Removal (CPR):    0.524ns
  Clock Uncertainty:      0.302ns  ((TSJ^2 + TIJ^2)^1/2 + DJ) / 2 + PE
    Total System Jitter     (TSJ):    0.071ns
    Total Input Jitter      (TIJ):    0.600ns
    Discrete Jitter          (DJ):    0.000ns
    Phase Error              (PE):    0.000ns

    Location             Delay type                Incr(ns)  Path(ns)    Netlist Resource(s)
  -------------------------------------------------------------------    -------------------
                         (clock shadow_dna_clk rise edge)
                                                      0.000     0.000 r  
    PS7_X0Y0             PS7                          0.000     0.000 r  udp_gateway_shadow_mirror_i/processing_system7_0/inst/PS7_i/FCLKCLK[0]
                         net (fo=1, routed)           1.193     1.193    udp_gateway_shadow_mirror_i/processing_system7_0/inst/FCLK_CLK_unbuffered[0]
    BUFGCTRL_X0Y17       BUFG (Prop_bufg_I_O)         0.101     1.294 r  udp_gateway_shadow_mirror_i/processing_system7_0/inst/buffer_fclk_clk_0.FCLK_CLK_0_BUFG/O
                         net (fo=54559, routed)       1.729     3.023    udp_gateway_shadow_mirror_i/dma_gateway_hybrid_0/inst/u_device_dna_reader/clk
    SLICE_X57Y45         FDCE (Prop_fdce_C_Q)         0.456     3.479 r  udp_gateway_shadow_mirror_i/dma_gateway_hybrid_0/inst/u_device_dna_reader/dna_clk_reg/Q
                         net (fo=1, routed)           1.024     4.503    udp_gateway_shadow_mirror_i/dma_gateway_hybrid_0/inst/u_device_dna_reader/dna_clk
    BUFGCTRL_X0Y16       BUFG (Prop_bufg_I_O)         0.101     4.604 r  udp_gateway_shadow_mirror_i/dma_gateway_hybrid_0/inst/u_device_dna_reader/dna_clk_BUFG_inst/O
                         net (fo=69, routed)          1.710     6.314    udp_gateway_shadow_mirror_i/dma_gateway_hybrid_0/inst/u_device_dna_reader/dna_clk_BUFG
    SLICE_X65Y86         FDPE                                         r  udp_gateway_shadow_mirror_i/dma_gateway_hybrid_0/inst/u_device_dna_reader/dna_read_reg/C
  -------------------------------------------------------------------    -------------------
    SLICE_X65Y86         FDPE (Prop_fdpe_C_Q)         0.419     6.733 f  udp_gateway_shadow_mirror_i/dma_gateway_hybrid_0/inst/u_device_dna_reader/dna_read_reg/Q
                         net (fo=5, routed)           0.988     7.721    udp_gateway_shadow_mirror_i/dma_gateway_hybrid_0/inst/u_device_dna_reader/dna_read
    SLICE_X65Y87         LUT3 (Prop_lut3_I0_O)        0.297     8.018 r  udp_gateway_shadow_mirror_i/dma_gateway_hybrid_0/inst/u_device_dna_reader/dna_shift_value[56]_i_1/O
                         net (fo=64, routed)          5.242    13.260    udp_gateway_shadow_mirror_i/dma_gateway_hybrid_0/inst/u_device_dna_reader/dna_bit_count
    SLICE_X81Y110        FDCE                                         r  udp_gateway_shadow_mirror_i/dma_gateway_hybrid_0/inst/u_device_dna_reader/dna_shift_value_reg[50]/CE
  -------------------------------------------------------------------    -------------------

                         (clock shadow_dna_clk rise edge)
                                                    640.000   640.000 r  
    PS7_X0Y0             PS7                          0.000   640.000 r  udp_gateway_shadow_mirror_i/processing_system7_0/inst/PS7_i/FCLKCLK[0]
                         net (fo=1, routed)           1.088   641.088    udp_gateway_shadow_mirror_i/processing_system7_0/inst/FCLK_CLK_unbuffered[0]
    BUFGCTRL_X0Y17       BUFG (Prop_bufg_I_O)         0.091   641.179 r  udp_gateway_shadow_mirror_i/processing_system7_0/inst/buffer_fclk_clk_0.FCLK_CLK_0_BUFG/O
                         net (fo=54559, routed)       1.554   642.733    udp_gateway_shadow_mirror_i/dma_gateway_hybrid_0/inst/u_device_dna_reader/clk
    SLICE_X57Y45         FDCE (Prop_fdce_C_Q)         0.367   643.100 r  udp_gateway_shadow_mirror_i/dma_gateway_hybrid_0/inst/u_device_dna_reader/dna_clk_reg/Q
                         net (fo=1, routed)           0.903   644.004    udp_gateway_shadow_mirror_i/dma_gateway_hybrid_0/inst/u_device_dna_reader/dna_clk
    BUFGCTRL_X0Y16       BUFG (Prop_bufg_I_O)         0.091   644.095 r  udp_gateway_shadow_mirror_i/dma_gateway_hybrid_0/inst/u_device_dna_reader/dna_clk_BUFG_inst/O
                         net (fo=69, routed)          1.717   645.812    udp_gateway_shadow_mirror_i/dma_gateway_hybrid_0/inst/u_device_dna_reader/dna_clk_BUFG
    SLICE_X81Y110        FDCE                                         r  udp_gateway_shadow_mirror_i/dma_gateway_hybrid_0/inst/u_device_dna_reader/dna_shift_value_reg[50]/C
                         clock pessimism              0.524   646.335    
                         clock uncertainty           -0.302   646.033    
    SLICE_X81Y110        FDCE (Setup_fdce_C_CE)      -0.205   645.828    udp_gateway_shadow_mirror_i/dma_gateway_hybrid_0/inst/u_device_dna_reader/dna_shift_value_reg[50]
  -------------------------------------------------------------------
                         required time                        645.828    
                         arrival time                         -13.260    
  -------------------------------------------------------------------
                         slack                                632.568    

Slack (MET) :             632.568ns  (required time - arrival time)
  Source:                 udp_gateway_shadow_mirror_i/dma_gateway_hybrid_0/inst/u_device_dna_reader/dna_read_reg/C
                            (rising edge-triggered cell FDPE clocked by shadow_dna_clk  {rise@0.000ns fall@320.000ns period=640.000ns})
  Destination:            udp_gateway_shadow_mirror_i/dma_gateway_hybrid_0/inst/u_device_dna_reader/dna_shift_value_reg[51]/CE
                            (rising edge-triggered cell FDCE clocked by shadow_dna_clk  {rise@0.000ns fall@320.000ns period=640.000ns})
  Path Group:             shadow_dna_clk
  Path Type:              Setup (Max at Slow Process Corner)
  Requirement:            640.000ns  (shadow_dna_clk rise@640.000ns - shadow_dna_clk rise@0.000ns)
  Data Path Delay:        6.946ns  (logic 0.716ns (10.308%)  route 6.230ns (89.692%))
  Logic Levels:           1  (LUT3=1)
  Clock Path Skew:        0.021ns (DCD - SCD + CPR)
    Destination Clock Delay (DCD):    5.812ns = ( 645.812 - 640.000 ) 
    Source Clock Delay      (SCD):    6.314ns
    Clock Pessimism Removal (CPR):    0.524ns
  Clock Uncertainty:      0.302ns  ((TSJ^2 + TIJ^2)^1/2 + DJ) / 2 + PE
    Total System Jitter     (TSJ):    0.071ns
    Total Input Jitter      (TIJ):    0.600ns
    Discrete Jitter          (DJ):    0.000ns
    Phase Error              (PE):    0.000ns

    Location             Delay type                Incr(ns)  Path(ns)    Netlist Resource(s)
  -------------------------------------------------------------------    -------------------
                         (clock shadow_dna_clk rise edge)
                                                      0.000     0.000 r  
    PS7_X0Y0             PS7                          0.000     0.000 r  udp_gateway_shadow_mirror_i/processing_system7_0/inst/PS7_i/FCLKCLK[0]
                         net (fo=1, routed)           1.193     1.193    udp_gateway_shadow_mirror_i/processing_system7_0/inst/FCLK_CLK_unbuffered[0]
    BUFGCTRL_X0Y17       BUFG (Prop_bufg_I_O)         0.101     1.294 r  udp_gateway_shadow_mirror_i/processing_system7_0/inst/buffer_fclk_clk_0.FCLK_CLK_0_BUFG/O
                         net (fo=54559, routed)       1.729     3.023    udp_gateway_shadow_mirror_i/dma_gateway_hybrid_0/inst/u_device_dna_reader/clk
    SLICE_X57Y45         FDCE (Prop_fdce_C_Q)         0.456     3.479 r  udp_gateway_shadow_mirror_i/dma_gateway_hybrid_0/inst/u_device_dna_reader/dna_clk_reg/Q
                         net (fo=1, routed)           1.024     4.503    udp_gateway_shadow_mirror_i/dma_gateway_hybrid_0/inst/u_device_dna_reader/dna_clk
    BUFGCTRL_X0Y16       BUFG (Prop_bufg_I_O)         0.101     4.604 r  udp_gateway_shadow_mirror_i/dma_gateway_hybrid_0/inst/u_device_dna_reader/dna_clk_BUFG_inst/O
                         net (fo=69, routed)          1.710     6.314    udp_gateway_shadow_mirror_i/dma_gateway_hybrid_0/inst/u_device_dna_reader/dna_clk_BUFG
    SLICE_X65Y86         FDPE                                         r  udp_gateway_shadow_mirror_i/dma_gateway_hybrid_0/inst/u_device_dna_reader/dna_read_reg/C
  -------------------------------------------------------------------    -------------------
    SLICE_X65Y86         FDPE (Prop_fdpe_C_Q)         0.419     6.733 f  udp_gateway_shadow_mirror_i/dma_gateway_hybrid_0/inst/u_device_dna_reader/dna_read_reg/Q
                         net (fo=5, routed)           0.988     7.721    udp_gateway_shadow_mirror_i/dma_gateway_hybrid_0/inst/u_device_dna_reader/dna_read
    SLICE_X65Y87         LUT3 (Prop_lut3_I0_O)        0.297     8.018 r  udp_gateway_shadow_mirror_i/dma_gateway_hybrid_0/inst/u_device_dna_reader/dna_shift_value[56]_i_1/O
                         net (fo=64, routed)          5.242    13.260    udp_gateway_shadow_mirror_i/dma_gateway_hybrid_0/inst/u_device_dna_reader/dna_bit_count
    SLICE_X81Y110        FDCE                                         r  udp_gateway_shadow_mirror_i/dma_gateway_hybrid_0/inst/u_device_dna_reader/dna_shift_value_reg[51]/CE
  -------------------------------------------------------------------    -------------------

                         (clock shadow_dna_clk rise edge)
                                                    640.000   640.000 r  
    PS7_X0Y0             PS7                          0.000   640.000 r  udp_gateway_shadow_mirror_i/processing_system7_0/inst/PS7_i/FCLKCLK[0]
                         net (fo=1, routed)           1.088   641.088    udp_gateway_shadow_mirror_i/processing_system7_0/inst/FCLK_CLK_unbuffered[0]
    BUFGCTRL_X0Y17       BUFG (Prop_bufg_I_O)         0.091   641.179 r  udp_gateway_shadow_mirror_i/processing_system7_0/inst/buffer_fclk_clk_0.FCLK_CLK_0_BUFG/O
                         net (fo=54559, routed)       1.554   642.733    udp_gateway_shadow_mirror_i/dma_gateway_hybrid_0/inst/u_device_dna_reader/clk
    SLICE_X57Y45         FDCE (Prop_fdce_C_Q)         0.367   643.100 r  udp_gateway_shadow_mirror_i/dma_gateway_hybrid_0/inst/u_device_dna_reader/dna_clk_reg/Q
                         net (fo=1, routed)           0.903   644.004    udp_gateway_shadow_mirror_i/dma_gateway_hybrid_0/inst/u_device_dna_reader/dna_clk
    BUFGCTRL_X0Y16       BUFG (Prop_bufg_I_O)         0.091   644.095 r  udp_gateway_shadow_mirror_i/dma_gateway_hybrid_0/inst/u_device_dna_reader/dna_clk_BUFG_inst/O
                         net (fo=69, routed)          1.717   645.812    udp_gateway_shadow_mirror_i/dma_gateway_hybrid_0/inst/u_device_dna_reader/dna_clk_BUFG
    SLICE_X81Y110        FDCE                                         r  udp_gateway_shadow_mirror_i/dma_gateway_hybrid_0/inst/u_device_dna_reader/dna_shift_value_reg[51]/C
                         clock pessimism              0.524   646.335    
                         clock uncertainty           -0.302   646.033    
    SLICE_X81Y110        FDCE (Setup_fdce_C_CE)      -0.205   645.828    udp_gateway_shadow_mirror_i/dma_gateway_hybrid_0/inst/u_device_dna_reader/dna_shift_value_reg[51]
  -------------------------------------------------------------------
                         required time                        645.828    
                         arrival time                         -13.260    
  -------------------------------------------------------------------
                         slack                                632.568    

Slack (MET) :             632.592ns  (required time - arrival time)
  Source:                 udp_gateway_shadow_mirror_i/dma_gateway_hybrid_0/inst/u_device_dna_reader/dna_read_reg/C
                            (rising edge-triggered cell FDPE clocked by shadow_dna_clk  {rise@0.000ns fall@320.000ns period=640.000ns})
  Destination:            udp_gateway_shadow_mirror_i/dma_gateway_hybrid_0/inst/u_device_dna_reader/dna_shift_value_reg[38]/CE
                            (rising edge-triggered cell FDCE clocked by shadow_dna_clk  {rise@0.000ns fall@320.000ns period=640.000ns})
  Path Group:             shadow_dna_clk
  Path Type:              Setup (Max at Slow Process Corner)
  Requirement:            640.000ns  (shadow_dna_clk rise@640.000ns - shadow_dna_clk rise@0.000ns)
  Data Path Delay:        6.920ns  (logic 0.716ns (10.347%)  route 6.204ns (89.653%))
  Logic Levels:           1  (LUT3=1)
  Clock Path Skew:        0.019ns (DCD - SCD + CPR)
    Destination Clock Delay (DCD):    5.810ns = ( 645.810 - 640.000 ) 
    Source Clock Delay      (SCD):    6.314ns
    Clock Pessimism Removal (CPR):    0.524ns
  Clock Uncertainty:      0.302ns  ((TSJ^2 + TIJ^2)^1/2 + DJ) / 2 + PE
    Total System Jitter     (TSJ):    0.071ns
    Total Input Jitter      (TIJ):    0.600ns
    Discrete Jitter          (DJ):    0.000ns
    Phase Error              (PE):    0.000ns

    Location             Delay type                Incr(ns)  Path(ns)    Netlist Resource(s)
  -------------------------------------------------------------------    -------------------
                         (clock shadow_dna_clk rise edge)
                                                      0.000     0.000 r  
    PS7_X0Y0             PS7                          0.000     0.000 r  udp_gateway_shadow_mirror_i/processing_system7_0/inst/PS7_i/FCLKCLK[0]
                         net (fo=1, routed)           1.193     1.193    udp_gateway_shadow_mirror_i/processing_system7_0/inst/FCLK_CLK_unbuffered[0]
    BUFGCTRL_X0Y17       BUFG (Prop_bufg_I_O)         0.101     1.294 r  udp_gateway_shadow_mirror_i/processing_system7_0/inst/buffer_fclk_clk_0.FCLK_CLK_0_BUFG/O
                         net (fo=54559, routed)       1.729     3.023    udp_gateway_shadow_mirror_i/dma_gateway_hybrid_0/inst/u_device_dna_reader/clk
    SLICE_X57Y45         FDCE (Prop_fdce_C_Q)         0.456     3.479 r  udp_gateway_shadow_mirror_i/dma_gateway_hybrid_0/inst/u_device_dna_reader/dna_clk_reg/Q
                         net (fo=1, routed)           1.024     4.503    udp_gateway_shadow_mirror_i/dma_gateway_hybrid_0/inst/u_device_dna_reader/dna_clk
    BUFGCTRL_X0Y16       BUFG (Prop_bufg_I_O)         0.101     4.604 r  udp_gateway_shadow_mirror_i/dma_gateway_hybrid_0/inst/u_device_dna_reader/dna_clk_BUFG_inst/O
                         net (fo=69, routed)          1.710     6.314    udp_gateway_shadow_mirror_i/dma_gateway_hybrid_0/inst/u_device_dna_reader/dna_clk_BUFG
    SLICE_X65Y86         FDPE                                         r  udp_gateway_shadow_mirror_i/dma_gateway_hybrid_0/inst/u_device_dna_reader/dna_read_reg/C
  -------------------------------------------------------------------    -------------------
    SLICE_X65Y86         FDPE (Prop_fdpe_C_Q)         0.419     6.733 f  udp_gateway_shadow_mirror_i/dma_gateway_hybrid_0/inst/u_device_dna_reader/dna_read_reg/Q
                         net (fo=5, routed)           0.988     7.721    udp_gateway_shadow_mirror_i/dma_gateway_hybrid_0/inst/u_device_dna_reader/dna_read
    SLICE_X65Y87         LUT3 (Prop_lut3_I0_O)        0.297     8.018 r  udp_gateway_shadow_mirror_i/dma_gateway_hybrid_0/inst/u_device_dna_reader/dna_shift_value[56]_i_1/O
                         net (fo=64, routed)          5.216    13.234    udp_gateway_shadow_mirror_i/dma_gateway_hybrid_0/inst/u_device_dna_reader/dna_bit_count
    SLICE_X84Y114        FDCE                                         r  udp_gateway_shadow_mirror_i/dma_gateway_hybrid_0/inst/u_device_dna_reader/dna_shift_value_reg[38]/CE
  -------------------------------------------------------------------    -------------------

                         (clock shadow_dna_clk rise edge)
                                                    640.000   640.000 r  
    PS7_X0Y0             PS7                          0.000   640.000 r  udp_gateway_shadow_mirror_i/processing_system7_0/inst/PS7_i/FCLKCLK[0]
                         net (fo=1, routed)           1.088   641.088    udp_gateway_shadow_mirror_i/processing_system7_0/inst/FCLK_CLK_unbuffered[0]
    BUFGCTRL_X0Y17       BUFG (Prop_bufg_I_O)         0.091   641.179 r  udp_gateway_shadow_mirror_i/processing_system7_0/inst/buffer_fclk_clk_0.FCLK_CLK_0_BUFG/O
                         net (fo=54559, routed)       1.554   642.733    udp_gateway_shadow_mirror_i/dma_gateway_hybrid_0/inst/u_device_dna_reader/clk
    SLICE_X57Y45         FDCE (Prop_fdce_C_Q)         0.367   643.100 r  udp_gateway_shadow_mirror_i/dma_gateway_hybrid_0/inst/u_device_dna_reader/dna_clk_reg/Q
                         net (fo=1, routed)           0.903   644.004    udp_gateway_shadow_mirror_i/dma_gateway_hybrid_0/inst/u_device_dna_reader/dna_clk
    BUFGCTRL_X0Y16       BUFG (Prop_bufg_I_O)         0.091   644.095 r  udp_gateway_shadow_mirror_i/dma_gateway_hybrid_0/inst/u_device_dna_reader/dna_clk_BUFG_inst/O
                         net (fo=69, routed)          1.715   645.810    udp_gateway_shadow_mirror_i/dma_gateway_hybrid_0/inst/u_device_dna_reader/dna_clk_BUFG
    SLICE_X84Y114        FDCE                                         r  udp_gateway_shadow_mirror_i/dma_gateway_hybrid_0/inst/u_device_dna_reader/dna_shift_value_reg[38]/C
                         clock pessimism              0.524   646.333    
                         clock uncertainty           -0.302   646.031    
    SLICE_X84Y114        FDCE (Setup_fdce_C_CE)      -0.205   645.826    udp_gateway_shadow_mirror_i/dma_gateway_hybrid_0/inst/u_device_dna_reader/dna_shift_value_reg[38]
  -------------------------------------------------------------------
                         required time                        645.826    
                         arrival time                         -13.234    
  -------------------------------------------------------------------
                         slack                                632.592    

Slack (MET) :             632.592ns  (required time - arrival time)
  Source:                 udp_gateway_shadow_mirror_i/dma_gateway_hybrid_0/inst/u_device_dna_reader/dna_read_reg/C
                            (rising edge-triggered cell FDPE clocked by shadow_dna_clk  {rise@0.000ns fall@320.000ns period=640.000ns})
  Destination:            udp_gateway_shadow_mirror_i/dma_gateway_hybrid_0/inst/u_device_dna_reader/dna_shift_value_reg[39]/CE
                            (rising edge-triggered cell FDCE clocked by shadow_dna_clk  {rise@0.000ns fall@320.000ns period=640.000ns})
  Path Group:             shadow_dna_clk
  Path Type:              Setup (Max at Slow Process Corner)
  Requirement:            640.000ns  (shadow_dna_clk rise@640.000ns - shadow_dna_clk rise@0.000ns)
  Data Path Delay:        6.920ns  (logic 0.716ns (10.347%)  route 6.204ns (89.653%))
  Logic Levels:           1  (LUT3=1)
  Clock Path Skew:        0.019ns (DCD - SCD + CPR)
    Destination Clock Delay (DCD):    5.810ns = ( 645.810 - 640.000 ) 
    Source Clock Delay      (SCD):    6.314ns
    Clock Pessimism Removal (CPR):    0.524ns
  Clock Uncertainty:      0.302ns  ((TSJ^2 + TIJ^2)^1/2 + DJ) / 2 + PE
    Total System Jitter     (TSJ):    0.071ns
    Total Input Jitter      (TIJ):    0.600ns
    Discrete Jitter          (DJ):    0.000ns
    Phase Error              (PE):    0.000ns

    Location             Delay type                Incr(ns)  Path(ns)    Netlist Resource(s)
  -------------------------------------------------------------------    -------------------
                         (clock shadow_dna_clk rise edge)
                                                      0.000     0.000 r  
    PS7_X0Y0             PS7                          0.000     0.000 r  udp_gateway_shadow_mirror_i/processing_system7_0/inst/PS7_i/FCLKCLK[0]
                         net (fo=1, routed)           1.193     1.193    udp_gateway_shadow_mirror_i/processing_system7_0/inst/FCLK_CLK_unbuffered[0]
    BUFGCTRL_X0Y17       BUFG (Prop_bufg_I_O)         0.101     1.294 r  udp_gateway_shadow_mirror_i/processing_system7_0/inst/buffer_fclk_clk_0.FCLK_CLK_0_BUFG/O
                         net (fo=54559, routed)       1.729     3.023    udp_gateway_shadow_mirror_i/dma_gateway_hybrid_0/inst/u_device_dna_reader/clk
    SLICE_X57Y45         FDCE (Prop_fdce_C_Q)         0.456     3.479 r  udp_gateway_shadow_mirror_i/dma_gateway_hybrid_0/inst/u_device_dna_reader/dna_clk_reg/Q
                         net (fo=1, routed)           1.024     4.503    udp_gateway_shadow_mirror_i/dma_gateway_hybrid_0/inst/u_device_dna_reader/dna_clk
    BUFGCTRL_X0Y16       BUFG (Prop_bufg_I_O)         0.101     4.604 r  udp_gateway_shadow_mirror_i/dma_gateway_hybrid_0/inst/u_device_dna_reader/dna_clk_BUFG_inst/O
                         net (fo=69, routed)          1.710     6.314    udp_gateway_shadow_mirror_i/dma_gateway_hybrid_0/inst/u_device_dna_reader/dna_clk_BUFG
    SLICE_X65Y86         FDPE                                         r  udp_gateway_shadow_mirror_i/dma_gateway_hybrid_0/inst/u_device_dna_reader/dna_read_reg/C
  -------------------------------------------------------------------    -------------------
    SLICE_X65Y86         FDPE (Prop_fdpe_C_Q)         0.419     6.733 f  udp_gateway_shadow_mirror_i/dma_gateway_hybrid_0/inst/u_device_dna_reader/dna_read_reg/Q
                         net (fo=5, routed)           0.988     7.721    udp_gateway_shadow_mirror_i/dma_gateway_hybrid_0/inst/u_device_dna_reader/dna_read
    SLICE_X65Y87         LUT3 (Prop_lut3_I0_O)        0.297     8.018 r  udp_gateway_shadow_mirror_i/dma_gateway_hybrid_0/inst/u_device_dna_reader/dna_shift_value[56]_i_1/O
                         net (fo=64, routed)          5.216    13.234    udp_gateway_shadow_mirror_i/dma_gateway_hybrid_0/inst/u_device_dna_reader/dna_bit_count
    SLICE_X84Y114        FDCE                                         r  udp_gateway_shadow_mirror_i/dma_gateway_hybrid_0/inst/u_device_dna_reader/dna_shift_value_reg[39]/CE
  -------------------------------------------------------------------    -------------------

                         (clock shadow_dna_clk rise edge)
                                                    640.000   640.000 r  
    PS7_X0Y0             PS7                          0.000   640.000 r  udp_gateway_shadow_mirror_i/processing_system7_0/inst/PS7_i/FCLKCLK[0]
                         net (fo=1, routed)           1.088   641.088    udp_gateway_shadow_mirror_i/processing_system7_0/inst/FCLK_CLK_unbuffered[0]
    BUFGCTRL_X0Y17       BUFG (Prop_bufg_I_O)         0.091   641.179 r  udp_gateway_shadow_mirror_i/processing_system7_0/inst/buffer_fclk_clk_0.FCLK_CLK_0_BUFG/O
                         net (fo=54559, routed)       1.554   642.733    udp_gateway_shadow_mirror_i/dma_gateway_hybrid_0/inst/u_device_dna_reader/clk
    SLICE_X57Y45         FDCE (Prop_fdce_C_Q)         0.367   643.100 r  udp_gateway_shadow_mirror_i/dma_gateway_hybrid_0/inst/u_device_dna_reader/dna_clk_reg/Q
                         net (fo=1, routed)           0.903   644.004    udp_gateway_shadow_mirror_i/dma_gateway_hybrid_0/inst/u_device_dna_reader/dna_clk
    BUFGCTRL_X0Y16       BUFG (Prop_bufg_I_O)         0.091   644.095 r  udp_gateway_shadow_mirror_i/dma_gateway_hybrid_0/inst/u_device_dna_reader/dna_clk_BUFG_inst/O
                         net (fo=69, routed)          1.715   645.810    udp_gateway_shadow_mirror_i/dma_gateway_hybrid_0/inst/u_device_dna_reader/dna_clk_BUFG
    SLICE_X84Y114        FDCE                                         r  udp_gateway_shadow_mirror_i/dma_gateway_hybrid_0/inst/u_device_dna_reader/dna_shift_value_reg[39]/C
                         clock pessimism              0.524   646.333    
                         clock uncertainty           -0.302   646.031    
    SLICE_X84Y114        FDCE (Setup_fdce_C_CE)      -0.205   645.826    udp_gateway_shadow_mirror_i/dma_gateway_hybrid_0/inst/u_device_dna_reader/dna_shift_value_reg[39]
  -------------------------------------------------------------------
                         required time                        645.826    
                         arrival time                         -13.234    
  -------------------------------------------------------------------
                         slack                                632.592    

Slack (MET) :             632.592ns  (required time - arrival time)
  Source:                 udp_gateway_shadow_mirror_i/dma_gateway_hybrid_0/inst/u_device_dna_reader/dna_read_reg/C
                            (rising edge-triggered cell FDPE clocked by shadow_dna_clk  {rise@0.000ns fall@320.000ns period=640.000ns})
  Destination:            udp_gateway_shadow_mirror_i/dma_gateway_hybrid_0/inst/u_device_dna_reader/dna_shift_value_reg[52]/CE
                            (rising edge-triggered cell FDCE clocked by shadow_dna_clk  {rise@0.000ns fall@320.000ns period=640.000ns})
  Path Group:             shadow_dna_clk
  Path Type:              Setup (Max at Slow Process Corner)
  Requirement:            640.000ns  (shadow_dna_clk rise@640.000ns - shadow_dna_clk rise@0.000ns)
  Data Path Delay:        6.920ns  (logic 0.716ns (10.347%)  route 6.204ns (89.653%))
  Logic Levels:           1  (LUT3=1)
  Clock Path Skew:        0.019ns (DCD - SCD + CPR)
    Destination Clock Delay (DCD):    5.810ns = ( 645.810 - 640.000 ) 
    Source Clock Delay      (SCD):    6.314ns
    Clock Pessimism Removal (CPR):    0.524ns
  Clock Uncertainty:      0.302ns  ((TSJ^2 + TIJ^2)^1/2 + DJ) / 2 + PE
    Total System Jitter     (TSJ):    0.071ns
    Total Input Jitter      (TIJ):    0.600ns
    Discrete Jitter          (DJ):    0.000ns
    Phase Error              (PE):    0.000ns

    Location             Delay type                Incr(ns)  Path(ns)    Netlist Resource(s)
  -------------------------------------------------------------------    -------------------
                         (clock shadow_dna_clk rise edge)
                                                      0.000     0.000 r  
    PS7_X0Y0             PS7                          0.000     0.000 r  udp_gateway_shadow_mirror_i/processing_system7_0/inst/PS7_i/FCLKCLK[0]
                         net (fo=1, routed)           1.193     1.193    udp_gateway_shadow_mirror_i/processing_system7_0/inst/FCLK_CLK_unbuffered[0]
    BUFGCTRL_X0Y17       BUFG (Prop_bufg_I_O)         0.101     1.294 r  udp_gateway_shadow_mirror_i/processing_system7_0/inst/buffer_fclk_clk_0.FCLK_CLK_0_BUFG/O
                         net (fo=54559, routed)       1.729     3.023    udp_gateway_shadow_mirror_i/dma_gateway_hybrid_0/inst/u_device_dna_reader/clk
    SLICE_X57Y45         FDCE (Prop_fdce_C_Q)         0.456     3.479 r  udp_gateway_shadow_mirror_i/dma_gateway_hybrid_0/inst/u_device_dna_reader/dna_clk_reg/Q
                         net (fo=1, routed)           1.024     4.503    udp_gateway_shadow_mirror_i/dma_gateway_hybrid_0/inst/u_device_dna_reader/dna_clk
    BUFGCTRL_X0Y16       BUFG (Prop_bufg_I_O)         0.101     4.604 r  udp_gateway_shadow_mirror_i/dma_gateway_hybrid_0/inst/u_device_dna_reader/dna_clk_BUFG_inst/O
                         net (fo=69, routed)          1.710     6.314    udp_gateway_shadow_mirror_i/dma_gateway_hybrid_0/inst/u_device_dna_reader/dna_clk_BUFG
    SLICE_X65Y86         FDPE                                         r  udp_gateway_shadow_mirror_i/dma_gateway_hybrid_0/inst/u_device_dna_reader/dna_read_reg/C
  -------------------------------------------------------------------    -------------------
    SLICE_X65Y86         FDPE (Prop_fdpe_C_Q)         0.419     6.733 f  udp_gateway_shadow_mirror_i/dma_gateway_hybrid_0/inst/u_device_dna_reader/dna_read_reg/Q
                         net (fo=5, routed)           0.988     7.721    udp_gateway_shadow_mirror_i/dma_gateway_hybrid_0/inst/u_device_dna_reader/dna_read
    SLICE_X65Y87         LUT3 (Prop_lut3_I0_O)        0.297     8.018 r  udp_gateway_shadow_mirror_i/dma_gateway_hybrid_0/inst/u_device_dna_reader/dna_shift_value[56]_i_1/O
                         net (fo=64, routed)          5.216    13.234    udp_gateway_shadow_mirror_i/dma_gateway_hybrid_0/inst/u_device_dna_reader/dna_bit_count
    SLICE_X84Y114        FDCE                                         r  udp_gateway_shadow_mirror_i/dma_gateway_hybrid_0/inst/u_device_dna_reader/dna_shift_value_reg[52]/CE
  -------------------------------------------------------------------    -------------------

                         (clock shadow_dna_clk rise edge)
                                                    640.000   640.000 r  
    PS7_X0Y0             PS7                          0.000   640.000 r  udp_gateway_shadow_mirror_i/processing_system7_0/inst/PS7_i/FCLKCLK[0]
                         net (fo=1, routed)           1.088   641.088    udp_gateway_shadow_mirror_i/processing_system7_0/inst/FCLK_CLK_unbuffered[0]
    BUFGCTRL_X0Y17       BUFG (Prop_bufg_I_O)         0.091   641.179 r  udp_gateway_shadow_mirror_i/processing_system7_0/inst/buffer_fclk_clk_0.FCLK_CLK_0_BUFG/O
                         net (fo=54559, routed)       1.554   642.733    udp_gateway_shadow_mirror_i/dma_gateway_hybrid_0/inst/u_device_dna_reader/clk
    SLICE_X57Y45         FDCE (Prop_fdce_C_Q)         0.367   643.100 r  udp_gateway_shadow_mirror_i/dma_gateway_hybrid_0/inst/u_device_dna_reader/dna_clk_reg/Q
                         net (fo=1, routed)           0.903   644.004    udp_gateway_shadow_mirror_i/dma_gateway_hybrid_0/inst/u_device_dna_reader/dna_clk
    BUFGCTRL_X0Y16       BUFG (Prop_bufg_I_O)         0.091   644.095 r  udp_gateway_shadow_mirror_i/dma_gateway_hybrid_0/inst/u_device_dna_reader/dna_clk_BUFG_inst/O
                         net (fo=69, routed)          1.715   645.810    udp_gateway_shadow_mirror_i/dma_gateway_hybrid_0/inst/u_device_dna_reader/dna_clk_BUFG
    SLICE_X84Y114        FDCE                                         r  udp_gateway_shadow_mirror_i/dma_gateway_hybrid_0/inst/u_device_dna_reader/dna_shift_value_reg[52]/C
                         clock pessimism              0.524   646.333    
                         clock uncertainty           -0.302   646.031    
    SLICE_X84Y114        FDCE (Setup_fdce_C_CE)      -0.205   645.826    udp_gateway_shadow_mirror_i/dma_gateway_hybrid_0/inst/u_device_dna_reader/dna_shift_value_reg[52]
  -------------------------------------------------------------------
                         required time                        645.826    
                         arrival time                         -13.234    
  -------------------------------------------------------------------
                         slack                                632.592    

Slack (MET) :             632.748ns  (required time - arrival time)
  Source:                 udp_gateway_shadow_mirror_i/dma_gateway_hybrid_0/inst/u_device_dna_reader/dna_read_reg/C
                            (rising edge-triggered cell FDPE clocked by shadow_dna_clk  {rise@0.000ns fall@320.000ns period=640.000ns})
  Destination:            udp_gateway_shadow_mirror_i/dma_gateway_hybrid_0/inst/u_device_dna_reader/dna_shift_value_reg[15]/CE
                            (rising edge-triggered cell FDCE clocked by shadow_dna_clk  {rise@0.000ns fall@320.000ns period=640.000ns})
  Path Group:             shadow_dna_clk
  Path Type:              Setup (Max at Slow Process Corner)
  Requirement:            640.000ns  (shadow_dna_clk rise@640.000ns - shadow_dna_clk rise@0.000ns)
  Data Path Delay:        6.763ns  (logic 0.716ns (10.587%)  route 6.047ns (89.413%))
  Logic Levels:           1  (LUT3=1)
  Clock Path Skew:        0.018ns (DCD - SCD + CPR)
    Destination Clock Delay (DCD):    5.809ns = ( 645.809 - 640.000 ) 
    Source Clock Delay      (SCD):    6.314ns
    Clock Pessimism Removal (CPR):    0.524ns
  Clock Uncertainty:      0.302ns  ((TSJ^2 + TIJ^2)^1/2 + DJ) / 2 + PE
    Total System Jitter     (TSJ):    0.071ns
    Total Input Jitter      (TIJ):    0.600ns
    Discrete Jitter          (DJ):    0.000ns
    Phase Error              (PE):    0.000ns

    Location             Delay type                Incr(ns)  Path(ns)    Netlist Resource(s)
  -------------------------------------------------------------------    -------------------
                         (clock shadow_dna_clk rise edge)
                                                      0.000     0.000 r  
    PS7_X0Y0             PS7                          0.000     0.000 r  udp_gateway_shadow_mirror_i/processing_system7_0/inst/PS7_i/FCLKCLK[0]
                         net (fo=1, routed)           1.193     1.193    udp_gateway_shadow_mirror_i/processing_system7_0/inst/FCLK_CLK_unbuffered[0]
    BUFGCTRL_X0Y17       BUFG (Prop_bufg_I_O)         0.101     1.294 r  udp_gateway_shadow_mirror_i/processing_system7_0/inst/buffer_fclk_clk_0.FCLK_CLK_0_BUFG/O
                         net (fo=54559, routed)       1.729     3.023    udp_gateway_shadow_mirror_i/dma_gateway_hybrid_0/inst/u_device_dna_reader/clk
    SLICE_X57Y45         FDCE (Prop_fdce_C_Q)         0.456     3.479 r  udp_gateway_shadow_mirror_i/dma_gateway_hybrid_0/inst/u_device_dna_reader/dna_clk_reg/Q
                         net (fo=1, routed)           1.024     4.503    udp_gateway_shadow_mirror_i/dma_gateway_hybrid_0/inst/u_device_dna_reader/dna_clk
    BUFGCTRL_X0Y16       BUFG (Prop_bufg_I_O)         0.101     4.604 r  udp_gateway_shadow_mirror_i/dma_gateway_hybrid_0/inst/u_device_dna_reader/dna_clk_BUFG_inst/O
                         net (fo=69, routed)          1.710     6.314    udp_gateway_shadow_mirror_i/dma_gateway_hybrid_0/inst/u_device_dna_reader/dna_clk_BUFG
    SLICE_X65Y86         FDPE                                         r  udp_gateway_shadow_mirror_i/dma_gateway_hybrid_0/inst/u_device_dna_reader/dna_read_reg/C
  -------------------------------------------------------------------    -------------------
    SLICE_X65Y86         FDPE (Prop_fdpe_C_Q)         0.419     6.733 f  udp_gateway_shadow_mirror_i/dma_gateway_hybrid_0/inst/u_device_dna_reader/dna_read_reg/Q
                         net (fo=5, routed)           0.988     7.721    udp_gateway_shadow_mirror_i/dma_gateway_hybrid_0/inst/u_device_dna_reader/dna_read
    SLICE_X65Y87         LUT3 (Prop_lut3_I0_O)        0.297     8.018 r  udp_gateway_shadow_mirror_i/dma_gateway_hybrid_0/inst/u_device_dna_reader/dna_shift_value[56]_i_1/O
                         net (fo=64, routed)          5.060    13.077    udp_gateway_shadow_mirror_i/dma_gateway_hybrid_0/inst/u_device_dna_reader/dna_bit_count
    SLICE_X87Y115        FDCE                                         r  udp_gateway_shadow_mirror_i/dma_gateway_hybrid_0/inst/u_device_dna_reader/dna_shift_value_reg[15]/CE
  -------------------------------------------------------------------    -------------------

                         (clock shadow_dna_clk rise edge)
                                                    640.000   640.000 r  
    PS7_X0Y0             PS7                          0.000   640.000 r  udp_gateway_shadow_mirror_i/processing_system7_0/inst/PS7_i/FCLKCLK[0]
                         net (fo=1, routed)           1.088   641.088    udp_gateway_shadow_mirror_i/processing_system7_0/inst/FCLK_CLK_unbuffered[0]
    BUFGCTRL_X0Y17       BUFG (Prop_bufg_I_O)         0.091   641.179 r  udp_gateway_shadow_mirror_i/processing_system7_0/inst/buffer_fclk_clk_0.FCLK_CLK_0_BUFG/O
                         net (fo=54559, routed)       1.554   642.733    udp_gateway_shadow_mirror_i/dma_gateway_hybrid_0/inst/u_device_dna_reader/clk
    SLICE_X57Y45         FDCE (Prop_fdce_C_Q)         0.367   643.100 r  udp_gateway_shadow_mirror_i/dma_gateway_hybrid_0/inst/u_device_dna_reader/dna_clk_reg/Q
                         net (fo=1, routed)           0.903   644.004    udp_gateway_shadow_mirror_i/dma_gateway_hybrid_0/inst/u_device_dna_reader/dna_clk
    BUFGCTRL_X0Y16       BUFG (Prop_bufg_I_O)         0.091   644.095 r  udp_gateway_shadow_mirror_i/dma_gateway_hybrid_0/inst/u_device_dna_reader/dna_clk_BUFG_inst/O
                         net (fo=69, routed)          1.714   645.809    udp_gateway_shadow_mirror_i/dma_gateway_hybrid_0/inst/u_device_dna_reader/dna_clk_BUFG
    SLICE_X87Y115        FDCE                                         r  udp_gateway_shadow_mirror_i/dma_gateway_hybrid_0/inst/u_device_dna_reader/dna_shift_value_reg[15]/C
                         clock pessimism              0.524   646.332    
                         clock uncertainty           -0.302   646.030    
    SLICE_X87Y115        FDCE (Setup_fdce_C_CE)      -0.205   645.825    udp_gateway_shadow_mirror_i/dma_gateway_hybrid_0/inst/u_device_dna_reader/dna_shift_value_reg[15]
  -------------------------------------------------------------------
                         required time                        645.825    
                         arrival time                         -13.077    
  -------------------------------------------------------------------
                         slack                                632.748    

Slack (MET) :             632.748ns  (required time - arrival time)
  Source:                 udp_gateway_shadow_mirror_i/dma_gateway_hybrid_0/inst/u_device_dna_reader/dna_read_reg/C
                            (rising edge-triggered cell FDPE clocked by shadow_dna_clk  {rise@0.000ns fall@320.000ns period=640.000ns})
  Destination:            udp_gateway_shadow_mirror_i/dma_gateway_hybrid_0/inst/u_device_dna_reader/dna_shift_value_reg[18]/CE
                            (rising edge-triggered cell FDCE clocked by shadow_dna_clk  {rise@0.000ns fall@320.000ns period=640.000ns})
  Path Group:             shadow_dna_clk
  Path Type:              Setup (Max at Slow Process Corner)
  Requirement:            640.000ns  (shadow_dna_clk rise@640.000ns - shadow_dna_clk rise@0.000ns)
  Data Path Delay:        6.763ns  (logic 0.716ns (10.587%)  route 6.047ns (89.413%))
  Logic Levels:           1  (LUT3=1)
  Clock Path Skew:        0.018ns (DCD - SCD + CPR)
    Destination Clock Delay (DCD):    5.809ns = ( 645.809 - 640.000 ) 
    Source Clock Delay      (SCD):    6.314ns
    Clock Pessimism Removal (CPR):    0.524ns
  Clock Uncertainty:      0.302ns  ((TSJ^2 + TIJ^2)^1/2 + DJ) / 2 + PE
    Total System Jitter     (TSJ):    0.071ns
    Total Input Jitter      (TIJ):    0.600ns
    Discrete Jitter          (DJ):    0.000ns
    Phase Error              (PE):    0.000ns

    Location             Delay type                Incr(ns)  Path(ns)    Netlist Resource(s)
  -------------------------------------------------------------------    -------------------
                         (clock shadow_dna_clk rise edge)
                                                      0.000     0.000 r  
    PS7_X0Y0             PS7                          0.000     0.000 r  udp_gateway_shadow_mirror_i/processing_system7_0/inst/PS7_i/FCLKCLK[0]
                         net (fo=1, routed)           1.193     1.193    udp_gateway_shadow_mirror_i/processing_system7_0/inst/FCLK_CLK_unbuffered[0]
    BUFGCTRL_X0Y17       BUFG (Prop_bufg_I_O)         0.101     1.294 r  udp_gateway_shadow_mirror_i/processing_system7_0/inst/buffer_fclk_clk_0.FCLK_CLK_0_BUFG/O
                         net (fo=54559, routed)       1.729     3.023    udp_gateway_shadow_mirror_i/dma_gateway_hybrid_0/inst/u_device_dna_reader/clk
    SLICE_X57Y45         FDCE (Prop_fdce_C_Q)         0.456     3.479 r  udp_gateway_shadow_mirror_i/dma_gateway_hybrid_0/inst/u_device_dna_reader/dna_clk_reg/Q
                         net (fo=1, routed)           1.024     4.503    udp_gateway_shadow_mirror_i/dma_gateway_hybrid_0/inst/u_device_dna_reader/dna_clk
    BUFGCTRL_X0Y16       BUFG (Prop_bufg_I_O)         0.101     4.604 r  udp_gateway_shadow_mirror_i/dma_gateway_hybrid_0/inst/u_device_dna_reader/dna_clk_BUFG_inst/O
                         net (fo=69, routed)          1.710     6.314    udp_gateway_shadow_mirror_i/dma_gateway_hybrid_0/inst/u_device_dna_reader/dna_clk_BUFG
    SLICE_X65Y86         FDPE                                         r  udp_gateway_shadow_mirror_i/dma_gateway_hybrid_0/inst/u_device_dna_reader/dna_read_reg/C
  -------------------------------------------------------------------    -------------------
    SLICE_X65Y86         FDPE (Prop_fdpe_C_Q)         0.419     6.733 f  udp_gateway_shadow_mirror_i/dma_gateway_hybrid_0/inst/u_device_dna_reader/dna_read_reg/Q
                         net (fo=5, routed)           0.988     7.721    udp_gateway_shadow_mirror_i/dma_gateway_hybrid_0/inst/u_device_dna_reader/dna_read
    SLICE_X65Y87         LUT3 (Prop_lut3_I0_O)        0.297     8.018 r  udp_gateway_shadow_mirror_i/dma_gateway_hybrid_0/inst/u_device_dna_reader/dna_shift_value[56]_i_1/O
                         net (fo=64, routed)          5.060    13.077    udp_gateway_shadow_mirror_i/dma_gateway_hybrid_0/inst/u_device_dna_reader/dna_bit_count
    SLICE_X87Y115        FDCE                                         r  udp_gateway_shadow_mirror_i/dma_gateway_hybrid_0/inst/u_device_dna_reader/dna_shift_value_reg[18]/CE
  -------------------------------------------------------------------    -------------------

                         (clock shadow_dna_clk rise edge)
                                                    640.000   640.000 r  
    PS7_X0Y0             PS7                          0.000   640.000 r  udp_gateway_shadow_mirror_i/processing_system7_0/inst/PS7_i/FCLKCLK[0]
                         net (fo=1, routed)           1.088   641.088    udp_gateway_shadow_mirror_i/processing_system7_0/inst/FCLK_CLK_unbuffered[0]
    BUFGCTRL_X0Y17       BUFG (Prop_bufg_I_O)         0.091   641.179 r  udp_gateway_shadow_mirror_i/processing_system7_0/inst/buffer_fclk_clk_0.FCLK_CLK_0_BUFG/O
                         net (fo=54559, routed)       1.554   642.733    udp_gateway_shadow_mirror_i/dma_gateway_hybrid_0/inst/u_device_dna_reader/clk
    SLICE_X57Y45         FDCE (Prop_fdce_C_Q)         0.367   643.100 r  udp_gateway_shadow_mirror_i/dma_gateway_hybrid_0/inst/u_device_dna_reader/dna_clk_reg/Q
                         net (fo=1, routed)           0.903   644.004    udp_gateway_shadow_mirror_i/dma_gateway_hybrid_0/inst/u_device_dna_reader/dna_clk
    BUFGCTRL_X0Y16       BUFG (Prop_bufg_I_O)         0.091   644.095 r  udp_gateway_shadow_mirror_i/dma_gateway_hybrid_0/inst/u_device_dna_reader/dna_clk_BUFG_inst/O
                         net (fo=69, routed)          1.714   645.809    udp_gateway_shadow_mirror_i/dma_gateway_hybrid_0/inst/u_device_dna_reader/dna_clk_BUFG
    SLICE_X87Y115        FDCE                                         r  udp_gateway_shadow_mirror_i/dma_gateway_hybrid_0/inst/u_device_dna_reader/dna_shift_value_reg[18]/C
                         clock pessimism              0.524   646.332    
                         clock uncertainty           -0.302   646.030    
    SLICE_X87Y115        FDCE (Setup_fdce_C_CE)      -0.205   645.825    udp_gateway_shadow_mirror_i/dma_gateway_hybrid_0/inst/u_device_dna_reader/dna_shift_value_reg[18]
  -------------------------------------------------------------------
                         required time                        645.825    
                         arrival time                         -13.077    
  -------------------------------------------------------------------
                         slack                                632.748    

Slack (MET) :             632.847ns  (required time - arrival time)
  Source:                 udp_gateway_shadow_mirror_i/dma_gateway_hybrid_0/inst/u_device_dna_reader/dna_shift_reg/C
                            (rising edge-triggered cell FDCE clocked by shadow_dna_clk  {rise@0.000ns fall@320.000ns period=640.000ns})
  Destination:            udp_gateway_shadow_mirror_i/dma_gateway_hybrid_0/inst/u_device_dna_reader/u_dna/SHIFT
                            (rising edge-triggered cell DNA_PORT clocked by shadow_dna_clk  {rise@0.000ns fall@320.000ns period=640.000ns})
  Path Group:             shadow_dna_clk
  Path Type:              Setup (Max at Slow Process Corner)
  Requirement:            640.000ns  (shadow_dna_clk rise@640.000ns - shadow_dna_clk rise@0.000ns)
  Data Path Delay:        1.483ns  (logic 0.456ns (30.754%)  route 1.027ns (69.246%))
  Logic Levels:           0  
  Clock Path Skew:        -0.012ns (DCD - SCD + CPR)
    Destination Clock Delay (DCD):    5.678ns = ( 645.678 - 640.000 ) 
    Source Clock Delay      (SCD):    6.314ns
    Clock Pessimism Removal (CPR):    0.624ns
  Clock Uncertainty:      0.302ns  ((TSJ^2 + TIJ^2)^1/2 + DJ) / 2 + PE
    Total System Jitter     (TSJ):    0.071ns
    Total Input Jitter      (TIJ):    0.600ns
    Discrete Jitter          (DJ):    0.000ns
    Phase Error              (PE):    0.000ns

    Location             Delay type                Incr(ns)  Path(ns)    Netlist Resource(s)
  -------------------------------------------------------------------    -------------------
                         (clock shadow_dna_clk rise edge)
                                                      0.000     0.000 r  
    PS7_X0Y0             PS7                          0.000     0.000 r  udp_gateway_shadow_mirror_i/processing_system7_0/inst/PS7_i/FCLKCLK[0]
                         net (fo=1, routed)           1.193     1.193    udp_gateway_shadow_mirror_i/processing_system7_0/inst/FCLK_CLK_unbuffered[0]
    BUFGCTRL_X0Y17       BUFG (Prop_bufg_I_O)         0.101     1.294 r  udp_gateway_shadow_mirror_i/processing_system7_0/inst/buffer_fclk_clk_0.FCLK_CLK_0_BUFG/O
                         net (fo=54559, routed)       1.729     3.023    udp_gateway_shadow_mirror_i/dma_gateway_hybrid_0/inst/u_device_dna_reader/clk
    SLICE_X57Y45         FDCE (Prop_fdce_C_Q)         0.456     3.479 r  udp_gateway_shadow_mirror_i/dma_gateway_hybrid_0/inst/u_device_dna_reader/dna_clk_reg/Q
                         net (fo=1, routed)           1.024     4.503    udp_gateway_shadow_mirror_i/dma_gateway_hybrid_0/inst/u_device_dna_reader/dna_clk
    BUFGCTRL_X0Y16       BUFG (Prop_bufg_I_O)         0.101     4.604 r  udp_gateway_shadow_mirror_i/dma_gateway_hybrid_0/inst/u_device_dna_reader/dna_clk_BUFG_inst/O
                         net (fo=69, routed)          1.710     6.314    udp_gateway_shadow_mirror_i/dma_gateway_hybrid_0/inst/u_device_dna_reader/dna_clk_BUFG
    SLICE_X65Y86         FDCE                                         r  udp_gateway_shadow_mirror_i/dma_gateway_hybrid_0/inst/u_device_dna_reader/dna_shift_reg/C
  -------------------------------------------------------------------    -------------------
    SLICE_X65Y86         FDCE (Prop_fdce_C_Q)         0.456     6.770 r  udp_gateway_shadow_mirror_i/dma_gateway_hybrid_0/inst/u_device_dna_reader/dna_shift_reg/Q
                         net (fo=4, routed)           1.027     7.797    udp_gateway_shadow_mirror_i/dma_gateway_hybrid_0/inst/u_device_dna_reader/dna_shift
    DNA_PORT_X0Y0        DNA_PORT                                     r  udp_gateway_shadow_mirror_i/dma_gateway_hybrid_0/inst/u_device_dna_reader/u_dna/SHIFT
  -------------------------------------------------------------------    -------------------

                         (clock shadow_dna_clk rise edge)
                                                    640.000   640.000 r  
    PS7_X0Y0             PS7                          0.000   640.000 r  udp_gateway_shadow_mirror_i/processing_system7_0/inst/PS7_i/FCLKCLK[0]
                         net (fo=1, routed)           1.088   641.088    udp_gateway_shadow_mirror_i/processing_system7_0/inst/FCLK_CLK_unbuffered[0]
    BUFGCTRL_X0Y17       BUFG (Prop_bufg_I_O)         0.091   641.179 r  udp_gateway_shadow_mirror_i/processing_system7_0/inst/buffer_fclk_clk_0.FCLK_CLK_0_BUFG/O
                         net (fo=54559, routed)       1.554   642.733    udp_gateway_shadow_mirror_i/dma_gateway_hybrid_0/inst/u_device_dna_reader/clk
    SLICE_X57Y45         FDCE (Prop_fdce_C_Q)         0.367   643.100 r  udp_gateway_shadow_mirror_i/dma_gateway_hybrid_0/inst/u_device_dna_reader/dna_clk_reg/Q
                         net (fo=1, routed)           0.903   644.004    udp_gateway_shadow_mirror_i/dma_gateway_hybrid_0/inst/u_device_dna_reader/dna_clk
    BUFGCTRL_X0Y16       BUFG (Prop_bufg_I_O)         0.091   644.095 r  udp_gateway_shadow_mirror_i/dma_gateway_hybrid_0/inst/u_device_dna_reader/dna_clk_BUFG_inst/O
                         net (fo=69, routed)          1.583   645.678    udp_gateway_shadow_mirror_i/dma_gateway_hybrid_0/inst/u_device_dna_reader/dna_clk_BUFG
    DNA_PORT_X0Y0        DNA_PORT                                     r  udp_gateway_shadow_mirror_i/dma_gateway_hybrid_0/inst/u_device_dna_reader/u_dna/CLK
                         clock pessimism              0.624   646.302    
                         clock uncertainty           -0.302   646.000    
    DNA_PORT_X0Y0        DNA_PORT (Setup_dna_port_CLK_SHIFT)
                                                     -5.356   640.644    udp_gateway_shadow_mirror_i/dma_gateway_hybrid_0/inst/u_device_dna_reader/u_dna
  -------------------------------------------------------------------
                         required time                        640.644    
                         arrival time                          -7.797    
  -------------------------------------------------------------------
                         slack                                632.847    

Slack (MET) :             632.850ns  (required time - arrival time)
  Source:                 udp_gateway_shadow_mirror_i/dma_gateway_hybrid_0/inst/u_device_dna_reader/dna_read_reg/C
                            (rising edge-triggered cell FDPE clocked by shadow_dna_clk  {rise@0.000ns fall@320.000ns period=640.000ns})
  Destination:            udp_gateway_shadow_mirror_i/dma_gateway_hybrid_0/inst/u_device_dna_reader/u_dna/READ
                            (rising edge-triggered cell DNA_PORT clocked by shadow_dna_clk  {rise@0.000ns fall@320.000ns period=640.000ns})
  Path Group:             shadow_dna_clk
  Path Type:              Setup (Max at Slow Process Corner)
  Requirement:            640.000ns  (shadow_dna_clk rise@640.000ns - shadow_dna_clk rise@0.000ns)
  Data Path Delay:        1.307ns  (logic 0.419ns (32.054%)  route 0.888ns (67.946%))
  Logic Levels:           0  
  Clock Path Skew:        -0.012ns (DCD - SCD + CPR)
    Destination Clock Delay (DCD):    5.678ns = ( 645.678 - 640.000 ) 
    Source Clock Delay      (SCD):    6.314ns
    Clock Pessimism Removal (CPR):    0.624ns
  Clock Uncertainty:      0.302ns  ((TSJ^2 + TIJ^2)^1/2 + DJ) / 2 + PE
    Total System Jitter     (TSJ):    0.071ns
    Total Input Jitter      (TIJ):    0.600ns
    Discrete Jitter          (DJ):    0.000ns
    Phase Error              (PE):    0.000ns

    Location             Delay type                Incr(ns)  Path(ns)    Netlist Resource(s)
  -------------------------------------------------------------------    -------------------
                         (clock shadow_dna_clk rise edge)
                                                      0.000     0.000 r  
    PS7_X0Y0             PS7                          0.000     0.000 r  udp_gateway_shadow_mirror_i/processing_system7_0/inst/PS7_i/FCLKCLK[0]
                         net (fo=1, routed)           1.193     1.193    udp_gateway_shadow_mirror_i/processing_system7_0/inst/FCLK_CLK_unbuffered[0]
    BUFGCTRL_X0Y17       BUFG (Prop_bufg_I_O)         0.101     1.294 r  udp_gateway_shadow_mirror_i/processing_system7_0/inst/buffer_fclk_clk_0.FCLK_CLK_0_BUFG/O
                         net (fo=54559, routed)       1.729     3.023    udp_gateway_shadow_mirror_i/dma_gateway_hybrid_0/inst/u_device_dna_reader/clk
    SLICE_X57Y45         FDCE (Prop_fdce_C_Q)         0.456     3.479 r  udp_gateway_shadow_mirror_i/dma_gateway_hybrid_0/inst/u_device_dna_reader/dna_clk_reg/Q
                         net (fo=1, routed)           1.024     4.503    udp_gateway_shadow_mirror_i/dma_gateway_hybrid_0/inst/u_device_dna_reader/dna_clk
    BUFGCTRL_X0Y16       BUFG (Prop_bufg_I_O)         0.101     4.604 r  udp_gateway_shadow_mirror_i/dma_gateway_hybrid_0/inst/u_device_dna_reader/dna_clk_BUFG_inst/O
                         net (fo=69, routed)          1.710     6.314    udp_gateway_shadow_mirror_i/dma_gateway_hybrid_0/inst/u_device_dna_reader/dna_clk_BUFG
    SLICE_X65Y86         FDPE                                         r  udp_gateway_shadow_mirror_i/dma_gateway_hybrid_0/inst/u_device_dna_reader/dna_read_reg/C
  -------------------------------------------------------------------    -------------------
    SLICE_X65Y86         FDPE (Prop_fdpe_C_Q)         0.419     6.733 r  udp_gateway_shadow_mirror_i/dma_gateway_hybrid_0/inst/u_device_dna_reader/dna_read_reg/Q
                         net (fo=5, routed)           0.888     7.622    udp_gateway_shadow_mirror_i/dma_gateway_hybrid_0/inst/u_device_dna_reader/dna_read
    DNA_PORT_X0Y0        DNA_PORT                                     r  udp_gateway_shadow_mirror_i/dma_gateway_hybrid_0/inst/u_device_dna_reader/u_dna/READ
  -------------------------------------------------------------------    -------------------

                         (clock shadow_dna_clk rise edge)
                                                    640.000   640.000 r  
    PS7_X0Y0             PS7                          0.000   640.000 r  udp_gateway_shadow_mirror_i/processing_system7_0/inst/PS7_i/FCLKCLK[0]
                         net (fo=1, routed)           1.088   641.088    udp_gateway_shadow_mirror_i/processing_system7_0/inst/FCLK_CLK_unbuffered[0]
    BUFGCTRL_X0Y17       BUFG (Prop_bufg_I_O)         0.091   641.179 r  udp_gateway_shadow_mirror_i/processing_system7_0/inst/buffer_fclk_clk_0.FCLK_CLK_0_BUFG/O
                         net (fo=54559, routed)       1.554   642.733    udp_gateway_shadow_mirror_i/dma_gateway_hybrid_0/inst/u_device_dna_reader/clk
    SLICE_X57Y45         FDCE (Prop_fdce_C_Q)         0.367   643.100 r  udp_gateway_shadow_mirror_i/dma_gateway_hybrid_0/inst/u_device_dna_reader/dna_clk_reg/Q
                         net (fo=1, routed)           0.903   644.004    udp_gateway_shadow_mirror_i/dma_gateway_hybrid_0/inst/u_device_dna_reader/dna_clk
    BUFGCTRL_X0Y16       BUFG (Prop_bufg_I_O)         0.091   644.095 r  udp_gateway_shadow_mirror_i/dma_gateway_hybrid_0/inst/u_device_dna_reader/dna_clk_BUFG_inst/O
                         net (fo=69, routed)          1.583   645.678    udp_gateway_shadow_mirror_i/dma_gateway_hybrid_0/inst/u_device_dna_reader/dna_clk_BUFG
    DNA_PORT_X0Y0        DNA_PORT                                     r  udp_gateway_shadow_mirror_i/dma_gateway_hybrid_0/inst/u_device_dna_reader/u_dna/CLK
                         clock pessimism              0.624   646.302    
                         clock uncertainty           -0.302   646.000    
    DNA_PORT_X0Y0        DNA_PORT (Setup_dna_port_CLK_READ)
                                                     -5.529   640.471    udp_gateway_shadow_mirror_i/dma_gateway_hybrid_0/inst/u_device_dna_reader/u_dna
  -------------------------------------------------------------------
                         required time                        640.471    
                         arrival time                          -7.622    
  -------------------------------------------------------------------
                         slack                                632.850    

Slack (MET) :             632.919ns  (required time - arrival time)
  Source:                 udp_gateway_shadow_mirror_i/dma_gateway_hybrid_0/inst/u_device_dna_reader/dna_read_reg/C
                            (rising edge-triggered cell FDPE clocked by shadow_dna_clk  {rise@0.000ns fall@320.000ns period=640.000ns})
  Destination:            udp_gateway_shadow_mirror_i/dma_gateway_hybrid_0/inst/u_device_dna_reader/dna_shift_value_reg[16]/CE
                            (rising edge-triggered cell FDCE clocked by shadow_dna_clk  {rise@0.000ns fall@320.000ns period=640.000ns})
  Path Group:             shadow_dna_clk
  Path Type:              Setup (Max at Slow Process Corner)
  Requirement:            640.000ns  (shadow_dna_clk rise@640.000ns - shadow_dna_clk rise@0.000ns)
  Data Path Delay:        6.591ns  (logic 0.716ns (10.863%)  route 5.875ns (89.137%))
  Logic Levels:           1  (LUT3=1)
  Clock Path Skew:        0.017ns (DCD - SCD + CPR)
    Destination Clock Delay (DCD):    5.808ns = ( 645.808 - 640.000 ) 
    Source Clock Delay      (SCD):    6.314ns
    Clock Pessimism Removal (CPR):    0.524ns
  Clock Uncertainty:      0.302ns  ((TSJ^2 + TIJ^2)^1/2 + DJ) / 2 + PE
    Total System Jitter     (TSJ):    0.071ns
    Total Input Jitter      (TIJ):    0.600ns
    Discrete Jitter          (DJ):    0.000ns
    Phase Error              (PE):    0.000ns

    Location             Delay type                Incr(ns)  Path(ns)    Netlist Resource(s)
  -------------------------------------------------------------------    -------------------
                         (clock shadow_dna_clk rise edge)
                                                      0.000     0.000 r  
    PS7_X0Y0             PS7                          0.000     0.000 r  udp_gateway_shadow_mirror_i/processing_system7_0/inst/PS7_i/FCLKCLK[0]
                         net (fo=1, routed)           1.193     1.193    udp_gateway_shadow_mirror_i/processing_system7_0/inst/FCLK_CLK_unbuffered[0]
    BUFGCTRL_X0Y17       BUFG (Prop_bufg_I_O)         0.101     1.294 r  udp_gateway_shadow_mirror_i/processing_system7_0/inst/buffer_fclk_clk_0.FCLK_CLK_0_BUFG/O
                         net (fo=54559, routed)       1.729     3.023    udp_gateway_shadow_mirror_i/dma_gateway_hybrid_0/inst/u_device_dna_reader/clk
    SLICE_X57Y45         FDCE (Prop_fdce_C_Q)         0.456     3.479 r  udp_gateway_shadow_mirror_i/dma_gateway_hybrid_0/inst/u_device_dna_reader/dna_clk_reg/Q
                         net (fo=1, routed)           1.024     4.503    udp_gateway_shadow_mirror_i/dma_gateway_hybrid_0/inst/u_device_dna_reader/dna_clk
    BUFGCTRL_X0Y16       BUFG (Prop_bufg_I_O)         0.101     4.604 r  udp_gateway_shadow_mirror_i/dma_gateway_hybrid_0/inst/u_device_dna_reader/dna_clk_BUFG_inst/O
                         net (fo=69, routed)          1.710     6.314    udp_gateway_shadow_mirror_i/dma_gateway_hybrid_0/inst/u_device_dna_reader/dna_clk_BUFG
    SLICE_X65Y86         FDPE                                         r  udp_gateway_shadow_mirror_i/dma_gateway_hybrid_0/inst/u_device_dna_reader/dna_read_reg/C
  -------------------------------------------------------------------    -------------------
    SLICE_X65Y86         FDPE (Prop_fdpe_C_Q)         0.419     6.733 f  udp_gateway_shadow_mirror_i/dma_gateway_hybrid_0/inst/u_device_dna_reader/dna_read_reg/Q
                         net (fo=5, routed)           0.988     7.721    udp_gateway_shadow_mirror_i/dma_gateway_hybrid_0/inst/u_device_dna_reader/dna_read
    SLICE_X65Y87         LUT3 (Prop_lut3_I0_O)        0.297     8.018 r  udp_gateway_shadow_mirror_i/dma_gateway_hybrid_0/inst/u_device_dna_reader/dna_shift_value[56]_i_1/O
                         net (fo=64, routed)          4.888    12.906    udp_gateway_shadow_mirror_i/dma_gateway_hybrid_0/inst/u_device_dna_reader/dna_bit_count
    SLICE_X85Y116        FDCE                                         r  udp_gateway_shadow_mirror_i/dma_gateway_hybrid_0/inst/u_device_dna_reader/dna_shift_value_reg[16]/CE
  -------------------------------------------------------------------    -------------------

                         (clock shadow_dna_clk rise edge)
                                                    640.000   640.000 r  
    PS7_X0Y0             PS7                          0.000   640.000 r  udp_gateway_shadow_mirror_i/processing_system7_0/inst/PS7_i/FCLKCLK[0]
                         net (fo=1, routed)           1.088   641.088    udp_gateway_shadow_mirror_i/processing_system7_0/inst/FCLK_CLK_unbuffered[0]
    BUFGCTRL_X0Y17       BUFG (Prop_bufg_I_O)         0.091   641.179 r  udp_gateway_shadow_mirror_i/processing_system7_0/inst/buffer_fclk_clk_0.FCLK_CLK_0_BUFG/O
                         net (fo=54559, routed)       1.554   642.733    udp_gateway_shadow_mirror_i/dma_gateway_hybrid_0/inst/u_device_dna_reader/clk
    SLICE_X57Y45         FDCE (Prop_fdce_C_Q)         0.367   643.100 r  udp_gateway_shadow_mirror_i/dma_gateway_hybrid_0/inst/u_device_dna_reader/dna_clk_reg/Q
                         net (fo=1, routed)           0.903   644.004    udp_gateway_shadow_mirror_i/dma_gateway_hybrid_0/inst/u_device_dna_reader/dna_clk
    BUFGCTRL_X0Y16       BUFG (Prop_bufg_I_O)         0.091   644.095 r  udp_gateway_shadow_mirror_i/dma_gateway_hybrid_0/inst/u_device_dna_reader/dna_clk_BUFG_inst/O
                         net (fo=69, routed)          1.713   645.808    udp_gateway_shadow_mirror_i/dma_gateway_hybrid_0/inst/u_device_dna_reader/dna_clk_BUFG
    SLICE_X85Y116        FDCE                                         r  udp_gateway_shadow_mirror_i/dma_gateway_hybrid_0/inst/u_device_dna_reader/dna_shift_value_reg[16]/C
                         clock pessimism              0.524   646.331    
                         clock uncertainty           -0.302   646.029    
    SLICE_X85Y116        FDCE (Setup_fdce_C_CE)      -0.205   645.824    udp_gateway_shadow_mirror_i/dma_gateway_hybrid_0/inst/u_device_dna_reader/dna_shift_value_reg[16]
  -------------------------------------------------------------------
                         required time                        645.824    
                         arrival time                         -12.906    
  -------------------------------------------------------------------
                         slack                                632.919    





Min Delay Paths
--------------------------------------------------------------------------------------
Slack (MET) :             0.255ns  (arrival time - required time)
  Source:                 udp_gateway_shadow_mirror_i/dma_gateway_hybrid_0/inst/u_device_dna_reader/dna_shift_value_reg[15]/C
                            (rising edge-triggered cell FDCE clocked by shadow_dna_clk  {rise@0.000ns fall@320.000ns period=640.000ns})
  Destination:            udp_gateway_shadow_mirror_i/dma_gateway_hybrid_0/inst/u_device_dna_reader/dna_shift_value_reg[16]/D
                            (rising edge-triggered cell FDCE clocked by shadow_dna_clk  {rise@0.000ns fall@320.000ns period=640.000ns})
  Path Group:             shadow_dna_clk
  Path Type:              Hold (Min at Fast Process Corner)
  Requirement:            0.000ns  (shadow_dna_clk rise@0.000ns - shadow_dna_clk rise@0.000ns)
  Data Path Delay:        0.346ns  (logic 0.141ns (40.713%)  route 0.205ns (59.287%))
  Logic Levels:           0  
  Clock Path Skew:        0.032ns (DCD - SCD - CPR)
    Destination Clock Delay (DCD):    2.859ns
    Source Clock Delay      (SCD):    2.204ns
    Clock Pessimism Removal (CPR):    0.623ns

    Location             Delay type                Incr(ns)  Path(ns)    Netlist Resource(s)
  -------------------------------------------------------------------    -------------------
                         (clock shadow_dna_clk rise edge)
                                                      0.000     0.000 r  
    PS7_X0Y0             PS7                          0.000     0.000 r  udp_gateway_shadow_mirror_i/processing_system7_0/inst/PS7_i/FCLKCLK[0]
                         net (fo=1, routed)           0.310     0.310    udp_gateway_shadow_mirror_i/processing_system7_0/inst/FCLK_CLK_unbuffered[0]
    BUFGCTRL_X0Y17       BUFG (Prop_bufg_I_O)         0.026     0.336 r  udp_gateway_shadow_mirror_i/processing_system7_0/inst/buffer_fclk_clk_0.FCLK_CLK_0_BUFG/O
                         net (fo=54559, routed)       0.583     0.919    udp_gateway_shadow_mirror_i/dma_gateway_hybrid_0/inst/u_device_dna_reader/clk
    SLICE_X57Y45         FDCE (Prop_fdce_C_Q)         0.141     1.059 r  udp_gateway_shadow_mirror_i/dma_gateway_hybrid_0/inst/u_device_dna_reader/dna_clk_reg/Q
                         net (fo=1, routed)           0.457     1.517    udp_gateway_shadow_mirror_i/dma_gateway_hybrid_0/inst/u_device_dna_reader/dna_clk
    BUFGCTRL_X0Y16       BUFG (Prop_bufg_I_O)         0.026     1.543 r  udp_gateway_shadow_mirror_i/dma_gateway_hybrid_0/inst/u_device_dna_reader/dna_clk_BUFG_inst/O
                         net (fo=69, routed)          0.661     2.204    udp_gateway_shadow_mirror_i/dma_gateway_hybrid_0/inst/u_device_dna_reader/dna_clk_BUFG
    SLICE_X87Y115        FDCE                                         r  udp_gateway_shadow_mirror_i/dma_gateway_hybrid_0/inst/u_device_dna_reader/dna_shift_value_reg[15]/C
  -------------------------------------------------------------------    -------------------
    SLICE_X87Y115        FDCE (Prop_fdce_C_Q)         0.141     2.345 r  udp_gateway_shadow_mirror_i/dma_gateway_hybrid_0/inst/u_device_dna_reader/dna_shift_value_reg[15]/Q
                         net (fo=2, routed)           0.205     2.550    udp_gateway_shadow_mirror_i/dma_gateway_hybrid_0/inst/u_device_dna_reader/dna_shift_value[15]
    SLICE_X85Y116        FDCE                                         r  udp_gateway_shadow_mirror_i/dma_gateway_hybrid_0/inst/u_device_dna_reader/dna_shift_value_reg[16]/D
  -------------------------------------------------------------------    -------------------

                         (clock shadow_dna_clk rise edge)
                                                      0.000     0.000 r  
    PS7_X0Y0             PS7                          0.000     0.000 r  udp_gateway_shadow_mirror_i/processing_system7_0/inst/PS7_i/FCLKCLK[0]
                         net (fo=1, routed)           0.337     0.337    udp_gateway_shadow_mirror_i/processing_system7_0/inst/FCLK_CLK_unbuffered[0]
    BUFGCTRL_X0Y17       BUFG (Prop_bufg_I_O)         0.029     0.366 r  udp_gateway_shadow_mirror_i/processing_system7_0/inst/buffer_fclk_clk_0.FCLK_CLK_0_BUFG/O
                         net (fo=54559, routed)       0.852     1.218    udp_gateway_shadow_mirror_i/dma_gateway_hybrid_0/inst/u_device_dna_reader/clk
    SLICE_X57Y45         FDCE (Prop_fdce_C_Q)         0.175     1.393 r  udp_gateway_shadow_mirror_i/dma_gateway_hybrid_0/inst/u_device_dna_reader/dna_clk_reg/Q
                         net (fo=1, routed)           0.506     1.899    udp_gateway_shadow_mirror_i/dma_gateway_hybrid_0/inst/u_device_dna_reader/dna_clk
    BUFGCTRL_X0Y16       BUFG (Prop_bufg_I_O)         0.029     1.928 r  udp_gateway_shadow_mirror_i/dma_gateway_hybrid_0/inst/u_device_dna_reader/dna_clk_BUFG_inst/O
                         net (fo=69, routed)          0.931     2.859    udp_gateway_shadow_mirror_i/dma_gateway_hybrid_0/inst/u_device_dna_reader/dna_clk_BUFG
    SLICE_X85Y116        FDCE                                         r  udp_gateway_shadow_mirror_i/dma_gateway_hybrid_0/inst/u_device_dna_reader/dna_shift_value_reg[16]/C
                         clock pessimism             -0.623     2.236    
    SLICE_X85Y116        FDCE (Hold_fdce_C_D)         0.059     2.295    udp_gateway_shadow_mirror_i/dma_gateway_hybrid_0/inst/u_device_dna_reader/dna_shift_value_reg[16]
  -------------------------------------------------------------------
                         required time                         -2.295    
                         arrival time                           2.550    
  -------------------------------------------------------------------
                         slack                                  0.255    

Slack (MET) :             0.260ns  (arrival time - required time)
  Source:                 udp_gateway_shadow_mirror_i/dma_gateway_hybrid_0/inst/u_device_dna_reader/dna_shift_value_reg[18]/C
                            (rising edge-triggered cell FDCE clocked by shadow_dna_clk  {rise@0.000ns fall@320.000ns period=640.000ns})
  Destination:            udp_gateway_shadow_mirror_i/dma_gateway_hybrid_0/inst/u_device_dna_reader/dna_shift_value_reg[19]/D
                            (rising edge-triggered cell FDCE clocked by shadow_dna_clk  {rise@0.000ns fall@320.000ns period=640.000ns})
  Path Group:             shadow_dna_clk
  Path Type:              Hold (Min at Fast Process Corner)
  Requirement:            0.000ns  (shadow_dna_clk rise@0.000ns - shadow_dna_clk rise@0.000ns)
  Data Path Delay:        0.352ns  (logic 0.141ns (40.015%)  route 0.211ns (59.985%))
  Logic Levels:           0  
  Clock Path Skew:        0.032ns (DCD - SCD - CPR)
    Destination Clock Delay (DCD):    2.859ns
    Source Clock Delay      (SCD):    2.204ns
    Clock Pessimism Removal (CPR):    0.623ns

    Location             Delay type                Incr(ns)  Path(ns)    Netlist Resource(s)
  -------------------------------------------------------------------    -------------------
                         (clock shadow_dna_clk rise edge)
                                                      0.000     0.000 r  
    PS7_X0Y0             PS7                          0.000     0.000 r  udp_gateway_shadow_mirror_i/processing_system7_0/inst/PS7_i/FCLKCLK[0]
                         net (fo=1, routed)           0.310     0.310    udp_gateway_shadow_mirror_i/processing_system7_0/inst/FCLK_CLK_unbuffered[0]
    BUFGCTRL_X0Y17       BUFG (Prop_bufg_I_O)         0.026     0.336 r  udp_gateway_shadow_mirror_i/processing_system7_0/inst/buffer_fclk_clk_0.FCLK_CLK_0_BUFG/O
                         net (fo=54559, routed)       0.583     0.919    udp_gateway_shadow_mirror_i/dma_gateway_hybrid_0/inst/u_device_dna_reader/clk
    SLICE_X57Y45         FDCE (Prop_fdce_C_Q)         0.141     1.059 r  udp_gateway_shadow_mirror_i/dma_gateway_hybrid_0/inst/u_device_dna_reader/dna_clk_reg/Q
                         net (fo=1, routed)           0.457     1.517    udp_gateway_shadow_mirror_i/dma_gateway_hybrid_0/inst/u_device_dna_reader/dna_clk
    BUFGCTRL_X0Y16       BUFG (Prop_bufg_I_O)         0.026     1.543 r  udp_gateway_shadow_mirror_i/dma_gateway_hybrid_0/inst/u_device_dna_reader/dna_clk_BUFG_inst/O
                         net (fo=69, routed)          0.661     2.204    udp_gateway_shadow_mirror_i/dma_gateway_hybrid_0/inst/u_device_dna_reader/dna_clk_BUFG
    SLICE_X87Y115        FDCE                                         r  udp_gateway_shadow_mirror_i/dma_gateway_hybrid_0/inst/u_device_dna_reader/dna_shift_value_reg[18]/C
  -------------------------------------------------------------------    -------------------
    SLICE_X87Y115        FDCE (Prop_fdce_C_Q)         0.141     2.345 r  udp_gateway_shadow_mirror_i/dma_gateway_hybrid_0/inst/u_device_dna_reader/dna_shift_value_reg[18]/Q
                         net (fo=2, routed)           0.211     2.556    udp_gateway_shadow_mirror_i/dma_gateway_hybrid_0/inst/u_device_dna_reader/dna_shift_value[18]
    SLICE_X85Y116        FDCE                                         r  udp_gateway_shadow_mirror_i/dma_gateway_hybrid_0/inst/u_device_dna_reader/dna_shift_value_reg[19]/D
  -------------------------------------------------------------------    -------------------

                         (clock shadow_dna_clk rise edge)
                                                      0.000     0.000 r  
    PS7_X0Y0             PS7                          0.000     0.000 r  udp_gateway_shadow_mirror_i/processing_system7_0/inst/PS7_i/FCLKCLK[0]
                         net (fo=1, routed)           0.337     0.337    udp_gateway_shadow_mirror_i/processing_system7_0/inst/FCLK_CLK_unbuffered[0]
    BUFGCTRL_X0Y17       BUFG (Prop_bufg_I_O)         0.029     0.366 r  udp_gateway_shadow_mirror_i/processing_system7_0/inst/buffer_fclk_clk_0.FCLK_CLK_0_BUFG/O
                         net (fo=54559, routed)       0.852     1.218    udp_gateway_shadow_mirror_i/dma_gateway_hybrid_0/inst/u_device_dna_reader/clk
    SLICE_X57Y45         FDCE (Prop_fdce_C_Q)         0.175     1.393 r  udp_gateway_shadow_mirror_i/dma_gateway_hybrid_0/inst/u_device_dna_reader/dna_clk_reg/Q
                         net (fo=1, routed)           0.506     1.899    udp_gateway_shadow_mirror_i/dma_gateway_hybrid_0/inst/u_device_dna_reader/dna_clk
    BUFGCTRL_X0Y16       BUFG (Prop_bufg_I_O)         0.029     1.928 r  udp_gateway_shadow_mirror_i/dma_gateway_hybrid_0/inst/u_device_dna_reader/dna_clk_BUFG_inst/O
                         net (fo=69, routed)          0.931     2.859    udp_gateway_shadow_mirror_i/dma_gateway_hybrid_0/inst/u_device_dna_reader/dna_clk_BUFG
    SLICE_X85Y116        FDCE                                         r  udp_gateway_shadow_mirror_i/dma_gateway_hybrid_0/inst/u_device_dna_reader/dna_shift_value_reg[19]/C
                         clock pessimism             -0.623     2.236    
    SLICE_X85Y116        FDCE (Hold_fdce_C_D)         0.060     2.296    udp_gateway_shadow_mirror_i/dma_gateway_hybrid_0/inst/u_device_dna_reader/dna_shift_value_reg[19]
  -------------------------------------------------------------------
                         required time                         -2.296    
                         arrival time                           2.556    
  -------------------------------------------------------------------
                         slack                                  0.260    

Slack (MET) :             0.272ns  (arrival time - required time)
  Source:                 udp_gateway_shadow_mirror_i/dma_gateway_hybrid_0/inst/u_device_dna_reader/dna_shift_value_reg[13]/C
                            (rising edge-triggered cell FDCE clocked by shadow_dna_clk  {rise@0.000ns fall@320.000ns period=640.000ns})
  Destination:            udp_gateway_shadow_mirror_i/dma_gateway_hybrid_0/inst/u_device_dna_reader/dna_shift_value_reg[14]/D
                            (rising edge-triggered cell FDCE clocked by shadow_dna_clk  {rise@0.000ns fall@320.000ns period=640.000ns})
  Path Group:             shadow_dna_clk
  Path Type:              Hold (Min at Fast Process Corner)
  Requirement:            0.000ns  (shadow_dna_clk rise@0.000ns - shadow_dna_clk rise@0.000ns)
  Data Path Delay:        0.380ns  (logic 0.141ns (37.092%)  route 0.239ns (62.908%))
  Logic Levels:           0  
  Clock Path Skew:        0.036ns (DCD - SCD - CPR)
    Destination Clock Delay (DCD):    2.891ns
    Source Clock Delay      (SCD):    2.232ns
    Clock Pessimism Removal (CPR):    0.623ns

    Location             Delay type                Incr(ns)  Path(ns)    Netlist Resource(s)
  -------------------------------------------------------------------    -------------------
                         (clock shadow_dna_clk rise edge)
                                                      0.000     0.000 r  
    PS7_X0Y0             PS7                          0.000     0.000 r  udp_gateway_shadow_mirror_i/processing_system7_0/inst/PS7_i/FCLKCLK[0]
                         net (fo=1, routed)           0.310     0.310    udp_gateway_shadow_mirror_i/processing_system7_0/inst/FCLK_CLK_unbuffered[0]
    BUFGCTRL_X0Y17       BUFG (Prop_bufg_I_O)         0.026     0.336 r  udp_gateway_shadow_mirror_i/processing_system7_0/inst/buffer_fclk_clk_0.FCLK_CLK_0_BUFG/O
                         net (fo=54559, routed)       0.583     0.919    udp_gateway_shadow_mirror_i/dma_gateway_hybrid_0/inst/u_device_dna_reader/clk
    SLICE_X57Y45         FDCE (Prop_fdce_C_Q)         0.141     1.059 r  udp_gateway_shadow_mirror_i/dma_gateway_hybrid_0/inst/u_device_dna_reader/dna_clk_reg/Q
                         net (fo=1, routed)           0.457     1.517    udp_gateway_shadow_mirror_i/dma_gateway_hybrid_0/inst/u_device_dna_reader/dna_clk
    BUFGCTRL_X0Y16       BUFG (Prop_bufg_I_O)         0.026     1.543 r  udp_gateway_shadow_mirror_i/dma_gateway_hybrid_0/inst/u_device_dna_reader/dna_clk_BUFG_inst/O
                         net (fo=69, routed)          0.689     2.232    udp_gateway_shadow_mirror_i/dma_gateway_hybrid_0/inst/u_device_dna_reader/dna_clk_BUFG
    SLICE_X97Y106        FDCE                                         r  udp_gateway_shadow_mirror_i/dma_gateway_hybrid_0/inst/u_device_dna_reader/dna_shift_value_reg[13]/C
  -------------------------------------------------------------------    -------------------
    SLICE_X97Y106        FDCE (Prop_fdce_C_Q)         0.141     2.373 r  udp_gateway_shadow_mirror_i/dma_gateway_hybrid_0/inst/u_device_dna_reader/dna_shift_value_reg[13]/Q
                         net (fo=2, routed)           0.239     2.612    udp_gateway_shadow_mirror_i/dma_gateway_hybrid_0/inst/u_device_dna_reader/dna_shift_value[13]
    SLICE_X99Y109        FDCE                                         r  udp_gateway_shadow_mirror_i/dma_gateway_hybrid_0/inst/u_device_dna_reader/dna_shift_value_reg[14]/D
  -------------------------------------------------------------------    -------------------

                         (clock shadow_dna_clk rise edge)
                                                      0.000     0.000 r  
    PS7_X0Y0             PS7                          0.000     0.000 r  udp_gateway_shadow_mirror_i/processing_system7_0/inst/PS7_i/FCLKCLK[0]
                         net (fo=1, routed)           0.337     0.337    udp_gateway_shadow_mirror_i/processing_system7_0/inst/FCLK_CLK_unbuffered[0]
    BUFGCTRL_X0Y17       BUFG (Prop_bufg_I_O)         0.029     0.366 r  udp_gateway_shadow_mirror_i/processing_system7_0/inst/buffer_fclk_clk_0.FCLK_CLK_0_BUFG/O
                         net (fo=54559, routed)       0.852     1.218    udp_gateway_shadow_mirror_i/dma_gateway_hybrid_0/inst/u_device_dna_reader/clk
    SLICE_X57Y45         FDCE (Prop_fdce_C_Q)         0.175     1.393 r  udp_gateway_shadow_mirror_i/dma_gateway_hybrid_0/inst/u_device_dna_reader/dna_clk_reg/Q
                         net (fo=1, routed)           0.506     1.899    udp_gateway_shadow_mirror_i/dma_gateway_hybrid_0/inst/u_device_dna_reader/dna_clk
    BUFGCTRL_X0Y16       BUFG (Prop_bufg_I_O)         0.029     1.928 r  udp_gateway_shadow_mirror_i/dma_gateway_hybrid_0/inst/u_device_dna_reader/dna_clk_BUFG_inst/O
                         net (fo=69, routed)          0.963     2.891    udp_gateway_shadow_mirror_i/dma_gateway_hybrid_0/inst/u_device_dna_reader/dna_clk_BUFG
    SLICE_X99Y109        FDCE                                         r  udp_gateway_shadow_mirror_i/dma_gateway_hybrid_0/inst/u_device_dna_reader/dna_shift_value_reg[14]/C
                         clock pessimism             -0.623     2.268    
    SLICE_X99Y109        FDCE (Hold_fdce_C_D)         0.072     2.340    udp_gateway_shadow_mirror_i/dma_gateway_hybrid_0/inst/u_device_dna_reader/dna_shift_value_reg[14]
  -------------------------------------------------------------------
                         required time                         -2.340    
                         arrival time                           2.612    
  -------------------------------------------------------------------
                         slack                                  0.272    

Slack (MET) :             0.283ns  (arrival time - required time)
  Source:                 udp_gateway_shadow_mirror_i/dma_gateway_hybrid_0/inst/u_device_dna_reader/dna_bit_count_reg[0]/C
                            (rising edge-triggered cell FDCE clocked by shadow_dna_clk  {rise@0.000ns fall@320.000ns period=640.000ns})
  Destination:            udp_gateway_shadow_mirror_i/dma_gateway_hybrid_0/inst/u_device_dna_reader/dna_bit_count_reg[5]/D
                            (rising edge-triggered cell FDCE clocked by shadow_dna_clk  {rise@0.000ns fall@320.000ns period=640.000ns})
  Path Group:             shadow_dna_clk
  Path Type:              Hold (Min at Fast Process Corner)
  Requirement:            0.000ns  (shadow_dna_clk rise@0.000ns - shadow_dna_clk rise@0.000ns)
  Data Path Delay:        0.389ns  (logic 0.186ns (47.855%)  route 0.203ns (52.145%))
  Logic Levels:           1  (LUT6=1)
  Clock Path Skew:        0.014ns (DCD - SCD - CPR)
    Destination Clock Delay (DCD):    2.771ns
    Source Clock Delay      (SCD):    2.119ns
    Clock Pessimism Removal (CPR):    0.639ns

    Location             Delay type                Incr(ns)  Path(ns)    Netlist Resource(s)
  -------------------------------------------------------------------    -------------------
                         (clock shadow_dna_clk rise edge)
                                                      0.000     0.000 r  
    PS7_X0Y0             PS7                          0.000     0.000 r  udp_gateway_shadow_mirror_i/processing_system7_0/inst/PS7_i/FCLKCLK[0]
                         net (fo=1, routed)           0.310     0.310    udp_gateway_shadow_mirror_i/processing_system7_0/inst/FCLK_CLK_unbuffered[0]
    BUFGCTRL_X0Y17       BUFG (Prop_bufg_I_O)         0.026     0.336 r  udp_gateway_shadow_mirror_i/processing_system7_0/inst/buffer_fclk_clk_0.FCLK_CLK_0_BUFG/O
                         net (fo=54559, routed)       0.583     0.919    udp_gateway_shadow_mirror_i/dma_gateway_hybrid_0/inst/u_device_dna_reader/clk
    SLICE_X57Y45         FDCE (Prop_fdce_C_Q)         0.141     1.059 r  udp_gateway_shadow_mirror_i/dma_gateway_hybrid_0/inst/u_device_dna_reader/dna_clk_reg/Q
                         net (fo=1, routed)           0.457     1.517    udp_gateway_shadow_mirror_i/dma_gateway_hybrid_0/inst/u_device_dna_reader/dna_clk
    BUFGCTRL_X0Y16       BUFG (Prop_bufg_I_O)         0.026     1.543 r  udp_gateway_shadow_mirror_i/dma_gateway_hybrid_0/inst/u_device_dna_reader/dna_clk_BUFG_inst/O
                         net (fo=69, routed)          0.576     2.119    udp_gateway_shadow_mirror_i/dma_gateway_hybrid_0/inst/u_device_dna_reader/dna_clk_BUFG
    SLICE_X65Y87         FDCE                                         r  udp_gateway_shadow_mirror_i/dma_gateway_hybrid_0/inst/u_device_dna_reader/dna_bit_count_reg[0]/C
  -------------------------------------------------------------------    -------------------
    SLICE_X65Y87         FDCE (Prop_fdce_C_Q)         0.141     2.260 r  udp_gateway_shadow_mirror_i/dma_gateway_hybrid_0/inst/u_device_dna_reader/dna_bit_count_reg[0]/Q
                         net (fo=8, routed)           0.203     2.462    udp_gateway_shadow_mirror_i/dma_gateway_hybrid_0/inst/u_device_dna_reader/dna_bit_count_reg[0]
    SLICE_X65Y85         LUT6 (Prop_lut6_I3_O)        0.045     2.507 r  udp_gateway_shadow_mirror_i/dma_gateway_hybrid_0/inst/u_device_dna_reader/dna_bit_count[5]_i_1/O
                         net (fo=1, routed)           0.000     2.507    udp_gateway_shadow_mirror_i/dma_gateway_hybrid_0/inst/u_device_dna_reader/p_0_in[5]
    SLICE_X65Y85         FDCE                                         r  udp_gateway_shadow_mirror_i/dma_gateway_hybrid_0/inst/u_device_dna_reader/dna_bit_count_reg[5]/D
  -------------------------------------------------------------------    -------------------

                         (clock shadow_dna_clk rise edge)
                                                      0.000     0.000 r  
    PS7_X0Y0             PS7                          0.000     0.000 r  udp_gateway_shadow_mirror_i/processing_system7_0/inst/PS7_i/FCLKCLK[0]
                         net (fo=1, routed)           0.337     0.337    udp_gateway_shadow_mirror_i/processing_system7_0/inst/FCLK_CLK_unbuffered[0]
    BUFGCTRL_X0Y17       BUFG (Prop_bufg_I_O)         0.029     0.366 r  udp_gateway_shadow_mirror_i/processing_system7_0/inst/buffer_fclk_clk_0.FCLK_CLK_0_BUFG/O
                         net (fo=54559, routed)       0.852     1.218    udp_gateway_shadow_mirror_i/dma_gateway_hybrid_0/inst/u_device_dna_reader/clk
    SLICE_X57Y45         FDCE (Prop_fdce_C_Q)         0.175     1.393 r  udp_gateway_shadow_mirror_i/dma_gateway_hybrid_0/inst/u_device_dna_reader/dna_clk_reg/Q
                         net (fo=1, routed)           0.506     1.899    udp_gateway_shadow_mirror_i/dma_gateway_hybrid_0/inst/u_device_dna_reader/dna_clk
    BUFGCTRL_X0Y16       BUFG (Prop_bufg_I_O)         0.029     1.928 r  udp_gateway_shadow_mirror_i/dma_gateway_hybrid_0/inst/u_device_dna_reader/dna_clk_BUFG_inst/O
                         net (fo=69, routed)          0.843     2.771    udp_gateway_shadow_mirror_i/dma_gateway_hybrid_0/inst/u_device_dna_reader/dna_clk_BUFG
    SLICE_X65Y85         FDCE                                         r  udp_gateway_shadow_mirror_i/dma_gateway_hybrid_0/inst/u_device_dna_reader/dna_bit_count_reg[5]/C
                         clock pessimism             -0.639     2.133    
    SLICE_X65Y85         FDCE (Hold_fdce_C_D)         0.092     2.225    udp_gateway_shadow_mirror_i/dma_gateway_hybrid_0/inst/u_device_dna_reader/dna_bit_count_reg[5]
  -------------------------------------------------------------------
                         required time                         -2.225    
                         arrival time                           2.507    
  -------------------------------------------------------------------
                         slack                                  0.283    

Slack (MET) :             0.286ns  (arrival time - required time)
  Source:                 udp_gateway_shadow_mirror_i/dma_gateway_hybrid_0/inst/u_device_dna_reader/dna_bit_count_reg[0]/C
                            (rising edge-triggered cell FDCE clocked by shadow_dna_clk  {rise@0.000ns fall@320.000ns period=640.000ns})
  Destination:            udp_gateway_shadow_mirror_i/dma_gateway_hybrid_0/inst/u_device_dna_reader/dna_bit_count_reg[4]/D
                            (rising edge-triggered cell FDCE clocked by shadow_dna_clk  {rise@0.000ns fall@320.000ns period=640.000ns})
  Path Group:             shadow_dna_clk
  Path Type:              Hold (Min at Fast Process Corner)
  Requirement:            0.000ns  (shadow_dna_clk rise@0.000ns - shadow_dna_clk rise@0.000ns)
  Data Path Delay:        0.407ns  (logic 0.187ns (45.975%)  route 0.220ns (54.025%))
  Logic Levels:           1  (LUT5=1)
  Clock Path Skew:        0.014ns (DCD - SCD - CPR)
    Destination Clock Delay (DCD):    2.771ns
    Source Clock Delay      (SCD):    2.119ns
    Clock Pessimism Removal (CPR):    0.639ns

    Location             Delay type                Incr(ns)  Path(ns)    Netlist Resource(s)
  -------------------------------------------------------------------    -------------------
                         (clock shadow_dna_clk rise edge)
                                                      0.000     0.000 r  
    PS7_X0Y0             PS7                          0.000     0.000 r  udp_gateway_shadow_mirror_i/processing_system7_0/inst/PS7_i/FCLKCLK[0]
                         net (fo=1, routed)           0.310     0.310    udp_gateway_shadow_mirror_i/processing_system7_0/inst/FCLK_CLK_unbuffered[0]
    BUFGCTRL_X0Y17       BUFG (Prop_bufg_I_O)         0.026     0.336 r  udp_gateway_shadow_mirror_i/processing_system7_0/inst/buffer_fclk_clk_0.FCLK_CLK_0_BUFG/O
                         net (fo=54559, routed)       0.583     0.919    udp_gateway_shadow_mirror_i/dma_gateway_hybrid_0/inst/u_device_dna_reader/clk
    SLICE_X57Y45         FDCE (Prop_fdce_C_Q)         0.141     1.059 r  udp_gateway_shadow_mirror_i/dma_gateway_hybrid_0/inst/u_device_dna_reader/dna_clk_reg/Q
                         net (fo=1, routed)           0.457     1.517    udp_gateway_shadow_mirror_i/dma_gateway_hybrid_0/inst/u_device_dna_reader/dna_clk
    BUFGCTRL_X0Y16       BUFG (Prop_bufg_I_O)         0.026     1.543 r  udp_gateway_shadow_mirror_i/dma_gateway_hybrid_0/inst/u_device_dna_reader/dna_clk_BUFG_inst/O
                         net (fo=69, routed)          0.576     2.119    udp_gateway_shadow_mirror_i/dma_gateway_hybrid_0/inst/u_device_dna_reader/dna_clk_BUFG
    SLICE_X65Y87         FDCE                                         r  udp_gateway_shadow_mirror_i/dma_gateway_hybrid_0/inst/u_device_dna_reader/dna_bit_count_reg[0]/C
  -------------------------------------------------------------------    -------------------
    SLICE_X65Y87         FDCE (Prop_fdce_C_Q)         0.141     2.260 r  udp_gateway_shadow_mirror_i/dma_gateway_hybrid_0/inst/u_device_dna_reader/dna_bit_count_reg[0]/Q
                         net (fo=8, routed)           0.220     2.479    udp_gateway_shadow_mirror_i/dma_gateway_hybrid_0/inst/u_device_dna_reader/dna_bit_count_reg[0]
    SLICE_X65Y85         LUT5 (Prop_lut5_I1_O)        0.046     2.525 r  udp_gateway_shadow_mirror_i/dma_gateway_hybrid_0/inst/u_device_dna_reader/dna_bit_count[4]_i_1/O
                         net (fo=1, routed)           0.000     2.525    udp_gateway_shadow_mirror_i/dma_gateway_hybrid_0/inst/u_device_dna_reader/p_0_in[4]
    SLICE_X65Y85         FDCE                                         r  udp_gateway_shadow_mirror_i/dma_gateway_hybrid_0/inst/u_device_dna_reader/dna_bit_count_reg[4]/D
  -------------------------------------------------------------------    -------------------

                         (clock shadow_dna_clk rise edge)
                                                      0.000     0.000 r  
    PS7_X0Y0             PS7                          0.000     0.000 r  udp_gateway_shadow_mirror_i/processing_system7_0/inst/PS7_i/FCLKCLK[0]
                         net (fo=1, routed)           0.337     0.337    udp_gateway_shadow_mirror_i/processing_system7_0/inst/FCLK_CLK_unbuffered[0]
    BUFGCTRL_X0Y17       BUFG (Prop_bufg_I_O)         0.029     0.366 r  udp_gateway_shadow_mirror_i/processing_system7_0/inst/buffer_fclk_clk_0.FCLK_CLK_0_BUFG/O
                         net (fo=54559, routed)       0.852     1.218    udp_gateway_shadow_mirror_i/dma_gateway_hybrid_0/inst/u_device_dna_reader/clk
    SLICE_X57Y45         FDCE (Prop_fdce_C_Q)         0.175     1.393 r  udp_gateway_shadow_mirror_i/dma_gateway_hybrid_0/inst/u_device_dna_reader/dna_clk_reg/Q
                         net (fo=1, routed)           0.506     1.899    udp_gateway_shadow_mirror_i/dma_gateway_hybrid_0/inst/u_device_dna_reader/dna_clk
    BUFGCTRL_X0Y16       BUFG (Prop_bufg_I_O)         0.029     1.928 r  udp_gateway_shadow_mirror_i/dma_gateway_hybrid_0/inst/u_device_dna_reader/dna_clk_BUFG_inst/O
                         net (fo=69, routed)          0.843     2.771    udp_gateway_shadow_mirror_i/dma_gateway_hybrid_0/inst/u_device_dna_reader/dna_clk_BUFG
    SLICE_X65Y85         FDCE                                         r  udp_gateway_shadow_mirror_i/dma_gateway_hybrid_0/inst/u_device_dna_reader/dna_bit_count_reg[4]/C
                         clock pessimism             -0.639     2.133    
    SLICE_X65Y85         FDCE (Hold_fdce_C_D)         0.107     2.240    udp_gateway_shadow_mirror_i/dma_gateway_hybrid_0/inst/u_device_dna_reader/dna_bit_count_reg[4]
  -------------------------------------------------------------------
                         required time                         -2.240    
                         arrival time                           2.525    
  -------------------------------------------------------------------
                         slack                                  0.286    

Slack (MET) :             0.289ns  (arrival time - required time)
  Source:                 udp_gateway_shadow_mirror_i/dma_gateway_hybrid_0/inst/u_device_dna_reader/dna_shift_value_reg[2]/C
                            (rising edge-triggered cell FDCE clocked by shadow_dna_clk  {rise@0.000ns fall@320.000ns period=640.000ns})
  Destination:            udp_gateway_shadow_mirror_i/dma_gateway_hybrid_0/inst/u_device_dna_reader/dna_shift_value_reg[3]/D
                            (rising edge-triggered cell FDCE clocked by shadow_dna_clk  {rise@0.000ns fall@320.000ns period=640.000ns})
  Path Group:             shadow_dna_clk
  Path Type:              Hold (Min at Fast Process Corner)
  Requirement:            0.000ns  (shadow_dna_clk rise@0.000ns - shadow_dna_clk rise@0.000ns)
  Data Path Delay:        0.395ns  (logic 0.141ns (35.731%)  route 0.254ns (64.269%))
  Logic Levels:           0  
  Clock Path Skew:        0.059ns (DCD - SCD - CPR)
    Destination Clock Delay (DCD):    2.891ns
    Source Clock Delay      (SCD):    2.209ns
    Clock Pessimism Removal (CPR):    0.623ns

    Location             Delay type                Incr(ns)  Path(ns)    Netlist Resource(s)
  -------------------------------------------------------------------    -------------------
                         (clock shadow_dna_clk rise edge)
                                                      0.000     0.000 r  
    PS7_X0Y0             PS7                          0.000     0.000 r  udp_gateway_shadow_mirror_i/processing_system7_0/inst/PS7_i/FCLKCLK[0]
                         net (fo=1, routed)           0.310     0.310    udp_gateway_shadow_mirror_i/processing_system7_0/inst/FCLK_CLK_unbuffered[0]
    BUFGCTRL_X0Y17       BUFG (Prop_bufg_I_O)         0.026     0.336 r  udp_gateway_shadow_mirror_i/processing_system7_0/inst/buffer_fclk_clk_0.FCLK_CLK_0_BUFG/O
                         net (fo=54559, routed)       0.583     0.919    udp_gateway_shadow_mirror_i/dma_gateway_hybrid_0/inst/u_device_dna_reader/clk
    SLICE_X57Y45         FDCE (Prop_fdce_C_Q)         0.141     1.059 r  udp_gateway_shadow_mirror_i/dma_gateway_hybrid_0/inst/u_device_dna_reader/dna_clk_reg/Q
                         net (fo=1, routed)           0.457     1.517    udp_gateway_shadow_mirror_i/dma_gateway_hybrid_0/inst/u_device_dna_reader/dna_clk
    BUFGCTRL_X0Y16       BUFG (Prop_bufg_I_O)         0.026     1.543 r  udp_gateway_shadow_mirror_i/dma_gateway_hybrid_0/inst/u_device_dna_reader/dna_clk_BUFG_inst/O
                         net (fo=69, routed)          0.666     2.209    udp_gateway_shadow_mirror_i/dma_gateway_hybrid_0/inst/u_device_dna_reader/dna_clk_BUFG
    SLICE_X88Y101        FDCE                                         r  udp_gateway_shadow_mirror_i/dma_gateway_hybrid_0/inst/u_device_dna_reader/dna_shift_value_reg[2]/C
  -------------------------------------------------------------------    -------------------
    SLICE_X88Y101        FDCE (Prop_fdce_C_Q)         0.141     2.350 r  udp_gateway_shadow_mirror_i/dma_gateway_hybrid_0/inst/u_device_dna_reader/dna_shift_value_reg[2]/Q
                         net (fo=2, routed)           0.254     2.604    udp_gateway_shadow_mirror_i/dma_gateway_hybrid_0/inst/u_device_dna_reader/dna_shift_value[2]
    SLICE_X91Y102        FDCE                                         r  udp_gateway_shadow_mirror_i/dma_gateway_hybrid_0/inst/u_device_dna_reader/dna_shift_value_reg[3]/D
  -------------------------------------------------------------------    -------------------

                         (clock shadow_dna_clk rise edge)
                                                      0.000     0.000 r  
    PS7_X0Y0             PS7                          0.000     0.000 r  udp_gateway_shadow_mirror_i/processing_system7_0/inst/PS7_i/FCLKCLK[0]
                         net (fo=1, routed)           0.337     0.337    udp_gateway_shadow_mirror_i/processing_system7_0/inst/FCLK_CLK_unbuffered[0]
    BUFGCTRL_X0Y17       BUFG (Prop_bufg_I_O)         0.029     0.366 r  udp_gateway_shadow_mirror_i/processing_system7_0/inst/buffer_fclk_clk_0.FCLK_CLK_0_BUFG/O
                         net (fo=54559, routed)       0.852     1.218    udp_gateway_shadow_mirror_i/dma_gateway_hybrid_0/inst/u_device_dna_reader/clk
    SLICE_X57Y45         FDCE (Prop_fdce_C_Q)         0.175     1.393 r  udp_gateway_shadow_mirror_i/dma_gateway_hybrid_0/inst/u_device_dna_reader/dna_clk_reg/Q
                         net (fo=1, routed)           0.506     1.899    udp_gateway_shadow_mirror_i/dma_gateway_hybrid_0/inst/u_device_dna_reader/dna_clk
    BUFGCTRL_X0Y16       BUFG (Prop_bufg_I_O)         0.029     1.928 r  udp_gateway_shadow_mirror_i/dma_gateway_hybrid_0/inst/u_device_dna_reader/dna_clk_BUFG_inst/O
                         net (fo=69, routed)          0.963     2.891    udp_gateway_shadow_mirror_i/dma_gateway_hybrid_0/inst/u_device_dna_reader/dna_clk_BUFG
    SLICE_X91Y102        FDCE                                         r  udp_gateway_shadow_mirror_i/dma_gateway_hybrid_0/inst/u_device_dna_reader/dna_shift_value_reg[3]/C
                         clock pessimism             -0.623     2.268    
    SLICE_X91Y102        FDCE (Hold_fdce_C_D)         0.047     2.315    udp_gateway_shadow_mirror_i/dma_gateway_hybrid_0/inst/u_device_dna_reader/dna_shift_value_reg[3]
  -------------------------------------------------------------------
                         required time                         -2.315    
                         arrival time                           2.604    
  -------------------------------------------------------------------
                         slack                                  0.289    

Slack (MET) :             0.290ns  (arrival time - required time)
  Source:                 udp_gateway_shadow_mirror_i/dma_gateway_hybrid_0/inst/u_device_dna_reader/dna_shift_reg/C
                            (rising edge-triggered cell FDCE clocked by shadow_dna_clk  {rise@0.000ns fall@320.000ns period=640.000ns})
  Destination:            udp_gateway_shadow_mirror_i/dma_gateway_hybrid_0/inst/u_device_dna_reader/dna_shift_reg/D
                            (rising edge-triggered cell FDCE clocked by shadow_dna_clk  {rise@0.000ns fall@320.000ns period=640.000ns})
  Path Group:             shadow_dna_clk
  Path Type:              Hold (Min at Fast Process Corner)
  Requirement:            0.000ns  (shadow_dna_clk rise@0.000ns - shadow_dna_clk rise@0.000ns)
  Data Path Delay:        0.382ns  (logic 0.186ns (48.728%)  route 0.196ns (51.272%))
  Logic Levels:           1  (LUT5=1)
  Clock Path Skew:        0.000ns (DCD - SCD - CPR)
    Destination Clock Delay (DCD):    2.771ns
    Source Clock Delay      (SCD):    2.118ns
    Clock Pessimism Removal (CPR):    0.654ns

    Location             Delay type                Incr(ns)  Path(ns)    Netlist Resource(s)
  -------------------------------------------------------------------    -------------------
                         (clock shadow_dna_clk rise edge)
                                                      0.000     0.000 r  
    PS7_X0Y0             PS7                          0.000     0.000 r  udp_gateway_shadow_mirror_i/processing_system7_0/inst/PS7_i/FCLKCLK[0]
                         net (fo=1, routed)           0.310     0.310    udp_gateway_shadow_mirror_i/processing_system7_0/inst/FCLK_CLK_unbuffered[0]
    BUFGCTRL_X0Y17       BUFG (Prop_bufg_I_O)         0.026     0.336 r  udp_gateway_shadow_mirror_i/processing_system7_0/inst/buffer_fclk_clk_0.FCLK_CLK_0_BUFG/O
                         net (fo=54559, routed)       0.583     0.919    udp_gateway_shadow_mirror_i/dma_gateway_hybrid_0/inst/u_device_dna_reader/clk
    SLICE_X57Y45         FDCE (Prop_fdce_C_Q)         0.141     1.059 r  udp_gateway_shadow_mirror_i/dma_gateway_hybrid_0/inst/u_device_dna_reader/dna_clk_reg/Q
                         net (fo=1, routed)           0.457     1.517    udp_gateway_shadow_mirror_i/dma_gateway_hybrid_0/inst/u_device_dna_reader/dna_clk
    BUFGCTRL_X0Y16       BUFG (Prop_bufg_I_O)         0.026     1.543 r  udp_gateway_shadow_mirror_i/dma_gateway_hybrid_0/inst/u_device_dna_reader/dna_clk_BUFG_inst/O
                         net (fo=69, routed)          0.575     2.118    udp_gateway_shadow_mirror_i/dma_gateway_hybrid_0/inst/u_device_dna_reader/dna_clk_BUFG
    SLICE_X65Y86         FDCE                                         r  udp_gateway_shadow_mirror_i/dma_gateway_hybrid_0/inst/u_device_dna_reader/dna_shift_reg/C
  -------------------------------------------------------------------    -------------------
    SLICE_X65Y86         FDCE (Prop_fdce_C_Q)         0.141     2.259 r  udp_gateway_shadow_mirror_i/dma_gateway_hybrid_0/inst/u_device_dna_reader/dna_shift_reg/Q
                         net (fo=4, routed)           0.196     2.454    udp_gateway_shadow_mirror_i/dma_gateway_hybrid_0/inst/u_device_dna_reader/dna_shift
    SLICE_X65Y86         LUT5 (Prop_lut5_I3_O)        0.045     2.499 r  udp_gateway_shadow_mirror_i/dma_gateway_hybrid_0/inst/u_device_dna_reader/dna_shift_i_1/O
                         net (fo=1, routed)           0.000     2.499    udp_gateway_shadow_mirror_i/dma_gateway_hybrid_0/inst/u_device_dna_reader/dna_shift_i_1_n_0
    SLICE_X65Y86         FDCE                                         r  udp_gateway_shadow_mirror_i/dma_gateway_hybrid_0/inst/u_device_dna_reader/dna_shift_reg/D
  -------------------------------------------------------------------    -------------------

                         (clock shadow_dna_clk rise edge)
                                                      0.000     0.000 r  
    PS7_X0Y0             PS7                          0.000     0.000 r  udp_gateway_shadow_mirror_i/processing_system7_0/inst/PS7_i/FCLKCLK[0]
                         net (fo=1, routed)           0.337     0.337    udp_gateway_shadow_mirror_i/processing_system7_0/inst/FCLK_CLK_unbuffered[0]
    BUFGCTRL_X0Y17       BUFG (Prop_bufg_I_O)         0.029     0.366 r  udp_gateway_shadow_mirror_i/processing_system7_0/inst/buffer_fclk_clk_0.FCLK_CLK_0_BUFG/O
                         net (fo=54559, routed)       0.852     1.218    udp_gateway_shadow_mirror_i/dma_gateway_hybrid_0/inst/u_device_dna_reader/clk
    SLICE_X57Y45         FDCE (Prop_fdce_C_Q)         0.175     1.393 r  udp_gateway_shadow_mirror_i/dma_gateway_hybrid_0/inst/u_device_dna_reader/dna_clk_reg/Q
                         net (fo=1, routed)           0.506     1.899    udp_gateway_shadow_mirror_i/dma_gateway_hybrid_0/inst/u_device_dna_reader/dna_clk
    BUFGCTRL_X0Y16       BUFG (Prop_bufg_I_O)         0.029     1.928 r  udp_gateway_shadow_mirror_i/dma_gateway_hybrid_0/inst/u_device_dna_reader/dna_clk_BUFG_inst/O
                         net (fo=69, routed)          0.843     2.771    udp_gateway_shadow_mirror_i/dma_gateway_hybrid_0/inst/u_device_dna_reader/dna_clk_BUFG
    SLICE_X65Y86         FDCE                                         r  udp_gateway_shadow_mirror_i/dma_gateway_hybrid_0/inst/u_device_dna_reader/dna_shift_reg/C
                         clock pessimism             -0.654     2.118    
    SLICE_X65Y86         FDCE (Hold_fdce_C_D)         0.092     2.210    udp_gateway_shadow_mirror_i/dma_gateway_hybrid_0/inst/u_device_dna_reader/dna_shift_reg
  -------------------------------------------------------------------
                         required time                         -2.210    
                         arrival time                           2.499    
  -------------------------------------------------------------------
                         slack                                  0.290    

Slack (MET) :             0.291ns  (arrival time - required time)
  Source:                 udp_gateway_shadow_mirror_i/dma_gateway_hybrid_0/inst/u_device_dna_reader/dna_shift_reg/C
                            (rising edge-triggered cell FDCE clocked by shadow_dna_clk  {rise@0.000ns fall@320.000ns period=640.000ns})
  Destination:            udp_gateway_shadow_mirror_i/dma_gateway_hybrid_0/inst/u_device_dna_reader/dna_busy_raw_reg/D
                            (rising edge-triggered cell FDPE clocked by shadow_dna_clk  {rise@0.000ns fall@320.000ns period=640.000ns})
  Path Group:             shadow_dna_clk
  Path Type:              Hold (Min at Fast Process Corner)
  Requirement:            0.000ns  (shadow_dna_clk rise@0.000ns - shadow_dna_clk rise@0.000ns)
  Data Path Delay:        0.383ns  (logic 0.186ns (48.601%)  route 0.197ns (51.399%))
  Logic Levels:           1  (LUT5=1)
  Clock Path Skew:        0.000ns (DCD - SCD - CPR)
    Destination Clock Delay (DCD):    2.771ns
    Source Clock Delay      (SCD):    2.118ns
    Clock Pessimism Removal (CPR):    0.654ns

    Location             Delay type                Incr(ns)  Path(ns)    Netlist Resource(s)
  -------------------------------------------------------------------    -------------------
                         (clock shadow_dna_clk rise edge)
                                                      0.000     0.000 r  
    PS7_X0Y0             PS7                          0.000     0.000 r  udp_gateway_shadow_mirror_i/processing_system7_0/inst/PS7_i/FCLKCLK[0]
                         net (fo=1, routed)           0.310     0.310    udp_gateway_shadow_mirror_i/processing_system7_0/inst/FCLK_CLK_unbuffered[0]
    BUFGCTRL_X0Y17       BUFG (Prop_bufg_I_O)         0.026     0.336 r  udp_gateway_shadow_mirror_i/processing_system7_0/inst/buffer_fclk_clk_0.FCLK_CLK_0_BUFG/O
                         net (fo=54559, routed)       0.583     0.919    udp_gateway_shadow_mirror_i/dma_gateway_hybrid_0/inst/u_device_dna_reader/clk
    SLICE_X57Y45         FDCE (Prop_fdce_C_Q)         0.141     1.059 r  udp_gateway_shadow_mirror_i/dma_gateway_hybrid_0/inst/u_device_dna_reader/dna_clk_reg/Q
                         net (fo=1, routed)           0.457     1.517    udp_gateway_shadow_mirror_i/dma_gateway_hybrid_0/inst/u_device_dna_reader/dna_clk
    BUFGCTRL_X0Y16       BUFG (Prop_bufg_I_O)         0.026     1.543 r  udp_gateway_shadow_mirror_i/dma_gateway_hybrid_0/inst/u_device_dna_reader/dna_clk_BUFG_inst/O
                         net (fo=69, routed)          0.575     2.118    udp_gateway_shadow_mirror_i/dma_gateway_hybrid_0/inst/u_device_dna_reader/dna_clk_BUFG
    SLICE_X65Y86         FDCE                                         r  udp_gateway_shadow_mirror_i/dma_gateway_hybrid_0/inst/u_device_dna_reader/dna_shift_reg/C
  -------------------------------------------------------------------    -------------------
    SLICE_X65Y86         FDCE (Prop_fdce_C_Q)         0.141     2.259 f  udp_gateway_shadow_mirror_i/dma_gateway_hybrid_0/inst/u_device_dna_reader/dna_shift_reg/Q
                         net (fo=4, routed)           0.197     2.455    udp_gateway_shadow_mirror_i/dma_gateway_hybrid_0/inst/u_device_dna_reader/dna_shift
    SLICE_X65Y86         LUT5 (Prop_lut5_I1_O)        0.045     2.500 r  udp_gateway_shadow_mirror_i/dma_gateway_hybrid_0/inst/u_device_dna_reader/dna_busy_raw_i_1/O
                         net (fo=1, routed)           0.000     2.500    udp_gateway_shadow_mirror_i/dma_gateway_hybrid_0/inst/u_device_dna_reader/dna_busy_raw_i_1_n_0
    SLICE_X65Y86         FDPE                                         r  udp_gateway_shadow_mirror_i/dma_gateway_hybrid_0/inst/u_device_dna_reader/dna_busy_raw_reg/D
  -------------------------------------------------------------------    -------------------

                         (clock shadow_dna_clk rise edge)
                                                      0.000     0.000 r  
    PS7_X0Y0             PS7                          0.000     0.000 r  udp_gateway_shadow_mirror_i/processing_system7_0/inst/PS7_i/FCLKCLK[0]
                         net (fo=1, routed)           0.337     0.337    udp_gateway_shadow_mirror_i/processing_system7_0/inst/FCLK_CLK_unbuffered[0]
    BUFGCTRL_X0Y17       BUFG (Prop_bufg_I_O)         0.029     0.366 r  udp_gateway_shadow_mirror_i/processing_system7_0/inst/buffer_fclk_clk_0.FCLK_CLK_0_BUFG/O
                         net (fo=54559, routed)       0.852     1.218    udp_gateway_shadow_mirror_i/dma_gateway_hybrid_0/inst/u_device_dna_reader/clk
    SLICE_X57Y45         FDCE (Prop_fdce_C_Q)         0.175     1.393 r  udp_gateway_shadow_mirror_i/dma_gateway_hybrid_0/inst/u_device_dna_reader/dna_clk_reg/Q
                         net (fo=1, routed)           0.506     1.899    udp_gateway_shadow_mirror_i/dma_gateway_hybrid_0/inst/u_device_dna_reader/dna_clk
    BUFGCTRL_X0Y16       BUFG (Prop_bufg_I_O)         0.029     1.928 r  udp_gateway_shadow_mirror_i/dma_gateway_hybrid_0/inst/u_device_dna_reader/dna_clk_BUFG_inst/O
                         net (fo=69, routed)          0.843     2.771    udp_gateway_shadow_mirror_i/dma_gateway_hybrid_0/inst/u_device_dna_reader/dna_clk_BUFG
    SLICE_X65Y86         FDPE                                         r  udp_gateway_shadow_mirror_i/dma_gateway_hybrid_0/inst/u_device_dna_reader/dna_busy_raw_reg/C
                         clock pessimism             -0.654     2.118    
    SLICE_X65Y86         FDPE (Hold_fdpe_C_D)         0.092     2.210    udp_gateway_shadow_mirror_i/dma_gateway_hybrid_0/inst/u_device_dna_reader/dna_busy_raw_reg
  -------------------------------------------------------------------
                         required time                         -2.210    
                         arrival time                           2.500    
  -------------------------------------------------------------------
                         slack                                  0.291    

Slack (MET) :             0.298ns  (arrival time - required time)
  Source:                 udp_gateway_shadow_mirror_i/dma_gateway_hybrid_0/inst/u_device_dna_reader/dna_shift_value_reg[16]/C
                            (rising edge-triggered cell FDCE clocked by shadow_dna_clk  {rise@0.000ns fall@320.000ns period=640.000ns})
  Destination:            udp_gateway_shadow_mirror_i/dma_gateway_hybrid_0/inst/u_device_dna_reader/dna_shift_value_reg[17]/D
                            (rising edge-triggered cell FDCE clocked by shadow_dna_clk  {rise@0.000ns fall@320.000ns period=640.000ns})
  Path Group:             shadow_dna_clk
  Path Type:              Hold (Min at Fast Process Corner)
  Requirement:            0.000ns  (shadow_dna_clk rise@0.000ns - shadow_dna_clk rise@0.000ns)
  Data Path Delay:        0.349ns  (logic 0.141ns (40.456%)  route 0.208ns (59.544%))
  Logic Levels:           0  
  Clock Path Skew:        0.000ns (DCD - SCD - CPR)
    Destination Clock Delay (DCD):    2.859ns
    Source Clock Delay      (SCD):    2.203ns
    Clock Pessimism Removal (CPR):    0.656ns

    Location             Delay type                Incr(ns)  Path(ns)    Netlist Resource(s)
  -------------------------------------------------------------------    -------------------
                         (clock shadow_dna_clk rise edge)
                                                      0.000     0.000 r  
    PS7_X0Y0             PS7                          0.000     0.000 r  udp_gateway_shadow_mirror_i/processing_system7_0/inst/PS7_i/FCLKCLK[0]
                         net (fo=1, routed)           0.310     0.310    udp_gateway_shadow_mirror_i/processing_system7_0/inst/FCLK_CLK_unbuffered[0]
    BUFGCTRL_X0Y17       BUFG (Prop_bufg_I_O)         0.026     0.336 r  udp_gateway_shadow_mirror_i/processing_system7_0/inst/buffer_fclk_clk_0.FCLK_CLK_0_BUFG/O
                         net (fo=54559, routed)       0.583     0.919    udp_gateway_shadow_mirror_i/dma_gateway_hybrid_0/inst/u_device_dna_reader/clk
    SLICE_X57Y45         FDCE (Prop_fdce_C_Q)         0.141     1.059 r  udp_gateway_shadow_mirror_i/dma_gateway_hybrid_0/inst/u_device_dna_reader/dna_clk_reg/Q
                         net (fo=1, routed)           0.457     1.517    udp_gateway_shadow_mirror_i/dma_gateway_hybrid_0/inst/u_device_dna_reader/dna_clk
    BUFGCTRL_X0Y16       BUFG (Prop_bufg_I_O)         0.026     1.543 r  udp_gateway_shadow_mirror_i/dma_gateway_hybrid_0/inst/u_device_dna_reader/dna_clk_BUFG_inst/O
                         net (fo=69, routed)          0.660     2.203    udp_gateway_shadow_mirror_i/dma_gateway_hybrid_0/inst/u_device_dna_reader/dna_clk_BUFG
    SLICE_X85Y116        FDCE                                         r  udp_gateway_shadow_mirror_i/dma_gateway_hybrid_0/inst/u_device_dna_reader/dna_shift_value_reg[16]/C
  -------------------------------------------------------------------    -------------------
    SLICE_X85Y116        FDCE (Prop_fdce_C_Q)         0.141     2.344 r  udp_gateway_shadow_mirror_i/dma_gateway_hybrid_0/inst/u_device_dna_reader/dna_shift_value_reg[16]/Q
                         net (fo=2, routed)           0.208     2.551    udp_gateway_shadow_mirror_i/dma_gateway_hybrid_0/inst/u_device_dna_reader/dna_shift_value[16]
    SLICE_X85Y116        FDCE                                         r  udp_gateway_shadow_mirror_i/dma_gateway_hybrid_0/inst/u_device_dna_reader/dna_shift_value_reg[17]/D
  -------------------------------------------------------------------    -------------------

                         (clock shadow_dna_clk rise edge)
                                                      0.000     0.000 r  
    PS7_X0Y0             PS7                          0.000     0.000 r  udp_gateway_shadow_mirror_i/processing_system7_0/inst/PS7_i/FCLKCLK[0]
                         net (fo=1, routed)           0.337     0.337    udp_gateway_shadow_mirror_i/processing_system7_0/inst/FCLK_CLK_unbuffered[0]
    BUFGCTRL_X0Y17       BUFG (Prop_bufg_I_O)         0.029     0.366 r  udp_gateway_shadow_mirror_i/processing_system7_0/inst/buffer_fclk_clk_0.FCLK_CLK_0_BUFG/O
                         net (fo=54559, routed)       0.852     1.218    udp_gateway_shadow_mirror_i/dma_gateway_hybrid_0/inst/u_device_dna_reader/clk
    SLICE_X57Y45         FDCE (Prop_fdce_C_Q)         0.175     1.393 r  udp_gateway_shadow_mirror_i/dma_gateway_hybrid_0/inst/u_device_dna_reader/dna_clk_reg/Q
                         net (fo=1, routed)           0.506     1.899    udp_gateway_shadow_mirror_i/dma_gateway_hybrid_0/inst/u_device_dna_reader/dna_clk
    BUFGCTRL_X0Y16       BUFG (Prop_bufg_I_O)         0.029     1.928 r  udp_gateway_shadow_mirror_i/dma_gateway_hybrid_0/inst/u_device_dna_reader/dna_clk_BUFG_inst/O
                         net (fo=69, routed)          0.931     2.859    udp_gateway_shadow_mirror_i/dma_gateway_hybrid_0/inst/u_device_dna_reader/dna_clk_BUFG
    SLICE_X85Y116        FDCE                                         r  udp_gateway_shadow_mirror_i/dma_gateway_hybrid_0/inst/u_device_dna_reader/dna_shift_value_reg[17]/C
                         clock pessimism             -0.656     2.203    
    SLICE_X85Y116        FDCE (Hold_fdce_C_D)         0.051     2.254    udp_gateway_shadow_mirror_i/dma_gateway_hybrid_0/inst/u_device_dna_reader/dna_shift_value_reg[17]
  -------------------------------------------------------------------
                         required time                         -2.254    
                         arrival time                           2.551    
  -------------------------------------------------------------------
                         slack                                  0.298    

Slack (MET) :             0.301ns  (arrival time - required time)
  Source:                 udp_gateway_shadow_mirror_i/dma_gateway_hybrid_0/inst/u_device_dna_reader/dna_bit_count_reg[0]/C
                            (rising edge-triggered cell FDCE clocked by shadow_dna_clk  {rise@0.000ns fall@320.000ns period=640.000ns})
  Destination:            udp_gateway_shadow_mirror_i/dma_gateway_hybrid_0/inst/u_device_dna_reader/dna_bit_count_reg[3]/D
                            (rising edge-triggered cell FDCE clocked by shadow_dna_clk  {rise@0.000ns fall@320.000ns period=640.000ns})
  Path Group:             shadow_dna_clk
  Path Type:              Hold (Min at Fast Process Corner)
  Requirement:            0.000ns  (shadow_dna_clk rise@0.000ns - shadow_dna_clk rise@0.000ns)
  Data Path Delay:        0.406ns  (logic 0.186ns (45.841%)  route 0.220ns (54.159%))
  Logic Levels:           1  (LUT4=1)
  Clock Path Skew:        0.014ns (DCD - SCD - CPR)
    Destination Clock Delay (DCD):    2.771ns
    Source Clock Delay      (SCD):    2.119ns
    Clock Pessimism Removal (CPR):    0.639ns

    Location             Delay type                Incr(ns)  Path(ns)    Netlist Resource(s)
  -------------------------------------------------------------------    -------------------
                         (clock shadow_dna_clk rise edge)
                                                      0.000     0.000 r  
    PS7_X0Y0             PS7                          0.000     0.000 r  udp_gateway_shadow_mirror_i/processing_system7_0/inst/PS7_i/FCLKCLK[0]
                         net (fo=1, routed)           0.310     0.310    udp_gateway_shadow_mirror_i/processing_system7_0/inst/FCLK_CLK_unbuffered[0]
    BUFGCTRL_X0Y17       BUFG (Prop_bufg_I_O)         0.026     0.336 r  udp_gateway_shadow_mirror_i/processing_system7_0/inst/buffer_fclk_clk_0.FCLK_CLK_0_BUFG/O
                         net (fo=54559, routed)       0.583     0.919    udp_gateway_shadow_mirror_i/dma_gateway_hybrid_0/inst/u_device_dna_reader/clk
    SLICE_X57Y45         FDCE (Prop_fdce_C_Q)         0.141     1.059 r  udp_gateway_shadow_mirror_i/dma_gateway_hybrid_0/inst/u_device_dna_reader/dna_clk_reg/Q
                         net (fo=1, routed)           0.457     1.517    udp_gateway_shadow_mirror_i/dma_gateway_hybrid_0/inst/u_device_dna_reader/dna_clk
    BUFGCTRL_X0Y16       BUFG (Prop_bufg_I_O)         0.026     1.543 r  udp_gateway_shadow_mirror_i/dma_gateway_hybrid_0/inst/u_device_dna_reader/dna_clk_BUFG_inst/O
                         net (fo=69, routed)          0.576     2.119    udp_gateway_shadow_mirror_i/dma_gateway_hybrid_0/inst/u_device_dna_reader/dna_clk_BUFG
    SLICE_X65Y87         FDCE                                         r  udp_gateway_shadow_mirror_i/dma_gateway_hybrid_0/inst/u_device_dna_reader/dna_bit_count_reg[0]/C
  -------------------------------------------------------------------    -------------------
    SLICE_X65Y87         FDCE (Prop_fdce_C_Q)         0.141     2.260 r  udp_gateway_shadow_mirror_i/dma_gateway_hybrid_0/inst/u_device_dna_reader/dna_bit_count_reg[0]/Q
                         net (fo=8, routed)           0.220     2.479    udp_gateway_shadow_mirror_i/dma_gateway_hybrid_0/inst/u_device_dna_reader/dna_bit_count_reg[0]
    SLICE_X65Y85         LUT4 (Prop_lut4_I2_O)        0.045     2.524 r  udp_gateway_shadow_mirror_i/dma_gateway_hybrid_0/inst/u_device_dna_reader/dna_bit_count[3]_i_1/O
                         net (fo=1, routed)           0.000     2.524    udp_gateway_shadow_mirror_i/dma_gateway_hybrid_0/inst/u_device_dna_reader/p_0_in[3]
    SLICE_X65Y85         FDCE                                         r  udp_gateway_shadow_mirror_i/dma_gateway_hybrid_0/inst/u_device_dna_reader/dna_bit_count_reg[3]/D
  -------------------------------------------------------------------    -------------------

                         (clock shadow_dna_clk rise edge)
                                                      0.000     0.000 r  
    PS7_X0Y0             PS7                          0.000     0.000 r  udp_gateway_shadow_mirror_i/processing_system7_0/inst/PS7_i/FCLKCLK[0]
                         net (fo=1, routed)           0.337     0.337    udp_gateway_shadow_mirror_i/processing_system7_0/inst/FCLK_CLK_unbuffered[0]
    BUFGCTRL_X0Y17       BUFG (Prop_bufg_I_O)         0.029     0.366 r  udp_gateway_shadow_mirror_i/processing_system7_0/inst/buffer_fclk_clk_0.FCLK_CLK_0_BUFG/O
                         net (fo=54559, routed)       0.852     1.218    udp_gateway_shadow_mirror_i/dma_gateway_hybrid_0/inst/u_device_dna_reader/clk
    SLICE_X57Y45         FDCE (Prop_fdce_C_Q)         0.175     1.393 r  udp_gateway_shadow_mirror_i/dma_gateway_hybrid_0/inst/u_device_dna_reader/dna_clk_reg/Q
                         net (fo=1, routed)           0.506     1.899    udp_gateway_shadow_mirror_i/dma_gateway_hybrid_0/inst/u_device_dna_reader/dna_clk
    BUFGCTRL_X0Y16       BUFG (Prop_bufg_I_O)         0.029     1.928 r  udp_gateway_shadow_mirror_i/dma_gateway_hybrid_0/inst/u_device_dna_reader/dna_clk_BUFG_inst/O
                         net (fo=69, routed)          0.843     2.771    udp_gateway_shadow_mirror_i/dma_gateway_hybrid_0/inst/u_device_dna_reader/dna_clk_BUFG
    SLICE_X65Y85         FDCE                                         r  udp_gateway_shadow_mirror_i/dma_gateway_hybrid_0/inst/u_device_dna_reader/dna_bit_count_reg[3]/C
                         clock pessimism             -0.639     2.133    
    SLICE_X65Y85         FDCE (Hold_fdce_C_D)         0.091     2.224    udp_gateway_shadow_mirror_i/dma_gateway_hybrid_0/inst/u_device_dna_reader/dna_bit_count_reg[3]
  -------------------------------------------------------------------
                         required time                         -2.224    
                         arrival time                           2.524    
  -------------------------------------------------------------------
                         slack                                  0.301    





Pulse Width Checks
--------------------------------------------------------------------------------------
Clock Name:         shadow_dna_clk
Waveform(ns):       { 0.000 320.000 }
Period(ns):         640.000
Sources:            { udp_gateway_shadow_mirror_i/dma_gateway_hybrid_0/inst/u_device_dna_reader/dna_clk_reg/Q }

Check Type        Corner  Lib Pin       Reference Pin  Required(ns)  Actual(ns)  Slack(ns)  Location        Pin
Min Period        n/a     DNA_PORT/CLK  n/a            10.000        640.000     630.000    DNA_PORT_X0Y0   udp_gateway_shadow_mirror_i/dma_gateway_hybrid_0/inst/u_device_dna_reader/u_dna/CLK
Min Period        n/a     BUFG/I        n/a            2.155         640.000     637.845    BUFGCTRL_X0Y16  udp_gateway_shadow_mirror_i/dma_gateway_hybrid_0/inst/u_device_dna_reader/dna_clk_BUFG_inst/I
Min Period        n/a     FDCE/C        n/a            1.000         640.000     639.000    SLICE_X65Y87    udp_gateway_shadow_mirror_i/dma_gateway_hybrid_0/inst/u_device_dna_reader/dna_bit_count_reg[0]/C
Min Period        n/a     FDCE/C        n/a            1.000         640.000     639.000    SLICE_X65Y87    udp_gateway_shadow_mirror_i/dma_gateway_hybrid_0/inst/u_device_dna_reader/dna_bit_count_reg[1]/C
Min Period        n/a     FDCE/C        n/a            1.000         640.000     639.000    SLICE_X65Y87    udp_gateway_shadow_mirror_i/dma_gateway_hybrid_0/inst/u_device_dna_reader/dna_bit_count_reg[2]/C
Min Period        n/a     FDCE/C        n/a            1.000         640.000     639.000    SLICE_X65Y85    udp_gateway_shadow_mirror_i/dma_gateway_hybrid_0/inst/u_device_dna_reader/dna_bit_count_reg[3]/C
Min Period        n/a     FDCE/C        n/a            1.000         640.000     639.000    SLICE_X65Y85    udp_gateway_shadow_mirror_i/dma_gateway_hybrid_0/inst/u_device_dna_reader/dna_bit_count_reg[4]/C
Min Period        n/a     FDCE/C        n/a            1.000         640.000     639.000    SLICE_X65Y85    udp_gateway_shadow_mirror_i/dma_gateway_hybrid_0/inst/u_device_dna_reader/dna_bit_count_reg[5]/C
Min Period        n/a     FDCE/C        n/a            1.000         640.000     639.000    SLICE_X65Y85    udp_gateway_shadow_mirror_i/dma_gateway_hybrid_0/inst/u_device_dna_reader/dna_bit_count_reg[6]/C
Min Period        n/a     FDPE/C        n/a            1.000         640.000     639.000    SLICE_X65Y86    udp_gateway_shadow_mirror_i/dma_gateway_hybrid_0/inst/u_device_dna_reader/dna_busy_raw_reg/C
Low Pulse Width   Slow    FDCE/C        n/a            0.500         320.000     319.500    SLICE_X65Y87    udp_gateway_shadow_mirror_i/dma_gateway_hybrid_0/inst/u_device_dna_reader/dna_bit_count_reg[0]/C
Low Pulse Width   Fast    FDCE/C        n/a            0.500         320.000     319.500    SLICE_X65Y87    udp_gateway_shadow_mirror_i/dma_gateway_hybrid_0/inst/u_device_dna_reader/dna_bit_count_reg[0]/C
Low Pulse Width   Slow    FDCE/C        n/a            0.500         320.000     319.500    SLICE_X65Y87    udp_gateway_shadow_mirror_i/dma_gateway_hybrid_0/inst/u_device_dna_reader/dna_bit_count_reg[1]/C
Low Pulse Width   Fast    FDCE/C        n/a            0.500         320.000     319.500    SLICE_X65Y87    udp_gateway_shadow_mirror_i/dma_gateway_hybrid_0/inst/u_device_dna_reader/dna_bit_count_reg[1]/C
Low Pulse Width   Slow    FDCE/C        n/a            0.500         320.000     319.500    SLICE_X65Y87    udp_gateway_shadow_mirror_i/dma_gateway_hybrid_0/inst/u_device_dna_reader/dna_bit_count_reg[2]/C
Low Pulse Width   Fast    FDCE/C        n/a            0.500         320.000     319.500    SLICE_X65Y87    udp_gateway_shadow_mirror_i/dma_gateway_hybrid_0/inst/u_device_dna_reader/dna_bit_count_reg[2]/C
Low Pulse Width   Slow    FDCE/C        n/a            0.500         320.000     319.500    SLICE_X65Y85    udp_gateway_shadow_mirror_i/dma_gateway_hybrid_0/inst/u_device_dna_reader/dna_bit_count_reg[3]/C
Low Pulse Width   Fast    FDCE/C        n/a            0.500         320.000     319.500    SLICE_X65Y85    udp_gateway_shadow_mirror_i/dma_gateway_hybrid_0/inst/u_device_dna_reader/dna_bit_count_reg[3]/C
Low Pulse Width   Slow    FDCE/C        n/a            0.500         320.000     319.500    SLICE_X65Y85    udp_gateway_shadow_mirror_i/dma_gateway_hybrid_0/inst/u_device_dna_reader/dna_bit_count_reg[4]/C
Low Pulse Width   Fast    FDCE/C        n/a            0.500         320.000     319.500    SLICE_X65Y85    udp_gateway_shadow_mirror_i/dma_gateway_hybrid_0/inst/u_device_dna_reader/dna_bit_count_reg[4]/C
High Pulse Width  Slow    FDCE/C        n/a            0.500         320.000     319.500    SLICE_X65Y87    udp_gateway_shadow_mirror_i/dma_gateway_hybrid_0/inst/u_device_dna_reader/dna_bit_count_reg[0]/C
High Pulse Width  Fast    FDCE/C        n/a            0.500         320.000     319.500    SLICE_X65Y87    udp_gateway_shadow_mirror_i/dma_gateway_hybrid_0/inst/u_device_dna_reader/dna_bit_count_reg[0]/C
High Pulse Width  Slow    FDCE/C        n/a            0.500         320.000     319.500    SLICE_X65Y87    udp_gateway_shadow_mirror_i/dma_gateway_hybrid_0/inst/u_device_dna_reader/dna_bit_count_reg[1]/C
High Pulse Width  Fast    FDCE/C        n/a            0.500         320.000     319.500    SLICE_X65Y87    udp_gateway_shadow_mirror_i/dma_gateway_hybrid_0/inst/u_device_dna_reader/dna_bit_count_reg[1]/C
High Pulse Width  Slow    FDCE/C        n/a            0.500         320.000     319.500    SLICE_X65Y87    udp_gateway_shadow_mirror_i/dma_gateway_hybrid_0/inst/u_device_dna_reader/dna_bit_count_reg[2]/C
High Pulse Width  Fast    FDCE/C        n/a            0.500         320.000     319.500    SLICE_X65Y87    udp_gateway_shadow_mirror_i/dma_gateway_hybrid_0/inst/u_device_dna_reader/dna_bit_count_reg[2]/C
High Pulse Width  Slow    FDCE/C        n/a            0.500         320.000     319.500    SLICE_X65Y85    udp_gateway_shadow_mirror_i/dma_gateway_hybrid_0/inst/u_device_dna_reader/dna_bit_count_reg[3]/C
High Pulse Width  Fast    FDCE/C        n/a            0.500         320.000     319.500    SLICE_X65Y85    udp_gateway_shadow_mirror_i/dma_gateway_hybrid_0/inst/u_device_dna_reader/dna_bit_count_reg[3]/C
High Pulse Width  Slow    FDCE/C        n/a            0.500         320.000     319.500    SLICE_X65Y85    udp_gateway_shadow_mirror_i/dma_gateway_hybrid_0/inst/u_device_dna_reader/dna_bit_count_reg[4]/C
High Pulse Width  Fast    FDCE/C        n/a            0.500         320.000     319.500    SLICE_X65Y85    udp_gateway_shadow_mirror_i/dma_gateway_hybrid_0/inst/u_device_dna_reader/dna_bit_count_reg[4]/C



---------------------------------------------------------------------------------------------------
From Clock:  shadow_dna_clk
  To Clock:  clk_fpga_0

Setup :            0  Failing Endpoints,  Worst Slack       12.775ns,  Total Violation        0.000ns
Hold  :            0  Failing Endpoints,  Worst Slack        0.942ns,  Total Violation        0.000ns
---------------------------------------------------------------------------------------------------


Max Delay Paths
--------------------------------------------------------------------------------------
Slack (MET) :             12.775ns  (required time - arrival time)
  Source:                 udp_gateway_shadow_mirror_i/dma_gateway_hybrid_0/inst/u_device_dna_reader/dna_busy_raw_reg/C
                            (rising edge-triggered cell FDPE clocked by shadow_dna_clk  {rise@0.000ns fall@320.000ns period=640.000ns})
  Destination:            udp_gateway_shadow_mirror_i/dma_gateway_hybrid_0/inst/u_device_dna_reader/dna_clk_div_ctr_reg[2]/D
                            (rising edge-triggered cell FDCE clocked by clk_fpga_0  {rise@0.000ns fall@10.000ns period=20.000ns})
  Path Group:             clk_fpga_0
  Path Type:              Setup (Max at Slow Process Corner)
  Requirement:            20.000ns  (clk_fpga_0 rise@20.000ns - shadow_dna_clk rise@0.000ns)
  Data Path Delay:        3.488ns  (logic 0.580ns (16.626%)  route 2.908ns (83.374%))
  Logic Levels:           1  (LUT4=1)
  Clock Path Skew:        -3.466ns (DCD - SCD + CPR)
    Destination Clock Delay (DCD):    2.733ns = ( 22.733 - 20.000 ) 
    Source Clock Delay      (SCD):    6.314ns
    Clock Pessimism Removal (CPR):    0.115ns
  Clock Uncertainty:      0.302ns  ((TSJ^2 + TIJ^2)^1/2 + DJ) / 2 + PE
    Total System Jitter     (TSJ):    0.071ns
    Total Input Jitter      (TIJ):    0.600ns
    Discrete Jitter          (DJ):    0.000ns
    Phase Error              (PE):    0.000ns

    Location             Delay type                Incr(ns)  Path(ns)    Netlist Resource(s)
  -------------------------------------------------------------------    -------------------
                         (clock shadow_dna_clk rise edge)
                                                      0.000     0.000 r  
    PS7_X0Y0             PS7                          0.000     0.000 r  udp_gateway_shadow_mirror_i/processing_system7_0/inst/PS7_i/FCLKCLK[0]
                         net (fo=1, routed)           1.193     1.193    udp_gateway_shadow_mirror_i/processing_system7_0/inst/FCLK_CLK_unbuffered[0]
    BUFGCTRL_X0Y17       BUFG (Prop_bufg_I_O)         0.101     1.294 r  udp_gateway_shadow_mirror_i/processing_system7_0/inst/buffer_fclk_clk_0.FCLK_CLK_0_BUFG/O
                         net (fo=54559, routed)       1.729     3.023    udp_gateway_shadow_mirror_i/dma_gateway_hybrid_0/inst/u_device_dna_reader/clk
    SLICE_X57Y45         FDCE (Prop_fdce_C_Q)         0.456     3.479 r  udp_gateway_shadow_mirror_i/dma_gateway_hybrid_0/inst/u_device_dna_reader/dna_clk_reg/Q
                         net (fo=1, routed)           1.024     4.503    udp_gateway_shadow_mirror_i/dma_gateway_hybrid_0/inst/u_device_dna_reader/dna_clk
    BUFGCTRL_X0Y16       BUFG (Prop_bufg_I_O)         0.101     4.604 r  udp_gateway_shadow_mirror_i/dma_gateway_hybrid_0/inst/u_device_dna_reader/dna_clk_BUFG_inst/O
                         net (fo=69, routed)          1.710     6.314    udp_gateway_shadow_mirror_i/dma_gateway_hybrid_0/inst/u_device_dna_reader/dna_clk_BUFG
    SLICE_X65Y86         FDPE                                         r  udp_gateway_shadow_mirror_i/dma_gateway_hybrid_0/inst/u_device_dna_reader/dna_busy_raw_reg/C
  -------------------------------------------------------------------    -------------------
    SLICE_X65Y86         FDPE (Prop_fdpe_C_Q)         0.456     6.770 r  udp_gateway_shadow_mirror_i/dma_gateway_hybrid_0/inst/u_device_dna_reader/dna_busy_raw_reg/Q
                         net (fo=10, routed)          2.908     9.679    udp_gateway_shadow_mirror_i/dma_gateway_hybrid_0/inst/u_device_dna_reader/dna_busy_raw
    SLICE_X57Y45         LUT4 (Prop_lut4_I0_O)        0.124     9.803 r  udp_gateway_shadow_mirror_i/dma_gateway_hybrid_0/inst/u_device_dna_reader/dna_clk_div_ctr[2]_i_1/O
                         net (fo=1, routed)           0.000     9.803    udp_gateway_shadow_mirror_i/dma_gateway_hybrid_0/inst/u_device_dna_reader/dna_clk_div_ctr[2]_i_1_n_0
    SLICE_X57Y45         FDCE                                         r  udp_gateway_shadow_mirror_i/dma_gateway_hybrid_0/inst/u_device_dna_reader/dna_clk_div_ctr_reg[2]/D
  -------------------------------------------------------------------    -------------------

                         (clock clk_fpga_0 rise edge)
                                                     20.000    20.000 r  
    PS7_X0Y0             PS7                          0.000    20.000 r  udp_gateway_shadow_mirror_i/processing_system7_0/inst/PS7_i/FCLKCLK[0]
                         net (fo=1, routed)           1.088    21.088    udp_gateway_shadow_mirror_i/processing_system7_0/inst/FCLK_CLK_unbuffered[0]
    BUFGCTRL_X0Y17       BUFG (Prop_bufg_I_O)         0.091    21.179 r  udp_gateway_shadow_mirror_i/processing_system7_0/inst/buffer_fclk_clk_0.FCLK_CLK_0_BUFG/O
                         net (fo=54559, routed)       1.554    22.733    udp_gateway_shadow_mirror_i/dma_gateway_hybrid_0/inst/u_device_dna_reader/clk
    SLICE_X57Y45         FDCE                                         r  udp_gateway_shadow_mirror_i/dma_gateway_hybrid_0/inst/u_device_dna_reader/dna_clk_div_ctr_reg[2]/C
                         clock pessimism              0.115    22.848    
                         clock uncertainty           -0.302    22.546    
    SLICE_X57Y45         FDCE (Setup_fdce_C_D)        0.031    22.577    udp_gateway_shadow_mirror_i/dma_gateway_hybrid_0/inst/u_device_dna_reader/dna_clk_div_ctr_reg[2]
  -------------------------------------------------------------------
                         required time                         22.577    
                         arrival time                          -9.803    
  -------------------------------------------------------------------
                         slack                                 12.775    

Slack (MET) :             12.793ns  (required time - arrival time)
  Source:                 udp_gateway_shadow_mirror_i/dma_gateway_hybrid_0/inst/u_device_dna_reader/dna_busy_raw_reg/C
                            (rising edge-triggered cell FDPE clocked by shadow_dna_clk  {rise@0.000ns fall@320.000ns period=640.000ns})
  Destination:            udp_gateway_shadow_mirror_i/dma_gateway_hybrid_0/inst/u_device_dna_reader/dna_clk_div_ctr_reg[3]/D
                            (rising edge-triggered cell FDCE clocked by clk_fpga_0  {rise@0.000ns fall@10.000ns period=20.000ns})
  Path Group:             clk_fpga_0
  Path Type:              Setup (Max at Slow Process Corner)
  Requirement:            20.000ns  (clk_fpga_0 rise@20.000ns - shadow_dna_clk rise@0.000ns)
  Data Path Delay:        3.514ns  (logic 0.606ns (17.243%)  route 2.908ns (82.757%))
  Logic Levels:           1  (LUT5=1)
  Clock Path Skew:        -3.466ns (DCD - SCD + CPR)
    Destination Clock Delay (DCD):    2.733ns = ( 22.733 - 20.000 ) 
    Source Clock Delay      (SCD):    6.314ns
    Clock Pessimism Removal (CPR):    0.115ns
  Clock Uncertainty:      0.302ns  ((TSJ^2 + TIJ^2)^1/2 + DJ) / 2 + PE
    Total System Jitter     (TSJ):    0.071ns
    Total Input Jitter      (TIJ):    0.600ns
    Discrete Jitter          (DJ):    0.000ns
    Phase Error              (PE):    0.000ns

    Location             Delay type                Incr(ns)  Path(ns)    Netlist Resource(s)
  -------------------------------------------------------------------    -------------------
                         (clock shadow_dna_clk rise edge)
                                                      0.000     0.000 r  
    PS7_X0Y0             PS7                          0.000     0.000 r  udp_gateway_shadow_mirror_i/processing_system7_0/inst/PS7_i/FCLKCLK[0]
                         net (fo=1, routed)           1.193     1.193    udp_gateway_shadow_mirror_i/processing_system7_0/inst/FCLK_CLK_unbuffered[0]
    BUFGCTRL_X0Y17       BUFG (Prop_bufg_I_O)         0.101     1.294 r  udp_gateway_shadow_mirror_i/processing_system7_0/inst/buffer_fclk_clk_0.FCLK_CLK_0_BUFG/O
                         net (fo=54559, routed)       1.729     3.023    udp_gateway_shadow_mirror_i/dma_gateway_hybrid_0/inst/u_device_dna_reader/clk
    SLICE_X57Y45         FDCE (Prop_fdce_C_Q)         0.456     3.479 r  udp_gateway_shadow_mirror_i/dma_gateway_hybrid_0/inst/u_device_dna_reader/dna_clk_reg/Q
                         net (fo=1, routed)           1.024     4.503    udp_gateway_shadow_mirror_i/dma_gateway_hybrid_0/inst/u_device_dna_reader/dna_clk
    BUFGCTRL_X0Y16       BUFG (Prop_bufg_I_O)         0.101     4.604 r  udp_gateway_shadow_mirror_i/dma_gateway_hybrid_0/inst/u_device_dna_reader/dna_clk_BUFG_inst/O
                         net (fo=69, routed)          1.710     6.314    udp_gateway_shadow_mirror_i/dma_gateway_hybrid_0/inst/u_device_dna_reader/dna_clk_BUFG
    SLICE_X65Y86         FDPE                                         r  udp_gateway_shadow_mirror_i/dma_gateway_hybrid_0/inst/u_device_dna_reader/dna_busy_raw_reg/C
  -------------------------------------------------------------------    -------------------
    SLICE_X65Y86         FDPE (Prop_fdpe_C_Q)         0.456     6.770 r  udp_gateway_shadow_mirror_i/dma_gateway_hybrid_0/inst/u_device_dna_reader/dna_busy_raw_reg/Q
                         net (fo=10, routed)          2.908     9.679    udp_gateway_shadow_mirror_i/dma_gateway_hybrid_0/inst/u_device_dna_reader/dna_busy_raw
    SLICE_X57Y45         LUT5 (Prop_lut5_I0_O)        0.150     9.829 r  udp_gateway_shadow_mirror_i/dma_gateway_hybrid_0/inst/u_device_dna_reader/dna_clk_div_ctr[3]_i_1/O
                         net (fo=1, routed)           0.000     9.829    udp_gateway_shadow_mirror_i/dma_gateway_hybrid_0/inst/u_device_dna_reader/dna_clk_div_ctr[3]_i_1_n_0
    SLICE_X57Y45         FDCE                                         r  udp_gateway_shadow_mirror_i/dma_gateway_hybrid_0/inst/u_device_dna_reader/dna_clk_div_ctr_reg[3]/D
  -------------------------------------------------------------------    -------------------

                         (clock clk_fpga_0 rise edge)
                                                     20.000    20.000 r  
    PS7_X0Y0             PS7                          0.000    20.000 r  udp_gateway_shadow_mirror_i/processing_system7_0/inst/PS7_i/FCLKCLK[0]
                         net (fo=1, routed)           1.088    21.088    udp_gateway_shadow_mirror_i/processing_system7_0/inst/FCLK_CLK_unbuffered[0]
    BUFGCTRL_X0Y17       BUFG (Prop_bufg_I_O)         0.091    21.179 r  udp_gateway_shadow_mirror_i/processing_system7_0/inst/buffer_fclk_clk_0.FCLK_CLK_0_BUFG/O
                         net (fo=54559, routed)       1.554    22.733    udp_gateway_shadow_mirror_i/dma_gateway_hybrid_0/inst/u_device_dna_reader/clk
    SLICE_X57Y45         FDCE                                         r  udp_gateway_shadow_mirror_i/dma_gateway_hybrid_0/inst/u_device_dna_reader/dna_clk_div_ctr_reg[3]/C
                         clock pessimism              0.115    22.848    
                         clock uncertainty           -0.302    22.546    
    SLICE_X57Y45         FDCE (Setup_fdce_C_D)        0.075    22.621    udp_gateway_shadow_mirror_i/dma_gateway_hybrid_0/inst/u_device_dna_reader/dna_clk_div_ctr_reg[3]
  -------------------------------------------------------------------
                         required time                         22.621    
                         arrival time                          -9.829    
  -------------------------------------------------------------------
                         slack                                 12.793    

Slack (MET) :             13.102ns  (required time - arrival time)
  Source:                 udp_gateway_shadow_mirror_i/dma_gateway_hybrid_0/inst/u_device_dna_reader/dna_busy_raw_reg/C
                            (rising edge-triggered cell FDPE clocked by shadow_dna_clk  {rise@0.000ns fall@320.000ns period=640.000ns})
  Destination:            udp_gateway_shadow_mirror_i/dma_gateway_hybrid_0/inst/u_device_dna_reader/dna_clk_div_ctr_reg[0]/D
                            (rising edge-triggered cell FDCE clocked by clk_fpga_0  {rise@0.000ns fall@10.000ns period=20.000ns})
  Path Group:             clk_fpga_0
  Path Type:              Setup (Max at Slow Process Corner)
  Requirement:            20.000ns  (clk_fpga_0 rise@20.000ns - shadow_dna_clk rise@0.000ns)
  Data Path Delay:        3.159ns  (logic 0.580ns (18.359%)  route 2.579ns (81.641%))
  Logic Levels:           1  (LUT2=1)
  Clock Path Skew:        -3.466ns (DCD - SCD + CPR)
    Destination Clock Delay (DCD):    2.733ns = ( 22.733 - 20.000 ) 
    Source Clock Delay      (SCD):    6.314ns
    Clock Pessimism Removal (CPR):    0.115ns
  Clock Uncertainty:      0.302ns  ((TSJ^2 + TIJ^2)^1/2 + DJ) / 2 + PE
    Total System Jitter     (TSJ):    0.071ns
    Total Input Jitter      (TIJ):    0.600ns
    Discrete Jitter          (DJ):    0.000ns
    Phase Error              (PE):    0.000ns

    Location             Delay type                Incr(ns)  Path(ns)    Netlist Resource(s)
  -------------------------------------------------------------------    -------------------
                         (clock shadow_dna_clk rise edge)
                                                      0.000     0.000 r  
    PS7_X0Y0             PS7                          0.000     0.000 r  udp_gateway_shadow_mirror_i/processing_system7_0/inst/PS7_i/FCLKCLK[0]
                         net (fo=1, routed)           1.193     1.193    udp_gateway_shadow_mirror_i/processing_system7_0/inst/FCLK_CLK_unbuffered[0]
    BUFGCTRL_X0Y17       BUFG (Prop_bufg_I_O)         0.101     1.294 r  udp_gateway_shadow_mirror_i/processing_system7_0/inst/buffer_fclk_clk_0.FCLK_CLK_0_BUFG/O
                         net (fo=54559, routed)       1.729     3.023    udp_gateway_shadow_mirror_i/dma_gateway_hybrid_0/inst/u_device_dna_reader/clk
    SLICE_X57Y45         FDCE (Prop_fdce_C_Q)         0.456     3.479 r  udp_gateway_shadow_mirror_i/dma_gateway_hybrid_0/inst/u_device_dna_reader/dna_clk_reg/Q
                         net (fo=1, routed)           1.024     4.503    udp_gateway_shadow_mirror_i/dma_gateway_hybrid_0/inst/u_device_dna_reader/dna_clk
    BUFGCTRL_X0Y16       BUFG (Prop_bufg_I_O)         0.101     4.604 r  udp_gateway_shadow_mirror_i/dma_gateway_hybrid_0/inst/u_device_dna_reader/dna_clk_BUFG_inst/O
                         net (fo=69, routed)          1.710     6.314    udp_gateway_shadow_mirror_i/dma_gateway_hybrid_0/inst/u_device_dna_reader/dna_clk_BUFG
    SLICE_X65Y86         FDPE                                         r  udp_gateway_shadow_mirror_i/dma_gateway_hybrid_0/inst/u_device_dna_reader/dna_busy_raw_reg/C
  -------------------------------------------------------------------    -------------------
    SLICE_X65Y86         FDPE (Prop_fdpe_C_Q)         0.456     6.770 r  udp_gateway_shadow_mirror_i/dma_gateway_hybrid_0/inst/u_device_dna_reader/dna_busy_raw_reg/Q
                         net (fo=10, routed)          2.579     9.350    udp_gateway_shadow_mirror_i/dma_gateway_hybrid_0/inst/u_device_dna_reader/dna_busy_raw
    SLICE_X57Y45         LUT2 (Prop_lut2_I0_O)        0.124     9.474 r  udp_gateway_shadow_mirror_i/dma_gateway_hybrid_0/inst/u_device_dna_reader/dna_clk_div_ctr[0]_i_1/O
                         net (fo=1, routed)           0.000     9.474    udp_gateway_shadow_mirror_i/dma_gateway_hybrid_0/inst/u_device_dna_reader/dna_clk_div_ctr[0]_i_1_n_0
    SLICE_X57Y45         FDCE                                         r  udp_gateway_shadow_mirror_i/dma_gateway_hybrid_0/inst/u_device_dna_reader/dna_clk_div_ctr_reg[0]/D
  -------------------------------------------------------------------    -------------------

                         (clock clk_fpga_0 rise edge)
                                                     20.000    20.000 r  
    PS7_X0Y0             PS7                          0.000    20.000 r  udp_gateway_shadow_mirror_i/processing_system7_0/inst/PS7_i/FCLKCLK[0]
                         net (fo=1, routed)           1.088    21.088    udp_gateway_shadow_mirror_i/processing_system7_0/inst/FCLK_CLK_unbuffered[0]
    BUFGCTRL_X0Y17       BUFG (Prop_bufg_I_O)         0.091    21.179 r  udp_gateway_shadow_mirror_i/processing_system7_0/inst/buffer_fclk_clk_0.FCLK_CLK_0_BUFG/O
                         net (fo=54559, routed)       1.554    22.733    udp_gateway_shadow_mirror_i/dma_gateway_hybrid_0/inst/u_device_dna_reader/clk
    SLICE_X57Y45         FDCE                                         r  udp_gateway_shadow_mirror_i/dma_gateway_hybrid_0/inst/u_device_dna_reader/dna_clk_div_ctr_reg[0]/C
                         clock pessimism              0.115    22.848    
                         clock uncertainty           -0.302    22.546    
    SLICE_X57Y45         FDCE (Setup_fdce_C_D)        0.029    22.575    udp_gateway_shadow_mirror_i/dma_gateway_hybrid_0/inst/u_device_dna_reader/dna_clk_div_ctr_reg[0]
  -------------------------------------------------------------------
                         required time                         22.575    
                         arrival time                          -9.474    
  -------------------------------------------------------------------
                         slack                                 13.102    

Slack (MET) :             13.120ns  (required time - arrival time)
  Source:                 udp_gateway_shadow_mirror_i/dma_gateway_hybrid_0/inst/u_device_dna_reader/dna_busy_raw_reg/C
                            (rising edge-triggered cell FDPE clocked by shadow_dna_clk  {rise@0.000ns fall@320.000ns period=640.000ns})
  Destination:            udp_gateway_shadow_mirror_i/dma_gateway_hybrid_0/inst/u_device_dna_reader/dna_clk_div_ctr_reg[1]/D
                            (rising edge-triggered cell FDCE clocked by clk_fpga_0  {rise@0.000ns fall@10.000ns period=20.000ns})
  Path Group:             clk_fpga_0
  Path Type:              Setup (Max at Slow Process Corner)
  Requirement:            20.000ns  (clk_fpga_0 rise@20.000ns - shadow_dna_clk rise@0.000ns)
  Data Path Delay:        3.187ns  (logic 0.608ns (19.076%)  route 2.579ns (80.924%))
  Logic Levels:           1  (LUT3=1)
  Clock Path Skew:        -3.466ns (DCD - SCD + CPR)
    Destination Clock Delay (DCD):    2.733ns = ( 22.733 - 20.000 ) 
    Source Clock Delay      (SCD):    6.314ns
    Clock Pessimism Removal (CPR):    0.115ns
  Clock Uncertainty:      0.302ns  ((TSJ^2 + TIJ^2)^1/2 + DJ) / 2 + PE
    Total System Jitter     (TSJ):    0.071ns
    Total Input Jitter      (TIJ):    0.600ns
    Discrete Jitter          (DJ):    0.000ns
    Phase Error              (PE):    0.000ns

    Location             Delay type                Incr(ns)  Path(ns)    Netlist Resource(s)
  -------------------------------------------------------------------    -------------------
                         (clock shadow_dna_clk rise edge)
                                                      0.000     0.000 r  
    PS7_X0Y0             PS7                          0.000     0.000 r  udp_gateway_shadow_mirror_i/processing_system7_0/inst/PS7_i/FCLKCLK[0]
                         net (fo=1, routed)           1.193     1.193    udp_gateway_shadow_mirror_i/processing_system7_0/inst/FCLK_CLK_unbuffered[0]
    BUFGCTRL_X0Y17       BUFG (Prop_bufg_I_O)         0.101     1.294 r  udp_gateway_shadow_mirror_i/processing_system7_0/inst/buffer_fclk_clk_0.FCLK_CLK_0_BUFG/O
                         net (fo=54559, routed)       1.729     3.023    udp_gateway_shadow_mirror_i/dma_gateway_hybrid_0/inst/u_device_dna_reader/clk
    SLICE_X57Y45         FDCE (Prop_fdce_C_Q)         0.456     3.479 r  udp_gateway_shadow_mirror_i/dma_gateway_hybrid_0/inst/u_device_dna_reader/dna_clk_reg/Q
                         net (fo=1, routed)           1.024     4.503    udp_gateway_shadow_mirror_i/dma_gateway_hybrid_0/inst/u_device_dna_reader/dna_clk
    BUFGCTRL_X0Y16       BUFG (Prop_bufg_I_O)         0.101     4.604 r  udp_gateway_shadow_mirror_i/dma_gateway_hybrid_0/inst/u_device_dna_reader/dna_clk_BUFG_inst/O
                         net (fo=69, routed)          1.710     6.314    udp_gateway_shadow_mirror_i/dma_gateway_hybrid_0/inst/u_device_dna_reader/dna_clk_BUFG
    SLICE_X65Y86         FDPE                                         r  udp_gateway_shadow_mirror_i/dma_gateway_hybrid_0/inst/u_device_dna_reader/dna_busy_raw_reg/C
  -------------------------------------------------------------------    -------------------
    SLICE_X65Y86         FDPE (Prop_fdpe_C_Q)         0.456     6.770 r  udp_gateway_shadow_mirror_i/dma_gateway_hybrid_0/inst/u_device_dna_reader/dna_busy_raw_reg/Q
                         net (fo=10, routed)          2.579     9.350    udp_gateway_shadow_mirror_i/dma_gateway_hybrid_0/inst/u_device_dna_reader/dna_busy_raw
    SLICE_X57Y45         LUT3 (Prop_lut3_I0_O)        0.152     9.502 r  udp_gateway_shadow_mirror_i/dma_gateway_hybrid_0/inst/u_device_dna_reader/dna_clk_div_ctr[1]_i_1/O
                         net (fo=1, routed)           0.000     9.502    udp_gateway_shadow_mirror_i/dma_gateway_hybrid_0/inst/u_device_dna_reader/dna_clk_div_ctr[1]_i_1_n_0
    SLICE_X57Y45         FDCE                                         r  udp_gateway_shadow_mirror_i/dma_gateway_hybrid_0/inst/u_device_dna_reader/dna_clk_div_ctr_reg[1]/D
  -------------------------------------------------------------------    -------------------

                         (clock clk_fpga_0 rise edge)
                                                     20.000    20.000 r  
    PS7_X0Y0             PS7                          0.000    20.000 r  udp_gateway_shadow_mirror_i/processing_system7_0/inst/PS7_i/FCLKCLK[0]
                         net (fo=1, routed)           1.088    21.088    udp_gateway_shadow_mirror_i/processing_system7_0/inst/FCLK_CLK_unbuffered[0]
    BUFGCTRL_X0Y17       BUFG (Prop_bufg_I_O)         0.091    21.179 r  udp_gateway_shadow_mirror_i/processing_system7_0/inst/buffer_fclk_clk_0.FCLK_CLK_0_BUFG/O
                         net (fo=54559, routed)       1.554    22.733    udp_gateway_shadow_mirror_i/dma_gateway_hybrid_0/inst/u_device_dna_reader/clk
    SLICE_X57Y45         FDCE                                         r  udp_gateway_shadow_mirror_i/dma_gateway_hybrid_0/inst/u_device_dna_reader/dna_clk_div_ctr_reg[1]/C
                         clock pessimism              0.115    22.848    
                         clock uncertainty           -0.302    22.546    
    SLICE_X57Y45         FDCE (Setup_fdce_C_D)        0.075    22.621    udp_gateway_shadow_mirror_i/dma_gateway_hybrid_0/inst/u_device_dna_reader/dna_clk_div_ctr_reg[1]
  -------------------------------------------------------------------
                         required time                         22.621    
                         arrival time                          -9.502    
  -------------------------------------------------------------------
                         slack                                 13.120    

Slack (MET) :             13.302ns  (required time - arrival time)
  Source:                 udp_gateway_shadow_mirror_i/dma_gateway_hybrid_0/inst/u_device_dna_reader/dna_busy_raw_reg/C
                            (rising edge-triggered cell FDPE clocked by shadow_dna_clk  {rise@0.000ns fall@320.000ns period=640.000ns})
  Destination:            udp_gateway_shadow_mirror_i/dma_gateway_hybrid_0/inst/u_device_dna_reader/dna_clk_reg/D
                            (rising edge-triggered cell FDCE clocked by clk_fpga_0  {rise@0.000ns fall@10.000ns period=20.000ns})
  Path Group:             clk_fpga_0
  Path Type:              Setup (Max at Slow Process Corner)
  Requirement:            20.000ns  (clk_fpga_0 rise@20.000ns - shadow_dna_clk rise@0.000ns)
  Data Path Delay:        2.961ns  (logic 0.580ns (19.590%)  route 2.381ns (80.410%))
  Logic Levels:           1  (LUT6=1)
  Clock Path Skew:        -3.466ns (DCD - SCD + CPR)
    Destination Clock Delay (DCD):    2.733ns = ( 22.733 - 20.000 ) 
    Source Clock Delay      (SCD):    6.314ns
    Clock Pessimism Removal (CPR):    0.115ns
  Clock Uncertainty:      0.302ns  ((TSJ^2 + TIJ^2)^1/2 + DJ) / 2 + PE
    Total System Jitter     (TSJ):    0.071ns
    Total Input Jitter      (TIJ):    0.600ns
    Discrete Jitter          (DJ):    0.000ns
    Phase Error              (PE):    0.000ns

    Location             Delay type                Incr(ns)  Path(ns)    Netlist Resource(s)
  -------------------------------------------------------------------    -------------------
                         (clock shadow_dna_clk rise edge)
                                                      0.000     0.000 r  
    PS7_X0Y0             PS7                          0.000     0.000 r  udp_gateway_shadow_mirror_i/processing_system7_0/inst/PS7_i/FCLKCLK[0]
                         net (fo=1, routed)           1.193     1.193    udp_gateway_shadow_mirror_i/processing_system7_0/inst/FCLK_CLK_unbuffered[0]
    BUFGCTRL_X0Y17       BUFG (Prop_bufg_I_O)         0.101     1.294 r  udp_gateway_shadow_mirror_i/processing_system7_0/inst/buffer_fclk_clk_0.FCLK_CLK_0_BUFG/O
                         net (fo=54559, routed)       1.729     3.023    udp_gateway_shadow_mirror_i/dma_gateway_hybrid_0/inst/u_device_dna_reader/clk
    SLICE_X57Y45         FDCE (Prop_fdce_C_Q)         0.456     3.479 r  udp_gateway_shadow_mirror_i/dma_gateway_hybrid_0/inst/u_device_dna_reader/dna_clk_reg/Q
                         net (fo=1, routed)           1.024     4.503    udp_gateway_shadow_mirror_i/dma_gateway_hybrid_0/inst/u_device_dna_reader/dna_clk
    BUFGCTRL_X0Y16       BUFG (Prop_bufg_I_O)         0.101     4.604 r  udp_gateway_shadow_mirror_i/dma_gateway_hybrid_0/inst/u_device_dna_reader/dna_clk_BUFG_inst/O
                         net (fo=69, routed)          1.710     6.314    udp_gateway_shadow_mirror_i/dma_gateway_hybrid_0/inst/u_device_dna_reader/dna_clk_BUFG
    SLICE_X65Y86         FDPE                                         r  udp_gateway_shadow_mirror_i/dma_gateway_hybrid_0/inst/u_device_dna_reader/dna_busy_raw_reg/C
  -------------------------------------------------------------------    -------------------
    SLICE_X65Y86         FDPE (Prop_fdpe_C_Q)         0.456     6.770 r  udp_gateway_shadow_mirror_i/dma_gateway_hybrid_0/inst/u_device_dna_reader/dna_busy_raw_reg/Q
                         net (fo=10, routed)          2.381     9.151    udp_gateway_shadow_mirror_i/dma_gateway_hybrid_0/inst/u_device_dna_reader/dna_busy_raw
    SLICE_X57Y45         LUT6 (Prop_lut6_I4_O)        0.124     9.275 r  udp_gateway_shadow_mirror_i/dma_gateway_hybrid_0/inst/u_device_dna_reader/dna_clk_i_1/O
                         net (fo=1, routed)           0.000     9.275    udp_gateway_shadow_mirror_i/dma_gateway_hybrid_0/inst/u_device_dna_reader/dna_clk_i_1_n_0
    SLICE_X57Y45         FDCE                                         r  udp_gateway_shadow_mirror_i/dma_gateway_hybrid_0/inst/u_device_dna_reader/dna_clk_reg/D
  -------------------------------------------------------------------    -------------------

                         (clock clk_fpga_0 rise edge)
                                                     20.000    20.000 r  
    PS7_X0Y0             PS7                          0.000    20.000 r  udp_gateway_shadow_mirror_i/processing_system7_0/inst/PS7_i/FCLKCLK[0]
                         net (fo=1, routed)           1.088    21.088    udp_gateway_shadow_mirror_i/processing_system7_0/inst/FCLK_CLK_unbuffered[0]
    BUFGCTRL_X0Y17       BUFG (Prop_bufg_I_O)         0.091    21.179 r  udp_gateway_shadow_mirror_i/processing_system7_0/inst/buffer_fclk_clk_0.FCLK_CLK_0_BUFG/O
                         net (fo=54559, routed)       1.554    22.733    udp_gateway_shadow_mirror_i/dma_gateway_hybrid_0/inst/u_device_dna_reader/clk
    SLICE_X57Y45         FDCE                                         r  udp_gateway_shadow_mirror_i/dma_gateway_hybrid_0/inst/u_device_dna_reader/dna_clk_reg/C
                         clock pessimism              0.115    22.848    
                         clock uncertainty           -0.302    22.546    
    SLICE_X57Y45         FDCE (Setup_fdce_C_D)        0.031    22.577    udp_gateway_shadow_mirror_i/dma_gateway_hybrid_0/inst/u_device_dna_reader/dna_clk_reg
  -------------------------------------------------------------------
                         required time                         22.577    
                         arrival time                          -9.275    
  -------------------------------------------------------------------
                         slack                                 13.302    

Slack (MET) :             14.034ns  (required time - arrival time)
  Source:                 udp_gateway_shadow_mirror_i/dma_gateway_hybrid_0/inst/u_device_dna_reader/dna_busy_raw_reg/C
                            (rising edge-triggered cell FDPE clocked by shadow_dna_clk  {rise@0.000ns fall@320.000ns period=640.000ns})
  Destination:            udp_gateway_shadow_mirror_i/dma_gateway_hybrid_0/inst/u_device_dna_reader/dna_done_sync_ff1_reg/D
                            (rising edge-triggered cell FDCE clocked by clk_fpga_0  {rise@0.000ns fall@10.000ns period=20.000ns})
  Path Group:             clk_fpga_0
  Path Type:              Setup (Max at Slow Process Corner)
  Requirement:            20.000ns  (clk_fpga_0 rise@20.000ns - shadow_dna_clk rise@0.000ns)
  Data Path Delay:        1.906ns  (logic 0.609ns (31.955%)  route 1.297ns (68.045%))
  Logic Levels:           1  (LUT1=1)
  Clock Path Skew:        -3.488ns (DCD - SCD + CPR)
    Destination Clock Delay (DCD):    2.712ns = ( 22.712 - 20.000 ) 
    Source Clock Delay      (SCD):    6.314ns
    Clock Pessimism Removal (CPR):    0.115ns
  Clock Uncertainty:      0.302ns  ((TSJ^2 + TIJ^2)^1/2 + DJ) / 2 + PE
    Total System Jitter     (TSJ):    0.071ns
    Total Input Jitter      (TIJ):    0.600ns
    Discrete Jitter          (DJ):    0.000ns
    Phase Error              (PE):    0.000ns

    Location             Delay type                Incr(ns)  Path(ns)    Netlist Resource(s)
  -------------------------------------------------------------------    -------------------
                         (clock shadow_dna_clk rise edge)
                                                      0.000     0.000 r  
    PS7_X0Y0             PS7                          0.000     0.000 r  udp_gateway_shadow_mirror_i/processing_system7_0/inst/PS7_i/FCLKCLK[0]
                         net (fo=1, routed)           1.193     1.193    udp_gateway_shadow_mirror_i/processing_system7_0/inst/FCLK_CLK_unbuffered[0]
    BUFGCTRL_X0Y17       BUFG (Prop_bufg_I_O)         0.101     1.294 r  udp_gateway_shadow_mirror_i/processing_system7_0/inst/buffer_fclk_clk_0.FCLK_CLK_0_BUFG/O
                         net (fo=54559, routed)       1.729     3.023    udp_gateway_shadow_mirror_i/dma_gateway_hybrid_0/inst/u_device_dna_reader/clk
    SLICE_X57Y45         FDCE (Prop_fdce_C_Q)         0.456     3.479 r  udp_gateway_shadow_mirror_i/dma_gateway_hybrid_0/inst/u_device_dna_reader/dna_clk_reg/Q
                         net (fo=1, routed)           1.024     4.503    udp_gateway_shadow_mirror_i/dma_gateway_hybrid_0/inst/u_device_dna_reader/dna_clk
    BUFGCTRL_X0Y16       BUFG (Prop_bufg_I_O)         0.101     4.604 r  udp_gateway_shadow_mirror_i/dma_gateway_hybrid_0/inst/u_device_dna_reader/dna_clk_BUFG_inst/O
                         net (fo=69, routed)          1.710     6.314    udp_gateway_shadow_mirror_i/dma_gateway_hybrid_0/inst/u_device_dna_reader/dna_clk_BUFG
    SLICE_X65Y86         FDPE                                         r  udp_gateway_shadow_mirror_i/dma_gateway_hybrid_0/inst/u_device_dna_reader/dna_busy_raw_reg/C
  -------------------------------------------------------------------    -------------------
    SLICE_X65Y86         FDPE (Prop_fdpe_C_Q)         0.456     6.770 f  udp_gateway_shadow_mirror_i/dma_gateway_hybrid_0/inst/u_device_dna_reader/dna_busy_raw_reg/Q
                         net (fo=10, routed)          0.608     7.378    udp_gateway_shadow_mirror_i/dma_gateway_hybrid_0/inst/u_device_dna_reader/dna_busy_raw
    SLICE_X65Y87         LUT1 (Prop_lut1_I0_O)        0.153     7.531 r  udp_gateway_shadow_mirror_i/dma_gateway_hybrid_0/inst/u_device_dna_reader/dna_done_sync_ff1_i_1/O
                         net (fo=1, routed)           0.689     8.220    udp_gateway_shadow_mirror_i/dma_gateway_hybrid_0/inst/u_device_dna_reader/dna_done_sync_ff1_i_1_n_0
    SLICE_X57Y87         FDCE                                         r  udp_gateway_shadow_mirror_i/dma_gateway_hybrid_0/inst/u_device_dna_reader/dna_done_sync_ff1_reg/D
  -------------------------------------------------------------------    -------------------

                         (clock clk_fpga_0 rise edge)
                                                     20.000    20.000 r  
    PS7_X0Y0             PS7                          0.000    20.000 r  udp_gateway_shadow_mirror_i/processing_system7_0/inst/PS7_i/FCLKCLK[0]
                         net (fo=1, routed)           1.088    21.088    udp_gateway_shadow_mirror_i/processing_system7_0/inst/FCLK_CLK_unbuffered[0]
    BUFGCTRL_X0Y17       BUFG (Prop_bufg_I_O)         0.091    21.179 r  udp_gateway_shadow_mirror_i/processing_system7_0/inst/buffer_fclk_clk_0.FCLK_CLK_0_BUFG/O
                         net (fo=54559, routed)       1.533    22.712    udp_gateway_shadow_mirror_i/dma_gateway_hybrid_0/inst/u_device_dna_reader/clk
    SLICE_X57Y87         FDCE                                         r  udp_gateway_shadow_mirror_i/dma_gateway_hybrid_0/inst/u_device_dna_reader/dna_done_sync_ff1_reg/C
                         clock pessimism              0.115    22.827    
                         clock uncertainty           -0.302    22.525    
    SLICE_X57Y87         FDCE (Setup_fdce_C_D)       -0.270    22.255    udp_gateway_shadow_mirror_i/dma_gateway_hybrid_0/inst/u_device_dna_reader/dna_done_sync_ff1_reg
  -------------------------------------------------------------------
                         required time                         22.255    
                         arrival time                          -8.220    
  -------------------------------------------------------------------
                         slack                                 14.034    

Slack (MET) :             14.035ns  (required time - arrival time)
  Source:                 udp_gateway_shadow_mirror_i/dma_gateway_hybrid_0/inst/u_device_dna_reader/dna_shift_value_reg[14]/C
                            (rising edge-triggered cell FDCE clocked by shadow_dna_clk  {rise@0.000ns fall@320.000ns period=640.000ns})
  Destination:            udp_gateway_shadow_mirror_i/dma_gateway_hybrid_0/inst/u_device_dna_reader/o_dna_value_reg[14]/D
                            (rising edge-triggered cell FDCE clocked by clk_fpga_0  {rise@0.000ns fall@10.000ns period=20.000ns})
  Path Group:             clk_fpga_0
  Path Type:              Setup (Max at Slow Process Corner)
  Requirement:            20.000ns  (clk_fpga_0 rise@20.000ns - shadow_dna_clk rise@0.000ns)
  Data Path Delay:        2.012ns  (logic 0.456ns (22.661%)  route 1.556ns (77.339%))
  Logic Levels:           0  
  Clock Path Skew:        -3.569ns (DCD - SCD + CPR)
    Destination Clock Delay (DCD):    2.895ns = ( 22.895 - 20.000 ) 
    Source Clock Delay      (SCD):    6.579ns
    Clock Pessimism Removal (CPR):    0.115ns
  Clock Uncertainty:      0.302ns  ((TSJ^2 + TIJ^2)^1/2 + DJ) / 2 + PE
    Total System Jitter     (TSJ):    0.071ns
    Total Input Jitter      (TIJ):    0.600ns
    Discrete Jitter          (DJ):    0.000ns
    Phase Error              (PE):    0.000ns

    Location             Delay type                Incr(ns)  Path(ns)    Netlist Resource(s)
  -------------------------------------------------------------------    -------------------
                         (clock shadow_dna_clk rise edge)
                                                      0.000     0.000 r  
    PS7_X0Y0             PS7                          0.000     0.000 r  udp_gateway_shadow_mirror_i/processing_system7_0/inst/PS7_i/FCLKCLK[0]
                         net (fo=1, routed)           1.193     1.193    udp_gateway_shadow_mirror_i/processing_system7_0/inst/FCLK_CLK_unbuffered[0]
    BUFGCTRL_X0Y17       BUFG (Prop_bufg_I_O)         0.101     1.294 r  udp_gateway_shadow_mirror_i/processing_system7_0/inst/buffer_fclk_clk_0.FCLK_CLK_0_BUFG/O
                         net (fo=54559, routed)       1.729     3.023    udp_gateway_shadow_mirror_i/dma_gateway_hybrid_0/inst/u_device_dna_reader/clk
    SLICE_X57Y45         FDCE (Prop_fdce_C_Q)         0.456     3.479 r  udp_gateway_shadow_mirror_i/dma_gateway_hybrid_0/inst/u_device_dna_reader/dna_clk_reg/Q
                         net (fo=1, routed)           1.024     4.503    udp_gateway_shadow_mirror_i/dma_gateway_hybrid_0/inst/u_device_dna_reader/dna_clk
    BUFGCTRL_X0Y16       BUFG (Prop_bufg_I_O)         0.101     4.604 r  udp_gateway_shadow_mirror_i/dma_gateway_hybrid_0/inst/u_device_dna_reader/dna_clk_BUFG_inst/O
                         net (fo=69, routed)          1.975     6.579    udp_gateway_shadow_mirror_i/dma_gateway_hybrid_0/inst/u_device_dna_reader/dna_clk_BUFG
    SLICE_X99Y109        FDCE                                         r  udp_gateway_shadow_mirror_i/dma_gateway_hybrid_0/inst/u_device_dna_reader/dna_shift_value_reg[14]/C
  -------------------------------------------------------------------    -------------------
    SLICE_X99Y109        FDCE (Prop_fdce_C_Q)         0.456     7.035 r  udp_gateway_shadow_mirror_i/dma_gateway_hybrid_0/inst/u_device_dna_reader/dna_shift_value_reg[14]/Q
                         net (fo=2, routed)           1.556     8.592    udp_gateway_shadow_mirror_i/dma_gateway_hybrid_0/inst/u_device_dna_reader/dna_shift_value[14]
    SLICE_X87Y112        FDCE                                         r  udp_gateway_shadow_mirror_i/dma_gateway_hybrid_0/inst/u_device_dna_reader/o_dna_value_reg[14]/D
  -------------------------------------------------------------------    -------------------

                         (clock clk_fpga_0 rise edge)
                                                     20.000    20.000 r  
    PS7_X0Y0             PS7                          0.000    20.000 r  udp_gateway_shadow_mirror_i/processing_system7_0/inst/PS7_i/FCLKCLK[0]
                         net (fo=1, routed)           1.088    21.088    udp_gateway_shadow_mirror_i/processing_system7_0/inst/FCLK_CLK_unbuffered[0]
    BUFGCTRL_X0Y17       BUFG (Prop_bufg_I_O)         0.091    21.179 r  udp_gateway_shadow_mirror_i/processing_system7_0/inst/buffer_fclk_clk_0.FCLK_CLK_0_BUFG/O
                         net (fo=54559, routed)       1.716    22.895    udp_gateway_shadow_mirror_i/dma_gateway_hybrid_0/inst/u_device_dna_reader/clk
    SLICE_X87Y112        FDCE                                         r  udp_gateway_shadow_mirror_i/dma_gateway_hybrid_0/inst/u_device_dna_reader/o_dna_value_reg[14]/C
                         clock pessimism              0.115    23.010    
                         clock uncertainty           -0.302    22.708    
    SLICE_X87Y112        FDCE (Setup_fdce_C_D)       -0.081    22.627    udp_gateway_shadow_mirror_i/dma_gateway_hybrid_0/inst/u_device_dna_reader/o_dna_value_reg[14]
  -------------------------------------------------------------------
                         required time                         22.627    
                         arrival time                          -8.592    
  -------------------------------------------------------------------
                         slack                                 14.035    

Slack (MET) :             14.039ns  (required time - arrival time)
  Source:                 udp_gateway_shadow_mirror_i/dma_gateway_hybrid_0/inst/u_device_dna_reader/dna_shift_value_reg[32]/C
                            (rising edge-triggered cell FDCE clocked by shadow_dna_clk  {rise@0.000ns fall@320.000ns period=640.000ns})
  Destination:            udp_gateway_shadow_mirror_i/dma_gateway_hybrid_0/inst/u_device_dna_reader/o_dna_value_reg[32]/D
                            (rising edge-triggered cell FDCE clocked by clk_fpga_0  {rise@0.000ns fall@10.000ns period=20.000ns})
  Path Group:             clk_fpga_0
  Path Type:              Setup (Max at Slow Process Corner)
  Requirement:            20.000ns  (clk_fpga_0 rise@20.000ns - shadow_dna_clk rise@0.000ns)
  Data Path Delay:        1.990ns  (logic 0.456ns (22.911%)  route 1.534ns (77.089%))
  Logic Levels:           0  
  Clock Path Skew:        -3.563ns (DCD - SCD + CPR)
    Destination Clock Delay (DCD):    2.899ns = ( 22.899 - 20.000 ) 
    Source Clock Delay      (SCD):    6.577ns
    Clock Pessimism Removal (CPR):    0.115ns
  Clock Uncertainty:      0.302ns  ((TSJ^2 + TIJ^2)^1/2 + DJ) / 2 + PE
    Total System Jitter     (TSJ):    0.071ns
    Total Input Jitter      (TIJ):    0.600ns
    Discrete Jitter          (DJ):    0.000ns
    Phase Error              (PE):    0.000ns

    Location             Delay type                Incr(ns)  Path(ns)    Netlist Resource(s)
  -------------------------------------------------------------------    -------------------
                         (clock shadow_dna_clk rise edge)
                                                      0.000     0.000 r  
    PS7_X0Y0             PS7                          0.000     0.000 r  udp_gateway_shadow_mirror_i/processing_system7_0/inst/PS7_i/FCLKCLK[0]
                         net (fo=1, routed)           1.193     1.193    udp_gateway_shadow_mirror_i/processing_system7_0/inst/FCLK_CLK_unbuffered[0]
    BUFGCTRL_X0Y17       BUFG (Prop_bufg_I_O)         0.101     1.294 r  udp_gateway_shadow_mirror_i/processing_system7_0/inst/buffer_fclk_clk_0.FCLK_CLK_0_BUFG/O
                         net (fo=54559, routed)       1.729     3.023    udp_gateway_shadow_mirror_i/dma_gateway_hybrid_0/inst/u_device_dna_reader/clk
    SLICE_X57Y45         FDCE (Prop_fdce_C_Q)         0.456     3.479 r  udp_gateway_shadow_mirror_i/dma_gateway_hybrid_0/inst/u_device_dna_reader/dna_clk_reg/Q
                         net (fo=1, routed)           1.024     4.503    udp_gateway_shadow_mirror_i/dma_gateway_hybrid_0/inst/u_device_dna_reader/dna_clk
    BUFGCTRL_X0Y16       BUFG (Prop_bufg_I_O)         0.101     4.604 r  udp_gateway_shadow_mirror_i/dma_gateway_hybrid_0/inst/u_device_dna_reader/dna_clk_BUFG_inst/O
                         net (fo=69, routed)          1.973     6.577    udp_gateway_shadow_mirror_i/dma_gateway_hybrid_0/inst/u_device_dna_reader/dna_clk_BUFG
    SLICE_X91Y106        FDCE                                         r  udp_gateway_shadow_mirror_i/dma_gateway_hybrid_0/inst/u_device_dna_reader/dna_shift_value_reg[32]/C
  -------------------------------------------------------------------    -------------------
    SLICE_X91Y106        FDCE (Prop_fdce_C_Q)         0.456     7.033 r  udp_gateway_shadow_mirror_i/dma_gateway_hybrid_0/inst/u_device_dna_reader/dna_shift_value_reg[32]/Q
                         net (fo=2, routed)           1.534     8.568    udp_gateway_shadow_mirror_i/dma_gateway_hybrid_0/inst/u_device_dna_reader/dna_shift_value[32]
    SLICE_X89Y104        FDCE                                         r  udp_gateway_shadow_mirror_i/dma_gateway_hybrid_0/inst/u_device_dna_reader/o_dna_value_reg[32]/D
  -------------------------------------------------------------------    -------------------

                         (clock clk_fpga_0 rise edge)
                                                     20.000    20.000 r  
    PS7_X0Y0             PS7                          0.000    20.000 r  udp_gateway_shadow_mirror_i/processing_system7_0/inst/PS7_i/FCLKCLK[0]
                         net (fo=1, routed)           1.088    21.088    udp_gateway_shadow_mirror_i/processing_system7_0/inst/FCLK_CLK_unbuffered[0]
    BUFGCTRL_X0Y17       BUFG (Prop_bufg_I_O)         0.091    21.179 r  udp_gateway_shadow_mirror_i/processing_system7_0/inst/buffer_fclk_clk_0.FCLK_CLK_0_BUFG/O
                         net (fo=54559, routed)       1.720    22.899    udp_gateway_shadow_mirror_i/dma_gateway_hybrid_0/inst/u_device_dna_reader/clk
    SLICE_X89Y104        FDCE                                         r  udp_gateway_shadow_mirror_i/dma_gateway_hybrid_0/inst/u_device_dna_reader/o_dna_value_reg[32]/C
                         clock pessimism              0.115    23.014    
                         clock uncertainty           -0.302    22.712    
    SLICE_X89Y104        FDCE (Setup_fdce_C_D)       -0.105    22.607    udp_gateway_shadow_mirror_i/dma_gateway_hybrid_0/inst/u_device_dna_reader/o_dna_value_reg[32]
  -------------------------------------------------------------------
                         required time                         22.607    
                         arrival time                          -8.568    
  -------------------------------------------------------------------
                         slack                                 14.039    

Slack (MET) :             14.301ns  (required time - arrival time)
  Source:                 udp_gateway_shadow_mirror_i/dma_gateway_hybrid_0/inst/u_device_dna_reader/dna_shift_value_reg[23]/C
                            (rising edge-triggered cell FDCE clocked by shadow_dna_clk  {rise@0.000ns fall@320.000ns period=640.000ns})
  Destination:            udp_gateway_shadow_mirror_i/dma_gateway_hybrid_0/inst/u_device_dna_reader/o_dna_value_reg[23]/D
                            (rising edge-triggered cell FDCE clocked by clk_fpga_0  {rise@0.000ns fall@10.000ns period=20.000ns})
  Path Group:             clk_fpga_0
  Path Type:              Setup (Max at Slow Process Corner)
  Requirement:            20.000ns  (clk_fpga_0 rise@20.000ns - shadow_dna_clk rise@0.000ns)
  Data Path Delay:        1.901ns  (logic 0.456ns (23.989%)  route 1.445ns (76.011%))
  Logic Levels:           0  
  Clock Path Skew:        -3.429ns (DCD - SCD + CPR)
    Destination Clock Delay (DCD):    2.956ns = ( 22.956 - 20.000 ) 
    Source Clock Delay      (SCD):    6.500ns
    Clock Pessimism Removal (CPR):    0.115ns
  Clock Uncertainty:      0.302ns  ((TSJ^2 + TIJ^2)^1/2 + DJ) / 2 + PE
    Total System Jitter     (TSJ):    0.071ns
    Total Input Jitter      (TIJ):    0.600ns
    Discrete Jitter          (DJ):    0.000ns
    Phase Error              (PE):    0.000ns

    Location             Delay type                Incr(ns)  Path(ns)    Netlist Resource(s)
  -------------------------------------------------------------------    -------------------
                         (clock shadow_dna_clk rise edge)
                                                      0.000     0.000 r  
    PS7_X0Y0             PS7                          0.000     0.000 r  udp_gateway_shadow_mirror_i/processing_system7_0/inst/PS7_i/FCLKCLK[0]
                         net (fo=1, routed)           1.193     1.193    udp_gateway_shadow_mirror_i/processing_system7_0/inst/FCLK_CLK_unbuffered[0]
    BUFGCTRL_X0Y17       BUFG (Prop_bufg_I_O)         0.101     1.294 r  udp_gateway_shadow_mirror_i/processing_system7_0/inst/buffer_fclk_clk_0.FCLK_CLK_0_BUFG/O
                         net (fo=54559, routed)       1.729     3.023    udp_gateway_shadow_mirror_i/dma_gateway_hybrid_0/inst/u_device_dna_reader/clk
    SLICE_X57Y45         FDCE (Prop_fdce_C_Q)         0.456     3.479 r  udp_gateway_shadow_mirror_i/dma_gateway_hybrid_0/inst/u_device_dna_reader/dna_clk_reg/Q
                         net (fo=1, routed)           1.024     4.503    udp_gateway_shadow_mirror_i/dma_gateway_hybrid_0/inst/u_device_dna_reader/dna_clk
    BUFGCTRL_X0Y16       BUFG (Prop_bufg_I_O)         0.101     4.604 r  udp_gateway_shadow_mirror_i/dma_gateway_hybrid_0/inst/u_device_dna_reader/dna_clk_BUFG_inst/O
                         net (fo=69, routed)          1.896     6.500    udp_gateway_shadow_mirror_i/dma_gateway_hybrid_0/inst/u_device_dna_reader/dna_clk_BUFG
    SLICE_X85Y122        FDCE                                         r  udp_gateway_shadow_mirror_i/dma_gateway_hybrid_0/inst/u_device_dna_reader/dna_shift_value_reg[23]/C
  -------------------------------------------------------------------    -------------------
    SLICE_X85Y122        FDCE (Prop_fdce_C_Q)         0.456     6.956 r  udp_gateway_shadow_mirror_i/dma_gateway_hybrid_0/inst/u_device_dna_reader/dna_shift_value_reg[23]/Q
                         net (fo=2, routed)           1.445     8.401    udp_gateway_shadow_mirror_i/dma_gateway_hybrid_0/inst/u_device_dna_reader/dna_shift_value[23]
    SLICE_X91Y110        FDCE                                         r  udp_gateway_shadow_mirror_i/dma_gateway_hybrid_0/inst/u_device_dna_reader/o_dna_value_reg[23]/D
  -------------------------------------------------------------------    -------------------

                         (clock clk_fpga_0 rise edge)
                                                     20.000    20.000 r  
    PS7_X0Y0             PS7                          0.000    20.000 r  udp_gateway_shadow_mirror_i/processing_system7_0/inst/PS7_i/FCLKCLK[0]
                         net (fo=1, routed)           1.088    21.088    udp_gateway_shadow_mirror_i/processing_system7_0/inst/FCLK_CLK_unbuffered[0]
    BUFGCTRL_X0Y17       BUFG (Prop_bufg_I_O)         0.091    21.179 r  udp_gateway_shadow_mirror_i/processing_system7_0/inst/buffer_fclk_clk_0.FCLK_CLK_0_BUFG/O
                         net (fo=54559, routed)       1.777    22.956    udp_gateway_shadow_mirror_i/dma_gateway_hybrid_0/inst/u_device_dna_reader/clk
    SLICE_X91Y110        FDCE                                         r  udp_gateway_shadow_mirror_i/dma_gateway_hybrid_0/inst/u_device_dna_reader/o_dna_value_reg[23]/C
                         clock pessimism              0.115    23.071    
                         clock uncertainty           -0.302    22.769    
    SLICE_X91Y110        FDCE (Setup_fdce_C_D)       -0.067    22.702    udp_gateway_shadow_mirror_i/dma_gateway_hybrid_0/inst/u_device_dna_reader/o_dna_value_reg[23]
  -------------------------------------------------------------------
                         required time                         22.702    
                         arrival time                          -8.401    
  -------------------------------------------------------------------
                         slack                                 14.301    

Slack (MET) :             14.303ns  (required time - arrival time)
  Source:                 udp_gateway_shadow_mirror_i/dma_gateway_hybrid_0/inst/u_device_dna_reader/dna_shift_value_reg[27]/C
                            (rising edge-triggered cell FDCE clocked by shadow_dna_clk  {rise@0.000ns fall@320.000ns period=640.000ns})
  Destination:            udp_gateway_shadow_mirror_i/dma_gateway_hybrid_0/inst/u_device_dna_reader/o_dna_value_reg[27]/D
                            (rising edge-triggered cell FDCE clocked by clk_fpga_0  {rise@0.000ns fall@10.000ns period=20.000ns})
  Path Group:             clk_fpga_0
  Path Type:              Setup (Max at Slow Process Corner)
  Requirement:            20.000ns  (clk_fpga_0 rise@20.000ns - shadow_dna_clk rise@0.000ns)
  Data Path Delay:        1.719ns  (logic 0.456ns (26.533%)  route 1.263ns (73.467%))
  Logic Levels:           0  
  Clock Path Skew:        -3.568ns (DCD - SCD + CPR)
    Destination Clock Delay (DCD):    2.884ns = ( 22.884 - 20.000 ) 
    Source Clock Delay      (SCD):    6.567ns
    Clock Pessimism Removal (CPR):    0.115ns
  Clock Uncertainty:      0.302ns  ((TSJ^2 + TIJ^2)^1/2 + DJ) / 2 + PE
    Total System Jitter     (TSJ):    0.071ns
    Total Input Jitter      (TIJ):    0.600ns
    Discrete Jitter          (DJ):    0.000ns
    Phase Error              (PE):    0.000ns

    Location             Delay type                Incr(ns)  Path(ns)    Netlist Resource(s)
  -------------------------------------------------------------------    -------------------
                         (clock shadow_dna_clk rise edge)
                                                      0.000     0.000 r  
    PS7_X0Y0             PS7                          0.000     0.000 r  udp_gateway_shadow_mirror_i/processing_system7_0/inst/PS7_i/FCLKCLK[0]
                         net (fo=1, routed)           1.193     1.193    udp_gateway_shadow_mirror_i/processing_system7_0/inst/FCLK_CLK_unbuffered[0]
    BUFGCTRL_X0Y17       BUFG (Prop_bufg_I_O)         0.101     1.294 r  udp_gateway_shadow_mirror_i/processing_system7_0/inst/buffer_fclk_clk_0.FCLK_CLK_0_BUFG/O
                         net (fo=54559, routed)       1.729     3.023    udp_gateway_shadow_mirror_i/dma_gateway_hybrid_0/inst/u_device_dna_reader/clk
    SLICE_X57Y45         FDCE (Prop_fdce_C_Q)         0.456     3.479 r  udp_gateway_shadow_mirror_i/dma_gateway_hybrid_0/inst/u_device_dna_reader/dna_clk_reg/Q
                         net (fo=1, routed)           1.024     4.503    udp_gateway_shadow_mirror_i/dma_gateway_hybrid_0/inst/u_device_dna_reader/dna_clk
    BUFGCTRL_X0Y16       BUFG (Prop_bufg_I_O)         0.101     4.604 r  udp_gateway_shadow_mirror_i/dma_gateway_hybrid_0/inst/u_device_dna_reader/dna_clk_BUFG_inst/O
                         net (fo=69, routed)          1.963     6.567    udp_gateway_shadow_mirror_i/dma_gateway_hybrid_0/inst/u_device_dna_reader/dna_clk_BUFG
    SLICE_X95Y120        FDCE                                         r  udp_gateway_shadow_mirror_i/dma_gateway_hybrid_0/inst/u_device_dna_reader/dna_shift_value_reg[27]/C
  -------------------------------------------------------------------    -------------------
    SLICE_X95Y120        FDCE (Prop_fdce_C_Q)         0.456     7.023 r  udp_gateway_shadow_mirror_i/dma_gateway_hybrid_0/inst/u_device_dna_reader/dna_shift_value_reg[27]/Q
                         net (fo=2, routed)           1.263     8.286    udp_gateway_shadow_mirror_i/dma_gateway_hybrid_0/inst/u_device_dna_reader/dna_shift_value[27]
    SLICE_X85Y123        FDCE                                         r  udp_gateway_shadow_mirror_i/dma_gateway_hybrid_0/inst/u_device_dna_reader/o_dna_value_reg[27]/D
  -------------------------------------------------------------------    -------------------

                         (clock clk_fpga_0 rise edge)
                                                     20.000    20.000 r  
    PS7_X0Y0             PS7                          0.000    20.000 r  udp_gateway_shadow_mirror_i/processing_system7_0/inst/PS7_i/FCLKCLK[0]
                         net (fo=1, routed)           1.088    21.088    udp_gateway_shadow_mirror_i/processing_system7_0/inst/FCLK_CLK_unbuffered[0]
    BUFGCTRL_X0Y17       BUFG (Prop_bufg_I_O)         0.091    21.179 r  udp_gateway_shadow_mirror_i/processing_system7_0/inst/buffer_fclk_clk_0.FCLK_CLK_0_BUFG/O
                         net (fo=54559, routed)       1.705    22.884    udp_gateway_shadow_mirror_i/dma_gateway_hybrid_0/inst/u_device_dna_reader/clk
    SLICE_X85Y123        FDCE                                         r  udp_gateway_shadow_mirror_i/dma_gateway_hybrid_0/inst/u_device_dna_reader/o_dna_value_reg[27]/C
                         clock pessimism              0.115    22.999    
                         clock uncertainty           -0.302    22.697    
    SLICE_X85Y123        FDCE (Setup_fdce_C_D)       -0.108    22.589    udp_gateway_shadow_mirror_i/dma_gateway_hybrid_0/inst/u_device_dna_reader/o_dna_value_reg[27]
  -------------------------------------------------------------------
                         required time                         22.589    
                         arrival time                          -8.286    
  -------------------------------------------------------------------
                         slack                                 14.303    





Min Delay Paths
--------------------------------------------------------------------------------------
Slack (MET) :             0.942ns  (arrival time - required time)
  Source:                 udp_gateway_shadow_mirror_i/dma_gateway_hybrid_0/inst/u_device_dna_reader/dna_clk_reg/Q
                            (clock source 'shadow_dna_clk'  {rise@0.000ns fall@320.000ns period=640.000ns})
  Destination:            udp_gateway_shadow_mirror_i/dma_gateway_hybrid_0/inst/u_device_dna_reader/dna_clk_reg/D
                            (rising edge-triggered cell FDCE clocked by clk_fpga_0  {rise@0.000ns fall@10.000ns period=20.000ns})
  Path Group:             clk_fpga_0
  Path Type:              Hold (Min at Fast Process Corner)
  Requirement:            0.000ns  (clk_fpga_0 rise@320.000ns - shadow_dna_clk fall@320.000ns)
  Data Path Delay:        1.163ns  (logic 0.071ns (6.106%)  route 1.092ns (93.895%))
  Logic Levels:           2  (BUFG=1 LUT6=1)
  Clock Path Skew:        0.128ns (DCD - SCD - CPR)
    Destination Clock Delay (DCD):    1.218ns = ( 321.218 - 320.000 ) 
    Source Clock Delay      (SCD):    1.060ns = ( 321.060 - 320.000 ) 
    Clock Pessimism Removal (CPR):    0.030ns

    Location             Delay type                Incr(ns)  Path(ns)    Netlist Resource(s)
  -------------------------------------------------------------------    -------------------
                         (clock shadow_dna_clk fall edge)
                                                    320.000   320.000 f  
    PS7_X0Y0             PS7                          0.000   320.000 r  udp_gateway_shadow_mirror_i/processing_system7_0/inst/PS7_i/FCLKCLK[0]
                         net (fo=1, routed)           0.310   320.310    udp_gateway_shadow_mirror_i/processing_system7_0/inst/FCLK_CLK_unbuffered[0]
    BUFGCTRL_X0Y17       BUFG (Prop_bufg_I_O)         0.026   320.336 r  udp_gateway_shadow_mirror_i/processing_system7_0/inst/buffer_fclk_clk_0.FCLK_CLK_0_BUFG/O
                         net (fo=54559, routed)       0.583   320.919    udp_gateway_shadow_mirror_i/dma_gateway_hybrid_0/inst/u_device_dna_reader/clk
  -------------------------------------------------------------------    -------------------
    SLICE_X57Y45         FDCE (Prop_fdce_C_Q)         0.141   321.060 f  udp_gateway_shadow_mirror_i/dma_gateway_hybrid_0/inst/u_device_dna_reader/dna_clk_reg/Q
                         net (fo=1, routed)           0.457   321.517    udp_gateway_shadow_mirror_i/dma_gateway_hybrid_0/inst/u_device_dna_reader/dna_clk
    BUFGCTRL_X0Y16       BUFG (Prop_bufg_I_O)         0.026   321.543 f  udp_gateway_shadow_mirror_i/dma_gateway_hybrid_0/inst/u_device_dna_reader/dna_clk_BUFG_inst/O
                         net (fo=69, routed)          0.634   322.177    udp_gateway_shadow_mirror_i/dma_gateway_hybrid_0/inst/u_device_dna_reader/dna_clk_BUFG
    SLICE_X57Y45         LUT6 (Prop_lut6_I5_O)        0.045   322.222 r  udp_gateway_shadow_mirror_i/dma_gateway_hybrid_0/inst/u_device_dna_reader/dna_clk_i_1/O
                         net (fo=1, routed)           0.000   322.222    udp_gateway_shadow_mirror_i/dma_gateway_hybrid_0/inst/u_device_dna_reader/dna_clk_i_1_n_0
    SLICE_X57Y45         FDCE                                         r  udp_gateway_shadow_mirror_i/dma_gateway_hybrid_0/inst/u_device_dna_reader/dna_clk_reg/D
  -------------------------------------------------------------------    -------------------

                         (clock clk_fpga_0 rise edge)
                                                    320.000   320.000 r  
    PS7_X0Y0             PS7                          0.000   320.000 r  udp_gateway_shadow_mirror_i/processing_system7_0/inst/PS7_i/FCLKCLK[0]
                         net (fo=1, routed)           0.337   320.337    udp_gateway_shadow_mirror_i/processing_system7_0/inst/FCLK_CLK_unbuffered[0]
    BUFGCTRL_X0Y17       BUFG (Prop_bufg_I_O)         0.029   320.366 r  udp_gateway_shadow_mirror_i/processing_system7_0/inst/buffer_fclk_clk_0.FCLK_CLK_0_BUFG/O
                         net (fo=54559, routed)       0.852   321.218    udp_gateway_shadow_mirror_i/dma_gateway_hybrid_0/inst/u_device_dna_reader/clk
    SLICE_X57Y45         FDCE                                         r  udp_gateway_shadow_mirror_i/dma_gateway_hybrid_0/inst/u_device_dna_reader/dna_clk_reg/C
                         clock pessimism             -0.030   321.188    
    SLICE_X57Y45         FDCE (Hold_fdce_C_D)         0.092   321.280    udp_gateway_shadow_mirror_i/dma_gateway_hybrid_0/inst/u_device_dna_reader/dna_clk_reg
  -------------------------------------------------------------------
                         required time                       -321.280    
                         arrival time                         322.222    
  -------------------------------------------------------------------
                         slack                                  0.942    

Slack (MET) :             1.127ns  (arrival time - required time)
  Source:                 udp_gateway_shadow_mirror_i/dma_gateway_hybrid_0/inst/u_device_dna_reader/dna_shift_value_reg[13]/C
                            (rising edge-triggered cell FDCE clocked by shadow_dna_clk  {rise@0.000ns fall@320.000ns period=640.000ns})
  Destination:            udp_gateway_shadow_mirror_i/dma_gateway_hybrid_0/inst/u_device_dna_reader/o_dna_value_reg[13]/D
                            (rising edge-triggered cell FDCE clocked by clk_fpga_0  {rise@0.000ns fall@10.000ns period=20.000ns})
  Path Group:             clk_fpga_0
  Path Type:              Hold (Min at Fast Process Corner)
  Requirement:            0.000ns  (clk_fpga_0 rise@0.000ns - shadow_dna_clk rise@0.000ns)
  Data Path Delay:        0.263ns  (logic 0.141ns (53.626%)  route 0.122ns (46.374%))
  Logic Levels:           0  
  Clock Path Skew:        -0.934ns (DCD - SCD - CPR)
    Destination Clock Delay (DCD):    1.328ns
    Source Clock Delay      (SCD):    2.232ns
    Clock Pessimism Removal (CPR):    0.030ns

    Location             Delay type                Incr(ns)  Path(ns)    Netlist Resource(s)
  -------------------------------------------------------------------    -------------------
                         (clock shadow_dna_clk rise edge)
                                                      0.000     0.000 r  
    PS7_X0Y0             PS7                          0.000     0.000 r  udp_gateway_shadow_mirror_i/processing_system7_0/inst/PS7_i/FCLKCLK[0]
                         net (fo=1, routed)           0.310     0.310    udp_gateway_shadow_mirror_i/processing_system7_0/inst/FCLK_CLK_unbuffered[0]
    BUFGCTRL_X0Y17       BUFG (Prop_bufg_I_O)         0.026     0.336 r  udp_gateway_shadow_mirror_i/processing_system7_0/inst/buffer_fclk_clk_0.FCLK_CLK_0_BUFG/O
                         net (fo=54559, routed)       0.583     0.919    udp_gateway_shadow_mirror_i/dma_gateway_hybrid_0/inst/u_device_dna_reader/clk
    SLICE_X57Y45         FDCE (Prop_fdce_C_Q)         0.141     1.059 r  udp_gateway_shadow_mirror_i/dma_gateway_hybrid_0/inst/u_device_dna_reader/dna_clk_reg/Q
                         net (fo=1, routed)           0.457     1.517    udp_gateway_shadow_mirror_i/dma_gateway_hybrid_0/inst/u_device_dna_reader/dna_clk
    BUFGCTRL_X0Y16       BUFG (Prop_bufg_I_O)         0.026     1.543 r  udp_gateway_shadow_mirror_i/dma_gateway_hybrid_0/inst/u_device_dna_reader/dna_clk_BUFG_inst/O
                         net (fo=69, routed)          0.689     2.232    udp_gateway_shadow_mirror_i/dma_gateway_hybrid_0/inst/u_device_dna_reader/dna_clk_BUFG
    SLICE_X97Y106        FDCE                                         r  udp_gateway_shadow_mirror_i/dma_gateway_hybrid_0/inst/u_device_dna_reader/dna_shift_value_reg[13]/C
  -------------------------------------------------------------------    -------------------
    SLICE_X97Y106        FDCE (Prop_fdce_C_Q)         0.141     2.373 r  udp_gateway_shadow_mirror_i/dma_gateway_hybrid_0/inst/u_device_dna_reader/dna_shift_value_reg[13]/Q
                         net (fo=2, routed)           0.122     2.495    udp_gateway_shadow_mirror_i/dma_gateway_hybrid_0/inst/u_device_dna_reader/dna_shift_value[13]
    SLICE_X97Y107        FDCE                                         r  udp_gateway_shadow_mirror_i/dma_gateway_hybrid_0/inst/u_device_dna_reader/o_dna_value_reg[13]/D
  -------------------------------------------------------------------    -------------------

                         (clock clk_fpga_0 rise edge)
                                                      0.000     0.000 r  
    PS7_X0Y0             PS7                          0.000     0.000 r  udp_gateway_shadow_mirror_i/processing_system7_0/inst/PS7_i/FCLKCLK[0]
                         net (fo=1, routed)           0.337     0.337    udp_gateway_shadow_mirror_i/processing_system7_0/inst/FCLK_CLK_unbuffered[0]
    BUFGCTRL_X0Y17       BUFG (Prop_bufg_I_O)         0.029     0.366 r  udp_gateway_shadow_mirror_i/processing_system7_0/inst/buffer_fclk_clk_0.FCLK_CLK_0_BUFG/O
                         net (fo=54559, routed)       0.962     1.328    udp_gateway_shadow_mirror_i/dma_gateway_hybrid_0/inst/u_device_dna_reader/clk
    SLICE_X97Y107        FDCE                                         r  udp_gateway_shadow_mirror_i/dma_gateway_hybrid_0/inst/u_device_dna_reader/o_dna_value_reg[13]/C
                         clock pessimism             -0.030     1.298    
    SLICE_X97Y107        FDCE (Hold_fdce_C_D)         0.070     1.368    udp_gateway_shadow_mirror_i/dma_gateway_hybrid_0/inst/u_device_dna_reader/o_dna_value_reg[13]
  -------------------------------------------------------------------
                         required time                         -1.368    
                         arrival time                           2.495    
  -------------------------------------------------------------------
                         slack                                  1.127    

Slack (MET) :             1.146ns  (arrival time - required time)
  Source:                 udp_gateway_shadow_mirror_i/dma_gateway_hybrid_0/inst/u_device_dna_reader/dna_shift_value_reg[33]/C
                            (rising edge-triggered cell FDCE clocked by shadow_dna_clk  {rise@0.000ns fall@320.000ns period=640.000ns})
  Destination:            udp_gateway_shadow_mirror_i/dma_gateway_hybrid_0/inst/u_device_dna_reader/o_dna_value_reg[33]/D
                            (rising edge-triggered cell FDCE clocked by clk_fpga_0  {rise@0.000ns fall@10.000ns period=20.000ns})
  Path Group:             clk_fpga_0
  Path Type:              Hold (Min at Fast Process Corner)
  Requirement:            0.000ns  (clk_fpga_0 rise@0.000ns - shadow_dna_clk rise@0.000ns)
  Data Path Delay:        0.260ns  (logic 0.141ns (54.154%)  route 0.119ns (45.846%))
  Logic Levels:           0  
  Clock Path Skew:        -0.933ns (DCD - SCD - CPR)
    Destination Clock Delay (DCD):    1.329ns
    Source Clock Delay      (SCD):    2.232ns
    Clock Pessimism Removal (CPR):    0.030ns

    Location             Delay type                Incr(ns)  Path(ns)    Netlist Resource(s)
  -------------------------------------------------------------------    -------------------
                         (clock shadow_dna_clk rise edge)
                                                      0.000     0.000 r  
    PS7_X0Y0             PS7                          0.000     0.000 r  udp_gateway_shadow_mirror_i/processing_system7_0/inst/PS7_i/FCLKCLK[0]
                         net (fo=1, routed)           0.310     0.310    udp_gateway_shadow_mirror_i/processing_system7_0/inst/FCLK_CLK_unbuffered[0]
    BUFGCTRL_X0Y17       BUFG (Prop_bufg_I_O)         0.026     0.336 r  udp_gateway_shadow_mirror_i/processing_system7_0/inst/buffer_fclk_clk_0.FCLK_CLK_0_BUFG/O
                         net (fo=54559, routed)       0.583     0.919    udp_gateway_shadow_mirror_i/dma_gateway_hybrid_0/inst/u_device_dna_reader/clk
    SLICE_X57Y45         FDCE (Prop_fdce_C_Q)         0.141     1.059 r  udp_gateway_shadow_mirror_i/dma_gateway_hybrid_0/inst/u_device_dna_reader/dna_clk_reg/Q
                         net (fo=1, routed)           0.457     1.517    udp_gateway_shadow_mirror_i/dma_gateway_hybrid_0/inst/u_device_dna_reader/dna_clk
    BUFGCTRL_X0Y16       BUFG (Prop_bufg_I_O)         0.026     1.543 r  udp_gateway_shadow_mirror_i/dma_gateway_hybrid_0/inst/u_device_dna_reader/dna_clk_BUFG_inst/O
                         net (fo=69, routed)          0.689     2.232    udp_gateway_shadow_mirror_i/dma_gateway_hybrid_0/inst/u_device_dna_reader/dna_clk_BUFG
    SLICE_X91Y102        FDCE                                         r  udp_gateway_shadow_mirror_i/dma_gateway_hybrid_0/inst/u_device_dna_reader/dna_shift_value_reg[33]/C
  -------------------------------------------------------------------    -------------------
    SLICE_X91Y102        FDCE (Prop_fdce_C_Q)         0.141     2.373 r  udp_gateway_shadow_mirror_i/dma_gateway_hybrid_0/inst/u_device_dna_reader/dna_shift_value_reg[33]/Q
                         net (fo=2, routed)           0.119     2.492    udp_gateway_shadow_mirror_i/dma_gateway_hybrid_0/inst/u_device_dna_reader/dna_shift_value[33]
    SLICE_X91Y101        FDCE                                         r  udp_gateway_shadow_mirror_i/dma_gateway_hybrid_0/inst/u_device_dna_reader/o_dna_value_reg[33]/D
  -------------------------------------------------------------------    -------------------

                         (clock clk_fpga_0 rise edge)
                                                      0.000     0.000 r  
    PS7_X0Y0             PS7                          0.000     0.000 r  udp_gateway_shadow_mirror_i/processing_system7_0/inst/PS7_i/FCLKCLK[0]
                         net (fo=1, routed)           0.337     0.337    udp_gateway_shadow_mirror_i/processing_system7_0/inst/FCLK_CLK_unbuffered[0]
    BUFGCTRL_X0Y17       BUFG (Prop_bufg_I_O)         0.029     0.366 r  udp_gateway_shadow_mirror_i/processing_system7_0/inst/buffer_fclk_clk_0.FCLK_CLK_0_BUFG/O
                         net (fo=54559, routed)       0.963     1.329    udp_gateway_shadow_mirror_i/dma_gateway_hybrid_0/inst/u_device_dna_reader/clk
    SLICE_X91Y101        FDCE                                         r  udp_gateway_shadow_mirror_i/dma_gateway_hybrid_0/inst/u_device_dna_reader/o_dna_value_reg[33]/C
                         clock pessimism             -0.030     1.299    
    SLICE_X91Y101        FDCE (Hold_fdce_C_D)         0.047     1.346    udp_gateway_shadow_mirror_i/dma_gateway_hybrid_0/inst/u_device_dna_reader/o_dna_value_reg[33]
  -------------------------------------------------------------------
                         required time                         -1.346    
                         arrival time                           2.492    
  -------------------------------------------------------------------
                         slack                                  1.146    

Slack (MET) :             1.163ns  (arrival time - required time)
  Source:                 udp_gateway_shadow_mirror_i/dma_gateway_hybrid_0/inst/u_device_dna_reader/dna_shift_value_reg[6]/C
                            (rising edge-triggered cell FDCE clocked by shadow_dna_clk  {rise@0.000ns fall@320.000ns period=640.000ns})
  Destination:            udp_gateway_shadow_mirror_i/dma_gateway_hybrid_0/inst/u_device_dna_reader/o_dna_value_reg[6]/D
                            (rising edge-triggered cell FDCE clocked by clk_fpga_0  {rise@0.000ns fall@10.000ns period=20.000ns})
  Path Group:             clk_fpga_0
  Path Type:              Hold (Min at Fast Process Corner)
  Requirement:            0.000ns  (clk_fpga_0 rise@0.000ns - shadow_dna_clk rise@0.000ns)
  Data Path Delay:        0.298ns  (logic 0.141ns (47.316%)  route 0.157ns (52.684%))
  Logic Levels:           0  
  Clock Path Skew:        -0.935ns (DCD - SCD - CPR)
    Destination Clock Delay (DCD):    1.290ns
    Source Clock Delay      (SCD):    2.195ns
    Clock Pessimism Removal (CPR):    0.030ns

    Location             Delay type                Incr(ns)  Path(ns)    Netlist Resource(s)
  -------------------------------------------------------------------    -------------------
                         (clock shadow_dna_clk rise edge)
                                                      0.000     0.000 r  
    PS7_X0Y0             PS7                          0.000     0.000 r  udp_gateway_shadow_mirror_i/processing_system7_0/inst/PS7_i/FCLKCLK[0]
                         net (fo=1, routed)           0.310     0.310    udp_gateway_shadow_mirror_i/processing_system7_0/inst/FCLK_CLK_unbuffered[0]
    BUFGCTRL_X0Y17       BUFG (Prop_bufg_I_O)         0.026     0.336 r  udp_gateway_shadow_mirror_i/processing_system7_0/inst/buffer_fclk_clk_0.FCLK_CLK_0_BUFG/O
                         net (fo=54559, routed)       0.583     0.919    udp_gateway_shadow_mirror_i/dma_gateway_hybrid_0/inst/u_device_dna_reader/clk
    SLICE_X57Y45         FDCE (Prop_fdce_C_Q)         0.141     1.059 r  udp_gateway_shadow_mirror_i/dma_gateway_hybrid_0/inst/u_device_dna_reader/dna_clk_reg/Q
                         net (fo=1, routed)           0.457     1.517    udp_gateway_shadow_mirror_i/dma_gateway_hybrid_0/inst/u_device_dna_reader/dna_clk
    BUFGCTRL_X0Y16       BUFG (Prop_bufg_I_O)         0.026     1.543 r  udp_gateway_shadow_mirror_i/dma_gateway_hybrid_0/inst/u_device_dna_reader/dna_clk_BUFG_inst/O
                         net (fo=69, routed)          0.652     2.195    udp_gateway_shadow_mirror_i/dma_gateway_hybrid_0/inst/u_device_dna_reader/dna_clk_BUFG
    SLICE_X89Y125        FDCE                                         r  udp_gateway_shadow_mirror_i/dma_gateway_hybrid_0/inst/u_device_dna_reader/dna_shift_value_reg[6]/C
  -------------------------------------------------------------------    -------------------
    SLICE_X89Y125        FDCE (Prop_fdce_C_Q)         0.141     2.336 r  udp_gateway_shadow_mirror_i/dma_gateway_hybrid_0/inst/u_device_dna_reader/dna_shift_value_reg[6]/Q
                         net (fo=2, routed)           0.157     2.493    udp_gateway_shadow_mirror_i/dma_gateway_hybrid_0/inst/u_device_dna_reader/dna_shift_value[6]
    SLICE_X89Y123        FDCE                                         r  udp_gateway_shadow_mirror_i/dma_gateway_hybrid_0/inst/u_device_dna_reader/o_dna_value_reg[6]/D
  -------------------------------------------------------------------    -------------------

                         (clock clk_fpga_0 rise edge)
                                                      0.000     0.000 r  
    PS7_X0Y0             PS7                          0.000     0.000 r  udp_gateway_shadow_mirror_i/processing_system7_0/inst/PS7_i/FCLKCLK[0]
                         net (fo=1, routed)           0.337     0.337    udp_gateway_shadow_mirror_i/processing_system7_0/inst/FCLK_CLK_unbuffered[0]
    BUFGCTRL_X0Y17       BUFG (Prop_bufg_I_O)         0.029     0.366 r  udp_gateway_shadow_mirror_i/processing_system7_0/inst/buffer_fclk_clk_0.FCLK_CLK_0_BUFG/O
                         net (fo=54559, routed)       0.924     1.290    udp_gateway_shadow_mirror_i/dma_gateway_hybrid_0/inst/u_device_dna_reader/clk
    SLICE_X89Y123        FDCE                                         r  udp_gateway_shadow_mirror_i/dma_gateway_hybrid_0/inst/u_device_dna_reader/o_dna_value_reg[6]/C
                         clock pessimism             -0.030     1.260    
    SLICE_X89Y123        FDCE (Hold_fdce_C_D)         0.070     1.330    udp_gateway_shadow_mirror_i/dma_gateway_hybrid_0/inst/u_device_dna_reader/o_dna_value_reg[6]
  -------------------------------------------------------------------
                         required time                         -1.330    
                         arrival time                           2.493    
  -------------------------------------------------------------------
                         slack                                  1.163    

Slack (MET) :             1.176ns  (arrival time - required time)
  Source:                 udp_gateway_shadow_mirror_i/dma_gateway_hybrid_0/inst/u_device_dna_reader/dna_shift_value_reg[51]/C
                            (rising edge-triggered cell FDCE clocked by shadow_dna_clk  {rise@0.000ns fall@320.000ns period=640.000ns})
  Destination:            udp_gateway_shadow_mirror_i/dma_gateway_hybrid_0/inst/u_device_dna_reader/o_dna_value_reg[51]/D
                            (rising edge-triggered cell FDCE clocked by clk_fpga_0  {rise@0.000ns fall@10.000ns period=20.000ns})
  Path Group:             clk_fpga_0
  Path Type:              Hold (Min at Fast Process Corner)
  Requirement:            0.000ns  (clk_fpga_0 rise@0.000ns - shadow_dna_clk rise@0.000ns)
  Data Path Delay:        0.314ns  (logic 0.141ns (44.960%)  route 0.173ns (55.040%))
  Logic Levels:           0  
  Clock Path Skew:        -0.934ns (DCD - SCD - CPR)
    Destination Clock Delay (DCD):    1.302ns
    Source Clock Delay      (SCD):    2.206ns
    Clock Pessimism Removal (CPR):    0.030ns

    Location             Delay type                Incr(ns)  Path(ns)    Netlist Resource(s)
  -------------------------------------------------------------------    -------------------
                         (clock shadow_dna_clk rise edge)
                                                      0.000     0.000 r  
    PS7_X0Y0             PS7                          0.000     0.000 r  udp_gateway_shadow_mirror_i/processing_system7_0/inst/PS7_i/FCLKCLK[0]
                         net (fo=1, routed)           0.310     0.310    udp_gateway_shadow_mirror_i/processing_system7_0/inst/FCLK_CLK_unbuffered[0]
    BUFGCTRL_X0Y17       BUFG (Prop_bufg_I_O)         0.026     0.336 r  udp_gateway_shadow_mirror_i/processing_system7_0/inst/buffer_fclk_clk_0.FCLK_CLK_0_BUFG/O
                         net (fo=54559, routed)       0.583     0.919    udp_gateway_shadow_mirror_i/dma_gateway_hybrid_0/inst/u_device_dna_reader/clk
    SLICE_X57Y45         FDCE (Prop_fdce_C_Q)         0.141     1.059 r  udp_gateway_shadow_mirror_i/dma_gateway_hybrid_0/inst/u_device_dna_reader/dna_clk_reg/Q
                         net (fo=1, routed)           0.457     1.517    udp_gateway_shadow_mirror_i/dma_gateway_hybrid_0/inst/u_device_dna_reader/dna_clk
    BUFGCTRL_X0Y16       BUFG (Prop_bufg_I_O)         0.026     1.543 r  udp_gateway_shadow_mirror_i/dma_gateway_hybrid_0/inst/u_device_dna_reader/dna_clk_BUFG_inst/O
                         net (fo=69, routed)          0.663     2.206    udp_gateway_shadow_mirror_i/dma_gateway_hybrid_0/inst/u_device_dna_reader/dna_clk_BUFG
    SLICE_X81Y110        FDCE                                         r  udp_gateway_shadow_mirror_i/dma_gateway_hybrid_0/inst/u_device_dna_reader/dna_shift_value_reg[51]/C
  -------------------------------------------------------------------    -------------------
    SLICE_X81Y110        FDCE (Prop_fdce_C_Q)         0.141     2.347 r  udp_gateway_shadow_mirror_i/dma_gateway_hybrid_0/inst/u_device_dna_reader/dna_shift_value_reg[51]/Q
                         net (fo=2, routed)           0.173     2.520    udp_gateway_shadow_mirror_i/dma_gateway_hybrid_0/inst/u_device_dna_reader/dna_shift_value[51]
    SLICE_X85Y110        FDCE                                         r  udp_gateway_shadow_mirror_i/dma_gateway_hybrid_0/inst/u_device_dna_reader/o_dna_value_reg[51]/D
  -------------------------------------------------------------------    -------------------

                         (clock clk_fpga_0 rise edge)
                                                      0.000     0.000 r  
    PS7_X0Y0             PS7                          0.000     0.000 r  udp_gateway_shadow_mirror_i/processing_system7_0/inst/PS7_i/FCLKCLK[0]
                         net (fo=1, routed)           0.337     0.337    udp_gateway_shadow_mirror_i/processing_system7_0/inst/FCLK_CLK_unbuffered[0]
    BUFGCTRL_X0Y17       BUFG (Prop_bufg_I_O)         0.029     0.366 r  udp_gateway_shadow_mirror_i/processing_system7_0/inst/buffer_fclk_clk_0.FCLK_CLK_0_BUFG/O
                         net (fo=54559, routed)       0.936     1.302    udp_gateway_shadow_mirror_i/dma_gateway_hybrid_0/inst/u_device_dna_reader/clk
    SLICE_X85Y110        FDCE                                         r  udp_gateway_shadow_mirror_i/dma_gateway_hybrid_0/inst/u_device_dna_reader/o_dna_value_reg[51]/C
                         clock pessimism             -0.030     1.272    
    SLICE_X85Y110        FDCE (Hold_fdce_C_D)         0.072     1.344    udp_gateway_shadow_mirror_i/dma_gateway_hybrid_0/inst/u_device_dna_reader/o_dna_value_reg[51]
  -------------------------------------------------------------------
                         required time                         -1.344    
                         arrival time                           2.520    
  -------------------------------------------------------------------
                         slack                                  1.176    

Slack (MET) :             1.178ns  (arrival time - required time)
  Source:                 udp_gateway_shadow_mirror_i/dma_gateway_hybrid_0/inst/u_device_dna_reader/dna_shift_value_reg[52]/C
                            (rising edge-triggered cell FDCE clocked by shadow_dna_clk  {rise@0.000ns fall@320.000ns period=640.000ns})
  Destination:            udp_gateway_shadow_mirror_i/dma_gateway_hybrid_0/inst/u_device_dna_reader/o_dna_value_reg[52]/D
                            (rising edge-triggered cell FDCE clocked by clk_fpga_0  {rise@0.000ns fall@10.000ns period=20.000ns})
  Path Group:             clk_fpga_0
  Path Type:              Hold (Min at Fast Process Corner)
  Requirement:            0.000ns  (clk_fpga_0 rise@0.000ns - shadow_dna_clk rise@0.000ns)
  Data Path Delay:        0.314ns  (logic 0.141ns (44.869%)  route 0.173ns (55.131%))
  Logic Levels:           0  
  Clock Path Skew:        -0.936ns (DCD - SCD - CPR)
    Destination Clock Delay (DCD):    1.298ns
    Source Clock Delay      (SCD):    2.204ns
    Clock Pessimism Removal (CPR):    0.030ns

    Location             Delay type                Incr(ns)  Path(ns)    Netlist Resource(s)
  -------------------------------------------------------------------    -------------------
                         (clock shadow_dna_clk rise edge)
                                                      0.000     0.000 r  
    PS7_X0Y0             PS7                          0.000     0.000 r  udp_gateway_shadow_mirror_i/processing_system7_0/inst/PS7_i/FCLKCLK[0]
                         net (fo=1, routed)           0.310     0.310    udp_gateway_shadow_mirror_i/processing_system7_0/inst/FCLK_CLK_unbuffered[0]
    BUFGCTRL_X0Y17       BUFG (Prop_bufg_I_O)         0.026     0.336 r  udp_gateway_shadow_mirror_i/processing_system7_0/inst/buffer_fclk_clk_0.FCLK_CLK_0_BUFG/O
                         net (fo=54559, routed)       0.583     0.919    udp_gateway_shadow_mirror_i/dma_gateway_hybrid_0/inst/u_device_dna_reader/clk
    SLICE_X57Y45         FDCE (Prop_fdce_C_Q)         0.141     1.059 r  udp_gateway_shadow_mirror_i/dma_gateway_hybrid_0/inst/u_device_dna_reader/dna_clk_reg/Q
                         net (fo=1, routed)           0.457     1.517    udp_gateway_shadow_mirror_i/dma_gateway_hybrid_0/inst/u_device_dna_reader/dna_clk
    BUFGCTRL_X0Y16       BUFG (Prop_bufg_I_O)         0.026     1.543 r  udp_gateway_shadow_mirror_i/dma_gateway_hybrid_0/inst/u_device_dna_reader/dna_clk_BUFG_inst/O
                         net (fo=69, routed)          0.661     2.204    udp_gateway_shadow_mirror_i/dma_gateway_hybrid_0/inst/u_device_dna_reader/dna_clk_BUFG
    SLICE_X84Y114        FDCE                                         r  udp_gateway_shadow_mirror_i/dma_gateway_hybrid_0/inst/u_device_dna_reader/dna_shift_value_reg[52]/C
  -------------------------------------------------------------------    -------------------
    SLICE_X84Y114        FDCE (Prop_fdce_C_Q)         0.141     2.345 r  udp_gateway_shadow_mirror_i/dma_gateway_hybrid_0/inst/u_device_dna_reader/dna_shift_value_reg[52]/Q
                         net (fo=2, routed)           0.173     2.518    udp_gateway_shadow_mirror_i/dma_gateway_hybrid_0/inst/u_device_dna_reader/dna_shift_value[52]
    SLICE_X83Y115        FDCE                                         r  udp_gateway_shadow_mirror_i/dma_gateway_hybrid_0/inst/u_device_dna_reader/o_dna_value_reg[52]/D
  -------------------------------------------------------------------    -------------------

                         (clock clk_fpga_0 rise edge)
                                                      0.000     0.000 r  
    PS7_X0Y0             PS7                          0.000     0.000 r  udp_gateway_shadow_mirror_i/processing_system7_0/inst/PS7_i/FCLKCLK[0]
                         net (fo=1, routed)           0.337     0.337    udp_gateway_shadow_mirror_i/processing_system7_0/inst/FCLK_CLK_unbuffered[0]
    BUFGCTRL_X0Y17       BUFG (Prop_bufg_I_O)         0.029     0.366 r  udp_gateway_shadow_mirror_i/processing_system7_0/inst/buffer_fclk_clk_0.FCLK_CLK_0_BUFG/O
                         net (fo=54559, routed)       0.932     1.298    udp_gateway_shadow_mirror_i/dma_gateway_hybrid_0/inst/u_device_dna_reader/clk
    SLICE_X83Y115        FDCE                                         r  udp_gateway_shadow_mirror_i/dma_gateway_hybrid_0/inst/u_device_dna_reader/o_dna_value_reg[52]/C
                         clock pessimism             -0.030     1.268    
    SLICE_X83Y115        FDCE (Hold_fdce_C_D)         0.072     1.340    udp_gateway_shadow_mirror_i/dma_gateway_hybrid_0/inst/u_device_dna_reader/o_dna_value_reg[52]
  -------------------------------------------------------------------
                         required time                         -1.340    
                         arrival time                           2.518    
  -------------------------------------------------------------------
                         slack                                  1.178    

Slack (MET) :             1.183ns  (arrival time - required time)
  Source:                 udp_gateway_shadow_mirror_i/dma_gateway_hybrid_0/inst/u_device_dna_reader/dna_shift_value_reg[4]/C
                            (rising edge-triggered cell FDCE clocked by shadow_dna_clk  {rise@0.000ns fall@320.000ns period=640.000ns})
  Destination:            udp_gateway_shadow_mirror_i/dma_gateway_hybrid_0/inst/u_device_dna_reader/o_dna_value_reg[4]/D
                            (rising edge-triggered cell FDCE clocked by clk_fpga_0  {rise@0.000ns fall@10.000ns period=20.000ns})
  Path Group:             clk_fpga_0
  Path Type:              Hold (Min at Fast Process Corner)
  Requirement:            0.000ns  (clk_fpga_0 rise@0.000ns - shadow_dna_clk rise@0.000ns)
  Data Path Delay:        0.326ns  (logic 0.141ns (43.282%)  route 0.185ns (56.718%))
  Logic Levels:           0  
  Clock Path Skew:        -0.933ns (DCD - SCD - CPR)
    Destination Clock Delay (DCD):    1.329ns
    Source Clock Delay      (SCD):    2.232ns
    Clock Pessimism Removal (CPR):    0.030ns

    Location             Delay type                Incr(ns)  Path(ns)    Netlist Resource(s)
  -------------------------------------------------------------------    -------------------
                         (clock shadow_dna_clk rise edge)
                                                      0.000     0.000 r  
    PS7_X0Y0             PS7                          0.000     0.000 r  udp_gateway_shadow_mirror_i/processing_system7_0/inst/PS7_i/FCLKCLK[0]
                         net (fo=1, routed)           0.310     0.310    udp_gateway_shadow_mirror_i/processing_system7_0/inst/FCLK_CLK_unbuffered[0]
    BUFGCTRL_X0Y17       BUFG (Prop_bufg_I_O)         0.026     0.336 r  udp_gateway_shadow_mirror_i/processing_system7_0/inst/buffer_fclk_clk_0.FCLK_CLK_0_BUFG/O
                         net (fo=54559, routed)       0.583     0.919    udp_gateway_shadow_mirror_i/dma_gateway_hybrid_0/inst/u_device_dna_reader/clk
    SLICE_X57Y45         FDCE (Prop_fdce_C_Q)         0.141     1.059 r  udp_gateway_shadow_mirror_i/dma_gateway_hybrid_0/inst/u_device_dna_reader/dna_clk_reg/Q
                         net (fo=1, routed)           0.457     1.517    udp_gateway_shadow_mirror_i/dma_gateway_hybrid_0/inst/u_device_dna_reader/dna_clk
    BUFGCTRL_X0Y16       BUFG (Prop_bufg_I_O)         0.026     1.543 r  udp_gateway_shadow_mirror_i/dma_gateway_hybrid_0/inst/u_device_dna_reader/dna_clk_BUFG_inst/O
                         net (fo=69, routed)          0.689     2.232    udp_gateway_shadow_mirror_i/dma_gateway_hybrid_0/inst/u_device_dna_reader/dna_clk_BUFG
    SLICE_X91Y102        FDCE                                         r  udp_gateway_shadow_mirror_i/dma_gateway_hybrid_0/inst/u_device_dna_reader/dna_shift_value_reg[4]/C
  -------------------------------------------------------------------    -------------------
    SLICE_X91Y102        FDCE (Prop_fdce_C_Q)         0.141     2.373 r  udp_gateway_shadow_mirror_i/dma_gateway_hybrid_0/inst/u_device_dna_reader/dna_shift_value_reg[4]/Q
                         net (fo=2, routed)           0.185     2.558    udp_gateway_shadow_mirror_i/dma_gateway_hybrid_0/inst/u_device_dna_reader/dna_shift_value[4]
    SLICE_X91Y101        FDCE                                         r  udp_gateway_shadow_mirror_i/dma_gateway_hybrid_0/inst/u_device_dna_reader/o_dna_value_reg[4]/D
  -------------------------------------------------------------------    -------------------

                         (clock clk_fpga_0 rise edge)
                                                      0.000     0.000 r  
    PS7_X0Y0             PS7                          0.000     0.000 r  udp_gateway_shadow_mirror_i/processing_system7_0/inst/PS7_i/FCLKCLK[0]
                         net (fo=1, routed)           0.337     0.337    udp_gateway_shadow_mirror_i/processing_system7_0/inst/FCLK_CLK_unbuffered[0]
    BUFGCTRL_X0Y17       BUFG (Prop_bufg_I_O)         0.029     0.366 r  udp_gateway_shadow_mirror_i/processing_system7_0/inst/buffer_fclk_clk_0.FCLK_CLK_0_BUFG/O
                         net (fo=54559, routed)       0.963     1.329    udp_gateway_shadow_mirror_i/dma_gateway_hybrid_0/inst/u_device_dna_reader/clk
    SLICE_X91Y101        FDCE                                         r  udp_gateway_shadow_mirror_i/dma_gateway_hybrid_0/inst/u_device_dna_reader/o_dna_value_reg[4]/C
                         clock pessimism             -0.030     1.299    
    SLICE_X91Y101        FDCE (Hold_fdce_C_D)         0.076     1.375    udp_gateway_shadow_mirror_i/dma_gateway_hybrid_0/inst/u_device_dna_reader/o_dna_value_reg[4]
  -------------------------------------------------------------------
                         required time                         -1.375    
                         arrival time                           2.558    
  -------------------------------------------------------------------
                         slack                                  1.183    

Slack (MET) :             1.189ns  (arrival time - required time)
  Source:                 udp_gateway_shadow_mirror_i/dma_gateway_hybrid_0/inst/u_device_dna_reader/dna_shift_value_reg[3]/C
                            (rising edge-triggered cell FDCE clocked by shadow_dna_clk  {rise@0.000ns fall@320.000ns period=640.000ns})
  Destination:            udp_gateway_shadow_mirror_i/dma_gateway_hybrid_0/inst/u_device_dna_reader/o_dna_value_reg[3]/D
                            (rising edge-triggered cell FDCE clocked by clk_fpga_0  {rise@0.000ns fall@10.000ns period=20.000ns})
  Path Group:             clk_fpga_0
  Path Type:              Hold (Min at Fast Process Corner)
  Requirement:            0.000ns  (clk_fpga_0 rise@0.000ns - shadow_dna_clk rise@0.000ns)
  Data Path Delay:        0.327ns  (logic 0.141ns (43.148%)  route 0.186ns (56.852%))
  Logic Levels:           0  
  Clock Path Skew:        -0.933ns (DCD - SCD - CPR)
    Destination Clock Delay (DCD):    1.329ns
    Source Clock Delay      (SCD):    2.232ns
    Clock Pessimism Removal (CPR):    0.030ns

    Location             Delay type                Incr(ns)  Path(ns)    Netlist Resource(s)
  -------------------------------------------------------------------    -------------------
                         (clock shadow_dna_clk rise edge)
                                                      0.000     0.000 r  
    PS7_X0Y0             PS7                          0.000     0.000 r  udp_gateway_shadow_mirror_i/processing_system7_0/inst/PS7_i/FCLKCLK[0]
                         net (fo=1, routed)           0.310     0.310    udp_gateway_shadow_mirror_i/processing_system7_0/inst/FCLK_CLK_unbuffered[0]
    BUFGCTRL_X0Y17       BUFG (Prop_bufg_I_O)         0.026     0.336 r  udp_gateway_shadow_mirror_i/processing_system7_0/inst/buffer_fclk_clk_0.FCLK_CLK_0_BUFG/O
                         net (fo=54559, routed)       0.583     0.919    udp_gateway_shadow_mirror_i/dma_gateway_hybrid_0/inst/u_device_dna_reader/clk
    SLICE_X57Y45         FDCE (Prop_fdce_C_Q)         0.141     1.059 r  udp_gateway_shadow_mirror_i/dma_gateway_hybrid_0/inst/u_device_dna_reader/dna_clk_reg/Q
                         net (fo=1, routed)           0.457     1.517    udp_gateway_shadow_mirror_i/dma_gateway_hybrid_0/inst/u_device_dna_reader/dna_clk
    BUFGCTRL_X0Y16       BUFG (Prop_bufg_I_O)         0.026     1.543 r  udp_gateway_shadow_mirror_i/dma_gateway_hybrid_0/inst/u_device_dna_reader/dna_clk_BUFG_inst/O
                         net (fo=69, routed)          0.689     2.232    udp_gateway_shadow_mirror_i/dma_gateway_hybrid_0/inst/u_device_dna_reader/dna_clk_BUFG
    SLICE_X91Y102        FDCE                                         r  udp_gateway_shadow_mirror_i/dma_gateway_hybrid_0/inst/u_device_dna_reader/dna_shift_value_reg[3]/C
  -------------------------------------------------------------------    -------------------
    SLICE_X91Y102        FDCE (Prop_fdce_C_Q)         0.141     2.373 r  udp_gateway_shadow_mirror_i/dma_gateway_hybrid_0/inst/u_device_dna_reader/dna_shift_value_reg[3]/Q
                         net (fo=2, routed)           0.186     2.559    udp_gateway_shadow_mirror_i/dma_gateway_hybrid_0/inst/u_device_dna_reader/dna_shift_value[3]
    SLICE_X91Y101        FDCE                                         r  udp_gateway_shadow_mirror_i/dma_gateway_hybrid_0/inst/u_device_dna_reader/o_dna_value_reg[3]/D
  -------------------------------------------------------------------    -------------------

                         (clock clk_fpga_0 rise edge)
                                                      0.000     0.000 r  
    PS7_X0Y0             PS7                          0.000     0.000 r  udp_gateway_shadow_mirror_i/processing_system7_0/inst/PS7_i/FCLKCLK[0]
                         net (fo=1, routed)           0.337     0.337    udp_gateway_shadow_mirror_i/processing_system7_0/inst/FCLK_CLK_unbuffered[0]
    BUFGCTRL_X0Y17       BUFG (Prop_bufg_I_O)         0.029     0.366 r  udp_gateway_shadow_mirror_i/processing_system7_0/inst/buffer_fclk_clk_0.FCLK_CLK_0_BUFG/O
                         net (fo=54559, routed)       0.963     1.329    udp_gateway_shadow_mirror_i/dma_gateway_hybrid_0/inst/u_device_dna_reader/clk
    SLICE_X91Y101        FDCE                                         r  udp_gateway_shadow_mirror_i/dma_gateway_hybrid_0/inst/u_device_dna_reader/o_dna_value_reg[3]/C
                         clock pessimism             -0.030     1.299    
    SLICE_X91Y101        FDCE (Hold_fdce_C_D)         0.071     1.370    udp_gateway_shadow_mirror_i/dma_gateway_hybrid_0/inst/u_device_dna_reader/o_dna_value_reg[3]
  -------------------------------------------------------------------
                         required time                         -1.370    
                         arrival time                           2.559    
  -------------------------------------------------------------------
                         slack                                  1.189    

Slack (MET) :             1.193ns  (arrival time - required time)
  Source:                 udp_gateway_shadow_mirror_i/dma_gateway_hybrid_0/inst/u_device_dna_reader/dna_shift_value_reg[41]/C
                            (rising edge-triggered cell FDCE clocked by shadow_dna_clk  {rise@0.000ns fall@320.000ns period=640.000ns})
  Destination:            udp_gateway_shadow_mirror_i/dma_gateway_hybrid_0/inst/u_device_dna_reader/o_dna_value_reg[41]/D
                            (rising edge-triggered cell FDCE clocked by clk_fpga_0  {rise@0.000ns fall@10.000ns period=20.000ns})
  Path Group:             clk_fpga_0
  Path Type:              Hold (Min at Fast Process Corner)
  Requirement:            0.000ns  (clk_fpga_0 rise@0.000ns - shadow_dna_clk rise@0.000ns)
  Data Path Delay:        0.325ns  (logic 0.141ns (43.446%)  route 0.184ns (56.554%))
  Logic Levels:           0  
  Clock Path Skew:        -0.934ns (DCD - SCD - CPR)
    Destination Clock Delay (DCD):    1.326ns
    Source Clock Delay      (SCD):    2.230ns
    Clock Pessimism Removal (CPR):    0.030ns

    Location             Delay type                Incr(ns)  Path(ns)    Netlist Resource(s)
  -------------------------------------------------------------------    -------------------
                         (clock shadow_dna_clk rise edge)
                                                      0.000     0.000 r  
    PS7_X0Y0             PS7                          0.000     0.000 r  udp_gateway_shadow_mirror_i/processing_system7_0/inst/PS7_i/FCLKCLK[0]
                         net (fo=1, routed)           0.310     0.310    udp_gateway_shadow_mirror_i/processing_system7_0/inst/FCLK_CLK_unbuffered[0]
    BUFGCTRL_X0Y17       BUFG (Prop_bufg_I_O)         0.026     0.336 r  udp_gateway_shadow_mirror_i/processing_system7_0/inst/buffer_fclk_clk_0.FCLK_CLK_0_BUFG/O
                         net (fo=54559, routed)       0.583     0.919    udp_gateway_shadow_mirror_i/dma_gateway_hybrid_0/inst/u_device_dna_reader/clk
    SLICE_X57Y45         FDCE (Prop_fdce_C_Q)         0.141     1.059 r  udp_gateway_shadow_mirror_i/dma_gateway_hybrid_0/inst/u_device_dna_reader/dna_clk_reg/Q
                         net (fo=1, routed)           0.457     1.517    udp_gateway_shadow_mirror_i/dma_gateway_hybrid_0/inst/u_device_dna_reader/dna_clk
    BUFGCTRL_X0Y16       BUFG (Prop_bufg_I_O)         0.026     1.543 r  udp_gateway_shadow_mirror_i/dma_gateway_hybrid_0/inst/u_device_dna_reader/dna_clk_BUFG_inst/O
                         net (fo=69, routed)          0.687     2.230    udp_gateway_shadow_mirror_i/dma_gateway_hybrid_0/inst/u_device_dna_reader/dna_clk_BUFG
    SLICE_X91Y109        FDCE                                         r  udp_gateway_shadow_mirror_i/dma_gateway_hybrid_0/inst/u_device_dna_reader/dna_shift_value_reg[41]/C
  -------------------------------------------------------------------    -------------------
    SLICE_X91Y109        FDCE (Prop_fdce_C_Q)         0.141     2.371 r  udp_gateway_shadow_mirror_i/dma_gateway_hybrid_0/inst/u_device_dna_reader/dna_shift_value_reg[41]/Q
                         net (fo=2, routed)           0.184     2.554    udp_gateway_shadow_mirror_i/dma_gateway_hybrid_0/inst/u_device_dna_reader/dna_shift_value[41]
    SLICE_X91Y110        FDCE                                         r  udp_gateway_shadow_mirror_i/dma_gateway_hybrid_0/inst/u_device_dna_reader/o_dna_value_reg[41]/D
  -------------------------------------------------------------------    -------------------

                         (clock clk_fpga_0 rise edge)
                                                      0.000     0.000 r  
    PS7_X0Y0             PS7                          0.000     0.000 r  udp_gateway_shadow_mirror_i/processing_system7_0/inst/PS7_i/FCLKCLK[0]
                         net (fo=1, routed)           0.337     0.337    udp_gateway_shadow_mirror_i/processing_system7_0/inst/FCLK_CLK_unbuffered[0]
    BUFGCTRL_X0Y17       BUFG (Prop_bufg_I_O)         0.029     0.366 r  udp_gateway_shadow_mirror_i/processing_system7_0/inst/buffer_fclk_clk_0.FCLK_CLK_0_BUFG/O
                         net (fo=54559, routed)       0.960     1.326    udp_gateway_shadow_mirror_i/dma_gateway_hybrid_0/inst/u_device_dna_reader/clk
    SLICE_X91Y110        FDCE                                         r  udp_gateway_shadow_mirror_i/dma_gateway_hybrid_0/inst/u_device_dna_reader/o_dna_value_reg[41]/C
                         clock pessimism             -0.030     1.296    
    SLICE_X91Y110        FDCE (Hold_fdce_C_D)         0.066     1.362    udp_gateway_shadow_mirror_i/dma_gateway_hybrid_0/inst/u_device_dna_reader/o_dna_value_reg[41]
  -------------------------------------------------------------------
                         required time                         -1.362    
                         arrival time                           2.554    
  -------------------------------------------------------------------
                         slack                                  1.193    

Slack (MET) :             1.219ns  (arrival time - required time)
  Source:                 udp_gateway_shadow_mirror_i/dma_gateway_hybrid_0/inst/u_device_dna_reader/dna_shift_value_reg[16]/C
                            (rising edge-triggered cell FDCE clocked by shadow_dna_clk  {rise@0.000ns fall@320.000ns period=640.000ns})
  Destination:            udp_gateway_shadow_mirror_i/dma_gateway_hybrid_0/inst/u_device_dna_reader/o_dna_value_reg[16]/D
                            (rising edge-triggered cell FDCE clocked by clk_fpga_0  {rise@0.000ns fall@10.000ns period=20.000ns})
  Path Group:             clk_fpga_0
  Path Type:              Hold (Min at Fast Process Corner)
  Requirement:            0.000ns  (clk_fpga_0 rise@0.000ns - shadow_dna_clk rise@0.000ns)
  Data Path Delay:        0.341ns  (logic 0.141ns (41.344%)  route 0.200ns (58.656%))
  Logic Levels:           0  
  Clock Path Skew:        -0.937ns (DCD - SCD - CPR)
    Destination Clock Delay (DCD):    1.296ns
    Source Clock Delay      (SCD):    2.203ns
    Clock Pessimism Removal (CPR):    0.030ns

    Location             Delay type                Incr(ns)  Path(ns)    Netlist Resource(s)
  -------------------------------------------------------------------    -------------------
                         (clock shadow_dna_clk rise edge)
                                                      0.000     0.000 r  
    PS7_X0Y0             PS7                          0.000     0.000 r  udp_gateway_shadow_mirror_i/processing_system7_0/inst/PS7_i/FCLKCLK[0]
                         net (fo=1, routed)           0.310     0.310    udp_gateway_shadow_mirror_i/processing_system7_0/inst/FCLK_CLK_unbuffered[0]
    BUFGCTRL_X0Y17       BUFG (Prop_bufg_I_O)         0.026     0.336 r  udp_gateway_shadow_mirror_i/processing_system7_0/inst/buffer_fclk_clk_0.FCLK_CLK_0_BUFG/O
                         net (fo=54559, routed)       0.583     0.919    udp_gateway_shadow_mirror_i/dma_gateway_hybrid_0/inst/u_device_dna_reader/clk
    SLICE_X57Y45         FDCE (Prop_fdce_C_Q)         0.141     1.059 r  udp_gateway_shadow_mirror_i/dma_gateway_hybrid_0/inst/u_device_dna_reader/dna_clk_reg/Q
                         net (fo=1, routed)           0.457     1.517    udp_gateway_shadow_mirror_i/dma_gateway_hybrid_0/inst/u_device_dna_reader/dna_clk
    BUFGCTRL_X0Y16       BUFG (Prop_bufg_I_O)         0.026     1.543 r  udp_gateway_shadow_mirror_i/dma_gateway_hybrid_0/inst/u_device_dna_reader/dna_clk_BUFG_inst/O
                         net (fo=69, routed)          0.660     2.203    udp_gateway_shadow_mirror_i/dma_gateway_hybrid_0/inst/u_device_dna_reader/dna_clk_BUFG
    SLICE_X85Y116        FDCE                                         r  udp_gateway_shadow_mirror_i/dma_gateway_hybrid_0/inst/u_device_dna_reader/dna_shift_value_reg[16]/C
  -------------------------------------------------------------------    -------------------
    SLICE_X85Y116        FDCE (Prop_fdce_C_Q)         0.141     2.344 r  udp_gateway_shadow_mirror_i/dma_gateway_hybrid_0/inst/u_device_dna_reader/dna_shift_value_reg[16]/Q
                         net (fo=2, routed)           0.200     2.544    udp_gateway_shadow_mirror_i/dma_gateway_hybrid_0/inst/u_device_dna_reader/dna_shift_value[16]
    SLICE_X85Y117        FDCE                                         r  udp_gateway_shadow_mirror_i/dma_gateway_hybrid_0/inst/u_device_dna_reader/o_dna_value_reg[16]/D
  -------------------------------------------------------------------    -------------------

                         (clock clk_fpga_0 rise edge)
                                                      0.000     0.000 r  
    PS7_X0Y0             PS7                          0.000     0.000 r  udp_gateway_shadow_mirror_i/processing_system7_0/inst/PS7_i/FCLKCLK[0]
                         net (fo=1, routed)           0.337     0.337    udp_gateway_shadow_mirror_i/processing_system7_0/inst/FCLK_CLK_unbuffered[0]
    BUFGCTRL_X0Y17       BUFG (Prop_bufg_I_O)         0.029     0.366 r  udp_gateway_shadow_mirror_i/processing_system7_0/inst/buffer_fclk_clk_0.FCLK_CLK_0_BUFG/O
                         net (fo=54559, routed)       0.930     1.296    udp_gateway_shadow_mirror_i/dma_gateway_hybrid_0/inst/u_device_dna_reader/clk
    SLICE_X85Y117        FDCE                                         r  udp_gateway_shadow_mirror_i/dma_gateway_hybrid_0/inst/u_device_dna_reader/o_dna_value_reg[16]/C
                         clock pessimism             -0.030     1.266    
    SLICE_X85Y117        FDCE (Hold_fdce_C_D)         0.059     1.325    udp_gateway_shadow_mirror_i/dma_gateway_hybrid_0/inst/u_device_dna_reader/o_dna_value_reg[16]
  -------------------------------------------------------------------
                         required time                         -1.325    
                         arrival time                           2.544    
  -------------------------------------------------------------------
                         slack                                  1.219    





---------------------------------------------------------------------------------------------------
Path Group:  **async_default**
From Clock:  clk_fpga_0
  To Clock:  clk_fpga_0

Setup :            0  Failing Endpoints,  Worst Slack        3.637ns,  Total Violation        0.000ns
Hold  :            0  Failing Endpoints,  Worst Slack        0.643ns,  Total Violation        0.000ns
---------------------------------------------------------------------------------------------------


Max Delay Paths
--------------------------------------------------------------------------------------
Slack (MET) :             3.637ns  (required time - arrival time)
  Source:                 udp_gateway_shadow_mirror_i/rst_ps7_0_100M/U0/ACTIVE_LOW_PR_OUT_DFF[0].FDRE_PER_N/C
                            (rising edge-triggered cell FDRE clocked by clk_fpga_0  {rise@0.000ns fall@10.000ns period=20.000ns})
  Destination:            udp_gateway_shadow_mirror_i/dma_gateway_hybrid_0/inst/i_hybrid_dma/u_crypto_bridge/rob_data_reg[20][45]/CLR
                            (recovery check against rising-edge clock clk_fpga_0  {rise@0.000ns fall@10.000ns period=20.000ns})
  Path Group:             **async_default**
  Path Type:              Recovery (Max at Slow Process Corner)
  Requirement:            20.000ns  (clk_fpga_0 rise@20.000ns - clk_fpga_0 rise@0.000ns)
  Data Path Delay:        15.464ns  (logic 0.642ns (4.152%)  route 14.822ns (95.848%))
  Logic Levels:           1  (LUT1=1)
  Clock Path Skew:        -0.192ns (DCD - SCD + CPR)
    Destination Clock Delay (DCD):    2.879ns = ( 22.879 - 20.000 ) 
    Source Clock Delay      (SCD):    3.186ns
    Clock Pessimism Removal (CPR):    0.115ns
  Clock Uncertainty:      0.302ns  ((TSJ^2 + TIJ^2)^1/2 + DJ) / 2 + PE
    Total System Jitter     (TSJ):    0.071ns
    Total Input Jitter      (TIJ):    0.600ns
    Discrete Jitter          (DJ):    0.000ns
    Phase Error              (PE):    0.000ns

    Location             Delay type                Incr(ns)  Path(ns)    PBlock               Netlist Resource(s)
  -------------------------------------------------------------------    ----------------------------------------
                         (clock clk_fpga_0 rise edge)
                                                      0.000     0.000 r                       
    PS7_X0Y0             PS7                          0.000     0.000 r                       udp_gateway_shadow_mirror_i/processing_system7_0/inst/PS7_i/FCLKCLK[0]
                         net (fo=1, routed)           1.193     1.193                         udp_gateway_shadow_mirror_i/processing_system7_0/inst/FCLK_CLK_unbuffered[0]
    BUFGCTRL_X0Y17       BUFG (Prop_bufg_I_O)         0.101     1.294 r                       udp_gateway_shadow_mirror_i/processing_system7_0/inst/buffer_fclk_clk_0.FCLK_CLK_0_BUFG/O
                         net (fo=54559, routed)       1.892     3.186                         udp_gateway_shadow_mirror_i/rst_ps7_0_100M/U0/slowest_sync_clk
    SLICE_X62Y128        FDRE                                         r                       udp_gateway_shadow_mirror_i/rst_ps7_0_100M/U0/ACTIVE_LOW_PR_OUT_DFF[0].FDRE_PER_N/C
  -------------------------------------------------------------------    ----------------------------------------
    SLICE_X62Y128        FDRE (Prop_fdre_C_Q)         0.518     3.704 r                       udp_gateway_shadow_mirror_i/rst_ps7_0_100M/U0/ACTIVE_LOW_PR_OUT_DFF[0].FDRE_PER_N/Q
                         net (fo=100, routed)         6.373    10.077                         udp_gateway_shadow_mirror_i/dma_gateway_hybrid_0/inst/i_hybrid_dma/u_crypto_bridge/gen_crypto_cores[0].u_aes/keymem/rst_n
    SLICE_X55Y51         LUT1 (Prop_lut1_I0_O)        0.124    10.201 f  shadow_core_region   udp_gateway_shadow_mirror_i/dma_gateway_hybrid_0/inst/i_hybrid_dma/u_crypto_bridge/gen_crypto_cores[0].u_aes/keymem/debug_last_plaintext_q[127]_i_2/O
                         net (fo=9554, routed)        8.449    18.650                         udp_gateway_shadow_mirror_i/dma_gateway_hybrid_0/inst/i_hybrid_dma/u_crypto_bridge/gen_crypto_cores[0].u_aes_n_221
    SLICE_X107Y6         FDCE                                         f  shadow_core_region   udp_gateway_shadow_mirror_i/dma_gateway_hybrid_0/inst/i_hybrid_dma/u_crypto_bridge/rob_data_reg[20][45]/CLR
  -------------------------------------------------------------------    ----------------------------------------

                         (clock clk_fpga_0 rise edge)
                                                     20.000    20.000 r                       
    PS7_X0Y0             PS7                          0.000    20.000 r                       udp_gateway_shadow_mirror_i/processing_system7_0/inst/PS7_i/FCLKCLK[0]
                         net (fo=1, routed)           1.088    21.088                         udp_gateway_shadow_mirror_i/processing_system7_0/inst/FCLK_CLK_unbuffered[0]
    BUFGCTRL_X0Y17       BUFG (Prop_bufg_I_O)         0.091    21.179 r                       udp_gateway_shadow_mirror_i/processing_system7_0/inst/buffer_fclk_clk_0.FCLK_CLK_0_BUFG/O
                         net (fo=54559, routed)       1.700    22.879                         udp_gateway_shadow_mirror_i/dma_gateway_hybrid_0/inst/i_hybrid_dma/u_crypto_bridge/clk
    SLICE_X107Y6         FDCE                                         r  shadow_core_region   udp_gateway_shadow_mirror_i/dma_gateway_hybrid_0/inst/i_hybrid_dma/u_crypto_bridge/rob_data_reg[20][45]/C
                         clock pessimism              0.115    22.994                           
                         clock uncertainty           -0.302    22.692                           
    SLICE_X107Y6         FDCE (Recov_fdce_C_CLR)     -0.405    22.287    shadow_core_region     udp_gateway_shadow_mirror_i/dma_gateway_hybrid_0/inst/i_hybrid_dma/u_crypto_bridge/rob_data_reg[20][45]
  -------------------------------------------------------------------
                         required time                         22.287                           
                         arrival time                         -18.650                           
  -------------------------------------------------------------------
                         slack                                  3.637                           

Slack (MET) :             3.649ns  (required time - arrival time)
  Source:                 udp_gateway_shadow_mirror_i/rst_ps7_0_100M/U0/ACTIVE_LOW_PR_OUT_DFF[0].FDRE_PER_N/C
                            (rising edge-triggered cell FDRE clocked by clk_fpga_0  {rise@0.000ns fall@10.000ns period=20.000ns})
  Destination:            udp_gateway_shadow_mirror_i/dma_gateway_hybrid_0/inst/i_hybrid_dma/u_crypto_bridge/gen_crypto_cores[0].u_aes/keymem/key_mem_reg[4][99]/CLR
                            (recovery check against rising-edge clock clk_fpga_0  {rise@0.000ns fall@10.000ns period=20.000ns})
  Path Group:             **async_default**
  Path Type:              Recovery (Max at Slow Process Corner)
  Requirement:            20.000ns  (clk_fpga_0 rise@20.000ns - clk_fpga_0 rise@0.000ns)
  Data Path Delay:        15.437ns  (logic 0.642ns (4.159%)  route 14.795ns (95.841%))
  Logic Levels:           1  (LUT1=1)
  Clock Path Skew:        -0.207ns (DCD - SCD + CPR)
    Destination Clock Delay (DCD):    2.864ns = ( 22.865 - 20.000 ) 
    Source Clock Delay      (SCD):    3.186ns
    Clock Pessimism Removal (CPR):    0.115ns
  Clock Uncertainty:      0.302ns  ((TSJ^2 + TIJ^2)^1/2 + DJ) / 2 + PE
    Total System Jitter     (TSJ):    0.071ns
    Total Input Jitter      (TIJ):    0.600ns
    Discrete Jitter          (DJ):    0.000ns
    Phase Error              (PE):    0.000ns

    Location             Delay type                Incr(ns)  Path(ns)    PBlock               Netlist Resource(s)
  -------------------------------------------------------------------    ----------------------------------------
                         (clock clk_fpga_0 rise edge)
                                                      0.000     0.000 r                       
    PS7_X0Y0             PS7                          0.000     0.000 r                       udp_gateway_shadow_mirror_i/processing_system7_0/inst/PS7_i/FCLKCLK[0]
                         net (fo=1, routed)           1.193     1.193                         udp_gateway_shadow_mirror_i/processing_system7_0/inst/FCLK_CLK_unbuffered[0]
    BUFGCTRL_X0Y17       BUFG (Prop_bufg_I_O)         0.101     1.294 r                       udp_gateway_shadow_mirror_i/processing_system7_0/inst/buffer_fclk_clk_0.FCLK_CLK_0_BUFG/O
                         net (fo=54559, routed)       1.892     3.186                         udp_gateway_shadow_mirror_i/rst_ps7_0_100M/U0/slowest_sync_clk
    SLICE_X62Y128        FDRE                                         r                       udp_gateway_shadow_mirror_i/rst_ps7_0_100M/U0/ACTIVE_LOW_PR_OUT_DFF[0].FDRE_PER_N/C
  -------------------------------------------------------------------    ----------------------------------------
    SLICE_X62Y128        FDRE (Prop_fdre_C_Q)         0.518     3.704 r                       udp_gateway_shadow_mirror_i/rst_ps7_0_100M/U0/ACTIVE_LOW_PR_OUT_DFF[0].FDRE_PER_N/Q
                         net (fo=100, routed)         6.373    10.077                         udp_gateway_shadow_mirror_i/dma_gateway_hybrid_0/inst/i_hybrid_dma/u_crypto_bridge/gen_crypto_cores[0].u_aes/keymem/rst_n
    SLICE_X55Y51         LUT1 (Prop_lut1_I0_O)        0.124    10.201 f  shadow_core_region   udp_gateway_shadow_mirror_i/dma_gateway_hybrid_0/inst/i_hybrid_dma/u_crypto_bridge/gen_crypto_cores[0].u_aes/keymem/debug_last_plaintext_q[127]_i_2/O
                         net (fo=9554, routed)        8.423    18.623                         udp_gateway_shadow_mirror_i/dma_gateway_hybrid_0/inst/i_hybrid_dma/u_crypto_bridge/gen_crypto_cores[0].u_aes/keymem/rst_n_0
    SLICE_X106Y23        FDCE                                         f  shadow_core_region   udp_gateway_shadow_mirror_i/dma_gateway_hybrid_0/inst/i_hybrid_dma/u_crypto_bridge/gen_crypto_cores[0].u_aes/keymem/key_mem_reg[4][99]/CLR
  -------------------------------------------------------------------    ----------------------------------------

                         (clock clk_fpga_0 rise edge)
                                                     20.000    20.000 r                       
    PS7_X0Y0             PS7                          0.000    20.000 r                       udp_gateway_shadow_mirror_i/processing_system7_0/inst/PS7_i/FCLKCLK[0]
                         net (fo=1, routed)           1.088    21.088                         udp_gateway_shadow_mirror_i/processing_system7_0/inst/FCLK_CLK_unbuffered[0]
    BUFGCTRL_X0Y17       BUFG (Prop_bufg_I_O)         0.091    21.179 r                       udp_gateway_shadow_mirror_i/processing_system7_0/inst/buffer_fclk_clk_0.FCLK_CLK_0_BUFG/O
                         net (fo=54559, routed)       1.685    22.865                         udp_gateway_shadow_mirror_i/dma_gateway_hybrid_0/inst/i_hybrid_dma/u_crypto_bridge/gen_crypto_cores[0].u_aes/keymem/clk
    SLICE_X106Y23        FDCE                                         r  shadow_core_region   udp_gateway_shadow_mirror_i/dma_gateway_hybrid_0/inst/i_hybrid_dma/u_crypto_bridge/gen_crypto_cores[0].u_aes/keymem/key_mem_reg[4][99]/C
                         clock pessimism              0.115    22.979                           
                         clock uncertainty           -0.302    22.677                           
    SLICE_X106Y23        FDCE (Recov_fdce_C_CLR)     -0.405    22.272    shadow_core_region     udp_gateway_shadow_mirror_i/dma_gateway_hybrid_0/inst/i_hybrid_dma/u_crypto_bridge/gen_crypto_cores[0].u_aes/keymem/key_mem_reg[4][99]
  -------------------------------------------------------------------
                         required time                         22.272                           
                         arrival time                         -18.623                           
  -------------------------------------------------------------------
                         slack                                  3.649                           

Slack (MET) :             3.691ns  (required time - arrival time)
  Source:                 udp_gateway_shadow_mirror_i/rst_ps7_0_100M/U0/ACTIVE_LOW_PR_OUT_DFF[0].FDRE_PER_N/C
                            (rising edge-triggered cell FDRE clocked by clk_fpga_0  {rise@0.000ns fall@10.000ns period=20.000ns})
  Destination:            udp_gateway_shadow_mirror_i/dma_gateway_hybrid_0/inst/i_hybrid_dma/u_crypto_bridge/gen_crypto_cores[0].u_aes/dec_block/block_w1_reg_reg[1]/CLR
                            (recovery check against rising-edge clock clk_fpga_0  {rise@0.000ns fall@10.000ns period=20.000ns})
  Path Group:             **async_default**
  Path Type:              Recovery (Max at Slow Process Corner)
  Requirement:            20.000ns  (clk_fpga_0 rise@20.000ns - clk_fpga_0 rise@0.000ns)
  Data Path Delay:        15.272ns  (logic 0.642ns (4.204%)  route 14.630ns (95.796%))
  Logic Levels:           1  (LUT1=1)
  Clock Path Skew:        -0.330ns (DCD - SCD + CPR)
    Destination Clock Delay (DCD):    2.741ns = ( 22.741 - 20.000 ) 
    Source Clock Delay      (SCD):    3.186ns
    Clock Pessimism Removal (CPR):    0.115ns
  Clock Uncertainty:      0.302ns  ((TSJ^2 + TIJ^2)^1/2 + DJ) / 2 + PE
    Total System Jitter     (TSJ):    0.071ns
    Total Input Jitter      (TIJ):    0.600ns
    Discrete Jitter          (DJ):    0.000ns
    Phase Error              (PE):    0.000ns

    Location             Delay type                Incr(ns)  Path(ns)    PBlock               Netlist Resource(s)
  -------------------------------------------------------------------    ----------------------------------------
                         (clock clk_fpga_0 rise edge)
                                                      0.000     0.000 r                       
    PS7_X0Y0             PS7                          0.000     0.000 r                       udp_gateway_shadow_mirror_i/processing_system7_0/inst/PS7_i/FCLKCLK[0]
                         net (fo=1, routed)           1.193     1.193                         udp_gateway_shadow_mirror_i/processing_system7_0/inst/FCLK_CLK_unbuffered[0]
    BUFGCTRL_X0Y17       BUFG (Prop_bufg_I_O)         0.101     1.294 r                       udp_gateway_shadow_mirror_i/processing_system7_0/inst/buffer_fclk_clk_0.FCLK_CLK_0_BUFG/O
                         net (fo=54559, routed)       1.892     3.186                         udp_gateway_shadow_mirror_i/rst_ps7_0_100M/U0/slowest_sync_clk
    SLICE_X62Y128        FDRE                                         r                       udp_gateway_shadow_mirror_i/rst_ps7_0_100M/U0/ACTIVE_LOW_PR_OUT_DFF[0].FDRE_PER_N/C
  -------------------------------------------------------------------    ----------------------------------------
    SLICE_X62Y128        FDRE (Prop_fdre_C_Q)         0.518     3.704 r                       udp_gateway_shadow_mirror_i/rst_ps7_0_100M/U0/ACTIVE_LOW_PR_OUT_DFF[0].FDRE_PER_N/Q
                         net (fo=100, routed)         6.373    10.077                         udp_gateway_shadow_mirror_i/dma_gateway_hybrid_0/inst/i_hybrid_dma/u_crypto_bridge/gen_crypto_cores[0].u_aes/keymem/rst_n
    SLICE_X55Y51         LUT1 (Prop_lut1_I0_O)        0.124    10.201 f  shadow_core_region   udp_gateway_shadow_mirror_i/dma_gateway_hybrid_0/inst/i_hybrid_dma/u_crypto_bridge/gen_crypto_cores[0].u_aes/keymem/debug_last_plaintext_q[127]_i_2/O
                         net (fo=9554, routed)        8.257    18.458                         udp_gateway_shadow_mirror_i/dma_gateway_hybrid_0/inst/i_hybrid_dma/u_crypto_bridge/gen_crypto_cores[0].u_aes/dec_block/ready_reg_reg_0
    SLICE_X84Y6          FDCE                                         f  shadow_core_region   udp_gateway_shadow_mirror_i/dma_gateway_hybrid_0/inst/i_hybrid_dma/u_crypto_bridge/gen_crypto_cores[0].u_aes/dec_block/block_w1_reg_reg[1]/CLR
  -------------------------------------------------------------------    ----------------------------------------

                         (clock clk_fpga_0 rise edge)
                                                     20.000    20.000 r                       
    PS7_X0Y0             PS7                          0.000    20.000 r                       udp_gateway_shadow_mirror_i/processing_system7_0/inst/PS7_i/FCLKCLK[0]
                         net (fo=1, routed)           1.088    21.088                         udp_gateway_shadow_mirror_i/processing_system7_0/inst/FCLK_CLK_unbuffered[0]
    BUFGCTRL_X0Y17       BUFG (Prop_bufg_I_O)         0.091    21.179 r                       udp_gateway_shadow_mirror_i/processing_system7_0/inst/buffer_fclk_clk_0.FCLK_CLK_0_BUFG/O
                         net (fo=54559, routed)       1.562    22.741                         udp_gateway_shadow_mirror_i/dma_gateway_hybrid_0/inst/i_hybrid_dma/u_crypto_bridge/gen_crypto_cores[0].u_aes/dec_block/clk
    SLICE_X84Y6          FDCE                                         r  shadow_core_region   udp_gateway_shadow_mirror_i/dma_gateway_hybrid_0/inst/i_hybrid_dma/u_crypto_bridge/gen_crypto_cores[0].u_aes/dec_block/block_w1_reg_reg[1]/C
                         clock pessimism              0.115    22.856                           
                         clock uncertainty           -0.302    22.554                           
    SLICE_X84Y6          FDCE (Recov_fdce_C_CLR)     -0.405    22.149    shadow_core_region     udp_gateway_shadow_mirror_i/dma_gateway_hybrid_0/inst/i_hybrid_dma/u_crypto_bridge/gen_crypto_cores[0].u_aes/dec_block/block_w1_reg_reg[1]
  -------------------------------------------------------------------
                         required time                         22.149                           
                         arrival time                         -18.458                           
  -------------------------------------------------------------------
                         slack                                  3.691                           

Slack (MET) :             3.713ns  (required time - arrival time)
  Source:                 udp_gateway_shadow_mirror_i/rst_ps7_0_100M/U0/ACTIVE_LOW_PR_OUT_DFF[0].FDRE_PER_N/C
                            (rising edge-triggered cell FDRE clocked by clk_fpga_0  {rise@0.000ns fall@10.000ns period=20.000ns})
  Destination:            udp_gateway_shadow_mirror_i/dma_gateway_hybrid_0/inst/i_hybrid_dma/u_crypto_bridge/rob_data_reg[23][45]/CLR
                            (recovery check against rising-edge clock clk_fpga_0  {rise@0.000ns fall@10.000ns period=20.000ns})
  Path Group:             **async_default**
  Path Type:              Recovery (Max at Slow Process Corner)
  Requirement:            20.000ns  (clk_fpga_0 rise@20.000ns - clk_fpga_0 rise@0.000ns)
  Data Path Delay:        15.472ns  (logic 0.642ns (4.149%)  route 14.830ns (95.851%))
  Logic Levels:           1  (LUT1=1)
  Clock Path Skew:        -0.194ns (DCD - SCD + CPR)
    Destination Clock Delay (DCD):    2.877ns = ( 22.878 - 20.000 ) 
    Source Clock Delay      (SCD):    3.186ns
    Clock Pessimism Removal (CPR):    0.115ns
  Clock Uncertainty:      0.302ns  ((TSJ^2 + TIJ^2)^1/2 + DJ) / 2 + PE
    Total System Jitter     (TSJ):    0.071ns
    Total Input Jitter      (TIJ):    0.600ns
    Discrete Jitter          (DJ):    0.000ns
    Phase Error              (PE):    0.000ns

    Location             Delay type                Incr(ns)  Path(ns)    PBlock               Netlist Resource(s)
  -------------------------------------------------------------------    ----------------------------------------
                         (clock clk_fpga_0 rise edge)
                                                      0.000     0.000 r                       
    PS7_X0Y0             PS7                          0.000     0.000 r                       udp_gateway_shadow_mirror_i/processing_system7_0/inst/PS7_i/FCLKCLK[0]
                         net (fo=1, routed)           1.193     1.193                         udp_gateway_shadow_mirror_i/processing_system7_0/inst/FCLK_CLK_unbuffered[0]
    BUFGCTRL_X0Y17       BUFG (Prop_bufg_I_O)         0.101     1.294 r                       udp_gateway_shadow_mirror_i/processing_system7_0/inst/buffer_fclk_clk_0.FCLK_CLK_0_BUFG/O
                         net (fo=54559, routed)       1.892     3.186                         udp_gateway_shadow_mirror_i/rst_ps7_0_100M/U0/slowest_sync_clk
    SLICE_X62Y128        FDRE                                         r                       udp_gateway_shadow_mirror_i/rst_ps7_0_100M/U0/ACTIVE_LOW_PR_OUT_DFF[0].FDRE_PER_N/C
  -------------------------------------------------------------------    ----------------------------------------
    SLICE_X62Y128        FDRE (Prop_fdre_C_Q)         0.518     3.704 r                       udp_gateway_shadow_mirror_i/rst_ps7_0_100M/U0/ACTIVE_LOW_PR_OUT_DFF[0].FDRE_PER_N/Q
                         net (fo=100, routed)         6.373    10.077                         udp_gateway_shadow_mirror_i/dma_gateway_hybrid_0/inst/i_hybrid_dma/u_crypto_bridge/gen_crypto_cores[0].u_aes/keymem/rst_n
    SLICE_X55Y51         LUT1 (Prop_lut1_I0_O)        0.124    10.201 f  shadow_core_region   udp_gateway_shadow_mirror_i/dma_gateway_hybrid_0/inst/i_hybrid_dma/u_crypto_bridge/gen_crypto_cores[0].u_aes/keymem/debug_last_plaintext_q[127]_i_2/O
                         net (fo=9554, routed)        8.457    18.658                         udp_gateway_shadow_mirror_i/dma_gateway_hybrid_0/inst/i_hybrid_dma/u_crypto_bridge/gen_crypto_cores[0].u_aes_n_221
    SLICE_X108Y9         FDCE                                         f  shadow_core_region   udp_gateway_shadow_mirror_i/dma_gateway_hybrid_0/inst/i_hybrid_dma/u_crypto_bridge/rob_data_reg[23][45]/CLR
  -------------------------------------------------------------------    ----------------------------------------

                         (clock clk_fpga_0 rise edge)
                                                     20.000    20.000 r                       
    PS7_X0Y0             PS7                          0.000    20.000 r                       udp_gateway_shadow_mirror_i/processing_system7_0/inst/PS7_i/FCLKCLK[0]
                         net (fo=1, routed)           1.088    21.088                         udp_gateway_shadow_mirror_i/processing_system7_0/inst/FCLK_CLK_unbuffered[0]
    BUFGCTRL_X0Y17       BUFG (Prop_bufg_I_O)         0.091    21.179 r                       udp_gateway_shadow_mirror_i/processing_system7_0/inst/buffer_fclk_clk_0.FCLK_CLK_0_BUFG/O
                         net (fo=54559, routed)       1.698    22.878                         udp_gateway_shadow_mirror_i/dma_gateway_hybrid_0/inst/i_hybrid_dma/u_crypto_bridge/clk
    SLICE_X108Y9         FDCE                                         r  shadow_core_region   udp_gateway_shadow_mirror_i/dma_gateway_hybrid_0/inst/i_hybrid_dma/u_crypto_bridge/rob_data_reg[23][45]/C
                         clock pessimism              0.115    22.992                           
                         clock uncertainty           -0.302    22.690                           
    SLICE_X108Y9         FDCE (Recov_fdce_C_CLR)     -0.319    22.371    shadow_core_region     udp_gateway_shadow_mirror_i/dma_gateway_hybrid_0/inst/i_hybrid_dma/u_crypto_bridge/rob_data_reg[23][45]
  -------------------------------------------------------------------
                         required time                         22.371                           
                         arrival time                         -18.658                           
  -------------------------------------------------------------------
                         slack                                  3.713                           

Slack (MET) :             3.860ns  (required time - arrival time)
  Source:                 udp_gateway_shadow_mirror_i/rst_ps7_0_100M/U0/ACTIVE_LOW_PR_OUT_DFF[0].FDRE_PER_N/C
                            (rising edge-triggered cell FDRE clocked by clk_fpga_0  {rise@0.000ns fall@10.000ns period=20.000ns})
  Destination:            udp_gateway_shadow_mirror_i/dma_gateway_hybrid_0/inst/i_hybrid_dma/u_crypto_bridge/rob_data_reg[2][15]/CLR
                            (recovery check against rising-edge clock clk_fpga_0  {rise@0.000ns fall@10.000ns period=20.000ns})
  Path Group:             **async_default**
  Path Type:              Recovery (Max at Slow Process Corner)
  Requirement:            20.000ns  (clk_fpga_0 rise@20.000ns - clk_fpga_0 rise@0.000ns)
  Data Path Delay:        15.104ns  (logic 0.642ns (4.251%)  route 14.462ns (95.749%))
  Logic Levels:           1  (LUT1=1)
  Clock Path Skew:        -0.330ns (DCD - SCD + CPR)
    Destination Clock Delay (DCD):    2.741ns = ( 22.742 - 20.000 ) 
    Source Clock Delay      (SCD):    3.186ns
    Clock Pessimism Removal (CPR):    0.115ns
  Clock Uncertainty:      0.302ns  ((TSJ^2 + TIJ^2)^1/2 + DJ) / 2 + PE
    Total System Jitter     (TSJ):    0.071ns
    Total Input Jitter      (TIJ):    0.600ns
    Discrete Jitter          (DJ):    0.000ns
    Phase Error              (PE):    0.000ns

    Location             Delay type                Incr(ns)  Path(ns)    PBlock               Netlist Resource(s)
  -------------------------------------------------------------------    ----------------------------------------
                         (clock clk_fpga_0 rise edge)
                                                      0.000     0.000 r                       
    PS7_X0Y0             PS7                          0.000     0.000 r                       udp_gateway_shadow_mirror_i/processing_system7_0/inst/PS7_i/FCLKCLK[0]
                         net (fo=1, routed)           1.193     1.193                         udp_gateway_shadow_mirror_i/processing_system7_0/inst/FCLK_CLK_unbuffered[0]
    BUFGCTRL_X0Y17       BUFG (Prop_bufg_I_O)         0.101     1.294 r                       udp_gateway_shadow_mirror_i/processing_system7_0/inst/buffer_fclk_clk_0.FCLK_CLK_0_BUFG/O
                         net (fo=54559, routed)       1.892     3.186                         udp_gateway_shadow_mirror_i/rst_ps7_0_100M/U0/slowest_sync_clk
    SLICE_X62Y128        FDRE                                         r                       udp_gateway_shadow_mirror_i/rst_ps7_0_100M/U0/ACTIVE_LOW_PR_OUT_DFF[0].FDRE_PER_N/C
  -------------------------------------------------------------------    ----------------------------------------
    SLICE_X62Y128        FDRE (Prop_fdre_C_Q)         0.518     3.704 r                       udp_gateway_shadow_mirror_i/rst_ps7_0_100M/U0/ACTIVE_LOW_PR_OUT_DFF[0].FDRE_PER_N/Q
                         net (fo=100, routed)         6.373    10.077                         udp_gateway_shadow_mirror_i/dma_gateway_hybrid_0/inst/i_hybrid_dma/u_crypto_bridge/gen_crypto_cores[0].u_aes/keymem/rst_n
    SLICE_X55Y51         LUT1 (Prop_lut1_I0_O)        0.124    10.201 f  shadow_core_region   udp_gateway_shadow_mirror_i/dma_gateway_hybrid_0/inst/i_hybrid_dma/u_crypto_bridge/gen_crypto_cores[0].u_aes/keymem/debug_last_plaintext_q[127]_i_2/O
                         net (fo=9554, routed)        8.089    18.290                         udp_gateway_shadow_mirror_i/dma_gateway_hybrid_0/inst/i_hybrid_dma/u_crypto_bridge/gen_crypto_cores[0].u_aes_n_221
    SLICE_X76Y1          FDCE                                         f  shadow_core_region   udp_gateway_shadow_mirror_i/dma_gateway_hybrid_0/inst/i_hybrid_dma/u_crypto_bridge/rob_data_reg[2][15]/CLR
  -------------------------------------------------------------------    ----------------------------------------

                         (clock clk_fpga_0 rise edge)
                                                     20.000    20.000 r                       
    PS7_X0Y0             PS7                          0.000    20.000 r                       udp_gateway_shadow_mirror_i/processing_system7_0/inst/PS7_i/FCLKCLK[0]
                         net (fo=1, routed)           1.088    21.088                         udp_gateway_shadow_mirror_i/processing_system7_0/inst/FCLK_CLK_unbuffered[0]
    BUFGCTRL_X0Y17       BUFG (Prop_bufg_I_O)         0.091    21.179 r                       udp_gateway_shadow_mirror_i/processing_system7_0/inst/buffer_fclk_clk_0.FCLK_CLK_0_BUFG/O
                         net (fo=54559, routed)       1.562    22.742                         udp_gateway_shadow_mirror_i/dma_gateway_hybrid_0/inst/i_hybrid_dma/u_crypto_bridge/clk
    SLICE_X76Y1          FDCE                                         r  shadow_core_region   udp_gateway_shadow_mirror_i/dma_gateway_hybrid_0/inst/i_hybrid_dma/u_crypto_bridge/rob_data_reg[2][15]/C
                         clock pessimism              0.115    22.856                           
                         clock uncertainty           -0.302    22.554                           
    SLICE_X76Y1          FDCE (Recov_fdce_C_CLR)     -0.405    22.149    shadow_core_region     udp_gateway_shadow_mirror_i/dma_gateway_hybrid_0/inst/i_hybrid_dma/u_crypto_bridge/rob_data_reg[2][15]
  -------------------------------------------------------------------
                         required time                         22.149                           
                         arrival time                         -18.290                           
  -------------------------------------------------------------------
                         slack                                  3.860                           

Slack (MET) :             3.860ns  (required time - arrival time)
  Source:                 udp_gateway_shadow_mirror_i/rst_ps7_0_100M/U0/ACTIVE_LOW_PR_OUT_DFF[0].FDRE_PER_N/C
                            (rising edge-triggered cell FDRE clocked by clk_fpga_0  {rise@0.000ns fall@10.000ns period=20.000ns})
  Destination:            udp_gateway_shadow_mirror_i/dma_gateway_hybrid_0/inst/i_hybrid_dma/u_crypto_bridge/rob_data_reg[2][24]/CLR
                            (recovery check against rising-edge clock clk_fpga_0  {rise@0.000ns fall@10.000ns period=20.000ns})
  Path Group:             **async_default**
  Path Type:              Recovery (Max at Slow Process Corner)
  Requirement:            20.000ns  (clk_fpga_0 rise@20.000ns - clk_fpga_0 rise@0.000ns)
  Data Path Delay:        15.104ns  (logic 0.642ns (4.251%)  route 14.462ns (95.749%))
  Logic Levels:           1  (LUT1=1)
  Clock Path Skew:        -0.330ns (DCD - SCD + CPR)
    Destination Clock Delay (DCD):    2.741ns = ( 22.742 - 20.000 ) 
    Source Clock Delay      (SCD):    3.186ns
    Clock Pessimism Removal (CPR):    0.115ns
  Clock Uncertainty:      0.302ns  ((TSJ^2 + TIJ^2)^1/2 + DJ) / 2 + PE
    Total System Jitter     (TSJ):    0.071ns
    Total Input Jitter      (TIJ):    0.600ns
    Discrete Jitter          (DJ):    0.000ns
    Phase Error              (PE):    0.000ns

    Location             Delay type                Incr(ns)  Path(ns)    PBlock               Netlist Resource(s)
  -------------------------------------------------------------------    ----------------------------------------
                         (clock clk_fpga_0 rise edge)
                                                      0.000     0.000 r                       
    PS7_X0Y0             PS7                          0.000     0.000 r                       udp_gateway_shadow_mirror_i/processing_system7_0/inst/PS7_i/FCLKCLK[0]
                         net (fo=1, routed)           1.193     1.193                         udp_gateway_shadow_mirror_i/processing_system7_0/inst/FCLK_CLK_unbuffered[0]
    BUFGCTRL_X0Y17       BUFG (Prop_bufg_I_O)         0.101     1.294 r                       udp_gateway_shadow_mirror_i/processing_system7_0/inst/buffer_fclk_clk_0.FCLK_CLK_0_BUFG/O
                         net (fo=54559, routed)       1.892     3.186                         udp_gateway_shadow_mirror_i/rst_ps7_0_100M/U0/slowest_sync_clk
    SLICE_X62Y128        FDRE                                         r                       udp_gateway_shadow_mirror_i/rst_ps7_0_100M/U0/ACTIVE_LOW_PR_OUT_DFF[0].FDRE_PER_N/C
  -------------------------------------------------------------------    ----------------------------------------
    SLICE_X62Y128        FDRE (Prop_fdre_C_Q)         0.518     3.704 r                       udp_gateway_shadow_mirror_i/rst_ps7_0_100M/U0/ACTIVE_LOW_PR_OUT_DFF[0].FDRE_PER_N/Q
                         net (fo=100, routed)         6.373    10.077                         udp_gateway_shadow_mirror_i/dma_gateway_hybrid_0/inst/i_hybrid_dma/u_crypto_bridge/gen_crypto_cores[0].u_aes/keymem/rst_n
    SLICE_X55Y51         LUT1 (Prop_lut1_I0_O)        0.124    10.201 f  shadow_core_region   udp_gateway_shadow_mirror_i/dma_gateway_hybrid_0/inst/i_hybrid_dma/u_crypto_bridge/gen_crypto_cores[0].u_aes/keymem/debug_last_plaintext_q[127]_i_2/O
                         net (fo=9554, routed)        8.089    18.290                         udp_gateway_shadow_mirror_i/dma_gateway_hybrid_0/inst/i_hybrid_dma/u_crypto_bridge/gen_crypto_cores[0].u_aes_n_221
    SLICE_X76Y1          FDCE                                         f  shadow_core_region   udp_gateway_shadow_mirror_i/dma_gateway_hybrid_0/inst/i_hybrid_dma/u_crypto_bridge/rob_data_reg[2][24]/CLR
  -------------------------------------------------------------------    ----------------------------------------

                         (clock clk_fpga_0 rise edge)
                                                     20.000    20.000 r                       
    PS7_X0Y0             PS7                          0.000    20.000 r                       udp_gateway_shadow_mirror_i/processing_system7_0/inst/PS7_i/FCLKCLK[0]
                         net (fo=1, routed)           1.088    21.088                         udp_gateway_shadow_mirror_i/processing_system7_0/inst/FCLK_CLK_unbuffered[0]
    BUFGCTRL_X0Y17       BUFG (Prop_bufg_I_O)         0.091    21.179 r                       udp_gateway_shadow_mirror_i/processing_system7_0/inst/buffer_fclk_clk_0.FCLK_CLK_0_BUFG/O
                         net (fo=54559, routed)       1.562    22.742                         udp_gateway_shadow_mirror_i/dma_gateway_hybrid_0/inst/i_hybrid_dma/u_crypto_bridge/clk
    SLICE_X76Y1          FDCE                                         r  shadow_core_region   udp_gateway_shadow_mirror_i/dma_gateway_hybrid_0/inst/i_hybrid_dma/u_crypto_bridge/rob_data_reg[2][24]/C
                         clock pessimism              0.115    22.856                           
                         clock uncertainty           -0.302    22.554                           
    SLICE_X76Y1          FDCE (Recov_fdce_C_CLR)     -0.405    22.149    shadow_core_region     udp_gateway_shadow_mirror_i/dma_gateway_hybrid_0/inst/i_hybrid_dma/u_crypto_bridge/rob_data_reg[2][24]
  -------------------------------------------------------------------
                         required time                         22.149                           
                         arrival time                         -18.290                           
  -------------------------------------------------------------------
                         slack                                  3.860                           

Slack (MET) :             3.860ns  (required time - arrival time)
  Source:                 udp_gateway_shadow_mirror_i/rst_ps7_0_100M/U0/ACTIVE_LOW_PR_OUT_DFF[0].FDRE_PER_N/C
                            (rising edge-triggered cell FDRE clocked by clk_fpga_0  {rise@0.000ns fall@10.000ns period=20.000ns})
  Destination:            udp_gateway_shadow_mirror_i/dma_gateway_hybrid_0/inst/i_hybrid_dma/u_crypto_bridge/rob_data_reg[2][41]/CLR
                            (recovery check against rising-edge clock clk_fpga_0  {rise@0.000ns fall@10.000ns period=20.000ns})
  Path Group:             **async_default**
  Path Type:              Recovery (Max at Slow Process Corner)
  Requirement:            20.000ns  (clk_fpga_0 rise@20.000ns - clk_fpga_0 rise@0.000ns)
  Data Path Delay:        15.104ns  (logic 0.642ns (4.251%)  route 14.462ns (95.749%))
  Logic Levels:           1  (LUT1=1)
  Clock Path Skew:        -0.330ns (DCD - SCD + CPR)
    Destination Clock Delay (DCD):    2.741ns = ( 22.742 - 20.000 ) 
    Source Clock Delay      (SCD):    3.186ns
    Clock Pessimism Removal (CPR):    0.115ns
  Clock Uncertainty:      0.302ns  ((TSJ^2 + TIJ^2)^1/2 + DJ) / 2 + PE
    Total System Jitter     (TSJ):    0.071ns
    Total Input Jitter      (TIJ):    0.600ns
    Discrete Jitter          (DJ):    0.000ns
    Phase Error              (PE):    0.000ns

    Location             Delay type                Incr(ns)  Path(ns)    PBlock               Netlist Resource(s)
  -------------------------------------------------------------------    ----------------------------------------
                         (clock clk_fpga_0 rise edge)
                                                      0.000     0.000 r                       
    PS7_X0Y0             PS7                          0.000     0.000 r                       udp_gateway_shadow_mirror_i/processing_system7_0/inst/PS7_i/FCLKCLK[0]
                         net (fo=1, routed)           1.193     1.193                         udp_gateway_shadow_mirror_i/processing_system7_0/inst/FCLK_CLK_unbuffered[0]
    BUFGCTRL_X0Y17       BUFG (Prop_bufg_I_O)         0.101     1.294 r                       udp_gateway_shadow_mirror_i/processing_system7_0/inst/buffer_fclk_clk_0.FCLK_CLK_0_BUFG/O
                         net (fo=54559, routed)       1.892     3.186                         udp_gateway_shadow_mirror_i/rst_ps7_0_100M/U0/slowest_sync_clk
    SLICE_X62Y128        FDRE                                         r                       udp_gateway_shadow_mirror_i/rst_ps7_0_100M/U0/ACTIVE_LOW_PR_OUT_DFF[0].FDRE_PER_N/C
  -------------------------------------------------------------------    ----------------------------------------
    SLICE_X62Y128        FDRE (Prop_fdre_C_Q)         0.518     3.704 r                       udp_gateway_shadow_mirror_i/rst_ps7_0_100M/U0/ACTIVE_LOW_PR_OUT_DFF[0].FDRE_PER_N/Q
                         net (fo=100, routed)         6.373    10.077                         udp_gateway_shadow_mirror_i/dma_gateway_hybrid_0/inst/i_hybrid_dma/u_crypto_bridge/gen_crypto_cores[0].u_aes/keymem/rst_n
    SLICE_X55Y51         LUT1 (Prop_lut1_I0_O)        0.124    10.201 f  shadow_core_region   udp_gateway_shadow_mirror_i/dma_gateway_hybrid_0/inst/i_hybrid_dma/u_crypto_bridge/gen_crypto_cores[0].u_aes/keymem/debug_last_plaintext_q[127]_i_2/O
                         net (fo=9554, routed)        8.089    18.290                         udp_gateway_shadow_mirror_i/dma_gateway_hybrid_0/inst/i_hybrid_dma/u_crypto_bridge/gen_crypto_cores[0].u_aes_n_221
    SLICE_X76Y1          FDCE                                         f  shadow_core_region   udp_gateway_shadow_mirror_i/dma_gateway_hybrid_0/inst/i_hybrid_dma/u_crypto_bridge/rob_data_reg[2][41]/CLR
  -------------------------------------------------------------------    ----------------------------------------

                         (clock clk_fpga_0 rise edge)
                                                     20.000    20.000 r                       
    PS7_X0Y0             PS7                          0.000    20.000 r                       udp_gateway_shadow_mirror_i/processing_system7_0/inst/PS7_i/FCLKCLK[0]
                         net (fo=1, routed)           1.088    21.088                         udp_gateway_shadow_mirror_i/processing_system7_0/inst/FCLK_CLK_unbuffered[0]
    BUFGCTRL_X0Y17       BUFG (Prop_bufg_I_O)         0.091    21.179 r                       udp_gateway_shadow_mirror_i/processing_system7_0/inst/buffer_fclk_clk_0.FCLK_CLK_0_BUFG/O
                         net (fo=54559, routed)       1.562    22.742                         udp_gateway_shadow_mirror_i/dma_gateway_hybrid_0/inst/i_hybrid_dma/u_crypto_bridge/clk
    SLICE_X76Y1          FDCE                                         r  shadow_core_region   udp_gateway_shadow_mirror_i/dma_gateway_hybrid_0/inst/i_hybrid_dma/u_crypto_bridge/rob_data_reg[2][41]/C
                         clock pessimism              0.115    22.856                           
                         clock uncertainty           -0.302    22.554                           
    SLICE_X76Y1          FDCE (Recov_fdce_C_CLR)     -0.405    22.149    shadow_core_region     udp_gateway_shadow_mirror_i/dma_gateway_hybrid_0/inst/i_hybrid_dma/u_crypto_bridge/rob_data_reg[2][41]
  -------------------------------------------------------------------
                         required time                         22.149                           
                         arrival time                         -18.290                           
  -------------------------------------------------------------------
                         slack                                  3.860                           

Slack (MET) :             3.860ns  (required time - arrival time)
  Source:                 udp_gateway_shadow_mirror_i/rst_ps7_0_100M/U0/ACTIVE_LOW_PR_OUT_DFF[0].FDRE_PER_N/C
                            (rising edge-triggered cell FDRE clocked by clk_fpga_0  {rise@0.000ns fall@10.000ns period=20.000ns})
  Destination:            udp_gateway_shadow_mirror_i/dma_gateway_hybrid_0/inst/i_hybrid_dma/u_crypto_bridge/rob_data_reg[2][45]/CLR
                            (recovery check against rising-edge clock clk_fpga_0  {rise@0.000ns fall@10.000ns period=20.000ns})
  Path Group:             **async_default**
  Path Type:              Recovery (Max at Slow Process Corner)
  Requirement:            20.000ns  (clk_fpga_0 rise@20.000ns - clk_fpga_0 rise@0.000ns)
  Data Path Delay:        15.104ns  (logic 0.642ns (4.251%)  route 14.462ns (95.749%))
  Logic Levels:           1  (LUT1=1)
  Clock Path Skew:        -0.330ns (DCD - SCD + CPR)
    Destination Clock Delay (DCD):    2.741ns = ( 22.742 - 20.000 ) 
    Source Clock Delay      (SCD):    3.186ns
    Clock Pessimism Removal (CPR):    0.115ns
  Clock Uncertainty:      0.302ns  ((TSJ^2 + TIJ^2)^1/2 + DJ) / 2 + PE
    Total System Jitter     (TSJ):    0.071ns
    Total Input Jitter      (TIJ):    0.600ns
    Discrete Jitter          (DJ):    0.000ns
    Phase Error              (PE):    0.000ns

    Location             Delay type                Incr(ns)  Path(ns)    PBlock               Netlist Resource(s)
  -------------------------------------------------------------------    ----------------------------------------
                         (clock clk_fpga_0 rise edge)
                                                      0.000     0.000 r                       
    PS7_X0Y0             PS7                          0.000     0.000 r                       udp_gateway_shadow_mirror_i/processing_system7_0/inst/PS7_i/FCLKCLK[0]
                         net (fo=1, routed)           1.193     1.193                         udp_gateway_shadow_mirror_i/processing_system7_0/inst/FCLK_CLK_unbuffered[0]
    BUFGCTRL_X0Y17       BUFG (Prop_bufg_I_O)         0.101     1.294 r                       udp_gateway_shadow_mirror_i/processing_system7_0/inst/buffer_fclk_clk_0.FCLK_CLK_0_BUFG/O
                         net (fo=54559, routed)       1.892     3.186                         udp_gateway_shadow_mirror_i/rst_ps7_0_100M/U0/slowest_sync_clk
    SLICE_X62Y128        FDRE                                         r                       udp_gateway_shadow_mirror_i/rst_ps7_0_100M/U0/ACTIVE_LOW_PR_OUT_DFF[0].FDRE_PER_N/C
  -------------------------------------------------------------------    ----------------------------------------
    SLICE_X62Y128        FDRE (Prop_fdre_C_Q)         0.518     3.704 r                       udp_gateway_shadow_mirror_i/rst_ps7_0_100M/U0/ACTIVE_LOW_PR_OUT_DFF[0].FDRE_PER_N/Q
                         net (fo=100, routed)         6.373    10.077                         udp_gateway_shadow_mirror_i/dma_gateway_hybrid_0/inst/i_hybrid_dma/u_crypto_bridge/gen_crypto_cores[0].u_aes/keymem/rst_n
    SLICE_X55Y51         LUT1 (Prop_lut1_I0_O)        0.124    10.201 f  shadow_core_region   udp_gateway_shadow_mirror_i/dma_gateway_hybrid_0/inst/i_hybrid_dma/u_crypto_bridge/gen_crypto_cores[0].u_aes/keymem/debug_last_plaintext_q[127]_i_2/O
                         net (fo=9554, routed)        8.089    18.290                         udp_gateway_shadow_mirror_i/dma_gateway_hybrid_0/inst/i_hybrid_dma/u_crypto_bridge/gen_crypto_cores[0].u_aes_n_221
    SLICE_X76Y1          FDCE                                         f  shadow_core_region   udp_gateway_shadow_mirror_i/dma_gateway_hybrid_0/inst/i_hybrid_dma/u_crypto_bridge/rob_data_reg[2][45]/CLR
  -------------------------------------------------------------------    ----------------------------------------

                         (clock clk_fpga_0 rise edge)
                                                     20.000    20.000 r                       
    PS7_X0Y0             PS7                          0.000    20.000 r                       udp_gateway_shadow_mirror_i/processing_system7_0/inst/PS7_i/FCLKCLK[0]
                         net (fo=1, routed)           1.088    21.088                         udp_gateway_shadow_mirror_i/processing_system7_0/inst/FCLK_CLK_unbuffered[0]
    BUFGCTRL_X0Y17       BUFG (Prop_bufg_I_O)         0.091    21.179 r                       udp_gateway_shadow_mirror_i/processing_system7_0/inst/buffer_fclk_clk_0.FCLK_CLK_0_BUFG/O
                         net (fo=54559, routed)       1.562    22.742                         udp_gateway_shadow_mirror_i/dma_gateway_hybrid_0/inst/i_hybrid_dma/u_crypto_bridge/clk
    SLICE_X76Y1          FDCE                                         r  shadow_core_region   udp_gateway_shadow_mirror_i/dma_gateway_hybrid_0/inst/i_hybrid_dma/u_crypto_bridge/rob_data_reg[2][45]/C
                         clock pessimism              0.115    22.856                           
                         clock uncertainty           -0.302    22.554                           
    SLICE_X76Y1          FDCE (Recov_fdce_C_CLR)     -0.405    22.149    shadow_core_region     udp_gateway_shadow_mirror_i/dma_gateway_hybrid_0/inst/i_hybrid_dma/u_crypto_bridge/rob_data_reg[2][45]
  -------------------------------------------------------------------
                         required time                         22.149                           
                         arrival time                         -18.290                           
  -------------------------------------------------------------------
                         slack                                  3.860                           

Slack (MET) :             3.860ns  (required time - arrival time)
  Source:                 udp_gateway_shadow_mirror_i/rst_ps7_0_100M/U0/ACTIVE_LOW_PR_OUT_DFF[0].FDRE_PER_N/C
                            (rising edge-triggered cell FDRE clocked by clk_fpga_0  {rise@0.000ns fall@10.000ns period=20.000ns})
  Destination:            udp_gateway_shadow_mirror_i/dma_gateway_hybrid_0/inst/i_hybrid_dma/u_crypto_bridge/rob_data_reg[2][47]/CLR
                            (recovery check against rising-edge clock clk_fpga_0  {rise@0.000ns fall@10.000ns period=20.000ns})
  Path Group:             **async_default**
  Path Type:              Recovery (Max at Slow Process Corner)
  Requirement:            20.000ns  (clk_fpga_0 rise@20.000ns - clk_fpga_0 rise@0.000ns)
  Data Path Delay:        15.104ns  (logic 0.642ns (4.251%)  route 14.462ns (95.749%))
  Logic Levels:           1  (LUT1=1)
  Clock Path Skew:        -0.330ns (DCD - SCD + CPR)
    Destination Clock Delay (DCD):    2.741ns = ( 22.742 - 20.000 ) 
    Source Clock Delay      (SCD):    3.186ns
    Clock Pessimism Removal (CPR):    0.115ns
  Clock Uncertainty:      0.302ns  ((TSJ^2 + TIJ^2)^1/2 + DJ) / 2 + PE
    Total System Jitter     (TSJ):    0.071ns
    Total Input Jitter      (TIJ):    0.600ns
    Discrete Jitter          (DJ):    0.000ns
    Phase Error              (PE):    0.000ns

    Location             Delay type                Incr(ns)  Path(ns)    PBlock               Netlist Resource(s)
  -------------------------------------------------------------------    ----------------------------------------
                         (clock clk_fpga_0 rise edge)
                                                      0.000     0.000 r                       
    PS7_X0Y0             PS7                          0.000     0.000 r                       udp_gateway_shadow_mirror_i/processing_system7_0/inst/PS7_i/FCLKCLK[0]
                         net (fo=1, routed)           1.193     1.193                         udp_gateway_shadow_mirror_i/processing_system7_0/inst/FCLK_CLK_unbuffered[0]
    BUFGCTRL_X0Y17       BUFG (Prop_bufg_I_O)         0.101     1.294 r                       udp_gateway_shadow_mirror_i/processing_system7_0/inst/buffer_fclk_clk_0.FCLK_CLK_0_BUFG/O
                         net (fo=54559, routed)       1.892     3.186                         udp_gateway_shadow_mirror_i/rst_ps7_0_100M/U0/slowest_sync_clk
    SLICE_X62Y128        FDRE                                         r                       udp_gateway_shadow_mirror_i/rst_ps7_0_100M/U0/ACTIVE_LOW_PR_OUT_DFF[0].FDRE_PER_N/C
  -------------------------------------------------------------------    ----------------------------------------
    SLICE_X62Y128        FDRE (Prop_fdre_C_Q)         0.518     3.704 r                       udp_gateway_shadow_mirror_i/rst_ps7_0_100M/U0/ACTIVE_LOW_PR_OUT_DFF[0].FDRE_PER_N/Q
                         net (fo=100, routed)         6.373    10.077                         udp_gateway_shadow_mirror_i/dma_gateway_hybrid_0/inst/i_hybrid_dma/u_crypto_bridge/gen_crypto_cores[0].u_aes/keymem/rst_n
    SLICE_X55Y51         LUT1 (Prop_lut1_I0_O)        0.124    10.201 f  shadow_core_region   udp_gateway_shadow_mirror_i/dma_gateway_hybrid_0/inst/i_hybrid_dma/u_crypto_bridge/gen_crypto_cores[0].u_aes/keymem/debug_last_plaintext_q[127]_i_2/O
                         net (fo=9554, routed)        8.089    18.290                         udp_gateway_shadow_mirror_i/dma_gateway_hybrid_0/inst/i_hybrid_dma/u_crypto_bridge/gen_crypto_cores[0].u_aes_n_221
    SLICE_X76Y1          FDCE                                         f  shadow_core_region   udp_gateway_shadow_mirror_i/dma_gateway_hybrid_0/inst/i_hybrid_dma/u_crypto_bridge/rob_data_reg[2][47]/CLR
  -------------------------------------------------------------------    ----------------------------------------

                         (clock clk_fpga_0 rise edge)
                                                     20.000    20.000 r                       
    PS7_X0Y0             PS7                          0.000    20.000 r                       udp_gateway_shadow_mirror_i/processing_system7_0/inst/PS7_i/FCLKCLK[0]
                         net (fo=1, routed)           1.088    21.088                         udp_gateway_shadow_mirror_i/processing_system7_0/inst/FCLK_CLK_unbuffered[0]
    BUFGCTRL_X0Y17       BUFG (Prop_bufg_I_O)         0.091    21.179 r                       udp_gateway_shadow_mirror_i/processing_system7_0/inst/buffer_fclk_clk_0.FCLK_CLK_0_BUFG/O
                         net (fo=54559, routed)       1.562    22.742                         udp_gateway_shadow_mirror_i/dma_gateway_hybrid_0/inst/i_hybrid_dma/u_crypto_bridge/clk
    SLICE_X76Y1          FDCE                                         r  shadow_core_region   udp_gateway_shadow_mirror_i/dma_gateway_hybrid_0/inst/i_hybrid_dma/u_crypto_bridge/rob_data_reg[2][47]/C
                         clock pessimism              0.115    22.856                           
                         clock uncertainty           -0.302    22.554                           
    SLICE_X76Y1          FDCE (Recov_fdce_C_CLR)     -0.405    22.149    shadow_core_region     udp_gateway_shadow_mirror_i/dma_gateway_hybrid_0/inst/i_hybrid_dma/u_crypto_bridge/rob_data_reg[2][47]
  -------------------------------------------------------------------
                         required time                         22.149                           
                         arrival time                         -18.290                           
  -------------------------------------------------------------------
                         slack                                  3.860                           

Slack (MET) :             3.860ns  (required time - arrival time)
  Source:                 udp_gateway_shadow_mirror_i/rst_ps7_0_100M/U0/ACTIVE_LOW_PR_OUT_DFF[0].FDRE_PER_N/C
                            (rising edge-triggered cell FDRE clocked by clk_fpga_0  {rise@0.000ns fall@10.000ns period=20.000ns})
  Destination:            udp_gateway_shadow_mirror_i/dma_gateway_hybrid_0/inst/i_hybrid_dma/u_crypto_bridge/rob_data_reg[2][49]/CLR
                            (recovery check against rising-edge clock clk_fpga_0  {rise@0.000ns fall@10.000ns period=20.000ns})
  Path Group:             **async_default**
  Path Type:              Recovery (Max at Slow Process Corner)
  Requirement:            20.000ns  (clk_fpga_0 rise@20.000ns - clk_fpga_0 rise@0.000ns)
  Data Path Delay:        15.104ns  (logic 0.642ns (4.251%)  route 14.462ns (95.749%))
  Logic Levels:           1  (LUT1=1)
  Clock Path Skew:        -0.330ns (DCD - SCD + CPR)
    Destination Clock Delay (DCD):    2.741ns = ( 22.742 - 20.000 ) 
    Source Clock Delay      (SCD):    3.186ns
    Clock Pessimism Removal (CPR):    0.115ns
  Clock Uncertainty:      0.302ns  ((TSJ^2 + TIJ^2)^1/2 + DJ) / 2 + PE
    Total System Jitter     (TSJ):    0.071ns
    Total Input Jitter      (TIJ):    0.600ns
    Discrete Jitter          (DJ):    0.000ns
    Phase Error              (PE):    0.000ns

    Location             Delay type                Incr(ns)  Path(ns)    PBlock               Netlist Resource(s)
  -------------------------------------------------------------------    ----------------------------------------
                         (clock clk_fpga_0 rise edge)
                                                      0.000     0.000 r                       
    PS7_X0Y0             PS7                          0.000     0.000 r                       udp_gateway_shadow_mirror_i/processing_system7_0/inst/PS7_i/FCLKCLK[0]
                         net (fo=1, routed)           1.193     1.193                         udp_gateway_shadow_mirror_i/processing_system7_0/inst/FCLK_CLK_unbuffered[0]
    BUFGCTRL_X0Y17       BUFG (Prop_bufg_I_O)         0.101     1.294 r                       udp_gateway_shadow_mirror_i/processing_system7_0/inst/buffer_fclk_clk_0.FCLK_CLK_0_BUFG/O
                         net (fo=54559, routed)       1.892     3.186                         udp_gateway_shadow_mirror_i/rst_ps7_0_100M/U0/slowest_sync_clk
    SLICE_X62Y128        FDRE                                         r                       udp_gateway_shadow_mirror_i/rst_ps7_0_100M/U0/ACTIVE_LOW_PR_OUT_DFF[0].FDRE_PER_N/C
  -------------------------------------------------------------------    ----------------------------------------
    SLICE_X62Y128        FDRE (Prop_fdre_C_Q)         0.518     3.704 r                       udp_gateway_shadow_mirror_i/rst_ps7_0_100M/U0/ACTIVE_LOW_PR_OUT_DFF[0].FDRE_PER_N/Q
                         net (fo=100, routed)         6.373    10.077                         udp_gateway_shadow_mirror_i/dma_gateway_hybrid_0/inst/i_hybrid_dma/u_crypto_bridge/gen_crypto_cores[0].u_aes/keymem/rst_n
    SLICE_X55Y51         LUT1 (Prop_lut1_I0_O)        0.124    10.201 f  shadow_core_region   udp_gateway_shadow_mirror_i/dma_gateway_hybrid_0/inst/i_hybrid_dma/u_crypto_bridge/gen_crypto_cores[0].u_aes/keymem/debug_last_plaintext_q[127]_i_2/O
                         net (fo=9554, routed)        8.089    18.290                         udp_gateway_shadow_mirror_i/dma_gateway_hybrid_0/inst/i_hybrid_dma/u_crypto_bridge/gen_crypto_cores[0].u_aes_n_221
    SLICE_X76Y1          FDCE                                         f  shadow_core_region   udp_gateway_shadow_mirror_i/dma_gateway_hybrid_0/inst/i_hybrid_dma/u_crypto_bridge/rob_data_reg[2][49]/CLR
  -------------------------------------------------------------------    ----------------------------------------

                         (clock clk_fpga_0 rise edge)
                                                     20.000    20.000 r                       
    PS7_X0Y0             PS7                          0.000    20.000 r                       udp_gateway_shadow_mirror_i/processing_system7_0/inst/PS7_i/FCLKCLK[0]
                         net (fo=1, routed)           1.088    21.088                         udp_gateway_shadow_mirror_i/processing_system7_0/inst/FCLK_CLK_unbuffered[0]
    BUFGCTRL_X0Y17       BUFG (Prop_bufg_I_O)         0.091    21.179 r                       udp_gateway_shadow_mirror_i/processing_system7_0/inst/buffer_fclk_clk_0.FCLK_CLK_0_BUFG/O
                         net (fo=54559, routed)       1.562    22.742                         udp_gateway_shadow_mirror_i/dma_gateway_hybrid_0/inst/i_hybrid_dma/u_crypto_bridge/clk
    SLICE_X76Y1          FDCE                                         r  shadow_core_region   udp_gateway_shadow_mirror_i/dma_gateway_hybrid_0/inst/i_hybrid_dma/u_crypto_bridge/rob_data_reg[2][49]/C
                         clock pessimism              0.115    22.856                           
                         clock uncertainty           -0.302    22.554                           
    SLICE_X76Y1          FDCE (Recov_fdce_C_CLR)     -0.405    22.149    shadow_core_region     udp_gateway_shadow_mirror_i/dma_gateway_hybrid_0/inst/i_hybrid_dma/u_crypto_bridge/rob_data_reg[2][49]
  -------------------------------------------------------------------
                         required time                         22.149                           
                         arrival time                         -18.290                           
  -------------------------------------------------------------------
                         slack                                  3.860                           





Min Delay Paths
--------------------------------------------------------------------------------------
Slack (MET) :             0.643ns  (arrival time - required time)
  Source:                 udp_gateway_shadow_mirror_i/axi_mem_intercon/m00_couplers/auto_pc/inst/gen_axi4_axi3.axi3_conv_inst/USE_WRITE.write_addr_inst/USE_BURSTS.cmd_queue/inst/fifo_gen_inst/inst_fifo_gen/gconvfifo.rf/grf.rf/rstblk/ngwrdrst.grst.g7serrst.gnsckt_wrst.rst_wr_reg2_inst/arststages_ff_reg[1]/C
                            (rising edge-triggered cell FDPE clocked by clk_fpga_0  {rise@0.000ns fall@10.000ns period=20.000ns})
  Destination:            udp_gateway_shadow_mirror_i/axi_mem_intercon/m00_couplers/auto_pc/inst/gen_axi4_axi3.axi3_conv_inst/USE_WRITE.write_addr_inst/USE_BURSTS.cmd_queue/inst/fifo_gen_inst/inst_fifo_gen/gconvfifo.rf/grf.rf/gntv_or_sync_fifo.gl0.rd/gr1.gr1_int.rfwft/gpregsm1.user_valid_reg/CLR
                            (removal check against rising-edge clock clk_fpga_0  {rise@0.000ns fall@10.000ns period=20.000ns})
  Path Group:             **async_default**
  Path Type:              Removal (Min at Fast Process Corner)
  Requirement:            0.000ns  (clk_fpga_0 rise@0.000ns - clk_fpga_0 rise@0.000ns)
  Data Path Delay:        0.568ns  (logic 0.246ns (43.289%)  route 0.322ns (56.711%))
  Logic Levels:           1  (LUT3=1)
  Clock Path Skew:        0.017ns (DCD - SCD - CPR)
    Destination Clock Delay (DCD):    1.209ns
    Source Clock Delay      (SCD):    0.908ns
    Clock Pessimism Removal (CPR):    0.284ns

    Location             Delay type                Incr(ns)  Path(ns)    Netlist Resource(s)
  -------------------------------------------------------------------    -------------------
                         (clock clk_fpga_0 rise edge)
                                                      0.000     0.000 r  
    PS7_X0Y0             PS7                          0.000     0.000 r  udp_gateway_shadow_mirror_i/processing_system7_0/inst/PS7_i/FCLKCLK[0]
                         net (fo=1, routed)           0.310     0.310    udp_gateway_shadow_mirror_i/processing_system7_0/inst/FCLK_CLK_unbuffered[0]
    BUFGCTRL_X0Y17       BUFG (Prop_bufg_I_O)         0.026     0.336 r  udp_gateway_shadow_mirror_i/processing_system7_0/inst/buffer_fclk_clk_0.FCLK_CLK_0_BUFG/O
                         net (fo=54559, routed)       0.572     0.908    udp_gateway_shadow_mirror_i/axi_mem_intercon/m00_couplers/auto_pc/inst/gen_axi4_axi3.axi3_conv_inst/USE_WRITE.write_addr_inst/USE_BURSTS.cmd_queue/inst/fifo_gen_inst/inst_fifo_gen/gconvfifo.rf/grf.rf/rstblk/ngwrdrst.grst.g7serrst.gnsckt_wrst.rst_wr_reg2_inst/dest_clk
    SLICE_X26Y91         FDPE                                         r  udp_gateway_shadow_mirror_i/axi_mem_intercon/m00_couplers/auto_pc/inst/gen_axi4_axi3.axi3_conv_inst/USE_WRITE.write_addr_inst/USE_BURSTS.cmd_queue/inst/fifo_gen_inst/inst_fifo_gen/gconvfifo.rf/grf.rf/rstblk/ngwrdrst.grst.g7serrst.gnsckt_wrst.rst_wr_reg2_inst/arststages_ff_reg[1]/C
  -------------------------------------------------------------------    -------------------
    SLICE_X26Y91         FDPE (Prop_fdpe_C_Q)         0.148     1.056 f  udp_gateway_shadow_mirror_i/axi_mem_intercon/m00_couplers/auto_pc/inst/gen_axi4_axi3.axi3_conv_inst/USE_WRITE.write_addr_inst/USE_BURSTS.cmd_queue/inst/fifo_gen_inst/inst_fifo_gen/gconvfifo.rf/grf.rf/rstblk/ngwrdrst.grst.g7serrst.gnsckt_wrst.rst_wr_reg2_inst/arststages_ff_reg[1]/Q
                         net (fo=3, routed)           0.137     1.193    udp_gateway_shadow_mirror_i/axi_mem_intercon/m00_couplers/auto_pc/inst/gen_axi4_axi3.axi3_conv_inst/USE_WRITE.write_addr_inst/USE_BURSTS.cmd_queue/inst/fifo_gen_inst/inst_fifo_gen/gconvfifo.rf/grf.rf/rstblk/ngwrdrst.rst_wr_reg2
    SLICE_X27Y92         LUT3 (Prop_lut3_I2_O)        0.098     1.291 f  udp_gateway_shadow_mirror_i/axi_mem_intercon/m00_couplers/auto_pc/inst/gen_axi4_axi3.axi3_conv_inst/USE_WRITE.write_addr_inst/USE_BURSTS.cmd_queue/inst/fifo_gen_inst/inst_fifo_gen/gconvfifo.rf/grf.rf/rstblk/gpregsm1.curr_fwft_state[1]_i_2/O
                         net (fo=32, routed)          0.185     1.476    udp_gateway_shadow_mirror_i/axi_mem_intercon/m00_couplers/auto_pc/inst/gen_axi4_axi3.axi3_conv_inst/USE_WRITE.write_addr_inst/USE_BURSTS.cmd_queue/inst/fifo_gen_inst/inst_fifo_gen/gconvfifo.rf/grf.rf/gntv_or_sync_fifo.gl0.rd/gr1.gr1_int.rfwft/gpregsm1.user_valid_reg_0
    SLICE_X27Y93         FDCE                                         f  udp_gateway_shadow_mirror_i/axi_mem_intercon/m00_couplers/auto_pc/inst/gen_axi4_axi3.axi3_conv_inst/USE_WRITE.write_addr_inst/USE_BURSTS.cmd_queue/inst/fifo_gen_inst/inst_fifo_gen/gconvfifo.rf/grf.rf/gntv_or_sync_fifo.gl0.rd/gr1.gr1_int.rfwft/gpregsm1.user_valid_reg/CLR
  -------------------------------------------------------------------    -------------------

                         (clock clk_fpga_0 rise edge)
                                                      0.000     0.000 r  
    PS7_X0Y0             PS7                          0.000     0.000 r  udp_gateway_shadow_mirror_i/processing_system7_0/inst/PS7_i/FCLKCLK[0]
                         net (fo=1, routed)           0.337     0.337    udp_gateway_shadow_mirror_i/processing_system7_0/inst/FCLK_CLK_unbuffered[0]
    BUFGCTRL_X0Y17       BUFG (Prop_bufg_I_O)         0.029     0.366 r  udp_gateway_shadow_mirror_i/processing_system7_0/inst/buffer_fclk_clk_0.FCLK_CLK_0_BUFG/O
                         net (fo=54559, routed)       0.843     1.209    udp_gateway_shadow_mirror_i/axi_mem_intercon/m00_couplers/auto_pc/inst/gen_axi4_axi3.axi3_conv_inst/USE_WRITE.write_addr_inst/USE_BURSTS.cmd_queue/inst/fifo_gen_inst/inst_fifo_gen/gconvfifo.rf/grf.rf/gntv_or_sync_fifo.gl0.rd/gr1.gr1_int.rfwft/clk
    SLICE_X27Y93         FDCE                                         r  udp_gateway_shadow_mirror_i/axi_mem_intercon/m00_couplers/auto_pc/inst/gen_axi4_axi3.axi3_conv_inst/USE_WRITE.write_addr_inst/USE_BURSTS.cmd_queue/inst/fifo_gen_inst/inst_fifo_gen/gconvfifo.rf/grf.rf/gntv_or_sync_fifo.gl0.rd/gr1.gr1_int.rfwft/gpregsm1.user_valid_reg/C
                         clock pessimism             -0.284     0.925    
    SLICE_X27Y93         FDCE (Remov_fdce_C_CLR)     -0.092     0.833    udp_gateway_shadow_mirror_i/axi_mem_intercon/m00_couplers/auto_pc/inst/gen_axi4_axi3.axi3_conv_inst/USE_WRITE.write_addr_inst/USE_BURSTS.cmd_queue/inst/fifo_gen_inst/inst_fifo_gen/gconvfifo.rf/grf.rf/gntv_or_sync_fifo.gl0.rd/gr1.gr1_int.rfwft/gpregsm1.user_valid_reg
  -------------------------------------------------------------------
                         required time                         -0.833    
                         arrival time                           1.476    
  -------------------------------------------------------------------
                         slack                                  0.643    

Slack (MET) :             0.643ns  (arrival time - required time)
  Source:                 udp_gateway_shadow_mirror_i/axi_mem_intercon/m00_couplers/auto_pc/inst/gen_axi4_axi3.axi3_conv_inst/USE_WRITE.write_addr_inst/USE_BURSTS.cmd_queue/inst/fifo_gen_inst/inst_fifo_gen/gconvfifo.rf/grf.rf/rstblk/ngwrdrst.grst.g7serrst.gnsckt_wrst.rst_wr_reg2_inst/arststages_ff_reg[1]/C
                            (rising edge-triggered cell FDPE clocked by clk_fpga_0  {rise@0.000ns fall@10.000ns period=20.000ns})
  Destination:            udp_gateway_shadow_mirror_i/axi_mem_intercon/m00_couplers/auto_pc/inst/gen_axi4_axi3.axi3_conv_inst/USE_WRITE.write_addr_inst/USE_BURSTS.cmd_queue/inst/fifo_gen_inst/inst_fifo_gen/gconvfifo.rf/grf.rf/gntv_or_sync_fifo.gl0.wr/gwss.wsts/ram_full_i_reg/CLR
                            (removal check against rising-edge clock clk_fpga_0  {rise@0.000ns fall@10.000ns period=20.000ns})
  Path Group:             **async_default**
  Path Type:              Removal (Min at Fast Process Corner)
  Requirement:            0.000ns  (clk_fpga_0 rise@0.000ns - clk_fpga_0 rise@0.000ns)
  Data Path Delay:        0.568ns  (logic 0.246ns (43.289%)  route 0.322ns (56.711%))
  Logic Levels:           1  (LUT3=1)
  Clock Path Skew:        0.017ns (DCD - SCD - CPR)
    Destination Clock Delay (DCD):    1.209ns
    Source Clock Delay      (SCD):    0.908ns
    Clock Pessimism Removal (CPR):    0.284ns

    Location             Delay type                Incr(ns)  Path(ns)    Netlist Resource(s)
  -------------------------------------------------------------------    -------------------
                         (clock clk_fpga_0 rise edge)
                                                      0.000     0.000 r  
    PS7_X0Y0             PS7                          0.000     0.000 r  udp_gateway_shadow_mirror_i/processing_system7_0/inst/PS7_i/FCLKCLK[0]
                         net (fo=1, routed)           0.310     0.310    udp_gateway_shadow_mirror_i/processing_system7_0/inst/FCLK_CLK_unbuffered[0]
    BUFGCTRL_X0Y17       BUFG (Prop_bufg_I_O)         0.026     0.336 r  udp_gateway_shadow_mirror_i/processing_system7_0/inst/buffer_fclk_clk_0.FCLK_CLK_0_BUFG/O
                         net (fo=54559, routed)       0.572     0.908    udp_gateway_shadow_mirror_i/axi_mem_intercon/m00_couplers/auto_pc/inst/gen_axi4_axi3.axi3_conv_inst/USE_WRITE.write_addr_inst/USE_BURSTS.cmd_queue/inst/fifo_gen_inst/inst_fifo_gen/gconvfifo.rf/grf.rf/rstblk/ngwrdrst.grst.g7serrst.gnsckt_wrst.rst_wr_reg2_inst/dest_clk
    SLICE_X26Y91         FDPE                                         r  udp_gateway_shadow_mirror_i/axi_mem_intercon/m00_couplers/auto_pc/inst/gen_axi4_axi3.axi3_conv_inst/USE_WRITE.write_addr_inst/USE_BURSTS.cmd_queue/inst/fifo_gen_inst/inst_fifo_gen/gconvfifo.rf/grf.rf/rstblk/ngwrdrst.grst.g7serrst.gnsckt_wrst.rst_wr_reg2_inst/arststages_ff_reg[1]/C
  -------------------------------------------------------------------    -------------------
    SLICE_X26Y91         FDPE (Prop_fdpe_C_Q)         0.148     1.056 f  udp_gateway_shadow_mirror_i/axi_mem_intercon/m00_couplers/auto_pc/inst/gen_axi4_axi3.axi3_conv_inst/USE_WRITE.write_addr_inst/USE_BURSTS.cmd_queue/inst/fifo_gen_inst/inst_fifo_gen/gconvfifo.rf/grf.rf/rstblk/ngwrdrst.grst.g7serrst.gnsckt_wrst.rst_wr_reg2_inst/arststages_ff_reg[1]/Q
                         net (fo=3, routed)           0.137     1.193    udp_gateway_shadow_mirror_i/axi_mem_intercon/m00_couplers/auto_pc/inst/gen_axi4_axi3.axi3_conv_inst/USE_WRITE.write_addr_inst/USE_BURSTS.cmd_queue/inst/fifo_gen_inst/inst_fifo_gen/gconvfifo.rf/grf.rf/rstblk/ngwrdrst.rst_wr_reg2
    SLICE_X27Y92         LUT3 (Prop_lut3_I2_O)        0.098     1.291 f  udp_gateway_shadow_mirror_i/axi_mem_intercon/m00_couplers/auto_pc/inst/gen_axi4_axi3.axi3_conv_inst/USE_WRITE.write_addr_inst/USE_BURSTS.cmd_queue/inst/fifo_gen_inst/inst_fifo_gen/gconvfifo.rf/grf.rf/rstblk/gpregsm1.curr_fwft_state[1]_i_2/O
                         net (fo=32, routed)          0.185     1.476    udp_gateway_shadow_mirror_i/axi_mem_intercon/m00_couplers/auto_pc/inst/gen_axi4_axi3.axi3_conv_inst/USE_WRITE.write_addr_inst/USE_BURSTS.cmd_queue/inst/fifo_gen_inst/inst_fifo_gen/gconvfifo.rf/grf.rf/gntv_or_sync_fifo.gl0.wr/gwss.wsts/AR[0]
    SLICE_X27Y93         FDCE                                         f  udp_gateway_shadow_mirror_i/axi_mem_intercon/m00_couplers/auto_pc/inst/gen_axi4_axi3.axi3_conv_inst/USE_WRITE.write_addr_inst/USE_BURSTS.cmd_queue/inst/fifo_gen_inst/inst_fifo_gen/gconvfifo.rf/grf.rf/gntv_or_sync_fifo.gl0.wr/gwss.wsts/ram_full_i_reg/CLR
  -------------------------------------------------------------------    -------------------

                         (clock clk_fpga_0 rise edge)
                                                      0.000     0.000 r  
    PS7_X0Y0             PS7                          0.000     0.000 r  udp_gateway_shadow_mirror_i/processing_system7_0/inst/PS7_i/FCLKCLK[0]
                         net (fo=1, routed)           0.337     0.337    udp_gateway_shadow_mirror_i/processing_system7_0/inst/FCLK_CLK_unbuffered[0]
    BUFGCTRL_X0Y17       BUFG (Prop_bufg_I_O)         0.029     0.366 r  udp_gateway_shadow_mirror_i/processing_system7_0/inst/buffer_fclk_clk_0.FCLK_CLK_0_BUFG/O
                         net (fo=54559, routed)       0.843     1.209    udp_gateway_shadow_mirror_i/axi_mem_intercon/m00_couplers/auto_pc/inst/gen_axi4_axi3.axi3_conv_inst/USE_WRITE.write_addr_inst/USE_BURSTS.cmd_queue/inst/fifo_gen_inst/inst_fifo_gen/gconvfifo.rf/grf.rf/gntv_or_sync_fifo.gl0.wr/gwss.wsts/clk
    SLICE_X27Y93         FDCE                                         r  udp_gateway_shadow_mirror_i/axi_mem_intercon/m00_couplers/auto_pc/inst/gen_axi4_axi3.axi3_conv_inst/USE_WRITE.write_addr_inst/USE_BURSTS.cmd_queue/inst/fifo_gen_inst/inst_fifo_gen/gconvfifo.rf/grf.rf/gntv_or_sync_fifo.gl0.wr/gwss.wsts/ram_full_i_reg/C
                         clock pessimism             -0.284     0.925    
    SLICE_X27Y93         FDCE (Remov_fdce_C_CLR)     -0.092     0.833    udp_gateway_shadow_mirror_i/axi_mem_intercon/m00_couplers/auto_pc/inst/gen_axi4_axi3.axi3_conv_inst/USE_WRITE.write_addr_inst/USE_BURSTS.cmd_queue/inst/fifo_gen_inst/inst_fifo_gen/gconvfifo.rf/grf.rf/gntv_or_sync_fifo.gl0.wr/gwss.wsts/ram_full_i_reg
  -------------------------------------------------------------------
                         required time                         -0.833    
                         arrival time                           1.476    
  -------------------------------------------------------------------
                         slack                                  0.643    

Slack (MET) :             0.646ns  (arrival time - required time)
  Source:                 udp_gateway_shadow_mirror_i/axi_mem_intercon/m00_couplers/auto_pc/inst/gen_axi4_axi3.axi3_conv_inst/USE_WRITE.write_addr_inst/USE_BURSTS.cmd_queue/inst/fifo_gen_inst/inst_fifo_gen/gconvfifo.rf/grf.rf/rstblk/ngwrdrst.grst.g7serrst.gnsckt_wrst.rst_wr_reg2_inst/arststages_ff_reg[1]/C
                            (rising edge-triggered cell FDPE clocked by clk_fpga_0  {rise@0.000ns fall@10.000ns period=20.000ns})
  Destination:            udp_gateway_shadow_mirror_i/axi_mem_intercon/m00_couplers/auto_pc/inst/gen_axi4_axi3.axi3_conv_inst/USE_WRITE.write_addr_inst/USE_BURSTS.cmd_queue/inst/fifo_gen_inst/inst_fifo_gen/gconvfifo.rf/grf.rf/gntv_or_sync_fifo.gl0.rd/gr1.gr1_int.rfwft/aempty_fwft_fb_i_reg/PRE
                            (removal check against rising-edge clock clk_fpga_0  {rise@0.000ns fall@10.000ns period=20.000ns})
  Path Group:             **async_default**
  Path Type:              Removal (Min at Fast Process Corner)
  Requirement:            0.000ns  (clk_fpga_0 rise@0.000ns - clk_fpga_0 rise@0.000ns)
  Data Path Delay:        0.568ns  (logic 0.246ns (43.289%)  route 0.322ns (56.711%))
  Logic Levels:           1  (LUT3=1)
  Clock Path Skew:        0.017ns (DCD - SCD - CPR)
    Destination Clock Delay (DCD):    1.209ns
    Source Clock Delay      (SCD):    0.908ns
    Clock Pessimism Removal (CPR):    0.284ns

    Location             Delay type                Incr(ns)  Path(ns)    Netlist Resource(s)
  -------------------------------------------------------------------    -------------------
                         (clock clk_fpga_0 rise edge)
                                                      0.000     0.000 r  
    PS7_X0Y0             PS7                          0.000     0.000 r  udp_gateway_shadow_mirror_i/processing_system7_0/inst/PS7_i/FCLKCLK[0]
                         net (fo=1, routed)           0.310     0.310    udp_gateway_shadow_mirror_i/processing_system7_0/inst/FCLK_CLK_unbuffered[0]
    BUFGCTRL_X0Y17       BUFG (Prop_bufg_I_O)         0.026     0.336 r  udp_gateway_shadow_mirror_i/processing_system7_0/inst/buffer_fclk_clk_0.FCLK_CLK_0_BUFG/O
                         net (fo=54559, routed)       0.572     0.908    udp_gateway_shadow_mirror_i/axi_mem_intercon/m00_couplers/auto_pc/inst/gen_axi4_axi3.axi3_conv_inst/USE_WRITE.write_addr_inst/USE_BURSTS.cmd_queue/inst/fifo_gen_inst/inst_fifo_gen/gconvfifo.rf/grf.rf/rstblk/ngwrdrst.grst.g7serrst.gnsckt_wrst.rst_wr_reg2_inst/dest_clk
    SLICE_X26Y91         FDPE                                         r  udp_gateway_shadow_mirror_i/axi_mem_intercon/m00_couplers/auto_pc/inst/gen_axi4_axi3.axi3_conv_inst/USE_WRITE.write_addr_inst/USE_BURSTS.cmd_queue/inst/fifo_gen_inst/inst_fifo_gen/gconvfifo.rf/grf.rf/rstblk/ngwrdrst.grst.g7serrst.gnsckt_wrst.rst_wr_reg2_inst/arststages_ff_reg[1]/C
  -------------------------------------------------------------------    -------------------
    SLICE_X26Y91         FDPE (Prop_fdpe_C_Q)         0.148     1.056 f  udp_gateway_shadow_mirror_i/axi_mem_intercon/m00_couplers/auto_pc/inst/gen_axi4_axi3.axi3_conv_inst/USE_WRITE.write_addr_inst/USE_BURSTS.cmd_queue/inst/fifo_gen_inst/inst_fifo_gen/gconvfifo.rf/grf.rf/rstblk/ngwrdrst.grst.g7serrst.gnsckt_wrst.rst_wr_reg2_inst/arststages_ff_reg[1]/Q
                         net (fo=3, routed)           0.137     1.193    udp_gateway_shadow_mirror_i/axi_mem_intercon/m00_couplers/auto_pc/inst/gen_axi4_axi3.axi3_conv_inst/USE_WRITE.write_addr_inst/USE_BURSTS.cmd_queue/inst/fifo_gen_inst/inst_fifo_gen/gconvfifo.rf/grf.rf/rstblk/ngwrdrst.rst_wr_reg2
    SLICE_X27Y92         LUT3 (Prop_lut3_I2_O)        0.098     1.291 f  udp_gateway_shadow_mirror_i/axi_mem_intercon/m00_couplers/auto_pc/inst/gen_axi4_axi3.axi3_conv_inst/USE_WRITE.write_addr_inst/USE_BURSTS.cmd_queue/inst/fifo_gen_inst/inst_fifo_gen/gconvfifo.rf/grf.rf/rstblk/gpregsm1.curr_fwft_state[1]_i_2/O
                         net (fo=32, routed)          0.185     1.476    udp_gateway_shadow_mirror_i/axi_mem_intercon/m00_couplers/auto_pc/inst/gen_axi4_axi3.axi3_conv_inst/USE_WRITE.write_addr_inst/USE_BURSTS.cmd_queue/inst/fifo_gen_inst/inst_fifo_gen/gconvfifo.rf/grf.rf/gntv_or_sync_fifo.gl0.rd/gr1.gr1_int.rfwft/gpregsm1.user_valid_reg_0
    SLICE_X27Y93         FDPE                                         f  udp_gateway_shadow_mirror_i/axi_mem_intercon/m00_couplers/auto_pc/inst/gen_axi4_axi3.axi3_conv_inst/USE_WRITE.write_addr_inst/USE_BURSTS.cmd_queue/inst/fifo_gen_inst/inst_fifo_gen/gconvfifo.rf/grf.rf/gntv_or_sync_fifo.gl0.rd/gr1.gr1_int.rfwft/aempty_fwft_fb_i_reg/PRE
  -------------------------------------------------------------------    -------------------

                         (clock clk_fpga_0 rise edge)
                                                      0.000     0.000 r  
    PS7_X0Y0             PS7                          0.000     0.000 r  udp_gateway_shadow_mirror_i/processing_system7_0/inst/PS7_i/FCLKCLK[0]
                         net (fo=1, routed)           0.337     0.337    udp_gateway_shadow_mirror_i/processing_system7_0/inst/FCLK_CLK_unbuffered[0]
    BUFGCTRL_X0Y17       BUFG (Prop_bufg_I_O)         0.029     0.366 r  udp_gateway_shadow_mirror_i/processing_system7_0/inst/buffer_fclk_clk_0.FCLK_CLK_0_BUFG/O
                         net (fo=54559, routed)       0.843     1.209    udp_gateway_shadow_mirror_i/axi_mem_intercon/m00_couplers/auto_pc/inst/gen_axi4_axi3.axi3_conv_inst/USE_WRITE.write_addr_inst/USE_BURSTS.cmd_queue/inst/fifo_gen_inst/inst_fifo_gen/gconvfifo.rf/grf.rf/gntv_or_sync_fifo.gl0.rd/gr1.gr1_int.rfwft/clk
    SLICE_X27Y93         FDPE                                         r  udp_gateway_shadow_mirror_i/axi_mem_intercon/m00_couplers/auto_pc/inst/gen_axi4_axi3.axi3_conv_inst/USE_WRITE.write_addr_inst/USE_BURSTS.cmd_queue/inst/fifo_gen_inst/inst_fifo_gen/gconvfifo.rf/grf.rf/gntv_or_sync_fifo.gl0.rd/gr1.gr1_int.rfwft/aempty_fwft_fb_i_reg/C
                         clock pessimism             -0.284     0.925    
    SLICE_X27Y93         FDPE (Remov_fdpe_C_PRE)     -0.095     0.830    udp_gateway_shadow_mirror_i/axi_mem_intercon/m00_couplers/auto_pc/inst/gen_axi4_axi3.axi3_conv_inst/USE_WRITE.write_addr_inst/USE_BURSTS.cmd_queue/inst/fifo_gen_inst/inst_fifo_gen/gconvfifo.rf/grf.rf/gntv_or_sync_fifo.gl0.rd/gr1.gr1_int.rfwft/aempty_fwft_fb_i_reg
  -------------------------------------------------------------------
                         required time                         -0.830    
                         arrival time                           1.476    
  -------------------------------------------------------------------
                         slack                                  0.646    

Slack (MET) :             0.646ns  (arrival time - required time)
  Source:                 udp_gateway_shadow_mirror_i/axi_mem_intercon/m00_couplers/auto_pc/inst/gen_axi4_axi3.axi3_conv_inst/USE_WRITE.write_addr_inst/USE_BURSTS.cmd_queue/inst/fifo_gen_inst/inst_fifo_gen/gconvfifo.rf/grf.rf/rstblk/ngwrdrst.grst.g7serrst.gnsckt_wrst.rst_wr_reg2_inst/arststages_ff_reg[1]/C
                            (rising edge-triggered cell FDPE clocked by clk_fpga_0  {rise@0.000ns fall@10.000ns period=20.000ns})
  Destination:            udp_gateway_shadow_mirror_i/axi_mem_intercon/m00_couplers/auto_pc/inst/gen_axi4_axi3.axi3_conv_inst/USE_WRITE.write_addr_inst/USE_BURSTS.cmd_queue/inst/fifo_gen_inst/inst_fifo_gen/gconvfifo.rf/grf.rf/gntv_or_sync_fifo.gl0.rd/gr1.gr1_int.rfwft/aempty_fwft_i_reg/PRE
                            (removal check against rising-edge clock clk_fpga_0  {rise@0.000ns fall@10.000ns period=20.000ns})
  Path Group:             **async_default**
  Path Type:              Removal (Min at Fast Process Corner)
  Requirement:            0.000ns  (clk_fpga_0 rise@0.000ns - clk_fpga_0 rise@0.000ns)
  Data Path Delay:        0.568ns  (logic 0.246ns (43.289%)  route 0.322ns (56.711%))
  Logic Levels:           1  (LUT3=1)
  Clock Path Skew:        0.017ns (DCD - SCD - CPR)
    Destination Clock Delay (DCD):    1.209ns
    Source Clock Delay      (SCD):    0.908ns
    Clock Pessimism Removal (CPR):    0.284ns

    Location             Delay type                Incr(ns)  Path(ns)    Netlist Resource(s)
  -------------------------------------------------------------------    -------------------
                         (clock clk_fpga_0 rise edge)
                                                      0.000     0.000 r  
    PS7_X0Y0             PS7                          0.000     0.000 r  udp_gateway_shadow_mirror_i/processing_system7_0/inst/PS7_i/FCLKCLK[0]
                         net (fo=1, routed)           0.310     0.310    udp_gateway_shadow_mirror_i/processing_system7_0/inst/FCLK_CLK_unbuffered[0]
    BUFGCTRL_X0Y17       BUFG (Prop_bufg_I_O)         0.026     0.336 r  udp_gateway_shadow_mirror_i/processing_system7_0/inst/buffer_fclk_clk_0.FCLK_CLK_0_BUFG/O
                         net (fo=54559, routed)       0.572     0.908    udp_gateway_shadow_mirror_i/axi_mem_intercon/m00_couplers/auto_pc/inst/gen_axi4_axi3.axi3_conv_inst/USE_WRITE.write_addr_inst/USE_BURSTS.cmd_queue/inst/fifo_gen_inst/inst_fifo_gen/gconvfifo.rf/grf.rf/rstblk/ngwrdrst.grst.g7serrst.gnsckt_wrst.rst_wr_reg2_inst/dest_clk
    SLICE_X26Y91         FDPE                                         r  udp_gateway_shadow_mirror_i/axi_mem_intercon/m00_couplers/auto_pc/inst/gen_axi4_axi3.axi3_conv_inst/USE_WRITE.write_addr_inst/USE_BURSTS.cmd_queue/inst/fifo_gen_inst/inst_fifo_gen/gconvfifo.rf/grf.rf/rstblk/ngwrdrst.grst.g7serrst.gnsckt_wrst.rst_wr_reg2_inst/arststages_ff_reg[1]/C
  -------------------------------------------------------------------    -------------------
    SLICE_X26Y91         FDPE (Prop_fdpe_C_Q)         0.148     1.056 f  udp_gateway_shadow_mirror_i/axi_mem_intercon/m00_couplers/auto_pc/inst/gen_axi4_axi3.axi3_conv_inst/USE_WRITE.write_addr_inst/USE_BURSTS.cmd_queue/inst/fifo_gen_inst/inst_fifo_gen/gconvfifo.rf/grf.rf/rstblk/ngwrdrst.grst.g7serrst.gnsckt_wrst.rst_wr_reg2_inst/arststages_ff_reg[1]/Q
                         net (fo=3, routed)           0.137     1.193    udp_gateway_shadow_mirror_i/axi_mem_intercon/m00_couplers/auto_pc/inst/gen_axi4_axi3.axi3_conv_inst/USE_WRITE.write_addr_inst/USE_BURSTS.cmd_queue/inst/fifo_gen_inst/inst_fifo_gen/gconvfifo.rf/grf.rf/rstblk/ngwrdrst.rst_wr_reg2
    SLICE_X27Y92         LUT3 (Prop_lut3_I2_O)        0.098     1.291 f  udp_gateway_shadow_mirror_i/axi_mem_intercon/m00_couplers/auto_pc/inst/gen_axi4_axi3.axi3_conv_inst/USE_WRITE.write_addr_inst/USE_BURSTS.cmd_queue/inst/fifo_gen_inst/inst_fifo_gen/gconvfifo.rf/grf.rf/rstblk/gpregsm1.curr_fwft_state[1]_i_2/O
                         net (fo=32, routed)          0.185     1.476    udp_gateway_shadow_mirror_i/axi_mem_intercon/m00_couplers/auto_pc/inst/gen_axi4_axi3.axi3_conv_inst/USE_WRITE.write_addr_inst/USE_BURSTS.cmd_queue/inst/fifo_gen_inst/inst_fifo_gen/gconvfifo.rf/grf.rf/gntv_or_sync_fifo.gl0.rd/gr1.gr1_int.rfwft/gpregsm1.user_valid_reg_0
    SLICE_X27Y93         FDPE                                         f  udp_gateway_shadow_mirror_i/axi_mem_intercon/m00_couplers/auto_pc/inst/gen_axi4_axi3.axi3_conv_inst/USE_WRITE.write_addr_inst/USE_BURSTS.cmd_queue/inst/fifo_gen_inst/inst_fifo_gen/gconvfifo.rf/grf.rf/gntv_or_sync_fifo.gl0.rd/gr1.gr1_int.rfwft/aempty_fwft_i_reg/PRE
  -------------------------------------------------------------------    -------------------

                         (clock clk_fpga_0 rise edge)
                                                      0.000     0.000 r  
    PS7_X0Y0             PS7                          0.000     0.000 r  udp_gateway_shadow_mirror_i/processing_system7_0/inst/PS7_i/FCLKCLK[0]
                         net (fo=1, routed)           0.337     0.337    udp_gateway_shadow_mirror_i/processing_system7_0/inst/FCLK_CLK_unbuffered[0]
    BUFGCTRL_X0Y17       BUFG (Prop_bufg_I_O)         0.029     0.366 r  udp_gateway_shadow_mirror_i/processing_system7_0/inst/buffer_fclk_clk_0.FCLK_CLK_0_BUFG/O
                         net (fo=54559, routed)       0.843     1.209    udp_gateway_shadow_mirror_i/axi_mem_intercon/m00_couplers/auto_pc/inst/gen_axi4_axi3.axi3_conv_inst/USE_WRITE.write_addr_inst/USE_BURSTS.cmd_queue/inst/fifo_gen_inst/inst_fifo_gen/gconvfifo.rf/grf.rf/gntv_or_sync_fifo.gl0.rd/gr1.gr1_int.rfwft/clk
    SLICE_X27Y93         FDPE                                         r  udp_gateway_shadow_mirror_i/axi_mem_intercon/m00_couplers/auto_pc/inst/gen_axi4_axi3.axi3_conv_inst/USE_WRITE.write_addr_inst/USE_BURSTS.cmd_queue/inst/fifo_gen_inst/inst_fifo_gen/gconvfifo.rf/grf.rf/gntv_or_sync_fifo.gl0.rd/gr1.gr1_int.rfwft/aempty_fwft_i_reg/C
                         clock pessimism             -0.284     0.925    
    SLICE_X27Y93         FDPE (Remov_fdpe_C_PRE)     -0.095     0.830    udp_gateway_shadow_mirror_i/axi_mem_intercon/m00_couplers/auto_pc/inst/gen_axi4_axi3.axi3_conv_inst/USE_WRITE.write_addr_inst/USE_BURSTS.cmd_queue/inst/fifo_gen_inst/inst_fifo_gen/gconvfifo.rf/grf.rf/gntv_or_sync_fifo.gl0.rd/gr1.gr1_int.rfwft/aempty_fwft_i_reg
  -------------------------------------------------------------------
                         required time                         -0.830    
                         arrival time                           1.476    
  -------------------------------------------------------------------
                         slack                                  0.646    

Slack (MET) :             0.646ns  (arrival time - required time)
  Source:                 udp_gateway_shadow_mirror_i/axi_mem_intercon/m00_couplers/auto_pc/inst/gen_axi4_axi3.axi3_conv_inst/USE_WRITE.write_addr_inst/USE_BURSTS.cmd_queue/inst/fifo_gen_inst/inst_fifo_gen/gconvfifo.rf/grf.rf/rstblk/ngwrdrst.grst.g7serrst.gnsckt_wrst.rst_wr_reg2_inst/arststages_ff_reg[1]/C
                            (rising edge-triggered cell FDPE clocked by clk_fpga_0  {rise@0.000ns fall@10.000ns period=20.000ns})
  Destination:            udp_gateway_shadow_mirror_i/axi_mem_intercon/m00_couplers/auto_pc/inst/gen_axi4_axi3.axi3_conv_inst/USE_WRITE.write_addr_inst/USE_BURSTS.cmd_queue/inst/fifo_gen_inst/inst_fifo_gen/gconvfifo.rf/grf.rf/gntv_or_sync_fifo.gl0.rd/gr1.gr1_int.rfwft/empty_fwft_fb_i_reg/PRE
                            (removal check against rising-edge clock clk_fpga_0  {rise@0.000ns fall@10.000ns period=20.000ns})
  Path Group:             **async_default**
  Path Type:              Removal (Min at Fast Process Corner)
  Requirement:            0.000ns  (clk_fpga_0 rise@0.000ns - clk_fpga_0 rise@0.000ns)
  Data Path Delay:        0.568ns  (logic 0.246ns (43.289%)  route 0.322ns (56.711%))
  Logic Levels:           1  (LUT3=1)
  Clock Path Skew:        0.017ns (DCD - SCD - CPR)
    Destination Clock Delay (DCD):    1.209ns
    Source Clock Delay      (SCD):    0.908ns
    Clock Pessimism Removal (CPR):    0.284ns

    Location             Delay type                Incr(ns)  Path(ns)    Netlist Resource(s)
  -------------------------------------------------------------------    -------------------
                         (clock clk_fpga_0 rise edge)
                                                      0.000     0.000 r  
    PS7_X0Y0             PS7                          0.000     0.000 r  udp_gateway_shadow_mirror_i/processing_system7_0/inst/PS7_i/FCLKCLK[0]
                         net (fo=1, routed)           0.310     0.310    udp_gateway_shadow_mirror_i/processing_system7_0/inst/FCLK_CLK_unbuffered[0]
    BUFGCTRL_X0Y17       BUFG (Prop_bufg_I_O)         0.026     0.336 r  udp_gateway_shadow_mirror_i/processing_system7_0/inst/buffer_fclk_clk_0.FCLK_CLK_0_BUFG/O
                         net (fo=54559, routed)       0.572     0.908    udp_gateway_shadow_mirror_i/axi_mem_intercon/m00_couplers/auto_pc/inst/gen_axi4_axi3.axi3_conv_inst/USE_WRITE.write_addr_inst/USE_BURSTS.cmd_queue/inst/fifo_gen_inst/inst_fifo_gen/gconvfifo.rf/grf.rf/rstblk/ngwrdrst.grst.g7serrst.gnsckt_wrst.rst_wr_reg2_inst/dest_clk
    SLICE_X26Y91         FDPE                                         r  udp_gateway_shadow_mirror_i/axi_mem_intercon/m00_couplers/auto_pc/inst/gen_axi4_axi3.axi3_conv_inst/USE_WRITE.write_addr_inst/USE_BURSTS.cmd_queue/inst/fifo_gen_inst/inst_fifo_gen/gconvfifo.rf/grf.rf/rstblk/ngwrdrst.grst.g7serrst.gnsckt_wrst.rst_wr_reg2_inst/arststages_ff_reg[1]/C
  -------------------------------------------------------------------    -------------------
    SLICE_X26Y91         FDPE (Prop_fdpe_C_Q)         0.148     1.056 f  udp_gateway_shadow_mirror_i/axi_mem_intercon/m00_couplers/auto_pc/inst/gen_axi4_axi3.axi3_conv_inst/USE_WRITE.write_addr_inst/USE_BURSTS.cmd_queue/inst/fifo_gen_inst/inst_fifo_gen/gconvfifo.rf/grf.rf/rstblk/ngwrdrst.grst.g7serrst.gnsckt_wrst.rst_wr_reg2_inst/arststages_ff_reg[1]/Q
                         net (fo=3, routed)           0.137     1.193    udp_gateway_shadow_mirror_i/axi_mem_intercon/m00_couplers/auto_pc/inst/gen_axi4_axi3.axi3_conv_inst/USE_WRITE.write_addr_inst/USE_BURSTS.cmd_queue/inst/fifo_gen_inst/inst_fifo_gen/gconvfifo.rf/grf.rf/rstblk/ngwrdrst.rst_wr_reg2
    SLICE_X27Y92         LUT3 (Prop_lut3_I2_O)        0.098     1.291 f  udp_gateway_shadow_mirror_i/axi_mem_intercon/m00_couplers/auto_pc/inst/gen_axi4_axi3.axi3_conv_inst/USE_WRITE.write_addr_inst/USE_BURSTS.cmd_queue/inst/fifo_gen_inst/inst_fifo_gen/gconvfifo.rf/grf.rf/rstblk/gpregsm1.curr_fwft_state[1]_i_2/O
                         net (fo=32, routed)          0.185     1.476    udp_gateway_shadow_mirror_i/axi_mem_intercon/m00_couplers/auto_pc/inst/gen_axi4_axi3.axi3_conv_inst/USE_WRITE.write_addr_inst/USE_BURSTS.cmd_queue/inst/fifo_gen_inst/inst_fifo_gen/gconvfifo.rf/grf.rf/gntv_or_sync_fifo.gl0.rd/gr1.gr1_int.rfwft/gpregsm1.user_valid_reg_0
    SLICE_X27Y93         FDPE                                         f  udp_gateway_shadow_mirror_i/axi_mem_intercon/m00_couplers/auto_pc/inst/gen_axi4_axi3.axi3_conv_inst/USE_WRITE.write_addr_inst/USE_BURSTS.cmd_queue/inst/fifo_gen_inst/inst_fifo_gen/gconvfifo.rf/grf.rf/gntv_or_sync_fifo.gl0.rd/gr1.gr1_int.rfwft/empty_fwft_fb_i_reg/PRE
  -------------------------------------------------------------------    -------------------

                         (clock clk_fpga_0 rise edge)
                                                      0.000     0.000 r  
    PS7_X0Y0             PS7                          0.000     0.000 r  udp_gateway_shadow_mirror_i/processing_system7_0/inst/PS7_i/FCLKCLK[0]
                         net (fo=1, routed)           0.337     0.337    udp_gateway_shadow_mirror_i/processing_system7_0/inst/FCLK_CLK_unbuffered[0]
    BUFGCTRL_X0Y17       BUFG (Prop_bufg_I_O)         0.029     0.366 r  udp_gateway_shadow_mirror_i/processing_system7_0/inst/buffer_fclk_clk_0.FCLK_CLK_0_BUFG/O
                         net (fo=54559, routed)       0.843     1.209    udp_gateway_shadow_mirror_i/axi_mem_intercon/m00_couplers/auto_pc/inst/gen_axi4_axi3.axi3_conv_inst/USE_WRITE.write_addr_inst/USE_BURSTS.cmd_queue/inst/fifo_gen_inst/inst_fifo_gen/gconvfifo.rf/grf.rf/gntv_or_sync_fifo.gl0.rd/gr1.gr1_int.rfwft/clk
    SLICE_X27Y93         FDPE                                         r  udp_gateway_shadow_mirror_i/axi_mem_intercon/m00_couplers/auto_pc/inst/gen_axi4_axi3.axi3_conv_inst/USE_WRITE.write_addr_inst/USE_BURSTS.cmd_queue/inst/fifo_gen_inst/inst_fifo_gen/gconvfifo.rf/grf.rf/gntv_or_sync_fifo.gl0.rd/gr1.gr1_int.rfwft/empty_fwft_fb_i_reg/C
                         clock pessimism             -0.284     0.925    
    SLICE_X27Y93         FDPE (Remov_fdpe_C_PRE)     -0.095     0.830    udp_gateway_shadow_mirror_i/axi_mem_intercon/m00_couplers/auto_pc/inst/gen_axi4_axi3.axi3_conv_inst/USE_WRITE.write_addr_inst/USE_BURSTS.cmd_queue/inst/fifo_gen_inst/inst_fifo_gen/gconvfifo.rf/grf.rf/gntv_or_sync_fifo.gl0.rd/gr1.gr1_int.rfwft/empty_fwft_fb_i_reg
  -------------------------------------------------------------------
                         required time                         -0.830    
                         arrival time                           1.476    
  -------------------------------------------------------------------
                         slack                                  0.646    

Slack (MET) :             0.646ns  (arrival time - required time)
  Source:                 udp_gateway_shadow_mirror_i/axi_mem_intercon/m00_couplers/auto_pc/inst/gen_axi4_axi3.axi3_conv_inst/USE_WRITE.write_addr_inst/USE_BURSTS.cmd_queue/inst/fifo_gen_inst/inst_fifo_gen/gconvfifo.rf/grf.rf/rstblk/ngwrdrst.grst.g7serrst.gnsckt_wrst.rst_wr_reg2_inst/arststages_ff_reg[1]/C
                            (rising edge-triggered cell FDPE clocked by clk_fpga_0  {rise@0.000ns fall@10.000ns period=20.000ns})
  Destination:            udp_gateway_shadow_mirror_i/axi_mem_intercon/m00_couplers/auto_pc/inst/gen_axi4_axi3.axi3_conv_inst/USE_WRITE.write_addr_inst/USE_BURSTS.cmd_queue/inst/fifo_gen_inst/inst_fifo_gen/gconvfifo.rf/grf.rf/gntv_or_sync_fifo.gl0.rd/gr1.gr1_int.rfwft/empty_fwft_fb_o_i_reg/PRE
                            (removal check against rising-edge clock clk_fpga_0  {rise@0.000ns fall@10.000ns period=20.000ns})
  Path Group:             **async_default**
  Path Type:              Removal (Min at Fast Process Corner)
  Requirement:            0.000ns  (clk_fpga_0 rise@0.000ns - clk_fpga_0 rise@0.000ns)
  Data Path Delay:        0.568ns  (logic 0.246ns (43.289%)  route 0.322ns (56.711%))
  Logic Levels:           1  (LUT3=1)
  Clock Path Skew:        0.017ns (DCD - SCD - CPR)
    Destination Clock Delay (DCD):    1.209ns
    Source Clock Delay      (SCD):    0.908ns
    Clock Pessimism Removal (CPR):    0.284ns

    Location             Delay type                Incr(ns)  Path(ns)    Netlist Resource(s)
  -------------------------------------------------------------------    -------------------
                         (clock clk_fpga_0 rise edge)
                                                      0.000     0.000 r  
    PS7_X0Y0             PS7                          0.000     0.000 r  udp_gateway_shadow_mirror_i/processing_system7_0/inst/PS7_i/FCLKCLK[0]
                         net (fo=1, routed)           0.310     0.310    udp_gateway_shadow_mirror_i/processing_system7_0/inst/FCLK_CLK_unbuffered[0]
    BUFGCTRL_X0Y17       BUFG (Prop_bufg_I_O)         0.026     0.336 r  udp_gateway_shadow_mirror_i/processing_system7_0/inst/buffer_fclk_clk_0.FCLK_CLK_0_BUFG/O
                         net (fo=54559, routed)       0.572     0.908    udp_gateway_shadow_mirror_i/axi_mem_intercon/m00_couplers/auto_pc/inst/gen_axi4_axi3.axi3_conv_inst/USE_WRITE.write_addr_inst/USE_BURSTS.cmd_queue/inst/fifo_gen_inst/inst_fifo_gen/gconvfifo.rf/grf.rf/rstblk/ngwrdrst.grst.g7serrst.gnsckt_wrst.rst_wr_reg2_inst/dest_clk
    SLICE_X26Y91         FDPE                                         r  udp_gateway_shadow_mirror_i/axi_mem_intercon/m00_couplers/auto_pc/inst/gen_axi4_axi3.axi3_conv_inst/USE_WRITE.write_addr_inst/USE_BURSTS.cmd_queue/inst/fifo_gen_inst/inst_fifo_gen/gconvfifo.rf/grf.rf/rstblk/ngwrdrst.grst.g7serrst.gnsckt_wrst.rst_wr_reg2_inst/arststages_ff_reg[1]/C
  -------------------------------------------------------------------    -------------------
    SLICE_X26Y91         FDPE (Prop_fdpe_C_Q)         0.148     1.056 f  udp_gateway_shadow_mirror_i/axi_mem_intercon/m00_couplers/auto_pc/inst/gen_axi4_axi3.axi3_conv_inst/USE_WRITE.write_addr_inst/USE_BURSTS.cmd_queue/inst/fifo_gen_inst/inst_fifo_gen/gconvfifo.rf/grf.rf/rstblk/ngwrdrst.grst.g7serrst.gnsckt_wrst.rst_wr_reg2_inst/arststages_ff_reg[1]/Q
                         net (fo=3, routed)           0.137     1.193    udp_gateway_shadow_mirror_i/axi_mem_intercon/m00_couplers/auto_pc/inst/gen_axi4_axi3.axi3_conv_inst/USE_WRITE.write_addr_inst/USE_BURSTS.cmd_queue/inst/fifo_gen_inst/inst_fifo_gen/gconvfifo.rf/grf.rf/rstblk/ngwrdrst.rst_wr_reg2
    SLICE_X27Y92         LUT3 (Prop_lut3_I2_O)        0.098     1.291 f  udp_gateway_shadow_mirror_i/axi_mem_intercon/m00_couplers/auto_pc/inst/gen_axi4_axi3.axi3_conv_inst/USE_WRITE.write_addr_inst/USE_BURSTS.cmd_queue/inst/fifo_gen_inst/inst_fifo_gen/gconvfifo.rf/grf.rf/rstblk/gpregsm1.curr_fwft_state[1]_i_2/O
                         net (fo=32, routed)          0.185     1.476    udp_gateway_shadow_mirror_i/axi_mem_intercon/m00_couplers/auto_pc/inst/gen_axi4_axi3.axi3_conv_inst/USE_WRITE.write_addr_inst/USE_BURSTS.cmd_queue/inst/fifo_gen_inst/inst_fifo_gen/gconvfifo.rf/grf.rf/gntv_or_sync_fifo.gl0.rd/gr1.gr1_int.rfwft/gpregsm1.user_valid_reg_0
    SLICE_X27Y93         FDPE                                         f  udp_gateway_shadow_mirror_i/axi_mem_intercon/m00_couplers/auto_pc/inst/gen_axi4_axi3.axi3_conv_inst/USE_WRITE.write_addr_inst/USE_BURSTS.cmd_queue/inst/fifo_gen_inst/inst_fifo_gen/gconvfifo.rf/grf.rf/gntv_or_sync_fifo.gl0.rd/gr1.gr1_int.rfwft/empty_fwft_fb_o_i_reg/PRE
  -------------------------------------------------------------------    -------------------

                         (clock clk_fpga_0 rise edge)
                                                      0.000     0.000 r  
    PS7_X0Y0             PS7                          0.000     0.000 r  udp_gateway_shadow_mirror_i/processing_system7_0/inst/PS7_i/FCLKCLK[0]
                         net (fo=1, routed)           0.337     0.337    udp_gateway_shadow_mirror_i/processing_system7_0/inst/FCLK_CLK_unbuffered[0]
    BUFGCTRL_X0Y17       BUFG (Prop_bufg_I_O)         0.029     0.366 r  udp_gateway_shadow_mirror_i/processing_system7_0/inst/buffer_fclk_clk_0.FCLK_CLK_0_BUFG/O
                         net (fo=54559, routed)       0.843     1.209    udp_gateway_shadow_mirror_i/axi_mem_intercon/m00_couplers/auto_pc/inst/gen_axi4_axi3.axi3_conv_inst/USE_WRITE.write_addr_inst/USE_BURSTS.cmd_queue/inst/fifo_gen_inst/inst_fifo_gen/gconvfifo.rf/grf.rf/gntv_or_sync_fifo.gl0.rd/gr1.gr1_int.rfwft/clk
    SLICE_X27Y93         FDPE                                         r  udp_gateway_shadow_mirror_i/axi_mem_intercon/m00_couplers/auto_pc/inst/gen_axi4_axi3.axi3_conv_inst/USE_WRITE.write_addr_inst/USE_BURSTS.cmd_queue/inst/fifo_gen_inst/inst_fifo_gen/gconvfifo.rf/grf.rf/gntv_or_sync_fifo.gl0.rd/gr1.gr1_int.rfwft/empty_fwft_fb_o_i_reg/C
                         clock pessimism             -0.284     0.925    
    SLICE_X27Y93         FDPE (Remov_fdpe_C_PRE)     -0.095     0.830    udp_gateway_shadow_mirror_i/axi_mem_intercon/m00_couplers/auto_pc/inst/gen_axi4_axi3.axi3_conv_inst/USE_WRITE.write_addr_inst/USE_BURSTS.cmd_queue/inst/fifo_gen_inst/inst_fifo_gen/gconvfifo.rf/grf.rf/gntv_or_sync_fifo.gl0.rd/gr1.gr1_int.rfwft/empty_fwft_fb_o_i_reg
  -------------------------------------------------------------------
                         required time                         -0.830    
                         arrival time                           1.476    
  -------------------------------------------------------------------
                         slack                                  0.646    

Slack (MET) :             0.646ns  (arrival time - required time)
  Source:                 udp_gateway_shadow_mirror_i/axi_mem_intercon/m00_couplers/auto_pc/inst/gen_axi4_axi3.axi3_conv_inst/USE_WRITE.write_addr_inst/USE_BURSTS.cmd_queue/inst/fifo_gen_inst/inst_fifo_gen/gconvfifo.rf/grf.rf/rstblk/ngwrdrst.grst.g7serrst.gnsckt_wrst.rst_wr_reg2_inst/arststages_ff_reg[1]/C
                            (rising edge-triggered cell FDPE clocked by clk_fpga_0  {rise@0.000ns fall@10.000ns period=20.000ns})
  Destination:            udp_gateway_shadow_mirror_i/axi_mem_intercon/m00_couplers/auto_pc/inst/gen_axi4_axi3.axi3_conv_inst/USE_WRITE.write_addr_inst/USE_BURSTS.cmd_queue/inst/fifo_gen_inst/inst_fifo_gen/gconvfifo.rf/grf.rf/gntv_or_sync_fifo.gl0.rd/gr1.gr1_int.rfwft/empty_fwft_i_reg/PRE
                            (removal check against rising-edge clock clk_fpga_0  {rise@0.000ns fall@10.000ns period=20.000ns})
  Path Group:             **async_default**
  Path Type:              Removal (Min at Fast Process Corner)
  Requirement:            0.000ns  (clk_fpga_0 rise@0.000ns - clk_fpga_0 rise@0.000ns)
  Data Path Delay:        0.568ns  (logic 0.246ns (43.289%)  route 0.322ns (56.711%))
  Logic Levels:           1  (LUT3=1)
  Clock Path Skew:        0.017ns (DCD - SCD - CPR)
    Destination Clock Delay (DCD):    1.209ns
    Source Clock Delay      (SCD):    0.908ns
    Clock Pessimism Removal (CPR):    0.284ns

    Location             Delay type                Incr(ns)  Path(ns)    Netlist Resource(s)
  -------------------------------------------------------------------    -------------------
                         (clock clk_fpga_0 rise edge)
                                                      0.000     0.000 r  
    PS7_X0Y0             PS7                          0.000     0.000 r  udp_gateway_shadow_mirror_i/processing_system7_0/inst/PS7_i/FCLKCLK[0]
                         net (fo=1, routed)           0.310     0.310    udp_gateway_shadow_mirror_i/processing_system7_0/inst/FCLK_CLK_unbuffered[0]
    BUFGCTRL_X0Y17       BUFG (Prop_bufg_I_O)         0.026     0.336 r  udp_gateway_shadow_mirror_i/processing_system7_0/inst/buffer_fclk_clk_0.FCLK_CLK_0_BUFG/O
                         net (fo=54559, routed)       0.572     0.908    udp_gateway_shadow_mirror_i/axi_mem_intercon/m00_couplers/auto_pc/inst/gen_axi4_axi3.axi3_conv_inst/USE_WRITE.write_addr_inst/USE_BURSTS.cmd_queue/inst/fifo_gen_inst/inst_fifo_gen/gconvfifo.rf/grf.rf/rstblk/ngwrdrst.grst.g7serrst.gnsckt_wrst.rst_wr_reg2_inst/dest_clk
    SLICE_X26Y91         FDPE                                         r  udp_gateway_shadow_mirror_i/axi_mem_intercon/m00_couplers/auto_pc/inst/gen_axi4_axi3.axi3_conv_inst/USE_WRITE.write_addr_inst/USE_BURSTS.cmd_queue/inst/fifo_gen_inst/inst_fifo_gen/gconvfifo.rf/grf.rf/rstblk/ngwrdrst.grst.g7serrst.gnsckt_wrst.rst_wr_reg2_inst/arststages_ff_reg[1]/C
  -------------------------------------------------------------------    -------------------
    SLICE_X26Y91         FDPE (Prop_fdpe_C_Q)         0.148     1.056 f  udp_gateway_shadow_mirror_i/axi_mem_intercon/m00_couplers/auto_pc/inst/gen_axi4_axi3.axi3_conv_inst/USE_WRITE.write_addr_inst/USE_BURSTS.cmd_queue/inst/fifo_gen_inst/inst_fifo_gen/gconvfifo.rf/grf.rf/rstblk/ngwrdrst.grst.g7serrst.gnsckt_wrst.rst_wr_reg2_inst/arststages_ff_reg[1]/Q
                         net (fo=3, routed)           0.137     1.193    udp_gateway_shadow_mirror_i/axi_mem_intercon/m00_couplers/auto_pc/inst/gen_axi4_axi3.axi3_conv_inst/USE_WRITE.write_addr_inst/USE_BURSTS.cmd_queue/inst/fifo_gen_inst/inst_fifo_gen/gconvfifo.rf/grf.rf/rstblk/ngwrdrst.rst_wr_reg2
    SLICE_X27Y92         LUT3 (Prop_lut3_I2_O)        0.098     1.291 f  udp_gateway_shadow_mirror_i/axi_mem_intercon/m00_couplers/auto_pc/inst/gen_axi4_axi3.axi3_conv_inst/USE_WRITE.write_addr_inst/USE_BURSTS.cmd_queue/inst/fifo_gen_inst/inst_fifo_gen/gconvfifo.rf/grf.rf/rstblk/gpregsm1.curr_fwft_state[1]_i_2/O
                         net (fo=32, routed)          0.185     1.476    udp_gateway_shadow_mirror_i/axi_mem_intercon/m00_couplers/auto_pc/inst/gen_axi4_axi3.axi3_conv_inst/USE_WRITE.write_addr_inst/USE_BURSTS.cmd_queue/inst/fifo_gen_inst/inst_fifo_gen/gconvfifo.rf/grf.rf/gntv_or_sync_fifo.gl0.rd/gr1.gr1_int.rfwft/gpregsm1.user_valid_reg_0
    SLICE_X27Y93         FDPE                                         f  udp_gateway_shadow_mirror_i/axi_mem_intercon/m00_couplers/auto_pc/inst/gen_axi4_axi3.axi3_conv_inst/USE_WRITE.write_addr_inst/USE_BURSTS.cmd_queue/inst/fifo_gen_inst/inst_fifo_gen/gconvfifo.rf/grf.rf/gntv_or_sync_fifo.gl0.rd/gr1.gr1_int.rfwft/empty_fwft_i_reg/PRE
  -------------------------------------------------------------------    -------------------

                         (clock clk_fpga_0 rise edge)
                                                      0.000     0.000 r  
    PS7_X0Y0             PS7                          0.000     0.000 r  udp_gateway_shadow_mirror_i/processing_system7_0/inst/PS7_i/FCLKCLK[0]
                         net (fo=1, routed)           0.337     0.337    udp_gateway_shadow_mirror_i/processing_system7_0/inst/FCLK_CLK_unbuffered[0]
    BUFGCTRL_X0Y17       BUFG (Prop_bufg_I_O)         0.029     0.366 r  udp_gateway_shadow_mirror_i/processing_system7_0/inst/buffer_fclk_clk_0.FCLK_CLK_0_BUFG/O
                         net (fo=54559, routed)       0.843     1.209    udp_gateway_shadow_mirror_i/axi_mem_intercon/m00_couplers/auto_pc/inst/gen_axi4_axi3.axi3_conv_inst/USE_WRITE.write_addr_inst/USE_BURSTS.cmd_queue/inst/fifo_gen_inst/inst_fifo_gen/gconvfifo.rf/grf.rf/gntv_or_sync_fifo.gl0.rd/gr1.gr1_int.rfwft/clk
    SLICE_X27Y93         FDPE                                         r  udp_gateway_shadow_mirror_i/axi_mem_intercon/m00_couplers/auto_pc/inst/gen_axi4_axi3.axi3_conv_inst/USE_WRITE.write_addr_inst/USE_BURSTS.cmd_queue/inst/fifo_gen_inst/inst_fifo_gen/gconvfifo.rf/grf.rf/gntv_or_sync_fifo.gl0.rd/gr1.gr1_int.rfwft/empty_fwft_i_reg/C
                         clock pessimism             -0.284     0.925    
    SLICE_X27Y93         FDPE (Remov_fdpe_C_PRE)     -0.095     0.830    udp_gateway_shadow_mirror_i/axi_mem_intercon/m00_couplers/auto_pc/inst/gen_axi4_axi3.axi3_conv_inst/USE_WRITE.write_addr_inst/USE_BURSTS.cmd_queue/inst/fifo_gen_inst/inst_fifo_gen/gconvfifo.rf/grf.rf/gntv_or_sync_fifo.gl0.rd/gr1.gr1_int.rfwft/empty_fwft_i_reg
  -------------------------------------------------------------------
                         required time                         -0.830    
                         arrival time                           1.476    
  -------------------------------------------------------------------
                         slack                                  0.646    

Slack (MET) :             0.684ns  (arrival time - required time)
  Source:                 udp_gateway_shadow_mirror_i/axi_mem_intercon/m00_couplers/auto_pc/inst/gen_axi4_axi3.axi3_conv_inst/USE_WRITE.write_addr_inst/USE_B_CHANNEL.cmd_b_queue/inst/fifo_gen_inst/inst_fifo_gen/gconvfifo.rf/grf.rf/rstblk/ngwrdrst.grst.g7serrst.gnsckt_wrst.gcc_rst.sckt_wr_rst_cc_reg[1]/C
                            (rising edge-triggered cell FDRE clocked by clk_fpga_0  {rise@0.000ns fall@10.000ns period=20.000ns})
  Destination:            udp_gateway_shadow_mirror_i/axi_mem_intercon/m00_couplers/auto_pc/inst/gen_axi4_axi3.axi3_conv_inst/USE_WRITE.write_addr_inst/USE_B_CHANNEL.cmd_b_queue/inst/fifo_gen_inst/inst_fifo_gen/gconvfifo.rf/grf.rf/gntv_or_sync_fifo.gl0.rd/gr1.gr1_int.rfwft/gpregsm1.curr_fwft_state_reg[0]/CLR
                            (removal check against rising-edge clock clk_fpga_0  {rise@0.000ns fall@10.000ns period=20.000ns})
  Path Group:             **async_default**
  Path Type:              Removal (Min at Fast Process Corner)
  Requirement:            0.000ns  (clk_fpga_0 rise@0.000ns - clk_fpga_0 rise@0.000ns)
  Data Path Delay:        0.880ns  (logic 0.226ns (25.669%)  route 0.654ns (74.331%))
  Logic Levels:           1  (LUT3=1)
  Clock Path Skew:        0.263ns (DCD - SCD - CPR)
    Destination Clock Delay (DCD):    1.186ns
    Source Clock Delay      (SCD):    0.888ns
    Clock Pessimism Removal (CPR):    0.035ns

    Location             Delay type                Incr(ns)  Path(ns)    Netlist Resource(s)
  -------------------------------------------------------------------    -------------------
                         (clock clk_fpga_0 rise edge)
                                                      0.000     0.000 r  
    PS7_X0Y0             PS7                          0.000     0.000 r  udp_gateway_shadow_mirror_i/processing_system7_0/inst/PS7_i/FCLKCLK[0]
                         net (fo=1, routed)           0.310     0.310    udp_gateway_shadow_mirror_i/processing_system7_0/inst/FCLK_CLK_unbuffered[0]
    BUFGCTRL_X0Y17       BUFG (Prop_bufg_I_O)         0.026     0.336 r  udp_gateway_shadow_mirror_i/processing_system7_0/inst/buffer_fclk_clk_0.FCLK_CLK_0_BUFG/O
                         net (fo=54559, routed)       0.552     0.888    udp_gateway_shadow_mirror_i/axi_mem_intercon/m00_couplers/auto_pc/inst/gen_axi4_axi3.axi3_conv_inst/USE_WRITE.write_addr_inst/USE_B_CHANNEL.cmd_b_queue/inst/fifo_gen_inst/inst_fifo_gen/gconvfifo.rf/grf.rf/rstblk/clk
    SLICE_X40Y86         FDRE                                         r  udp_gateway_shadow_mirror_i/axi_mem_intercon/m00_couplers/auto_pc/inst/gen_axi4_axi3.axi3_conv_inst/USE_WRITE.write_addr_inst/USE_B_CHANNEL.cmd_b_queue/inst/fifo_gen_inst/inst_fifo_gen/gconvfifo.rf/grf.rf/rstblk/ngwrdrst.grst.g7serrst.gnsckt_wrst.gcc_rst.sckt_wr_rst_cc_reg[1]/C
  -------------------------------------------------------------------    -------------------
    SLICE_X40Y86         FDRE (Prop_fdre_C_Q)         0.128     1.016 f  udp_gateway_shadow_mirror_i/axi_mem_intercon/m00_couplers/auto_pc/inst/gen_axi4_axi3.axi3_conv_inst/USE_WRITE.write_addr_inst/USE_B_CHANNEL.cmd_b_queue/inst/fifo_gen_inst/inst_fifo_gen/gconvfifo.rf/grf.rf/rstblk/ngwrdrst.grst.g7serrst.gnsckt_wrst.gcc_rst.sckt_wr_rst_cc_reg[1]/Q
                         net (fo=2, routed)           0.216     1.232    udp_gateway_shadow_mirror_i/axi_mem_intercon/m00_couplers/auto_pc/inst/gen_axi4_axi3.axi3_conv_inst/USE_WRITE.write_addr_inst/USE_B_CHANNEL.cmd_b_queue/inst/fifo_gen_inst/inst_fifo_gen/gconvfifo.rf/grf.rf/rstblk/ngwrdrst.grst.g7serrst.gnsckt_wrst.gcc_rst.sckt_wr_rst_cc[1]
    SLICE_X39Y85         LUT3 (Prop_lut3_I0_O)        0.098     1.330 f  udp_gateway_shadow_mirror_i/axi_mem_intercon/m00_couplers/auto_pc/inst/gen_axi4_axi3.axi3_conv_inst/USE_WRITE.write_addr_inst/USE_B_CHANNEL.cmd_b_queue/inst/fifo_gen_inst/inst_fifo_gen/gconvfifo.rf/grf.rf/rstblk/gpregsm1.curr_fwft_state[1]_i_2/O
                         net (fo=32, routed)          0.438     1.768    udp_gateway_shadow_mirror_i/axi_mem_intercon/m00_couplers/auto_pc/inst/gen_axi4_axi3.axi3_conv_inst/USE_WRITE.write_addr_inst/USE_B_CHANNEL.cmd_b_queue/inst/fifo_gen_inst/inst_fifo_gen/gconvfifo.rf/grf.rf/gntv_or_sync_fifo.gl0.rd/gr1.gr1_int.rfwft/gpregsm1.user_valid_reg_0
    SLICE_X50Y93         FDCE                                         f  udp_gateway_shadow_mirror_i/axi_mem_intercon/m00_couplers/auto_pc/inst/gen_axi4_axi3.axi3_conv_inst/USE_WRITE.write_addr_inst/USE_B_CHANNEL.cmd_b_queue/inst/fifo_gen_inst/inst_fifo_gen/gconvfifo.rf/grf.rf/gntv_or_sync_fifo.gl0.rd/gr1.gr1_int.rfwft/gpregsm1.curr_fwft_state_reg[0]/CLR
  -------------------------------------------------------------------    -------------------

                         (clock clk_fpga_0 rise edge)
                                                      0.000     0.000 r  
    PS7_X0Y0             PS7                          0.000     0.000 r  udp_gateway_shadow_mirror_i/processing_system7_0/inst/PS7_i/FCLKCLK[0]
                         net (fo=1, routed)           0.337     0.337    udp_gateway_shadow_mirror_i/processing_system7_0/inst/FCLK_CLK_unbuffered[0]
    BUFGCTRL_X0Y17       BUFG (Prop_bufg_I_O)         0.029     0.366 r  udp_gateway_shadow_mirror_i/processing_system7_0/inst/buffer_fclk_clk_0.FCLK_CLK_0_BUFG/O
                         net (fo=54559, routed)       0.820     1.186    udp_gateway_shadow_mirror_i/axi_mem_intercon/m00_couplers/auto_pc/inst/gen_axi4_axi3.axi3_conv_inst/USE_WRITE.write_addr_inst/USE_B_CHANNEL.cmd_b_queue/inst/fifo_gen_inst/inst_fifo_gen/gconvfifo.rf/grf.rf/gntv_or_sync_fifo.gl0.rd/gr1.gr1_int.rfwft/clk
    SLICE_X50Y93         FDCE                                         r  udp_gateway_shadow_mirror_i/axi_mem_intercon/m00_couplers/auto_pc/inst/gen_axi4_axi3.axi3_conv_inst/USE_WRITE.write_addr_inst/USE_B_CHANNEL.cmd_b_queue/inst/fifo_gen_inst/inst_fifo_gen/gconvfifo.rf/grf.rf/gntv_or_sync_fifo.gl0.rd/gr1.gr1_int.rfwft/gpregsm1.curr_fwft_state_reg[0]/C
                         clock pessimism             -0.035     1.151    
    SLICE_X50Y93         FDCE (Remov_fdce_C_CLR)     -0.067     1.084    udp_gateway_shadow_mirror_i/axi_mem_intercon/m00_couplers/auto_pc/inst/gen_axi4_axi3.axi3_conv_inst/USE_WRITE.write_addr_inst/USE_B_CHANNEL.cmd_b_queue/inst/fifo_gen_inst/inst_fifo_gen/gconvfifo.rf/grf.rf/gntv_or_sync_fifo.gl0.rd/gr1.gr1_int.rfwft/gpregsm1.curr_fwft_state_reg[0]
  -------------------------------------------------------------------
                         required time                         -1.084    
                         arrival time                           1.768    
  -------------------------------------------------------------------
                         slack                                  0.684    

Slack (MET) :             0.684ns  (arrival time - required time)
  Source:                 udp_gateway_shadow_mirror_i/axi_mem_intercon/m00_couplers/auto_pc/inst/gen_axi4_axi3.axi3_conv_inst/USE_WRITE.write_addr_inst/USE_B_CHANNEL.cmd_b_queue/inst/fifo_gen_inst/inst_fifo_gen/gconvfifo.rf/grf.rf/rstblk/ngwrdrst.grst.g7serrst.gnsckt_wrst.gcc_rst.sckt_wr_rst_cc_reg[1]/C
                            (rising edge-triggered cell FDRE clocked by clk_fpga_0  {rise@0.000ns fall@10.000ns period=20.000ns})
  Destination:            udp_gateway_shadow_mirror_i/axi_mem_intercon/m00_couplers/auto_pc/inst/gen_axi4_axi3.axi3_conv_inst/USE_WRITE.write_addr_inst/USE_B_CHANNEL.cmd_b_queue/inst/fifo_gen_inst/inst_fifo_gen/gconvfifo.rf/grf.rf/gntv_or_sync_fifo.gl0.rd/gr1.gr1_int.rfwft/gpregsm1.curr_fwft_state_reg[1]/CLR
                            (removal check against rising-edge clock clk_fpga_0  {rise@0.000ns fall@10.000ns period=20.000ns})
  Path Group:             **async_default**
  Path Type:              Removal (Min at Fast Process Corner)
  Requirement:            0.000ns  (clk_fpga_0 rise@0.000ns - clk_fpga_0 rise@0.000ns)
  Data Path Delay:        0.880ns  (logic 0.226ns (25.669%)  route 0.654ns (74.331%))
  Logic Levels:           1  (LUT3=1)
  Clock Path Skew:        0.263ns (DCD - SCD - CPR)
    Destination Clock Delay (DCD):    1.186ns
    Source Clock Delay      (SCD):    0.888ns
    Clock Pessimism Removal (CPR):    0.035ns

    Location             Delay type                Incr(ns)  Path(ns)    Netlist Resource(s)
  -------------------------------------------------------------------    -------------------
                         (clock clk_fpga_0 rise edge)
                                                      0.000     0.000 r  
    PS7_X0Y0             PS7                          0.000     0.000 r  udp_gateway_shadow_mirror_i/processing_system7_0/inst/PS7_i/FCLKCLK[0]
                         net (fo=1, routed)           0.310     0.310    udp_gateway_shadow_mirror_i/processing_system7_0/inst/FCLK_CLK_unbuffered[0]
    BUFGCTRL_X0Y17       BUFG (Prop_bufg_I_O)         0.026     0.336 r  udp_gateway_shadow_mirror_i/processing_system7_0/inst/buffer_fclk_clk_0.FCLK_CLK_0_BUFG/O
                         net (fo=54559, routed)       0.552     0.888    udp_gateway_shadow_mirror_i/axi_mem_intercon/m00_couplers/auto_pc/inst/gen_axi4_axi3.axi3_conv_inst/USE_WRITE.write_addr_inst/USE_B_CHANNEL.cmd_b_queue/inst/fifo_gen_inst/inst_fifo_gen/gconvfifo.rf/grf.rf/rstblk/clk
    SLICE_X40Y86         FDRE                                         r  udp_gateway_shadow_mirror_i/axi_mem_intercon/m00_couplers/auto_pc/inst/gen_axi4_axi3.axi3_conv_inst/USE_WRITE.write_addr_inst/USE_B_CHANNEL.cmd_b_queue/inst/fifo_gen_inst/inst_fifo_gen/gconvfifo.rf/grf.rf/rstblk/ngwrdrst.grst.g7serrst.gnsckt_wrst.gcc_rst.sckt_wr_rst_cc_reg[1]/C
  -------------------------------------------------------------------    -------------------
    SLICE_X40Y86         FDRE (Prop_fdre_C_Q)         0.128     1.016 f  udp_gateway_shadow_mirror_i/axi_mem_intercon/m00_couplers/auto_pc/inst/gen_axi4_axi3.axi3_conv_inst/USE_WRITE.write_addr_inst/USE_B_CHANNEL.cmd_b_queue/inst/fifo_gen_inst/inst_fifo_gen/gconvfifo.rf/grf.rf/rstblk/ngwrdrst.grst.g7serrst.gnsckt_wrst.gcc_rst.sckt_wr_rst_cc_reg[1]/Q
                         net (fo=2, routed)           0.216     1.232    udp_gateway_shadow_mirror_i/axi_mem_intercon/m00_couplers/auto_pc/inst/gen_axi4_axi3.axi3_conv_inst/USE_WRITE.write_addr_inst/USE_B_CHANNEL.cmd_b_queue/inst/fifo_gen_inst/inst_fifo_gen/gconvfifo.rf/grf.rf/rstblk/ngwrdrst.grst.g7serrst.gnsckt_wrst.gcc_rst.sckt_wr_rst_cc[1]
    SLICE_X39Y85         LUT3 (Prop_lut3_I0_O)        0.098     1.330 f  udp_gateway_shadow_mirror_i/axi_mem_intercon/m00_couplers/auto_pc/inst/gen_axi4_axi3.axi3_conv_inst/USE_WRITE.write_addr_inst/USE_B_CHANNEL.cmd_b_queue/inst/fifo_gen_inst/inst_fifo_gen/gconvfifo.rf/grf.rf/rstblk/gpregsm1.curr_fwft_state[1]_i_2/O
                         net (fo=32, routed)          0.438     1.768    udp_gateway_shadow_mirror_i/axi_mem_intercon/m00_couplers/auto_pc/inst/gen_axi4_axi3.axi3_conv_inst/USE_WRITE.write_addr_inst/USE_B_CHANNEL.cmd_b_queue/inst/fifo_gen_inst/inst_fifo_gen/gconvfifo.rf/grf.rf/gntv_or_sync_fifo.gl0.rd/gr1.gr1_int.rfwft/gpregsm1.user_valid_reg_0
    SLICE_X50Y93         FDCE                                         f  udp_gateway_shadow_mirror_i/axi_mem_intercon/m00_couplers/auto_pc/inst/gen_axi4_axi3.axi3_conv_inst/USE_WRITE.write_addr_inst/USE_B_CHANNEL.cmd_b_queue/inst/fifo_gen_inst/inst_fifo_gen/gconvfifo.rf/grf.rf/gntv_or_sync_fifo.gl0.rd/gr1.gr1_int.rfwft/gpregsm1.curr_fwft_state_reg[1]/CLR
  -------------------------------------------------------------------    -------------------

                         (clock clk_fpga_0 rise edge)
                                                      0.000     0.000 r  
    PS7_X0Y0             PS7                          0.000     0.000 r  udp_gateway_shadow_mirror_i/processing_system7_0/inst/PS7_i/FCLKCLK[0]
                         net (fo=1, routed)           0.337     0.337    udp_gateway_shadow_mirror_i/processing_system7_0/inst/FCLK_CLK_unbuffered[0]
    BUFGCTRL_X0Y17       BUFG (Prop_bufg_I_O)         0.029     0.366 r  udp_gateway_shadow_mirror_i/processing_system7_0/inst/buffer_fclk_clk_0.FCLK_CLK_0_BUFG/O
                         net (fo=54559, routed)       0.820     1.186    udp_gateway_shadow_mirror_i/axi_mem_intercon/m00_couplers/auto_pc/inst/gen_axi4_axi3.axi3_conv_inst/USE_WRITE.write_addr_inst/USE_B_CHANNEL.cmd_b_queue/inst/fifo_gen_inst/inst_fifo_gen/gconvfifo.rf/grf.rf/gntv_or_sync_fifo.gl0.rd/gr1.gr1_int.rfwft/clk
    SLICE_X50Y93         FDCE                                         r  udp_gateway_shadow_mirror_i/axi_mem_intercon/m00_couplers/auto_pc/inst/gen_axi4_axi3.axi3_conv_inst/USE_WRITE.write_addr_inst/USE_B_CHANNEL.cmd_b_queue/inst/fifo_gen_inst/inst_fifo_gen/gconvfifo.rf/grf.rf/gntv_or_sync_fifo.gl0.rd/gr1.gr1_int.rfwft/gpregsm1.curr_fwft_state_reg[1]/C
                         clock pessimism             -0.035     1.151    
    SLICE_X50Y93         FDCE (Remov_fdce_C_CLR)     -0.067     1.084    udp_gateway_shadow_mirror_i/axi_mem_intercon/m00_couplers/auto_pc/inst/gen_axi4_axi3.axi3_conv_inst/USE_WRITE.write_addr_inst/USE_B_CHANNEL.cmd_b_queue/inst/fifo_gen_inst/inst_fifo_gen/gconvfifo.rf/grf.rf/gntv_or_sync_fifo.gl0.rd/gr1.gr1_int.rfwft/gpregsm1.curr_fwft_state_reg[1]
  -------------------------------------------------------------------
                         required time                         -1.084    
                         arrival time                           1.768    
  -------------------------------------------------------------------
                         slack                                  0.684    

Slack (MET) :             0.685ns  (arrival time - required time)
  Source:                 udp_gateway_shadow_mirror_i/axi_mem_intercon/m00_couplers/auto_pc/inst/gen_axi4_axi3.axi3_conv_inst/USE_WRITE.write_addr_inst/USE_BURSTS.cmd_queue/inst/fifo_gen_inst/inst_fifo_gen/gconvfifo.rf/grf.rf/rstblk/ngwrdrst.grst.g7serrst.gnsckt_wrst.rst_wr_reg2_inst/arststages_ff_reg[1]/C
                            (rising edge-triggered cell FDPE clocked by clk_fpga_0  {rise@0.000ns fall@10.000ns period=20.000ns})
  Destination:            udp_gateway_shadow_mirror_i/axi_mem_intercon/m00_couplers/auto_pc/inst/gen_axi4_axi3.axi3_conv_inst/USE_WRITE.write_addr_inst/USE_BURSTS.cmd_queue/inst/fifo_gen_inst/inst_fifo_gen/gconvfifo.rf/grf.rf/gntv_or_sync_fifo.gl0.rd/gr1.gr1_int.rfwft/gpregsm1.curr_fwft_state_reg[0]/CLR
                            (removal check against rising-edge clock clk_fpga_0  {rise@0.000ns fall@10.000ns period=20.000ns})
  Path Group:             **async_default**
  Path Type:              Removal (Min at Fast Process Corner)
  Requirement:            0.000ns  (clk_fpga_0 rise@0.000ns - clk_fpga_0 rise@0.000ns)
  Data Path Delay:        0.631ns  (logic 0.246ns (39.010%)  route 0.385ns (60.990%))
  Logic Levels:           1  (LUT3=1)
  Clock Path Skew:        0.038ns (DCD - SCD - CPR)
    Destination Clock Delay (DCD):    1.210ns
    Source Clock Delay      (SCD):    0.908ns
    Clock Pessimism Removal (CPR):    0.264ns

    Location             Delay type                Incr(ns)  Path(ns)    Netlist Resource(s)
  -------------------------------------------------------------------    -------------------
                         (clock clk_fpga_0 rise edge)
                                                      0.000     0.000 r  
    PS7_X0Y0             PS7                          0.000     0.000 r  udp_gateway_shadow_mirror_i/processing_system7_0/inst/PS7_i/FCLKCLK[0]
                         net (fo=1, routed)           0.310     0.310    udp_gateway_shadow_mirror_i/processing_system7_0/inst/FCLK_CLK_unbuffered[0]
    BUFGCTRL_X0Y17       BUFG (Prop_bufg_I_O)         0.026     0.336 r  udp_gateway_shadow_mirror_i/processing_system7_0/inst/buffer_fclk_clk_0.FCLK_CLK_0_BUFG/O
                         net (fo=54559, routed)       0.572     0.908    udp_gateway_shadow_mirror_i/axi_mem_intercon/m00_couplers/auto_pc/inst/gen_axi4_axi3.axi3_conv_inst/USE_WRITE.write_addr_inst/USE_BURSTS.cmd_queue/inst/fifo_gen_inst/inst_fifo_gen/gconvfifo.rf/grf.rf/rstblk/ngwrdrst.grst.g7serrst.gnsckt_wrst.rst_wr_reg2_inst/dest_clk
    SLICE_X26Y91         FDPE                                         r  udp_gateway_shadow_mirror_i/axi_mem_intercon/m00_couplers/auto_pc/inst/gen_axi4_axi3.axi3_conv_inst/USE_WRITE.write_addr_inst/USE_BURSTS.cmd_queue/inst/fifo_gen_inst/inst_fifo_gen/gconvfifo.rf/grf.rf/rstblk/ngwrdrst.grst.g7serrst.gnsckt_wrst.rst_wr_reg2_inst/arststages_ff_reg[1]/C
  -------------------------------------------------------------------    -------------------
    SLICE_X26Y91         FDPE (Prop_fdpe_C_Q)         0.148     1.056 f  udp_gateway_shadow_mirror_i/axi_mem_intercon/m00_couplers/auto_pc/inst/gen_axi4_axi3.axi3_conv_inst/USE_WRITE.write_addr_inst/USE_BURSTS.cmd_queue/inst/fifo_gen_inst/inst_fifo_gen/gconvfifo.rf/grf.rf/rstblk/ngwrdrst.grst.g7serrst.gnsckt_wrst.rst_wr_reg2_inst/arststages_ff_reg[1]/Q
                         net (fo=3, routed)           0.137     1.193    udp_gateway_shadow_mirror_i/axi_mem_intercon/m00_couplers/auto_pc/inst/gen_axi4_axi3.axi3_conv_inst/USE_WRITE.write_addr_inst/USE_BURSTS.cmd_queue/inst/fifo_gen_inst/inst_fifo_gen/gconvfifo.rf/grf.rf/rstblk/ngwrdrst.rst_wr_reg2
    SLICE_X27Y92         LUT3 (Prop_lut3_I2_O)        0.098     1.291 f  udp_gateway_shadow_mirror_i/axi_mem_intercon/m00_couplers/auto_pc/inst/gen_axi4_axi3.axi3_conv_inst/USE_WRITE.write_addr_inst/USE_BURSTS.cmd_queue/inst/fifo_gen_inst/inst_fifo_gen/gconvfifo.rf/grf.rf/rstblk/gpregsm1.curr_fwft_state[1]_i_2/O
                         net (fo=32, routed)          0.248     1.538    udp_gateway_shadow_mirror_i/axi_mem_intercon/m00_couplers/auto_pc/inst/gen_axi4_axi3.axi3_conv_inst/USE_WRITE.write_addr_inst/USE_BURSTS.cmd_queue/inst/fifo_gen_inst/inst_fifo_gen/gconvfifo.rf/grf.rf/gntv_or_sync_fifo.gl0.rd/gr1.gr1_int.rfwft/gpregsm1.user_valid_reg_0
    SLICE_X28Y94         FDCE                                         f  udp_gateway_shadow_mirror_i/axi_mem_intercon/m00_couplers/auto_pc/inst/gen_axi4_axi3.axi3_conv_inst/USE_WRITE.write_addr_inst/USE_BURSTS.cmd_queue/inst/fifo_gen_inst/inst_fifo_gen/gconvfifo.rf/grf.rf/gntv_or_sync_fifo.gl0.rd/gr1.gr1_int.rfwft/gpregsm1.curr_fwft_state_reg[0]/CLR
  -------------------------------------------------------------------    -------------------

                         (clock clk_fpga_0 rise edge)
                                                      0.000     0.000 r  
    PS7_X0Y0             PS7                          0.000     0.000 r  udp_gateway_shadow_mirror_i/processing_system7_0/inst/PS7_i/FCLKCLK[0]
                         net (fo=1, routed)           0.337     0.337    udp_gateway_shadow_mirror_i/processing_system7_0/inst/FCLK_CLK_unbuffered[0]
    BUFGCTRL_X0Y17       BUFG (Prop_bufg_I_O)         0.029     0.366 r  udp_gateway_shadow_mirror_i/processing_system7_0/inst/buffer_fclk_clk_0.FCLK_CLK_0_BUFG/O
                         net (fo=54559, routed)       0.844     1.210    udp_gateway_shadow_mirror_i/axi_mem_intercon/m00_couplers/auto_pc/inst/gen_axi4_axi3.axi3_conv_inst/USE_WRITE.write_addr_inst/USE_BURSTS.cmd_queue/inst/fifo_gen_inst/inst_fifo_gen/gconvfifo.rf/grf.rf/gntv_or_sync_fifo.gl0.rd/gr1.gr1_int.rfwft/clk
    SLICE_X28Y94         FDCE                                         r  udp_gateway_shadow_mirror_i/axi_mem_intercon/m00_couplers/auto_pc/inst/gen_axi4_axi3.axi3_conv_inst/USE_WRITE.write_addr_inst/USE_BURSTS.cmd_queue/inst/fifo_gen_inst/inst_fifo_gen/gconvfifo.rf/grf.rf/gntv_or_sync_fifo.gl0.rd/gr1.gr1_int.rfwft/gpregsm1.curr_fwft_state_reg[0]/C
                         clock pessimism             -0.264     0.946    
    SLICE_X28Y94         FDCE (Remov_fdce_C_CLR)     -0.092     0.854    udp_gateway_shadow_mirror_i/axi_mem_intercon/m00_couplers/auto_pc/inst/gen_axi4_axi3.axi3_conv_inst/USE_WRITE.write_addr_inst/USE_BURSTS.cmd_queue/inst/fifo_gen_inst/inst_fifo_gen/gconvfifo.rf/grf.rf/gntv_or_sync_fifo.gl0.rd/gr1.gr1_int.rfwft/gpregsm1.curr_fwft_state_reg[0]
  -------------------------------------------------------------------
                         required time                         -0.854    
                         arrival time                           1.538    
  -------------------------------------------------------------------
                         slack                                  0.685    





---------------------------------------------------------------------------------------------------
Path Group:  **async_default**
From Clock:  clk_fpga_0
  To Clock:  shadow_dna_clk

Setup :            0  Failing Endpoints,  Worst Slack       10.727ns,  Total Violation        0.000ns
Hold  :            0  Failing Endpoints,  Worst Slack        1.491ns,  Total Violation        0.000ns
---------------------------------------------------------------------------------------------------


Max Delay Paths
--------------------------------------------------------------------------------------
Slack (MET) :             10.727ns  (required time - arrival time)
  Source:                 udp_gateway_shadow_mirror_i/rst_ps7_0_100M/U0/ACTIVE_LOW_PR_OUT_DFF[0].FDRE_PER_N/C
                            (rising edge-triggered cell FDRE clocked by clk_fpga_0  {rise@0.000ns fall@10.000ns period=20.000ns})
  Destination:            udp_gateway_shadow_mirror_i/dma_gateway_hybrid_0/inst/u_device_dna_reader/dna_shift_value_reg[0]/CLR
                            (recovery check against rising-edge clock shadow_dna_clk  {rise@0.000ns fall@320.000ns period=640.000ns})
  Path Group:             **async_default**
  Path Type:              Recovery (Max at Slow Process Corner)
  Requirement:            20.000ns  (shadow_dna_clk rise@640.000ns - clk_fpga_0 rise@620.000ns)
  Data Path Delay:        11.136ns  (logic 0.642ns (5.765%)  route 10.494ns (94.235%))
  Logic Levels:           1  (LUT1=1)
  Clock Path Skew:        2.569ns (DCD - SCD + CPR)
    Destination Clock Delay (DCD):    5.641ns = ( 645.641 - 640.000 ) 
    Source Clock Delay      (SCD):    3.186ns = ( 623.186 - 620.000 ) 
    Clock Pessimism Removal (CPR):    0.115ns
  Clock Uncertainty:      0.302ns  ((TSJ^2 + TIJ^2)^1/2 + DJ) / 2 + PE
    Total System Jitter     (TSJ):    0.071ns
    Total Input Jitter      (TIJ):    0.600ns
    Discrete Jitter          (DJ):    0.000ns
    Phase Error              (PE):    0.000ns

    Location             Delay type                Incr(ns)  Path(ns)    Netlist Resource(s)
  -------------------------------------------------------------------    -------------------
                         (clock clk_fpga_0 rise edge)
                                                    620.000   620.000 r  
    PS7_X0Y0             PS7                          0.000   620.000 r  udp_gateway_shadow_mirror_i/processing_system7_0/inst/PS7_i/FCLKCLK[0]
                         net (fo=1, routed)           1.193   621.193    udp_gateway_shadow_mirror_i/processing_system7_0/inst/FCLK_CLK_unbuffered[0]
    BUFGCTRL_X0Y17       BUFG (Prop_bufg_I_O)         0.101   621.294 r  udp_gateway_shadow_mirror_i/processing_system7_0/inst/buffer_fclk_clk_0.FCLK_CLK_0_BUFG/O
                         net (fo=54559, routed)       1.892   623.186    udp_gateway_shadow_mirror_i/rst_ps7_0_100M/U0/slowest_sync_clk
    SLICE_X62Y128        FDRE                                         r  udp_gateway_shadow_mirror_i/rst_ps7_0_100M/U0/ACTIVE_LOW_PR_OUT_DFF[0].FDRE_PER_N/C
  -------------------------------------------------------------------    -------------------
    SLICE_X62Y128        FDRE (Prop_fdre_C_Q)         0.518   623.704 r  udp_gateway_shadow_mirror_i/rst_ps7_0_100M/U0/ACTIVE_LOW_PR_OUT_DFF[0].FDRE_PER_N/Q
                         net (fo=100, routed)         3.678   627.382    udp_gateway_shadow_mirror_i/dma_gateway_hybrid_0/inst/u_shadow_acl_filter/u_acl/rst_n
    SLICE_X90Y125        LUT1 (Prop_lut1_I0_O)        0.124   627.506 f  udp_gateway_shadow_mirror_i/dma_gateway_hybrid_0/inst/u_shadow_acl_filter/u_acl/s_axil_awready_i_2/O
                         net (fo=1991, routed)        6.816   634.322    udp_gateway_shadow_mirror_i/dma_gateway_hybrid_0/inst/u_device_dna_reader/o_dna_value_reg[56]_0
    SLICE_X85Y95         FDCE                                         f  udp_gateway_shadow_mirror_i/dma_gateway_hybrid_0/inst/u_device_dna_reader/dna_shift_value_reg[0]/CLR
  -------------------------------------------------------------------    -------------------

                         (clock shadow_dna_clk rise edge)
                                                    640.000   640.000 r  
    PS7_X0Y0             PS7                          0.000   640.000 r  udp_gateway_shadow_mirror_i/processing_system7_0/inst/PS7_i/FCLKCLK[0]
                         net (fo=1, routed)           1.088   641.088    udp_gateway_shadow_mirror_i/processing_system7_0/inst/FCLK_CLK_unbuffered[0]
    BUFGCTRL_X0Y17       BUFG (Prop_bufg_I_O)         0.091   641.179 r  udp_gateway_shadow_mirror_i/processing_system7_0/inst/buffer_fclk_clk_0.FCLK_CLK_0_BUFG/O
                         net (fo=54559, routed)       1.554   642.733    udp_gateway_shadow_mirror_i/dma_gateway_hybrid_0/inst/u_device_dna_reader/clk
    SLICE_X57Y45         FDCE (Prop_fdce_C_Q)         0.367   643.100 r  udp_gateway_shadow_mirror_i/dma_gateway_hybrid_0/inst/u_device_dna_reader/dna_clk_reg/Q
                         net (fo=1, routed)           0.903   644.004    udp_gateway_shadow_mirror_i/dma_gateway_hybrid_0/inst/u_device_dna_reader/dna_clk
    BUFGCTRL_X0Y16       BUFG (Prop_bufg_I_O)         0.091   644.095 r  udp_gateway_shadow_mirror_i/dma_gateway_hybrid_0/inst/u_device_dna_reader/dna_clk_BUFG_inst/O
                         net (fo=69, routed)          1.546   645.641    udp_gateway_shadow_mirror_i/dma_gateway_hybrid_0/inst/u_device_dna_reader/dna_clk_BUFG
    SLICE_X85Y95         FDCE                                         r  udp_gateway_shadow_mirror_i/dma_gateway_hybrid_0/inst/u_device_dna_reader/dna_shift_value_reg[0]/C
                         clock pessimism              0.115   645.755    
                         clock uncertainty           -0.302   645.453    
    SLICE_X85Y95         FDCE (Recov_fdce_C_CLR)     -0.405   645.048    udp_gateway_shadow_mirror_i/dma_gateway_hybrid_0/inst/u_device_dna_reader/dna_shift_value_reg[0]
  -------------------------------------------------------------------
                         required time                        645.048    
                         arrival time                        -634.322    
  -------------------------------------------------------------------
                         slack                                 10.727    

Slack (MET) :             12.504ns  (required time - arrival time)
  Source:                 udp_gateway_shadow_mirror_i/rst_ps7_0_100M/U0/ACTIVE_LOW_PR_OUT_DFF[0].FDRE_PER_N/C
                            (rising edge-triggered cell FDRE clocked by clk_fpga_0  {rise@0.000ns fall@10.000ns period=20.000ns})
  Destination:            udp_gateway_shadow_mirror_i/dma_gateway_hybrid_0/inst/u_device_dna_reader/dna_shift_value_reg[33]/CLR
                            (recovery check against rising-edge clock shadow_dna_clk  {rise@0.000ns fall@320.000ns period=640.000ns})
  Path Group:             **async_default**
  Path Type:              Recovery (Max at Slow Process Corner)
  Requirement:            20.000ns  (shadow_dna_clk rise@640.000ns - clk_fpga_0 rise@620.000ns)
  Data Path Delay:        9.593ns  (logic 0.642ns (6.692%)  route 8.951ns (93.308%))
  Logic Levels:           1  (LUT1=1)
  Clock Path Skew:        2.804ns (DCD - SCD + CPR)
    Destination Clock Delay (DCD):    5.875ns = ( 645.875 - 640.000 ) 
    Source Clock Delay      (SCD):    3.186ns = ( 623.186 - 620.000 ) 
    Clock Pessimism Removal (CPR):    0.115ns
  Clock Uncertainty:      0.302ns  ((TSJ^2 + TIJ^2)^1/2 + DJ) / 2 + PE
    Total System Jitter     (TSJ):    0.071ns
    Total Input Jitter      (TIJ):    0.600ns
    Discrete Jitter          (DJ):    0.000ns
    Phase Error              (PE):    0.000ns

    Location             Delay type                Incr(ns)  Path(ns)    Netlist Resource(s)
  -------------------------------------------------------------------    -------------------
                         (clock clk_fpga_0 rise edge)
                                                    620.000   620.000 r  
    PS7_X0Y0             PS7                          0.000   620.000 r  udp_gateway_shadow_mirror_i/processing_system7_0/inst/PS7_i/FCLKCLK[0]
                         net (fo=1, routed)           1.193   621.193    udp_gateway_shadow_mirror_i/processing_system7_0/inst/FCLK_CLK_unbuffered[0]
    BUFGCTRL_X0Y17       BUFG (Prop_bufg_I_O)         0.101   621.294 r  udp_gateway_shadow_mirror_i/processing_system7_0/inst/buffer_fclk_clk_0.FCLK_CLK_0_BUFG/O
                         net (fo=54559, routed)       1.892   623.186    udp_gateway_shadow_mirror_i/rst_ps7_0_100M/U0/slowest_sync_clk
    SLICE_X62Y128        FDRE                                         r  udp_gateway_shadow_mirror_i/rst_ps7_0_100M/U0/ACTIVE_LOW_PR_OUT_DFF[0].FDRE_PER_N/C
  -------------------------------------------------------------------    -------------------
    SLICE_X62Y128        FDRE (Prop_fdre_C_Q)         0.518   623.704 r  udp_gateway_shadow_mirror_i/rst_ps7_0_100M/U0/ACTIVE_LOW_PR_OUT_DFF[0].FDRE_PER_N/Q
                         net (fo=100, routed)         3.678   627.382    udp_gateway_shadow_mirror_i/dma_gateway_hybrid_0/inst/u_shadow_acl_filter/u_acl/rst_n
    SLICE_X90Y125        LUT1 (Prop_lut1_I0_O)        0.124   627.506 f  udp_gateway_shadow_mirror_i/dma_gateway_hybrid_0/inst/u_shadow_acl_filter/u_acl/s_axil_awready_i_2/O
                         net (fo=1991, routed)        5.273   632.779    udp_gateway_shadow_mirror_i/dma_gateway_hybrid_0/inst/u_device_dna_reader/o_dna_value_reg[56]_0
    SLICE_X91Y102        FDCE                                         f  udp_gateway_shadow_mirror_i/dma_gateway_hybrid_0/inst/u_device_dna_reader/dna_shift_value_reg[33]/CLR
  -------------------------------------------------------------------    -------------------

                         (clock shadow_dna_clk rise edge)
                                                    640.000   640.000 r  
    PS7_X0Y0             PS7                          0.000   640.000 r  udp_gateway_shadow_mirror_i/processing_system7_0/inst/PS7_i/FCLKCLK[0]
                         net (fo=1, routed)           1.088   641.088    udp_gateway_shadow_mirror_i/processing_system7_0/inst/FCLK_CLK_unbuffered[0]
    BUFGCTRL_X0Y17       BUFG (Prop_bufg_I_O)         0.091   641.179 r  udp_gateway_shadow_mirror_i/processing_system7_0/inst/buffer_fclk_clk_0.FCLK_CLK_0_BUFG/O
                         net (fo=54559, routed)       1.554   642.733    udp_gateway_shadow_mirror_i/dma_gateway_hybrid_0/inst/u_device_dna_reader/clk
    SLICE_X57Y45         FDCE (Prop_fdce_C_Q)         0.367   643.100 r  udp_gateway_shadow_mirror_i/dma_gateway_hybrid_0/inst/u_device_dna_reader/dna_clk_reg/Q
                         net (fo=1, routed)           0.903   644.004    udp_gateway_shadow_mirror_i/dma_gateway_hybrid_0/inst/u_device_dna_reader/dna_clk
    BUFGCTRL_X0Y16       BUFG (Prop_bufg_I_O)         0.091   644.095 r  udp_gateway_shadow_mirror_i/dma_gateway_hybrid_0/inst/u_device_dna_reader/dna_clk_BUFG_inst/O
                         net (fo=69, routed)          1.780   645.875    udp_gateway_shadow_mirror_i/dma_gateway_hybrid_0/inst/u_device_dna_reader/dna_clk_BUFG
    SLICE_X91Y102        FDCE                                         r  udp_gateway_shadow_mirror_i/dma_gateway_hybrid_0/inst/u_device_dna_reader/dna_shift_value_reg[33]/C
                         clock pessimism              0.115   645.990    
                         clock uncertainty           -0.302   645.688    
    SLICE_X91Y102        FDCE (Recov_fdce_C_CLR)     -0.405   645.283    udp_gateway_shadow_mirror_i/dma_gateway_hybrid_0/inst/u_device_dna_reader/dna_shift_value_reg[33]
  -------------------------------------------------------------------
                         required time                        645.283    
                         arrival time                        -632.779    
  -------------------------------------------------------------------
                         slack                                 12.504    

Slack (MET) :             12.504ns  (required time - arrival time)
  Source:                 udp_gateway_shadow_mirror_i/rst_ps7_0_100M/U0/ACTIVE_LOW_PR_OUT_DFF[0].FDRE_PER_N/C
                            (rising edge-triggered cell FDRE clocked by clk_fpga_0  {rise@0.000ns fall@10.000ns period=20.000ns})
  Destination:            udp_gateway_shadow_mirror_i/dma_gateway_hybrid_0/inst/u_device_dna_reader/dna_shift_value_reg[3]/CLR
                            (recovery check against rising-edge clock shadow_dna_clk  {rise@0.000ns fall@320.000ns period=640.000ns})
  Path Group:             **async_default**
  Path Type:              Recovery (Max at Slow Process Corner)
  Requirement:            20.000ns  (shadow_dna_clk rise@640.000ns - clk_fpga_0 rise@620.000ns)
  Data Path Delay:        9.593ns  (logic 0.642ns (6.692%)  route 8.951ns (93.308%))
  Logic Levels:           1  (LUT1=1)
  Clock Path Skew:        2.804ns (DCD - SCD + CPR)
    Destination Clock Delay (DCD):    5.875ns = ( 645.875 - 640.000 ) 
    Source Clock Delay      (SCD):    3.186ns = ( 623.186 - 620.000 ) 
    Clock Pessimism Removal (CPR):    0.115ns
  Clock Uncertainty:      0.302ns  ((TSJ^2 + TIJ^2)^1/2 + DJ) / 2 + PE
    Total System Jitter     (TSJ):    0.071ns
    Total Input Jitter      (TIJ):    0.600ns
    Discrete Jitter          (DJ):    0.000ns
    Phase Error              (PE):    0.000ns

    Location             Delay type                Incr(ns)  Path(ns)    Netlist Resource(s)
  -------------------------------------------------------------------    -------------------
                         (clock clk_fpga_0 rise edge)
                                                    620.000   620.000 r  
    PS7_X0Y0             PS7                          0.000   620.000 r  udp_gateway_shadow_mirror_i/processing_system7_0/inst/PS7_i/FCLKCLK[0]
                         net (fo=1, routed)           1.193   621.193    udp_gateway_shadow_mirror_i/processing_system7_0/inst/FCLK_CLK_unbuffered[0]
    BUFGCTRL_X0Y17       BUFG (Prop_bufg_I_O)         0.101   621.294 r  udp_gateway_shadow_mirror_i/processing_system7_0/inst/buffer_fclk_clk_0.FCLK_CLK_0_BUFG/O
                         net (fo=54559, routed)       1.892   623.186    udp_gateway_shadow_mirror_i/rst_ps7_0_100M/U0/slowest_sync_clk
    SLICE_X62Y128        FDRE                                         r  udp_gateway_shadow_mirror_i/rst_ps7_0_100M/U0/ACTIVE_LOW_PR_OUT_DFF[0].FDRE_PER_N/C
  -------------------------------------------------------------------    -------------------
    SLICE_X62Y128        FDRE (Prop_fdre_C_Q)         0.518   623.704 r  udp_gateway_shadow_mirror_i/rst_ps7_0_100M/U0/ACTIVE_LOW_PR_OUT_DFF[0].FDRE_PER_N/Q
                         net (fo=100, routed)         3.678   627.382    udp_gateway_shadow_mirror_i/dma_gateway_hybrid_0/inst/u_shadow_acl_filter/u_acl/rst_n
    SLICE_X90Y125        LUT1 (Prop_lut1_I0_O)        0.124   627.506 f  udp_gateway_shadow_mirror_i/dma_gateway_hybrid_0/inst/u_shadow_acl_filter/u_acl/s_axil_awready_i_2/O
                         net (fo=1991, routed)        5.273   632.779    udp_gateway_shadow_mirror_i/dma_gateway_hybrid_0/inst/u_device_dna_reader/o_dna_value_reg[56]_0
    SLICE_X91Y102        FDCE                                         f  udp_gateway_shadow_mirror_i/dma_gateway_hybrid_0/inst/u_device_dna_reader/dna_shift_value_reg[3]/CLR
  -------------------------------------------------------------------    -------------------

                         (clock shadow_dna_clk rise edge)
                                                    640.000   640.000 r  
    PS7_X0Y0             PS7                          0.000   640.000 r  udp_gateway_shadow_mirror_i/processing_system7_0/inst/PS7_i/FCLKCLK[0]
                         net (fo=1, routed)           1.088   641.088    udp_gateway_shadow_mirror_i/processing_system7_0/inst/FCLK_CLK_unbuffered[0]
    BUFGCTRL_X0Y17       BUFG (Prop_bufg_I_O)         0.091   641.179 r  udp_gateway_shadow_mirror_i/processing_system7_0/inst/buffer_fclk_clk_0.FCLK_CLK_0_BUFG/O
                         net (fo=54559, routed)       1.554   642.733    udp_gateway_shadow_mirror_i/dma_gateway_hybrid_0/inst/u_device_dna_reader/clk
    SLICE_X57Y45         FDCE (Prop_fdce_C_Q)         0.367   643.100 r  udp_gateway_shadow_mirror_i/dma_gateway_hybrid_0/inst/u_device_dna_reader/dna_clk_reg/Q
                         net (fo=1, routed)           0.903   644.004    udp_gateway_shadow_mirror_i/dma_gateway_hybrid_0/inst/u_device_dna_reader/dna_clk
    BUFGCTRL_X0Y16       BUFG (Prop_bufg_I_O)         0.091   644.095 r  udp_gateway_shadow_mirror_i/dma_gateway_hybrid_0/inst/u_device_dna_reader/dna_clk_BUFG_inst/O
                         net (fo=69, routed)          1.780   645.875    udp_gateway_shadow_mirror_i/dma_gateway_hybrid_0/inst/u_device_dna_reader/dna_clk_BUFG
    SLICE_X91Y102        FDCE                                         r  udp_gateway_shadow_mirror_i/dma_gateway_hybrid_0/inst/u_device_dna_reader/dna_shift_value_reg[3]/C
                         clock pessimism              0.115   645.990    
                         clock uncertainty           -0.302   645.688    
    SLICE_X91Y102        FDCE (Recov_fdce_C_CLR)     -0.405   645.283    udp_gateway_shadow_mirror_i/dma_gateway_hybrid_0/inst/u_device_dna_reader/dna_shift_value_reg[3]
  -------------------------------------------------------------------
                         required time                        645.283    
                         arrival time                        -632.779    
  -------------------------------------------------------------------
                         slack                                 12.504    

Slack (MET) :             12.504ns  (required time - arrival time)
  Source:                 udp_gateway_shadow_mirror_i/rst_ps7_0_100M/U0/ACTIVE_LOW_PR_OUT_DFF[0].FDRE_PER_N/C
                            (rising edge-triggered cell FDRE clocked by clk_fpga_0  {rise@0.000ns fall@10.000ns period=20.000ns})
  Destination:            udp_gateway_shadow_mirror_i/dma_gateway_hybrid_0/inst/u_device_dna_reader/dna_shift_value_reg[4]/CLR
                            (recovery check against rising-edge clock shadow_dna_clk  {rise@0.000ns fall@320.000ns period=640.000ns})
  Path Group:             **async_default**
  Path Type:              Recovery (Max at Slow Process Corner)
  Requirement:            20.000ns  (shadow_dna_clk rise@640.000ns - clk_fpga_0 rise@620.000ns)
  Data Path Delay:        9.593ns  (logic 0.642ns (6.692%)  route 8.951ns (93.308%))
  Logic Levels:           1  (LUT1=1)
  Clock Path Skew:        2.804ns (DCD - SCD + CPR)
    Destination Clock Delay (DCD):    5.875ns = ( 645.875 - 640.000 ) 
    Source Clock Delay      (SCD):    3.186ns = ( 623.186 - 620.000 ) 
    Clock Pessimism Removal (CPR):    0.115ns
  Clock Uncertainty:      0.302ns  ((TSJ^2 + TIJ^2)^1/2 + DJ) / 2 + PE
    Total System Jitter     (TSJ):    0.071ns
    Total Input Jitter      (TIJ):    0.600ns
    Discrete Jitter          (DJ):    0.000ns
    Phase Error              (PE):    0.000ns

    Location             Delay type                Incr(ns)  Path(ns)    Netlist Resource(s)
  -------------------------------------------------------------------    -------------------
                         (clock clk_fpga_0 rise edge)
                                                    620.000   620.000 r  
    PS7_X0Y0             PS7                          0.000   620.000 r  udp_gateway_shadow_mirror_i/processing_system7_0/inst/PS7_i/FCLKCLK[0]
                         net (fo=1, routed)           1.193   621.193    udp_gateway_shadow_mirror_i/processing_system7_0/inst/FCLK_CLK_unbuffered[0]
    BUFGCTRL_X0Y17       BUFG (Prop_bufg_I_O)         0.101   621.294 r  udp_gateway_shadow_mirror_i/processing_system7_0/inst/buffer_fclk_clk_0.FCLK_CLK_0_BUFG/O
                         net (fo=54559, routed)       1.892   623.186    udp_gateway_shadow_mirror_i/rst_ps7_0_100M/U0/slowest_sync_clk
    SLICE_X62Y128        FDRE                                         r  udp_gateway_shadow_mirror_i/rst_ps7_0_100M/U0/ACTIVE_LOW_PR_OUT_DFF[0].FDRE_PER_N/C
  -------------------------------------------------------------------    -------------------
    SLICE_X62Y128        FDRE (Prop_fdre_C_Q)         0.518   623.704 r  udp_gateway_shadow_mirror_i/rst_ps7_0_100M/U0/ACTIVE_LOW_PR_OUT_DFF[0].FDRE_PER_N/Q
                         net (fo=100, routed)         3.678   627.382    udp_gateway_shadow_mirror_i/dma_gateway_hybrid_0/inst/u_shadow_acl_filter/u_acl/rst_n
    SLICE_X90Y125        LUT1 (Prop_lut1_I0_O)        0.124   627.506 f  udp_gateway_shadow_mirror_i/dma_gateway_hybrid_0/inst/u_shadow_acl_filter/u_acl/s_axil_awready_i_2/O
                         net (fo=1991, routed)        5.273   632.779    udp_gateway_shadow_mirror_i/dma_gateway_hybrid_0/inst/u_device_dna_reader/o_dna_value_reg[56]_0
    SLICE_X91Y102        FDCE                                         f  udp_gateway_shadow_mirror_i/dma_gateway_hybrid_0/inst/u_device_dna_reader/dna_shift_value_reg[4]/CLR
  -------------------------------------------------------------------    -------------------

                         (clock shadow_dna_clk rise edge)
                                                    640.000   640.000 r  
    PS7_X0Y0             PS7                          0.000   640.000 r  udp_gateway_shadow_mirror_i/processing_system7_0/inst/PS7_i/FCLKCLK[0]
                         net (fo=1, routed)           1.088   641.088    udp_gateway_shadow_mirror_i/processing_system7_0/inst/FCLK_CLK_unbuffered[0]
    BUFGCTRL_X0Y17       BUFG (Prop_bufg_I_O)         0.091   641.179 r  udp_gateway_shadow_mirror_i/processing_system7_0/inst/buffer_fclk_clk_0.FCLK_CLK_0_BUFG/O
                         net (fo=54559, routed)       1.554   642.733    udp_gateway_shadow_mirror_i/dma_gateway_hybrid_0/inst/u_device_dna_reader/clk
    SLICE_X57Y45         FDCE (Prop_fdce_C_Q)         0.367   643.100 r  udp_gateway_shadow_mirror_i/dma_gateway_hybrid_0/inst/u_device_dna_reader/dna_clk_reg/Q
                         net (fo=1, routed)           0.903   644.004    udp_gateway_shadow_mirror_i/dma_gateway_hybrid_0/inst/u_device_dna_reader/dna_clk
    BUFGCTRL_X0Y16       BUFG (Prop_bufg_I_O)         0.091   644.095 r  udp_gateway_shadow_mirror_i/dma_gateway_hybrid_0/inst/u_device_dna_reader/dna_clk_BUFG_inst/O
                         net (fo=69, routed)          1.780   645.875    udp_gateway_shadow_mirror_i/dma_gateway_hybrid_0/inst/u_device_dna_reader/dna_clk_BUFG
    SLICE_X91Y102        FDCE                                         r  udp_gateway_shadow_mirror_i/dma_gateway_hybrid_0/inst/u_device_dna_reader/dna_shift_value_reg[4]/C
                         clock pessimism              0.115   645.990    
                         clock uncertainty           -0.302   645.688    
    SLICE_X91Y102        FDCE (Recov_fdce_C_CLR)     -0.405   645.283    udp_gateway_shadow_mirror_i/dma_gateway_hybrid_0/inst/u_device_dna_reader/dna_shift_value_reg[4]
  -------------------------------------------------------------------
                         required time                        645.283    
                         arrival time                        -632.779    
  -------------------------------------------------------------------
                         slack                                 12.504    

Slack (MET) :             12.504ns  (required time - arrival time)
  Source:                 udp_gateway_shadow_mirror_i/rst_ps7_0_100M/U0/ACTIVE_LOW_PR_OUT_DFF[0].FDRE_PER_N/C
                            (rising edge-triggered cell FDRE clocked by clk_fpga_0  {rise@0.000ns fall@10.000ns period=20.000ns})
  Destination:            udp_gateway_shadow_mirror_i/dma_gateway_hybrid_0/inst/u_device_dna_reader/dna_shift_value_reg[5]/CLR
                            (recovery check against rising-edge clock shadow_dna_clk  {rise@0.000ns fall@320.000ns period=640.000ns})
  Path Group:             **async_default**
  Path Type:              Recovery (Max at Slow Process Corner)
  Requirement:            20.000ns  (shadow_dna_clk rise@640.000ns - clk_fpga_0 rise@620.000ns)
  Data Path Delay:        9.593ns  (logic 0.642ns (6.692%)  route 8.951ns (93.308%))
  Logic Levels:           1  (LUT1=1)
  Clock Path Skew:        2.804ns (DCD - SCD + CPR)
    Destination Clock Delay (DCD):    5.875ns = ( 645.875 - 640.000 ) 
    Source Clock Delay      (SCD):    3.186ns = ( 623.186 - 620.000 ) 
    Clock Pessimism Removal (CPR):    0.115ns
  Clock Uncertainty:      0.302ns  ((TSJ^2 + TIJ^2)^1/2 + DJ) / 2 + PE
    Total System Jitter     (TSJ):    0.071ns
    Total Input Jitter      (TIJ):    0.600ns
    Discrete Jitter          (DJ):    0.000ns
    Phase Error              (PE):    0.000ns

    Location             Delay type                Incr(ns)  Path(ns)    Netlist Resource(s)
  -------------------------------------------------------------------    -------------------
                         (clock clk_fpga_0 rise edge)
                                                    620.000   620.000 r  
    PS7_X0Y0             PS7                          0.000   620.000 r  udp_gateway_shadow_mirror_i/processing_system7_0/inst/PS7_i/FCLKCLK[0]
                         net (fo=1, routed)           1.193   621.193    udp_gateway_shadow_mirror_i/processing_system7_0/inst/FCLK_CLK_unbuffered[0]
    BUFGCTRL_X0Y17       BUFG (Prop_bufg_I_O)         0.101   621.294 r  udp_gateway_shadow_mirror_i/processing_system7_0/inst/buffer_fclk_clk_0.FCLK_CLK_0_BUFG/O
                         net (fo=54559, routed)       1.892   623.186    udp_gateway_shadow_mirror_i/rst_ps7_0_100M/U0/slowest_sync_clk
    SLICE_X62Y128        FDRE                                         r  udp_gateway_shadow_mirror_i/rst_ps7_0_100M/U0/ACTIVE_LOW_PR_OUT_DFF[0].FDRE_PER_N/C
  -------------------------------------------------------------------    -------------------
    SLICE_X62Y128        FDRE (Prop_fdre_C_Q)         0.518   623.704 r  udp_gateway_shadow_mirror_i/rst_ps7_0_100M/U0/ACTIVE_LOW_PR_OUT_DFF[0].FDRE_PER_N/Q
                         net (fo=100, routed)         3.678   627.382    udp_gateway_shadow_mirror_i/dma_gateway_hybrid_0/inst/u_shadow_acl_filter/u_acl/rst_n
    SLICE_X90Y125        LUT1 (Prop_lut1_I0_O)        0.124   627.506 f  udp_gateway_shadow_mirror_i/dma_gateway_hybrid_0/inst/u_shadow_acl_filter/u_acl/s_axil_awready_i_2/O
                         net (fo=1991, routed)        5.273   632.779    udp_gateway_shadow_mirror_i/dma_gateway_hybrid_0/inst/u_device_dna_reader/o_dna_value_reg[56]_0
    SLICE_X91Y102        FDCE                                         f  udp_gateway_shadow_mirror_i/dma_gateway_hybrid_0/inst/u_device_dna_reader/dna_shift_value_reg[5]/CLR
  -------------------------------------------------------------------    -------------------

                         (clock shadow_dna_clk rise edge)
                                                    640.000   640.000 r  
    PS7_X0Y0             PS7                          0.000   640.000 r  udp_gateway_shadow_mirror_i/processing_system7_0/inst/PS7_i/FCLKCLK[0]
                         net (fo=1, routed)           1.088   641.088    udp_gateway_shadow_mirror_i/processing_system7_0/inst/FCLK_CLK_unbuffered[0]
    BUFGCTRL_X0Y17       BUFG (Prop_bufg_I_O)         0.091   641.179 r  udp_gateway_shadow_mirror_i/processing_system7_0/inst/buffer_fclk_clk_0.FCLK_CLK_0_BUFG/O
                         net (fo=54559, routed)       1.554   642.733    udp_gateway_shadow_mirror_i/dma_gateway_hybrid_0/inst/u_device_dna_reader/clk
    SLICE_X57Y45         FDCE (Prop_fdce_C_Q)         0.367   643.100 r  udp_gateway_shadow_mirror_i/dma_gateway_hybrid_0/inst/u_device_dna_reader/dna_clk_reg/Q
                         net (fo=1, routed)           0.903   644.004    udp_gateway_shadow_mirror_i/dma_gateway_hybrid_0/inst/u_device_dna_reader/dna_clk
    BUFGCTRL_X0Y16       BUFG (Prop_bufg_I_O)         0.091   644.095 r  udp_gateway_shadow_mirror_i/dma_gateway_hybrid_0/inst/u_device_dna_reader/dna_clk_BUFG_inst/O
                         net (fo=69, routed)          1.780   645.875    udp_gateway_shadow_mirror_i/dma_gateway_hybrid_0/inst/u_device_dna_reader/dna_clk_BUFG
    SLICE_X91Y102        FDCE                                         r  udp_gateway_shadow_mirror_i/dma_gateway_hybrid_0/inst/u_device_dna_reader/dna_shift_value_reg[5]/C
                         clock pessimism              0.115   645.990    
                         clock uncertainty           -0.302   645.688    
    SLICE_X91Y102        FDCE (Recov_fdce_C_CLR)     -0.405   645.283    udp_gateway_shadow_mirror_i/dma_gateway_hybrid_0/inst/u_device_dna_reader/dna_shift_value_reg[5]
  -------------------------------------------------------------------
                         required time                        645.283    
                         arrival time                        -632.779    
  -------------------------------------------------------------------
                         slack                                 12.504    

Slack (MET) :             12.979ns  (required time - arrival time)
  Source:                 udp_gateway_shadow_mirror_i/rst_ps7_0_100M/U0/ACTIVE_LOW_PR_OUT_DFF[0].FDRE_PER_N/C
                            (rising edge-triggered cell FDRE clocked by clk_fpga_0  {rise@0.000ns fall@10.000ns period=20.000ns})
  Destination:            udp_gateway_shadow_mirror_i/dma_gateway_hybrid_0/inst/u_device_dna_reader/dna_shift_value_reg[34]/CLR
                            (recovery check against rising-edge clock shadow_dna_clk  {rise@0.000ns fall@320.000ns period=640.000ns})
  Path Group:             **async_default**
  Path Type:              Recovery (Max at Slow Process Corner)
  Requirement:            20.000ns  (shadow_dna_clk rise@640.000ns - clk_fpga_0 rise@620.000ns)
  Data Path Delay:        9.119ns  (logic 0.642ns (7.040%)  route 8.477ns (92.960%))
  Logic Levels:           1  (LUT1=1)
  Clock Path Skew:        2.805ns (DCD - SCD + CPR)
    Destination Clock Delay (DCD):    5.876ns = ( 645.876 - 640.000 ) 
    Source Clock Delay      (SCD):    3.186ns = ( 623.186 - 620.000 ) 
    Clock Pessimism Removal (CPR):    0.115ns
  Clock Uncertainty:      0.302ns  ((TSJ^2 + TIJ^2)^1/2 + DJ) / 2 + PE
    Total System Jitter     (TSJ):    0.071ns
    Total Input Jitter      (TIJ):    0.600ns
    Discrete Jitter          (DJ):    0.000ns
    Phase Error              (PE):    0.000ns

    Location             Delay type                Incr(ns)  Path(ns)    Netlist Resource(s)
  -------------------------------------------------------------------    -------------------
                         (clock clk_fpga_0 rise edge)
                                                    620.000   620.000 r  
    PS7_X0Y0             PS7                          0.000   620.000 r  udp_gateway_shadow_mirror_i/processing_system7_0/inst/PS7_i/FCLKCLK[0]
                         net (fo=1, routed)           1.193   621.193    udp_gateway_shadow_mirror_i/processing_system7_0/inst/FCLK_CLK_unbuffered[0]
    BUFGCTRL_X0Y17       BUFG (Prop_bufg_I_O)         0.101   621.294 r  udp_gateway_shadow_mirror_i/processing_system7_0/inst/buffer_fclk_clk_0.FCLK_CLK_0_BUFG/O
                         net (fo=54559, routed)       1.892   623.186    udp_gateway_shadow_mirror_i/rst_ps7_0_100M/U0/slowest_sync_clk
    SLICE_X62Y128        FDRE                                         r  udp_gateway_shadow_mirror_i/rst_ps7_0_100M/U0/ACTIVE_LOW_PR_OUT_DFF[0].FDRE_PER_N/C
  -------------------------------------------------------------------    -------------------
    SLICE_X62Y128        FDRE (Prop_fdre_C_Q)         0.518   623.704 r  udp_gateway_shadow_mirror_i/rst_ps7_0_100M/U0/ACTIVE_LOW_PR_OUT_DFF[0].FDRE_PER_N/Q
                         net (fo=100, routed)         3.678   627.382    udp_gateway_shadow_mirror_i/dma_gateway_hybrid_0/inst/u_shadow_acl_filter/u_acl/rst_n
    SLICE_X90Y125        LUT1 (Prop_lut1_I0_O)        0.124   627.506 f  udp_gateway_shadow_mirror_i/dma_gateway_hybrid_0/inst/u_shadow_acl_filter/u_acl/s_axil_awready_i_2/O
                         net (fo=1991, routed)        4.799   632.305    udp_gateway_shadow_mirror_i/dma_gateway_hybrid_0/inst/u_device_dna_reader/o_dna_value_reg[56]_0
    SLICE_X93Y102        FDCE                                         f  udp_gateway_shadow_mirror_i/dma_gateway_hybrid_0/inst/u_device_dna_reader/dna_shift_value_reg[34]/CLR
  -------------------------------------------------------------------    -------------------

                         (clock shadow_dna_clk rise edge)
                                                    640.000   640.000 r  
    PS7_X0Y0             PS7                          0.000   640.000 r  udp_gateway_shadow_mirror_i/processing_system7_0/inst/PS7_i/FCLKCLK[0]
                         net (fo=1, routed)           1.088   641.088    udp_gateway_shadow_mirror_i/processing_system7_0/inst/FCLK_CLK_unbuffered[0]
    BUFGCTRL_X0Y17       BUFG (Prop_bufg_I_O)         0.091   641.179 r  udp_gateway_shadow_mirror_i/processing_system7_0/inst/buffer_fclk_clk_0.FCLK_CLK_0_BUFG/O
                         net (fo=54559, routed)       1.554   642.733    udp_gateway_shadow_mirror_i/dma_gateway_hybrid_0/inst/u_device_dna_reader/clk
    SLICE_X57Y45         FDCE (Prop_fdce_C_Q)         0.367   643.100 r  udp_gateway_shadow_mirror_i/dma_gateway_hybrid_0/inst/u_device_dna_reader/dna_clk_reg/Q
                         net (fo=1, routed)           0.903   644.004    udp_gateway_shadow_mirror_i/dma_gateway_hybrid_0/inst/u_device_dna_reader/dna_clk
    BUFGCTRL_X0Y16       BUFG (Prop_bufg_I_O)         0.091   644.095 r  udp_gateway_shadow_mirror_i/dma_gateway_hybrid_0/inst/u_device_dna_reader/dna_clk_BUFG_inst/O
                         net (fo=69, routed)          1.781   645.876    udp_gateway_shadow_mirror_i/dma_gateway_hybrid_0/inst/u_device_dna_reader/dna_clk_BUFG
    SLICE_X93Y102        FDCE                                         r  udp_gateway_shadow_mirror_i/dma_gateway_hybrid_0/inst/u_device_dna_reader/dna_shift_value_reg[34]/C
                         clock pessimism              0.115   645.991    
                         clock uncertainty           -0.302   645.689    
    SLICE_X93Y102        FDCE (Recov_fdce_C_CLR)     -0.405   645.284    udp_gateway_shadow_mirror_i/dma_gateway_hybrid_0/inst/u_device_dna_reader/dna_shift_value_reg[34]
  -------------------------------------------------------------------
                         required time                        645.284    
                         arrival time                        -632.305    
  -------------------------------------------------------------------
                         slack                                 12.979    

Slack (MET) :             12.979ns  (required time - arrival time)
  Source:                 udp_gateway_shadow_mirror_i/rst_ps7_0_100M/U0/ACTIVE_LOW_PR_OUT_DFF[0].FDRE_PER_N/C
                            (rising edge-triggered cell FDRE clocked by clk_fpga_0  {rise@0.000ns fall@10.000ns period=20.000ns})
  Destination:            udp_gateway_shadow_mirror_i/dma_gateway_hybrid_0/inst/u_device_dna_reader/dna_shift_value_reg[35]/CLR
                            (recovery check against rising-edge clock shadow_dna_clk  {rise@0.000ns fall@320.000ns period=640.000ns})
  Path Group:             **async_default**
  Path Type:              Recovery (Max at Slow Process Corner)
  Requirement:            20.000ns  (shadow_dna_clk rise@640.000ns - clk_fpga_0 rise@620.000ns)
  Data Path Delay:        9.119ns  (logic 0.642ns (7.040%)  route 8.477ns (92.960%))
  Logic Levels:           1  (LUT1=1)
  Clock Path Skew:        2.805ns (DCD - SCD + CPR)
    Destination Clock Delay (DCD):    5.876ns = ( 645.876 - 640.000 ) 
    Source Clock Delay      (SCD):    3.186ns = ( 623.186 - 620.000 ) 
    Clock Pessimism Removal (CPR):    0.115ns
  Clock Uncertainty:      0.302ns  ((TSJ^2 + TIJ^2)^1/2 + DJ) / 2 + PE
    Total System Jitter     (TSJ):    0.071ns
    Total Input Jitter      (TIJ):    0.600ns
    Discrete Jitter          (DJ):    0.000ns
    Phase Error              (PE):    0.000ns

    Location             Delay type                Incr(ns)  Path(ns)    Netlist Resource(s)
  -------------------------------------------------------------------    -------------------
                         (clock clk_fpga_0 rise edge)
                                                    620.000   620.000 r  
    PS7_X0Y0             PS7                          0.000   620.000 r  udp_gateway_shadow_mirror_i/processing_system7_0/inst/PS7_i/FCLKCLK[0]
                         net (fo=1, routed)           1.193   621.193    udp_gateway_shadow_mirror_i/processing_system7_0/inst/FCLK_CLK_unbuffered[0]
    BUFGCTRL_X0Y17       BUFG (Prop_bufg_I_O)         0.101   621.294 r  udp_gateway_shadow_mirror_i/processing_system7_0/inst/buffer_fclk_clk_0.FCLK_CLK_0_BUFG/O
                         net (fo=54559, routed)       1.892   623.186    udp_gateway_shadow_mirror_i/rst_ps7_0_100M/U0/slowest_sync_clk
    SLICE_X62Y128        FDRE                                         r  udp_gateway_shadow_mirror_i/rst_ps7_0_100M/U0/ACTIVE_LOW_PR_OUT_DFF[0].FDRE_PER_N/C
  -------------------------------------------------------------------    -------------------
    SLICE_X62Y128        FDRE (Prop_fdre_C_Q)         0.518   623.704 r  udp_gateway_shadow_mirror_i/rst_ps7_0_100M/U0/ACTIVE_LOW_PR_OUT_DFF[0].FDRE_PER_N/Q
                         net (fo=100, routed)         3.678   627.382    udp_gateway_shadow_mirror_i/dma_gateway_hybrid_0/inst/u_shadow_acl_filter/u_acl/rst_n
    SLICE_X90Y125        LUT1 (Prop_lut1_I0_O)        0.124   627.506 f  udp_gateway_shadow_mirror_i/dma_gateway_hybrid_0/inst/u_shadow_acl_filter/u_acl/s_axil_awready_i_2/O
                         net (fo=1991, routed)        4.799   632.305    udp_gateway_shadow_mirror_i/dma_gateway_hybrid_0/inst/u_device_dna_reader/o_dna_value_reg[56]_0
    SLICE_X93Y102        FDCE                                         f  udp_gateway_shadow_mirror_i/dma_gateway_hybrid_0/inst/u_device_dna_reader/dna_shift_value_reg[35]/CLR
  -------------------------------------------------------------------    -------------------

                         (clock shadow_dna_clk rise edge)
                                                    640.000   640.000 r  
    PS7_X0Y0             PS7                          0.000   640.000 r  udp_gateway_shadow_mirror_i/processing_system7_0/inst/PS7_i/FCLKCLK[0]
                         net (fo=1, routed)           1.088   641.088    udp_gateway_shadow_mirror_i/processing_system7_0/inst/FCLK_CLK_unbuffered[0]
    BUFGCTRL_X0Y17       BUFG (Prop_bufg_I_O)         0.091   641.179 r  udp_gateway_shadow_mirror_i/processing_system7_0/inst/buffer_fclk_clk_0.FCLK_CLK_0_BUFG/O
                         net (fo=54559, routed)       1.554   642.733    udp_gateway_shadow_mirror_i/dma_gateway_hybrid_0/inst/u_device_dna_reader/clk
    SLICE_X57Y45         FDCE (Prop_fdce_C_Q)         0.367   643.100 r  udp_gateway_shadow_mirror_i/dma_gateway_hybrid_0/inst/u_device_dna_reader/dna_clk_reg/Q
                         net (fo=1, routed)           0.903   644.004    udp_gateway_shadow_mirror_i/dma_gateway_hybrid_0/inst/u_device_dna_reader/dna_clk
    BUFGCTRL_X0Y16       BUFG (Prop_bufg_I_O)         0.091   644.095 r  udp_gateway_shadow_mirror_i/dma_gateway_hybrid_0/inst/u_device_dna_reader/dna_clk_BUFG_inst/O
                         net (fo=69, routed)          1.781   645.876    udp_gateway_shadow_mirror_i/dma_gateway_hybrid_0/inst/u_device_dna_reader/dna_clk_BUFG
    SLICE_X93Y102        FDCE                                         r  udp_gateway_shadow_mirror_i/dma_gateway_hybrid_0/inst/u_device_dna_reader/dna_shift_value_reg[35]/C
                         clock pessimism              0.115   645.991    
                         clock uncertainty           -0.302   645.689    
    SLICE_X93Y102        FDCE (Recov_fdce_C_CLR)     -0.405   645.284    udp_gateway_shadow_mirror_i/dma_gateway_hybrid_0/inst/u_device_dna_reader/dna_shift_value_reg[35]
  -------------------------------------------------------------------
                         required time                        645.284    
                         arrival time                        -632.305    
  -------------------------------------------------------------------
                         slack                                 12.979    

Slack (MET) :             12.979ns  (required time - arrival time)
  Source:                 udp_gateway_shadow_mirror_i/rst_ps7_0_100M/U0/ACTIVE_LOW_PR_OUT_DFF[0].FDRE_PER_N/C
                            (rising edge-triggered cell FDRE clocked by clk_fpga_0  {rise@0.000ns fall@10.000ns period=20.000ns})
  Destination:            udp_gateway_shadow_mirror_i/dma_gateway_hybrid_0/inst/u_device_dna_reader/dna_shift_value_reg[36]/CLR
                            (recovery check against rising-edge clock shadow_dna_clk  {rise@0.000ns fall@320.000ns period=640.000ns})
  Path Group:             **async_default**
  Path Type:              Recovery (Max at Slow Process Corner)
  Requirement:            20.000ns  (shadow_dna_clk rise@640.000ns - clk_fpga_0 rise@620.000ns)
  Data Path Delay:        9.119ns  (logic 0.642ns (7.040%)  route 8.477ns (92.960%))
  Logic Levels:           1  (LUT1=1)
  Clock Path Skew:        2.805ns (DCD - SCD + CPR)
    Destination Clock Delay (DCD):    5.876ns = ( 645.876 - 640.000 ) 
    Source Clock Delay      (SCD):    3.186ns = ( 623.186 - 620.000 ) 
    Clock Pessimism Removal (CPR):    0.115ns
  Clock Uncertainty:      0.302ns  ((TSJ^2 + TIJ^2)^1/2 + DJ) / 2 + PE
    Total System Jitter     (TSJ):    0.071ns
    Total Input Jitter      (TIJ):    0.600ns
    Discrete Jitter          (DJ):    0.000ns
    Phase Error              (PE):    0.000ns

    Location             Delay type                Incr(ns)  Path(ns)    Netlist Resource(s)
  -------------------------------------------------------------------    -------------------
                         (clock clk_fpga_0 rise edge)
                                                    620.000   620.000 r  
    PS7_X0Y0             PS7                          0.000   620.000 r  udp_gateway_shadow_mirror_i/processing_system7_0/inst/PS7_i/FCLKCLK[0]
                         net (fo=1, routed)           1.193   621.193    udp_gateway_shadow_mirror_i/processing_system7_0/inst/FCLK_CLK_unbuffered[0]
    BUFGCTRL_X0Y17       BUFG (Prop_bufg_I_O)         0.101   621.294 r  udp_gateway_shadow_mirror_i/processing_system7_0/inst/buffer_fclk_clk_0.FCLK_CLK_0_BUFG/O
                         net (fo=54559, routed)       1.892   623.186    udp_gateway_shadow_mirror_i/rst_ps7_0_100M/U0/slowest_sync_clk
    SLICE_X62Y128        FDRE                                         r  udp_gateway_shadow_mirror_i/rst_ps7_0_100M/U0/ACTIVE_LOW_PR_OUT_DFF[0].FDRE_PER_N/C
  -------------------------------------------------------------------    -------------------
    SLICE_X62Y128        FDRE (Prop_fdre_C_Q)         0.518   623.704 r  udp_gateway_shadow_mirror_i/rst_ps7_0_100M/U0/ACTIVE_LOW_PR_OUT_DFF[0].FDRE_PER_N/Q
                         net (fo=100, routed)         3.678   627.382    udp_gateway_shadow_mirror_i/dma_gateway_hybrid_0/inst/u_shadow_acl_filter/u_acl/rst_n
    SLICE_X90Y125        LUT1 (Prop_lut1_I0_O)        0.124   627.506 f  udp_gateway_shadow_mirror_i/dma_gateway_hybrid_0/inst/u_shadow_acl_filter/u_acl/s_axil_awready_i_2/O
                         net (fo=1991, routed)        4.799   632.305    udp_gateway_shadow_mirror_i/dma_gateway_hybrid_0/inst/u_device_dna_reader/o_dna_value_reg[56]_0
    SLICE_X93Y102        FDCE                                         f  udp_gateway_shadow_mirror_i/dma_gateway_hybrid_0/inst/u_device_dna_reader/dna_shift_value_reg[36]/CLR
  -------------------------------------------------------------------    -------------------

                         (clock shadow_dna_clk rise edge)
                                                    640.000   640.000 r  
    PS7_X0Y0             PS7                          0.000   640.000 r  udp_gateway_shadow_mirror_i/processing_system7_0/inst/PS7_i/FCLKCLK[0]
                         net (fo=1, routed)           1.088   641.088    udp_gateway_shadow_mirror_i/processing_system7_0/inst/FCLK_CLK_unbuffered[0]
    BUFGCTRL_X0Y17       BUFG (Prop_bufg_I_O)         0.091   641.179 r  udp_gateway_shadow_mirror_i/processing_system7_0/inst/buffer_fclk_clk_0.FCLK_CLK_0_BUFG/O
                         net (fo=54559, routed)       1.554   642.733    udp_gateway_shadow_mirror_i/dma_gateway_hybrid_0/inst/u_device_dna_reader/clk
    SLICE_X57Y45         FDCE (Prop_fdce_C_Q)         0.367   643.100 r  udp_gateway_shadow_mirror_i/dma_gateway_hybrid_0/inst/u_device_dna_reader/dna_clk_reg/Q
                         net (fo=1, routed)           0.903   644.004    udp_gateway_shadow_mirror_i/dma_gateway_hybrid_0/inst/u_device_dna_reader/dna_clk
    BUFGCTRL_X0Y16       BUFG (Prop_bufg_I_O)         0.091   644.095 r  udp_gateway_shadow_mirror_i/dma_gateway_hybrid_0/inst/u_device_dna_reader/dna_clk_BUFG_inst/O
                         net (fo=69, routed)          1.781   645.876    udp_gateway_shadow_mirror_i/dma_gateway_hybrid_0/inst/u_device_dna_reader/dna_clk_BUFG
    SLICE_X93Y102        FDCE                                         r  udp_gateway_shadow_mirror_i/dma_gateway_hybrid_0/inst/u_device_dna_reader/dna_shift_value_reg[36]/C
                         clock pessimism              0.115   645.991    
                         clock uncertainty           -0.302   645.689    
    SLICE_X93Y102        FDCE (Recov_fdce_C_CLR)     -0.405   645.284    udp_gateway_shadow_mirror_i/dma_gateway_hybrid_0/inst/u_device_dna_reader/dna_shift_value_reg[36]
  -------------------------------------------------------------------
                         required time                        645.284    
                         arrival time                        -632.305    
  -------------------------------------------------------------------
                         slack                                 12.979    

Slack (MET) :             12.979ns  (required time - arrival time)
  Source:                 udp_gateway_shadow_mirror_i/rst_ps7_0_100M/U0/ACTIVE_LOW_PR_OUT_DFF[0].FDRE_PER_N/C
                            (rising edge-triggered cell FDRE clocked by clk_fpga_0  {rise@0.000ns fall@10.000ns period=20.000ns})
  Destination:            udp_gateway_shadow_mirror_i/dma_gateway_hybrid_0/inst/u_device_dna_reader/dna_shift_value_reg[37]/CLR
                            (recovery check against rising-edge clock shadow_dna_clk  {rise@0.000ns fall@320.000ns period=640.000ns})
  Path Group:             **async_default**
  Path Type:              Recovery (Max at Slow Process Corner)
  Requirement:            20.000ns  (shadow_dna_clk rise@640.000ns - clk_fpga_0 rise@620.000ns)
  Data Path Delay:        9.119ns  (logic 0.642ns (7.040%)  route 8.477ns (92.960%))
  Logic Levels:           1  (LUT1=1)
  Clock Path Skew:        2.805ns (DCD - SCD + CPR)
    Destination Clock Delay (DCD):    5.876ns = ( 645.876 - 640.000 ) 
    Source Clock Delay      (SCD):    3.186ns = ( 623.186 - 620.000 ) 
    Clock Pessimism Removal (CPR):    0.115ns
  Clock Uncertainty:      0.302ns  ((TSJ^2 + TIJ^2)^1/2 + DJ) / 2 + PE
    Total System Jitter     (TSJ):    0.071ns
    Total Input Jitter      (TIJ):    0.600ns
    Discrete Jitter          (DJ):    0.000ns
    Phase Error              (PE):    0.000ns

    Location             Delay type                Incr(ns)  Path(ns)    Netlist Resource(s)
  -------------------------------------------------------------------    -------------------
                         (clock clk_fpga_0 rise edge)
                                                    620.000   620.000 r  
    PS7_X0Y0             PS7                          0.000   620.000 r  udp_gateway_shadow_mirror_i/processing_system7_0/inst/PS7_i/FCLKCLK[0]
                         net (fo=1, routed)           1.193   621.193    udp_gateway_shadow_mirror_i/processing_system7_0/inst/FCLK_CLK_unbuffered[0]
    BUFGCTRL_X0Y17       BUFG (Prop_bufg_I_O)         0.101   621.294 r  udp_gateway_shadow_mirror_i/processing_system7_0/inst/buffer_fclk_clk_0.FCLK_CLK_0_BUFG/O
                         net (fo=54559, routed)       1.892   623.186    udp_gateway_shadow_mirror_i/rst_ps7_0_100M/U0/slowest_sync_clk
    SLICE_X62Y128        FDRE                                         r  udp_gateway_shadow_mirror_i/rst_ps7_0_100M/U0/ACTIVE_LOW_PR_OUT_DFF[0].FDRE_PER_N/C
  -------------------------------------------------------------------    -------------------
    SLICE_X62Y128        FDRE (Prop_fdre_C_Q)         0.518   623.704 r  udp_gateway_shadow_mirror_i/rst_ps7_0_100M/U0/ACTIVE_LOW_PR_OUT_DFF[0].FDRE_PER_N/Q
                         net (fo=100, routed)         3.678   627.382    udp_gateway_shadow_mirror_i/dma_gateway_hybrid_0/inst/u_shadow_acl_filter/u_acl/rst_n
    SLICE_X90Y125        LUT1 (Prop_lut1_I0_O)        0.124   627.506 f  udp_gateway_shadow_mirror_i/dma_gateway_hybrid_0/inst/u_shadow_acl_filter/u_acl/s_axil_awready_i_2/O
                         net (fo=1991, routed)        4.799   632.305    udp_gateway_shadow_mirror_i/dma_gateway_hybrid_0/inst/u_device_dna_reader/o_dna_value_reg[56]_0
    SLICE_X93Y102        FDCE                                         f  udp_gateway_shadow_mirror_i/dma_gateway_hybrid_0/inst/u_device_dna_reader/dna_shift_value_reg[37]/CLR
  -------------------------------------------------------------------    -------------------

                         (clock shadow_dna_clk rise edge)
                                                    640.000   640.000 r  
    PS7_X0Y0             PS7                          0.000   640.000 r  udp_gateway_shadow_mirror_i/processing_system7_0/inst/PS7_i/FCLKCLK[0]
                         net (fo=1, routed)           1.088   641.088    udp_gateway_shadow_mirror_i/processing_system7_0/inst/FCLK_CLK_unbuffered[0]
    BUFGCTRL_X0Y17       BUFG (Prop_bufg_I_O)         0.091   641.179 r  udp_gateway_shadow_mirror_i/processing_system7_0/inst/buffer_fclk_clk_0.FCLK_CLK_0_BUFG/O
                         net (fo=54559, routed)       1.554   642.733    udp_gateway_shadow_mirror_i/dma_gateway_hybrid_0/inst/u_device_dna_reader/clk
    SLICE_X57Y45         FDCE (Prop_fdce_C_Q)         0.367   643.100 r  udp_gateway_shadow_mirror_i/dma_gateway_hybrid_0/inst/u_device_dna_reader/dna_clk_reg/Q
                         net (fo=1, routed)           0.903   644.004    udp_gateway_shadow_mirror_i/dma_gateway_hybrid_0/inst/u_device_dna_reader/dna_clk
    BUFGCTRL_X0Y16       BUFG (Prop_bufg_I_O)         0.091   644.095 r  udp_gateway_shadow_mirror_i/dma_gateway_hybrid_0/inst/u_device_dna_reader/dna_clk_BUFG_inst/O
                         net (fo=69, routed)          1.781   645.876    udp_gateway_shadow_mirror_i/dma_gateway_hybrid_0/inst/u_device_dna_reader/dna_clk_BUFG
    SLICE_X93Y102        FDCE                                         r  udp_gateway_shadow_mirror_i/dma_gateway_hybrid_0/inst/u_device_dna_reader/dna_shift_value_reg[37]/C
                         clock pessimism              0.115   645.991    
                         clock uncertainty           -0.302   645.689    
    SLICE_X93Y102        FDCE (Recov_fdce_C_CLR)     -0.405   645.284    udp_gateway_shadow_mirror_i/dma_gateway_hybrid_0/inst/u_device_dna_reader/dna_shift_value_reg[37]
  -------------------------------------------------------------------
                         required time                        645.284    
                         arrival time                        -632.305    
  -------------------------------------------------------------------
                         slack                                 12.979    

Slack (MET) :             12.979ns  (required time - arrival time)
  Source:                 udp_gateway_shadow_mirror_i/rst_ps7_0_100M/U0/ACTIVE_LOW_PR_OUT_DFF[0].FDRE_PER_N/C
                            (rising edge-triggered cell FDRE clocked by clk_fpga_0  {rise@0.000ns fall@10.000ns period=20.000ns})
  Destination:            udp_gateway_shadow_mirror_i/dma_gateway_hybrid_0/inst/u_device_dna_reader/dna_shift_value_reg[44]/CLR
                            (recovery check against rising-edge clock shadow_dna_clk  {rise@0.000ns fall@320.000ns period=640.000ns})
  Path Group:             **async_default**
  Path Type:              Recovery (Max at Slow Process Corner)
  Requirement:            20.000ns  (shadow_dna_clk rise@640.000ns - clk_fpga_0 rise@620.000ns)
  Data Path Delay:        9.119ns  (logic 0.642ns (7.040%)  route 8.477ns (92.960%))
  Logic Levels:           1  (LUT1=1)
  Clock Path Skew:        2.805ns (DCD - SCD + CPR)
    Destination Clock Delay (DCD):    5.876ns = ( 645.876 - 640.000 ) 
    Source Clock Delay      (SCD):    3.186ns = ( 623.186 - 620.000 ) 
    Clock Pessimism Removal (CPR):    0.115ns
  Clock Uncertainty:      0.302ns  ((TSJ^2 + TIJ^2)^1/2 + DJ) / 2 + PE
    Total System Jitter     (TSJ):    0.071ns
    Total Input Jitter      (TIJ):    0.600ns
    Discrete Jitter          (DJ):    0.000ns
    Phase Error              (PE):    0.000ns

    Location             Delay type                Incr(ns)  Path(ns)    Netlist Resource(s)
  -------------------------------------------------------------------    -------------------
                         (clock clk_fpga_0 rise edge)
                                                    620.000   620.000 r  
    PS7_X0Y0             PS7                          0.000   620.000 r  udp_gateway_shadow_mirror_i/processing_system7_0/inst/PS7_i/FCLKCLK[0]
                         net (fo=1, routed)           1.193   621.193    udp_gateway_shadow_mirror_i/processing_system7_0/inst/FCLK_CLK_unbuffered[0]
    BUFGCTRL_X0Y17       BUFG (Prop_bufg_I_O)         0.101   621.294 r  udp_gateway_shadow_mirror_i/processing_system7_0/inst/buffer_fclk_clk_0.FCLK_CLK_0_BUFG/O
                         net (fo=54559, routed)       1.892   623.186    udp_gateway_shadow_mirror_i/rst_ps7_0_100M/U0/slowest_sync_clk
    SLICE_X62Y128        FDRE                                         r  udp_gateway_shadow_mirror_i/rst_ps7_0_100M/U0/ACTIVE_LOW_PR_OUT_DFF[0].FDRE_PER_N/C
  -------------------------------------------------------------------    -------------------
    SLICE_X62Y128        FDRE (Prop_fdre_C_Q)         0.518   623.704 r  udp_gateway_shadow_mirror_i/rst_ps7_0_100M/U0/ACTIVE_LOW_PR_OUT_DFF[0].FDRE_PER_N/Q
                         net (fo=100, routed)         3.678   627.382    udp_gateway_shadow_mirror_i/dma_gateway_hybrid_0/inst/u_shadow_acl_filter/u_acl/rst_n
    SLICE_X90Y125        LUT1 (Prop_lut1_I0_O)        0.124   627.506 f  udp_gateway_shadow_mirror_i/dma_gateway_hybrid_0/inst/u_shadow_acl_filter/u_acl/s_axil_awready_i_2/O
                         net (fo=1991, routed)        4.799   632.305    udp_gateway_shadow_mirror_i/dma_gateway_hybrid_0/inst/u_device_dna_reader/o_dna_value_reg[56]_0
    SLICE_X93Y102        FDCE                                         f  udp_gateway_shadow_mirror_i/dma_gateway_hybrid_0/inst/u_device_dna_reader/dna_shift_value_reg[44]/CLR
  -------------------------------------------------------------------    -------------------

                         (clock shadow_dna_clk rise edge)
                                                    640.000   640.000 r  
    PS7_X0Y0             PS7                          0.000   640.000 r  udp_gateway_shadow_mirror_i/processing_system7_0/inst/PS7_i/FCLKCLK[0]
                         net (fo=1, routed)           1.088   641.088    udp_gateway_shadow_mirror_i/processing_system7_0/inst/FCLK_CLK_unbuffered[0]
    BUFGCTRL_X0Y17       BUFG (Prop_bufg_I_O)         0.091   641.179 r  udp_gateway_shadow_mirror_i/processing_system7_0/inst/buffer_fclk_clk_0.FCLK_CLK_0_BUFG/O
                         net (fo=54559, routed)       1.554   642.733    udp_gateway_shadow_mirror_i/dma_gateway_hybrid_0/inst/u_device_dna_reader/clk
    SLICE_X57Y45         FDCE (Prop_fdce_C_Q)         0.367   643.100 r  udp_gateway_shadow_mirror_i/dma_gateway_hybrid_0/inst/u_device_dna_reader/dna_clk_reg/Q
                         net (fo=1, routed)           0.903   644.004    udp_gateway_shadow_mirror_i/dma_gateway_hybrid_0/inst/u_device_dna_reader/dna_clk
    BUFGCTRL_X0Y16       BUFG (Prop_bufg_I_O)         0.091   644.095 r  udp_gateway_shadow_mirror_i/dma_gateway_hybrid_0/inst/u_device_dna_reader/dna_clk_BUFG_inst/O
                         net (fo=69, routed)          1.781   645.876    udp_gateway_shadow_mirror_i/dma_gateway_hybrid_0/inst/u_device_dna_reader/dna_clk_BUFG
    SLICE_X93Y102        FDCE                                         r  udp_gateway_shadow_mirror_i/dma_gateway_hybrid_0/inst/u_device_dna_reader/dna_shift_value_reg[44]/C
                         clock pessimism              0.115   645.991    
                         clock uncertainty           -0.302   645.689    
    SLICE_X93Y102        FDCE (Recov_fdce_C_CLR)     -0.405   645.284    udp_gateway_shadow_mirror_i/dma_gateway_hybrid_0/inst/u_device_dna_reader/dna_shift_value_reg[44]
  -------------------------------------------------------------------
                         required time                        645.284    
                         arrival time                        -632.305    
  -------------------------------------------------------------------
                         slack                                 12.979    





Min Delay Paths
--------------------------------------------------------------------------------------
Slack (MET) :             1.491ns  (arrival time - required time)
  Source:                 udp_gateway_shadow_mirror_i/rst_ps7_0_100M/U0/ACTIVE_LOW_PR_OUT_DFF[0].FDRE_PER_N/C
                            (rising edge-triggered cell FDRE clocked by clk_fpga_0  {rise@0.000ns fall@10.000ns period=20.000ns})
  Destination:            udp_gateway_shadow_mirror_i/dma_gateway_hybrid_0/inst/u_device_dna_reader/dna_bit_count_reg[3]/CLR
                            (removal check against rising-edge clock shadow_dna_clk  {rise@0.000ns fall@320.000ns period=640.000ns})
  Path Group:             **async_default**
  Path Type:              Removal (Min at Fast Process Corner)
  Requirement:            0.000ns  (shadow_dna_clk rise@0.000ns - clk_fpga_0 rise@0.000ns)
  Data Path Delay:        3.153ns  (logic 0.209ns (6.629%)  route 2.944ns (93.371%))
  Logic Levels:           1  (LUT1=1)
  Clock Path Skew:        1.754ns (DCD - SCD - CPR)
    Destination Clock Delay (DCD):    2.771ns
    Source Clock Delay      (SCD):    0.987ns
    Clock Pessimism Removal (CPR):    0.030ns

    Location             Delay type                Incr(ns)  Path(ns)    Netlist Resource(s)
  -------------------------------------------------------------------    -------------------
                         (clock clk_fpga_0 rise edge)
                                                      0.000     0.000 r  
    PS7_X0Y0             PS7                          0.000     0.000 r  udp_gateway_shadow_mirror_i/processing_system7_0/inst/PS7_i/FCLKCLK[0]
                         net (fo=1, routed)           0.310     0.310    udp_gateway_shadow_mirror_i/processing_system7_0/inst/FCLK_CLK_unbuffered[0]
    BUFGCTRL_X0Y17       BUFG (Prop_bufg_I_O)         0.026     0.336 r  udp_gateway_shadow_mirror_i/processing_system7_0/inst/buffer_fclk_clk_0.FCLK_CLK_0_BUFG/O
                         net (fo=54559, routed)       0.651     0.987    udp_gateway_shadow_mirror_i/rst_ps7_0_100M/U0/slowest_sync_clk
    SLICE_X62Y128        FDRE                                         r  udp_gateway_shadow_mirror_i/rst_ps7_0_100M/U0/ACTIVE_LOW_PR_OUT_DFF[0].FDRE_PER_N/C
  -------------------------------------------------------------------    -------------------
    SLICE_X62Y128        FDRE (Prop_fdre_C_Q)         0.164     1.151 r  udp_gateway_shadow_mirror_i/rst_ps7_0_100M/U0/ACTIVE_LOW_PR_OUT_DFF[0].FDRE_PER_N/Q
                         net (fo=100, routed)         1.638     2.789    udp_gateway_shadow_mirror_i/dma_gateway_hybrid_0/inst/u_shadow_acl_filter/u_acl/rst_n
    SLICE_X90Y125        LUT1 (Prop_lut1_I0_O)        0.045     2.834 f  udp_gateway_shadow_mirror_i/dma_gateway_hybrid_0/inst/u_shadow_acl_filter/u_acl/s_axil_awready_i_2/O
                         net (fo=1991, routed)        1.306     4.140    udp_gateway_shadow_mirror_i/dma_gateway_hybrid_0/inst/u_device_dna_reader/o_dna_value_reg[56]_0
    SLICE_X65Y85         FDCE                                         f  udp_gateway_shadow_mirror_i/dma_gateway_hybrid_0/inst/u_device_dna_reader/dna_bit_count_reg[3]/CLR
  -------------------------------------------------------------------    -------------------

                         (clock shadow_dna_clk rise edge)
                                                      0.000     0.000 r  
    PS7_X0Y0             PS7                          0.000     0.000 r  udp_gateway_shadow_mirror_i/processing_system7_0/inst/PS7_i/FCLKCLK[0]
                         net (fo=1, routed)           0.337     0.337    udp_gateway_shadow_mirror_i/processing_system7_0/inst/FCLK_CLK_unbuffered[0]
    BUFGCTRL_X0Y17       BUFG (Prop_bufg_I_O)         0.029     0.366 r  udp_gateway_shadow_mirror_i/processing_system7_0/inst/buffer_fclk_clk_0.FCLK_CLK_0_BUFG/O
                         net (fo=54559, routed)       0.852     1.218    udp_gateway_shadow_mirror_i/dma_gateway_hybrid_0/inst/u_device_dna_reader/clk
    SLICE_X57Y45         FDCE (Prop_fdce_C_Q)         0.175     1.393 r  udp_gateway_shadow_mirror_i/dma_gateway_hybrid_0/inst/u_device_dna_reader/dna_clk_reg/Q
                         net (fo=1, routed)           0.506     1.899    udp_gateway_shadow_mirror_i/dma_gateway_hybrid_0/inst/u_device_dna_reader/dna_clk
    BUFGCTRL_X0Y16       BUFG (Prop_bufg_I_O)         0.029     1.928 r  udp_gateway_shadow_mirror_i/dma_gateway_hybrid_0/inst/u_device_dna_reader/dna_clk_BUFG_inst/O
                         net (fo=69, routed)          0.843     2.771    udp_gateway_shadow_mirror_i/dma_gateway_hybrid_0/inst/u_device_dna_reader/dna_clk_BUFG
    SLICE_X65Y85         FDCE                                         r  udp_gateway_shadow_mirror_i/dma_gateway_hybrid_0/inst/u_device_dna_reader/dna_bit_count_reg[3]/C
                         clock pessimism             -0.030     2.741    
    SLICE_X65Y85         FDCE (Remov_fdce_C_CLR)     -0.092     2.649    udp_gateway_shadow_mirror_i/dma_gateway_hybrid_0/inst/u_device_dna_reader/dna_bit_count_reg[3]
  -------------------------------------------------------------------
                         required time                         -2.649    
                         arrival time                           4.140    
  -------------------------------------------------------------------
                         slack                                  1.491    

Slack (MET) :             1.491ns  (arrival time - required time)
  Source:                 udp_gateway_shadow_mirror_i/rst_ps7_0_100M/U0/ACTIVE_LOW_PR_OUT_DFF[0].FDRE_PER_N/C
                            (rising edge-triggered cell FDRE clocked by clk_fpga_0  {rise@0.000ns fall@10.000ns period=20.000ns})
  Destination:            udp_gateway_shadow_mirror_i/dma_gateway_hybrid_0/inst/u_device_dna_reader/dna_bit_count_reg[4]/CLR
                            (removal check against rising-edge clock shadow_dna_clk  {rise@0.000ns fall@320.000ns period=640.000ns})
  Path Group:             **async_default**
  Path Type:              Removal (Min at Fast Process Corner)
  Requirement:            0.000ns  (shadow_dna_clk rise@0.000ns - clk_fpga_0 rise@0.000ns)
  Data Path Delay:        3.153ns  (logic 0.209ns (6.629%)  route 2.944ns (93.371%))
  Logic Levels:           1  (LUT1=1)
  Clock Path Skew:        1.754ns (DCD - SCD - CPR)
    Destination Clock Delay (DCD):    2.771ns
    Source Clock Delay      (SCD):    0.987ns
    Clock Pessimism Removal (CPR):    0.030ns

    Location             Delay type                Incr(ns)  Path(ns)    Netlist Resource(s)
  -------------------------------------------------------------------    -------------------
                         (clock clk_fpga_0 rise edge)
                                                      0.000     0.000 r  
    PS7_X0Y0             PS7                          0.000     0.000 r  udp_gateway_shadow_mirror_i/processing_system7_0/inst/PS7_i/FCLKCLK[0]
                         net (fo=1, routed)           0.310     0.310    udp_gateway_shadow_mirror_i/processing_system7_0/inst/FCLK_CLK_unbuffered[0]
    BUFGCTRL_X0Y17       BUFG (Prop_bufg_I_O)         0.026     0.336 r  udp_gateway_shadow_mirror_i/processing_system7_0/inst/buffer_fclk_clk_0.FCLK_CLK_0_BUFG/O
                         net (fo=54559, routed)       0.651     0.987    udp_gateway_shadow_mirror_i/rst_ps7_0_100M/U0/slowest_sync_clk
    SLICE_X62Y128        FDRE                                         r  udp_gateway_shadow_mirror_i/rst_ps7_0_100M/U0/ACTIVE_LOW_PR_OUT_DFF[0].FDRE_PER_N/C
  -------------------------------------------------------------------    -------------------
    SLICE_X62Y128        FDRE (Prop_fdre_C_Q)         0.164     1.151 r  udp_gateway_shadow_mirror_i/rst_ps7_0_100M/U0/ACTIVE_LOW_PR_OUT_DFF[0].FDRE_PER_N/Q
                         net (fo=100, routed)         1.638     2.789    udp_gateway_shadow_mirror_i/dma_gateway_hybrid_0/inst/u_shadow_acl_filter/u_acl/rst_n
    SLICE_X90Y125        LUT1 (Prop_lut1_I0_O)        0.045     2.834 f  udp_gateway_shadow_mirror_i/dma_gateway_hybrid_0/inst/u_shadow_acl_filter/u_acl/s_axil_awready_i_2/O
                         net (fo=1991, routed)        1.306     4.140    udp_gateway_shadow_mirror_i/dma_gateway_hybrid_0/inst/u_device_dna_reader/o_dna_value_reg[56]_0
    SLICE_X65Y85         FDCE                                         f  udp_gateway_shadow_mirror_i/dma_gateway_hybrid_0/inst/u_device_dna_reader/dna_bit_count_reg[4]/CLR
  -------------------------------------------------------------------    -------------------

                         (clock shadow_dna_clk rise edge)
                                                      0.000     0.000 r  
    PS7_X0Y0             PS7                          0.000     0.000 r  udp_gateway_shadow_mirror_i/processing_system7_0/inst/PS7_i/FCLKCLK[0]
                         net (fo=1, routed)           0.337     0.337    udp_gateway_shadow_mirror_i/processing_system7_0/inst/FCLK_CLK_unbuffered[0]
    BUFGCTRL_X0Y17       BUFG (Prop_bufg_I_O)         0.029     0.366 r  udp_gateway_shadow_mirror_i/processing_system7_0/inst/buffer_fclk_clk_0.FCLK_CLK_0_BUFG/O
                         net (fo=54559, routed)       0.852     1.218    udp_gateway_shadow_mirror_i/dma_gateway_hybrid_0/inst/u_device_dna_reader/clk
    SLICE_X57Y45         FDCE (Prop_fdce_C_Q)         0.175     1.393 r  udp_gateway_shadow_mirror_i/dma_gateway_hybrid_0/inst/u_device_dna_reader/dna_clk_reg/Q
                         net (fo=1, routed)           0.506     1.899    udp_gateway_shadow_mirror_i/dma_gateway_hybrid_0/inst/u_device_dna_reader/dna_clk
    BUFGCTRL_X0Y16       BUFG (Prop_bufg_I_O)         0.029     1.928 r  udp_gateway_shadow_mirror_i/dma_gateway_hybrid_0/inst/u_device_dna_reader/dna_clk_BUFG_inst/O
                         net (fo=69, routed)          0.843     2.771    udp_gateway_shadow_mirror_i/dma_gateway_hybrid_0/inst/u_device_dna_reader/dna_clk_BUFG
    SLICE_X65Y85         FDCE                                         r  udp_gateway_shadow_mirror_i/dma_gateway_hybrid_0/inst/u_device_dna_reader/dna_bit_count_reg[4]/C
                         clock pessimism             -0.030     2.741    
    SLICE_X65Y85         FDCE (Remov_fdce_C_CLR)     -0.092     2.649    udp_gateway_shadow_mirror_i/dma_gateway_hybrid_0/inst/u_device_dna_reader/dna_bit_count_reg[4]
  -------------------------------------------------------------------
                         required time                         -2.649    
                         arrival time                           4.140    
  -------------------------------------------------------------------
                         slack                                  1.491    

Slack (MET) :             1.491ns  (arrival time - required time)
  Source:                 udp_gateway_shadow_mirror_i/rst_ps7_0_100M/U0/ACTIVE_LOW_PR_OUT_DFF[0].FDRE_PER_N/C
                            (rising edge-triggered cell FDRE clocked by clk_fpga_0  {rise@0.000ns fall@10.000ns period=20.000ns})
  Destination:            udp_gateway_shadow_mirror_i/dma_gateway_hybrid_0/inst/u_device_dna_reader/dna_bit_count_reg[5]/CLR
                            (removal check against rising-edge clock shadow_dna_clk  {rise@0.000ns fall@320.000ns period=640.000ns})
  Path Group:             **async_default**
  Path Type:              Removal (Min at Fast Process Corner)
  Requirement:            0.000ns  (shadow_dna_clk rise@0.000ns - clk_fpga_0 rise@0.000ns)
  Data Path Delay:        3.153ns  (logic 0.209ns (6.629%)  route 2.944ns (93.371%))
  Logic Levels:           1  (LUT1=1)
  Clock Path Skew:        1.754ns (DCD - SCD - CPR)
    Destination Clock Delay (DCD):    2.771ns
    Source Clock Delay      (SCD):    0.987ns
    Clock Pessimism Removal (CPR):    0.030ns

    Location             Delay type                Incr(ns)  Path(ns)    Netlist Resource(s)
  -------------------------------------------------------------------    -------------------
                         (clock clk_fpga_0 rise edge)
                                                      0.000     0.000 r  
    PS7_X0Y0             PS7                          0.000     0.000 r  udp_gateway_shadow_mirror_i/processing_system7_0/inst/PS7_i/FCLKCLK[0]
                         net (fo=1, routed)           0.310     0.310    udp_gateway_shadow_mirror_i/processing_system7_0/inst/FCLK_CLK_unbuffered[0]
    BUFGCTRL_X0Y17       BUFG (Prop_bufg_I_O)         0.026     0.336 r  udp_gateway_shadow_mirror_i/processing_system7_0/inst/buffer_fclk_clk_0.FCLK_CLK_0_BUFG/O
                         net (fo=54559, routed)       0.651     0.987    udp_gateway_shadow_mirror_i/rst_ps7_0_100M/U0/slowest_sync_clk
    SLICE_X62Y128        FDRE                                         r  udp_gateway_shadow_mirror_i/rst_ps7_0_100M/U0/ACTIVE_LOW_PR_OUT_DFF[0].FDRE_PER_N/C
  -------------------------------------------------------------------    -------------------
    SLICE_X62Y128        FDRE (Prop_fdre_C_Q)         0.164     1.151 r  udp_gateway_shadow_mirror_i/rst_ps7_0_100M/U0/ACTIVE_LOW_PR_OUT_DFF[0].FDRE_PER_N/Q
                         net (fo=100, routed)         1.638     2.789    udp_gateway_shadow_mirror_i/dma_gateway_hybrid_0/inst/u_shadow_acl_filter/u_acl/rst_n
    SLICE_X90Y125        LUT1 (Prop_lut1_I0_O)        0.045     2.834 f  udp_gateway_shadow_mirror_i/dma_gateway_hybrid_0/inst/u_shadow_acl_filter/u_acl/s_axil_awready_i_2/O
                         net (fo=1991, routed)        1.306     4.140    udp_gateway_shadow_mirror_i/dma_gateway_hybrid_0/inst/u_device_dna_reader/o_dna_value_reg[56]_0
    SLICE_X65Y85         FDCE                                         f  udp_gateway_shadow_mirror_i/dma_gateway_hybrid_0/inst/u_device_dna_reader/dna_bit_count_reg[5]/CLR
  -------------------------------------------------------------------    -------------------

                         (clock shadow_dna_clk rise edge)
                                                      0.000     0.000 r  
    PS7_X0Y0             PS7                          0.000     0.000 r  udp_gateway_shadow_mirror_i/processing_system7_0/inst/PS7_i/FCLKCLK[0]
                         net (fo=1, routed)           0.337     0.337    udp_gateway_shadow_mirror_i/processing_system7_0/inst/FCLK_CLK_unbuffered[0]
    BUFGCTRL_X0Y17       BUFG (Prop_bufg_I_O)         0.029     0.366 r  udp_gateway_shadow_mirror_i/processing_system7_0/inst/buffer_fclk_clk_0.FCLK_CLK_0_BUFG/O
                         net (fo=54559, routed)       0.852     1.218    udp_gateway_shadow_mirror_i/dma_gateway_hybrid_0/inst/u_device_dna_reader/clk
    SLICE_X57Y45         FDCE (Prop_fdce_C_Q)         0.175     1.393 r  udp_gateway_shadow_mirror_i/dma_gateway_hybrid_0/inst/u_device_dna_reader/dna_clk_reg/Q
                         net (fo=1, routed)           0.506     1.899    udp_gateway_shadow_mirror_i/dma_gateway_hybrid_0/inst/u_device_dna_reader/dna_clk
    BUFGCTRL_X0Y16       BUFG (Prop_bufg_I_O)         0.029     1.928 r  udp_gateway_shadow_mirror_i/dma_gateway_hybrid_0/inst/u_device_dna_reader/dna_clk_BUFG_inst/O
                         net (fo=69, routed)          0.843     2.771    udp_gateway_shadow_mirror_i/dma_gateway_hybrid_0/inst/u_device_dna_reader/dna_clk_BUFG
    SLICE_X65Y85         FDCE                                         r  udp_gateway_shadow_mirror_i/dma_gateway_hybrid_0/inst/u_device_dna_reader/dna_bit_count_reg[5]/C
                         clock pessimism             -0.030     2.741    
    SLICE_X65Y85         FDCE (Remov_fdce_C_CLR)     -0.092     2.649    udp_gateway_shadow_mirror_i/dma_gateway_hybrid_0/inst/u_device_dna_reader/dna_bit_count_reg[5]
  -------------------------------------------------------------------
                         required time                         -2.649    
                         arrival time                           4.140    
  -------------------------------------------------------------------
                         slack                                  1.491    

Slack (MET) :             1.491ns  (arrival time - required time)
  Source:                 udp_gateway_shadow_mirror_i/rst_ps7_0_100M/U0/ACTIVE_LOW_PR_OUT_DFF[0].FDRE_PER_N/C
                            (rising edge-triggered cell FDRE clocked by clk_fpga_0  {rise@0.000ns fall@10.000ns period=20.000ns})
  Destination:            udp_gateway_shadow_mirror_i/dma_gateway_hybrid_0/inst/u_device_dna_reader/dna_bit_count_reg[6]/CLR
                            (removal check against rising-edge clock shadow_dna_clk  {rise@0.000ns fall@320.000ns period=640.000ns})
  Path Group:             **async_default**
  Path Type:              Removal (Min at Fast Process Corner)
  Requirement:            0.000ns  (shadow_dna_clk rise@0.000ns - clk_fpga_0 rise@0.000ns)
  Data Path Delay:        3.153ns  (logic 0.209ns (6.629%)  route 2.944ns (93.371%))
  Logic Levels:           1  (LUT1=1)
  Clock Path Skew:        1.754ns (DCD - SCD - CPR)
    Destination Clock Delay (DCD):    2.771ns
    Source Clock Delay      (SCD):    0.987ns
    Clock Pessimism Removal (CPR):    0.030ns

    Location             Delay type                Incr(ns)  Path(ns)    Netlist Resource(s)
  -------------------------------------------------------------------    -------------------
                         (clock clk_fpga_0 rise edge)
                                                      0.000     0.000 r  
    PS7_X0Y0             PS7                          0.000     0.000 r  udp_gateway_shadow_mirror_i/processing_system7_0/inst/PS7_i/FCLKCLK[0]
                         net (fo=1, routed)           0.310     0.310    udp_gateway_shadow_mirror_i/processing_system7_0/inst/FCLK_CLK_unbuffered[0]
    BUFGCTRL_X0Y17       BUFG (Prop_bufg_I_O)         0.026     0.336 r  udp_gateway_shadow_mirror_i/processing_system7_0/inst/buffer_fclk_clk_0.FCLK_CLK_0_BUFG/O
                         net (fo=54559, routed)       0.651     0.987    udp_gateway_shadow_mirror_i/rst_ps7_0_100M/U0/slowest_sync_clk
    SLICE_X62Y128        FDRE                                         r  udp_gateway_shadow_mirror_i/rst_ps7_0_100M/U0/ACTIVE_LOW_PR_OUT_DFF[0].FDRE_PER_N/C
  -------------------------------------------------------------------    -------------------
    SLICE_X62Y128        FDRE (Prop_fdre_C_Q)         0.164     1.151 r  udp_gateway_shadow_mirror_i/rst_ps7_0_100M/U0/ACTIVE_LOW_PR_OUT_DFF[0].FDRE_PER_N/Q
                         net (fo=100, routed)         1.638     2.789    udp_gateway_shadow_mirror_i/dma_gateway_hybrid_0/inst/u_shadow_acl_filter/u_acl/rst_n
    SLICE_X90Y125        LUT1 (Prop_lut1_I0_O)        0.045     2.834 f  udp_gateway_shadow_mirror_i/dma_gateway_hybrid_0/inst/u_shadow_acl_filter/u_acl/s_axil_awready_i_2/O
                         net (fo=1991, routed)        1.306     4.140    udp_gateway_shadow_mirror_i/dma_gateway_hybrid_0/inst/u_device_dna_reader/o_dna_value_reg[56]_0
    SLICE_X65Y85         FDCE                                         f  udp_gateway_shadow_mirror_i/dma_gateway_hybrid_0/inst/u_device_dna_reader/dna_bit_count_reg[6]/CLR
  -------------------------------------------------------------------    -------------------

                         (clock shadow_dna_clk rise edge)
                                                      0.000     0.000 r  
    PS7_X0Y0             PS7                          0.000     0.000 r  udp_gateway_shadow_mirror_i/processing_system7_0/inst/PS7_i/FCLKCLK[0]
                         net (fo=1, routed)           0.337     0.337    udp_gateway_shadow_mirror_i/processing_system7_0/inst/FCLK_CLK_unbuffered[0]
    BUFGCTRL_X0Y17       BUFG (Prop_bufg_I_O)         0.029     0.366 r  udp_gateway_shadow_mirror_i/processing_system7_0/inst/buffer_fclk_clk_0.FCLK_CLK_0_BUFG/O
                         net (fo=54559, routed)       0.852     1.218    udp_gateway_shadow_mirror_i/dma_gateway_hybrid_0/inst/u_device_dna_reader/clk
    SLICE_X57Y45         FDCE (Prop_fdce_C_Q)         0.175     1.393 r  udp_gateway_shadow_mirror_i/dma_gateway_hybrid_0/inst/u_device_dna_reader/dna_clk_reg/Q
                         net (fo=1, routed)           0.506     1.899    udp_gateway_shadow_mirror_i/dma_gateway_hybrid_0/inst/u_device_dna_reader/dna_clk
    BUFGCTRL_X0Y16       BUFG (Prop_bufg_I_O)         0.029     1.928 r  udp_gateway_shadow_mirror_i/dma_gateway_hybrid_0/inst/u_device_dna_reader/dna_clk_BUFG_inst/O
                         net (fo=69, routed)          0.843     2.771    udp_gateway_shadow_mirror_i/dma_gateway_hybrid_0/inst/u_device_dna_reader/dna_clk_BUFG
    SLICE_X65Y85         FDCE                                         r  udp_gateway_shadow_mirror_i/dma_gateway_hybrid_0/inst/u_device_dna_reader/dna_bit_count_reg[6]/C
                         clock pessimism             -0.030     2.741    
    SLICE_X65Y85         FDCE (Remov_fdce_C_CLR)     -0.092     2.649    udp_gateway_shadow_mirror_i/dma_gateway_hybrid_0/inst/u_device_dna_reader/dna_bit_count_reg[6]
  -------------------------------------------------------------------
                         required time                         -2.649    
                         arrival time                           4.140    
  -------------------------------------------------------------------
                         slack                                  1.491    

Slack (MET) :             1.525ns  (arrival time - required time)
  Source:                 udp_gateway_shadow_mirror_i/rst_ps7_0_100M/U0/ACTIVE_LOW_PR_OUT_DFF[0].FDRE_PER_N/C
                            (rising edge-triggered cell FDRE clocked by clk_fpga_0  {rise@0.000ns fall@10.000ns period=20.000ns})
  Destination:            udp_gateway_shadow_mirror_i/dma_gateway_hybrid_0/inst/u_device_dna_reader/dna_bit_count_reg[0]/CLR
                            (removal check against rising-edge clock shadow_dna_clk  {rise@0.000ns fall@320.000ns period=640.000ns})
  Path Group:             **async_default**
  Path Type:              Removal (Min at Fast Process Corner)
  Requirement:            0.000ns  (shadow_dna_clk rise@0.000ns - clk_fpga_0 rise@0.000ns)
  Data Path Delay:        3.188ns  (logic 0.209ns (6.556%)  route 2.979ns (93.444%))
  Logic Levels:           1  (LUT1=1)
  Clock Path Skew:        1.755ns (DCD - SCD - CPR)
    Destination Clock Delay (DCD):    2.772ns
    Source Clock Delay      (SCD):    0.987ns
    Clock Pessimism Removal (CPR):    0.030ns

    Location             Delay type                Incr(ns)  Path(ns)    Netlist Resource(s)
  -------------------------------------------------------------------    -------------------
                         (clock clk_fpga_0 rise edge)
                                                      0.000     0.000 r  
    PS7_X0Y0             PS7                          0.000     0.000 r  udp_gateway_shadow_mirror_i/processing_system7_0/inst/PS7_i/FCLKCLK[0]
                         net (fo=1, routed)           0.310     0.310    udp_gateway_shadow_mirror_i/processing_system7_0/inst/FCLK_CLK_unbuffered[0]
    BUFGCTRL_X0Y17       BUFG (Prop_bufg_I_O)         0.026     0.336 r  udp_gateway_shadow_mirror_i/processing_system7_0/inst/buffer_fclk_clk_0.FCLK_CLK_0_BUFG/O
                         net (fo=54559, routed)       0.651     0.987    udp_gateway_shadow_mirror_i/rst_ps7_0_100M/U0/slowest_sync_clk
    SLICE_X62Y128        FDRE                                         r  udp_gateway_shadow_mirror_i/rst_ps7_0_100M/U0/ACTIVE_LOW_PR_OUT_DFF[0].FDRE_PER_N/C
  -------------------------------------------------------------------    -------------------
    SLICE_X62Y128        FDRE (Prop_fdre_C_Q)         0.164     1.151 r  udp_gateway_shadow_mirror_i/rst_ps7_0_100M/U0/ACTIVE_LOW_PR_OUT_DFF[0].FDRE_PER_N/Q
                         net (fo=100, routed)         1.638     2.789    udp_gateway_shadow_mirror_i/dma_gateway_hybrid_0/inst/u_shadow_acl_filter/u_acl/rst_n
    SLICE_X90Y125        LUT1 (Prop_lut1_I0_O)        0.045     2.834 f  udp_gateway_shadow_mirror_i/dma_gateway_hybrid_0/inst/u_shadow_acl_filter/u_acl/s_axil_awready_i_2/O
                         net (fo=1991, routed)        1.341     4.175    udp_gateway_shadow_mirror_i/dma_gateway_hybrid_0/inst/u_device_dna_reader/o_dna_value_reg[56]_0
    SLICE_X65Y87         FDCE                                         f  udp_gateway_shadow_mirror_i/dma_gateway_hybrid_0/inst/u_device_dna_reader/dna_bit_count_reg[0]/CLR
  -------------------------------------------------------------------    -------------------

                         (clock shadow_dna_clk rise edge)
                                                      0.000     0.000 r  
    PS7_X0Y0             PS7                          0.000     0.000 r  udp_gateway_shadow_mirror_i/processing_system7_0/inst/PS7_i/FCLKCLK[0]
                         net (fo=1, routed)           0.337     0.337    udp_gateway_shadow_mirror_i/processing_system7_0/inst/FCLK_CLK_unbuffered[0]
    BUFGCTRL_X0Y17       BUFG (Prop_bufg_I_O)         0.029     0.366 r  udp_gateway_shadow_mirror_i/processing_system7_0/inst/buffer_fclk_clk_0.FCLK_CLK_0_BUFG/O
                         net (fo=54559, routed)       0.852     1.218    udp_gateway_shadow_mirror_i/dma_gateway_hybrid_0/inst/u_device_dna_reader/clk
    SLICE_X57Y45         FDCE (Prop_fdce_C_Q)         0.175     1.393 r  udp_gateway_shadow_mirror_i/dma_gateway_hybrid_0/inst/u_device_dna_reader/dna_clk_reg/Q
                         net (fo=1, routed)           0.506     1.899    udp_gateway_shadow_mirror_i/dma_gateway_hybrid_0/inst/u_device_dna_reader/dna_clk
    BUFGCTRL_X0Y16       BUFG (Prop_bufg_I_O)         0.029     1.928 r  udp_gateway_shadow_mirror_i/dma_gateway_hybrid_0/inst/u_device_dna_reader/dna_clk_BUFG_inst/O
                         net (fo=69, routed)          0.844     2.772    udp_gateway_shadow_mirror_i/dma_gateway_hybrid_0/inst/u_device_dna_reader/dna_clk_BUFG
    SLICE_X65Y87         FDCE                                         r  udp_gateway_shadow_mirror_i/dma_gateway_hybrid_0/inst/u_device_dna_reader/dna_bit_count_reg[0]/C
                         clock pessimism             -0.030     2.742    
    SLICE_X65Y87         FDCE (Remov_fdce_C_CLR)     -0.092     2.650    udp_gateway_shadow_mirror_i/dma_gateway_hybrid_0/inst/u_device_dna_reader/dna_bit_count_reg[0]
  -------------------------------------------------------------------
                         required time                         -2.650    
                         arrival time                           4.175    
  -------------------------------------------------------------------
                         slack                                  1.525    

Slack (MET) :             1.525ns  (arrival time - required time)
  Source:                 udp_gateway_shadow_mirror_i/rst_ps7_0_100M/U0/ACTIVE_LOW_PR_OUT_DFF[0].FDRE_PER_N/C
                            (rising edge-triggered cell FDRE clocked by clk_fpga_0  {rise@0.000ns fall@10.000ns period=20.000ns})
  Destination:            udp_gateway_shadow_mirror_i/dma_gateway_hybrid_0/inst/u_device_dna_reader/dna_bit_count_reg[1]/CLR
                            (removal check against rising-edge clock shadow_dna_clk  {rise@0.000ns fall@320.000ns period=640.000ns})
  Path Group:             **async_default**
  Path Type:              Removal (Min at Fast Process Corner)
  Requirement:            0.000ns  (shadow_dna_clk rise@0.000ns - clk_fpga_0 rise@0.000ns)
  Data Path Delay:        3.188ns  (logic 0.209ns (6.556%)  route 2.979ns (93.444%))
  Logic Levels:           1  (LUT1=1)
  Clock Path Skew:        1.755ns (DCD - SCD - CPR)
    Destination Clock Delay (DCD):    2.772ns
    Source Clock Delay      (SCD):    0.987ns
    Clock Pessimism Removal (CPR):    0.030ns

    Location             Delay type                Incr(ns)  Path(ns)    Netlist Resource(s)
  -------------------------------------------------------------------    -------------------
                         (clock clk_fpga_0 rise edge)
                                                      0.000     0.000 r  
    PS7_X0Y0             PS7                          0.000     0.000 r  udp_gateway_shadow_mirror_i/processing_system7_0/inst/PS7_i/FCLKCLK[0]
                         net (fo=1, routed)           0.310     0.310    udp_gateway_shadow_mirror_i/processing_system7_0/inst/FCLK_CLK_unbuffered[0]
    BUFGCTRL_X0Y17       BUFG (Prop_bufg_I_O)         0.026     0.336 r  udp_gateway_shadow_mirror_i/processing_system7_0/inst/buffer_fclk_clk_0.FCLK_CLK_0_BUFG/O
                         net (fo=54559, routed)       0.651     0.987    udp_gateway_shadow_mirror_i/rst_ps7_0_100M/U0/slowest_sync_clk
    SLICE_X62Y128        FDRE                                         r  udp_gateway_shadow_mirror_i/rst_ps7_0_100M/U0/ACTIVE_LOW_PR_OUT_DFF[0].FDRE_PER_N/C
  -------------------------------------------------------------------    -------------------
    SLICE_X62Y128        FDRE (Prop_fdre_C_Q)         0.164     1.151 r  udp_gateway_shadow_mirror_i/rst_ps7_0_100M/U0/ACTIVE_LOW_PR_OUT_DFF[0].FDRE_PER_N/Q
                         net (fo=100, routed)         1.638     2.789    udp_gateway_shadow_mirror_i/dma_gateway_hybrid_0/inst/u_shadow_acl_filter/u_acl/rst_n
    SLICE_X90Y125        LUT1 (Prop_lut1_I0_O)        0.045     2.834 f  udp_gateway_shadow_mirror_i/dma_gateway_hybrid_0/inst/u_shadow_acl_filter/u_acl/s_axil_awready_i_2/O
                         net (fo=1991, routed)        1.341     4.175    udp_gateway_shadow_mirror_i/dma_gateway_hybrid_0/inst/u_device_dna_reader/o_dna_value_reg[56]_0
    SLICE_X65Y87         FDCE                                         f  udp_gateway_shadow_mirror_i/dma_gateway_hybrid_0/inst/u_device_dna_reader/dna_bit_count_reg[1]/CLR
  -------------------------------------------------------------------    -------------------

                         (clock shadow_dna_clk rise edge)
                                                      0.000     0.000 r  
    PS7_X0Y0             PS7                          0.000     0.000 r  udp_gateway_shadow_mirror_i/processing_system7_0/inst/PS7_i/FCLKCLK[0]
                         net (fo=1, routed)           0.337     0.337    udp_gateway_shadow_mirror_i/processing_system7_0/inst/FCLK_CLK_unbuffered[0]
    BUFGCTRL_X0Y17       BUFG (Prop_bufg_I_O)         0.029     0.366 r  udp_gateway_shadow_mirror_i/processing_system7_0/inst/buffer_fclk_clk_0.FCLK_CLK_0_BUFG/O
                         net (fo=54559, routed)       0.852     1.218    udp_gateway_shadow_mirror_i/dma_gateway_hybrid_0/inst/u_device_dna_reader/clk
    SLICE_X57Y45         FDCE (Prop_fdce_C_Q)         0.175     1.393 r  udp_gateway_shadow_mirror_i/dma_gateway_hybrid_0/inst/u_device_dna_reader/dna_clk_reg/Q
                         net (fo=1, routed)           0.506     1.899    udp_gateway_shadow_mirror_i/dma_gateway_hybrid_0/inst/u_device_dna_reader/dna_clk
    BUFGCTRL_X0Y16       BUFG (Prop_bufg_I_O)         0.029     1.928 r  udp_gateway_shadow_mirror_i/dma_gateway_hybrid_0/inst/u_device_dna_reader/dna_clk_BUFG_inst/O
                         net (fo=69, routed)          0.844     2.772    udp_gateway_shadow_mirror_i/dma_gateway_hybrid_0/inst/u_device_dna_reader/dna_clk_BUFG
    SLICE_X65Y87         FDCE                                         r  udp_gateway_shadow_mirror_i/dma_gateway_hybrid_0/inst/u_device_dna_reader/dna_bit_count_reg[1]/C
                         clock pessimism             -0.030     2.742    
    SLICE_X65Y87         FDCE (Remov_fdce_C_CLR)     -0.092     2.650    udp_gateway_shadow_mirror_i/dma_gateway_hybrid_0/inst/u_device_dna_reader/dna_bit_count_reg[1]
  -------------------------------------------------------------------
                         required time                         -2.650    
                         arrival time                           4.175    
  -------------------------------------------------------------------
                         slack                                  1.525    

Slack (MET) :             1.525ns  (arrival time - required time)
  Source:                 udp_gateway_shadow_mirror_i/rst_ps7_0_100M/U0/ACTIVE_LOW_PR_OUT_DFF[0].FDRE_PER_N/C
                            (rising edge-triggered cell FDRE clocked by clk_fpga_0  {rise@0.000ns fall@10.000ns period=20.000ns})
  Destination:            udp_gateway_shadow_mirror_i/dma_gateway_hybrid_0/inst/u_device_dna_reader/dna_bit_count_reg[2]/CLR
                            (removal check against rising-edge clock shadow_dna_clk  {rise@0.000ns fall@320.000ns period=640.000ns})
  Path Group:             **async_default**
  Path Type:              Removal (Min at Fast Process Corner)
  Requirement:            0.000ns  (shadow_dna_clk rise@0.000ns - clk_fpga_0 rise@0.000ns)
  Data Path Delay:        3.188ns  (logic 0.209ns (6.556%)  route 2.979ns (93.444%))
  Logic Levels:           1  (LUT1=1)
  Clock Path Skew:        1.755ns (DCD - SCD - CPR)
    Destination Clock Delay (DCD):    2.772ns
    Source Clock Delay      (SCD):    0.987ns
    Clock Pessimism Removal (CPR):    0.030ns

    Location             Delay type                Incr(ns)  Path(ns)    Netlist Resource(s)
  -------------------------------------------------------------------    -------------------
                         (clock clk_fpga_0 rise edge)
                                                      0.000     0.000 r  
    PS7_X0Y0             PS7                          0.000     0.000 r  udp_gateway_shadow_mirror_i/processing_system7_0/inst/PS7_i/FCLKCLK[0]
                         net (fo=1, routed)           0.310     0.310    udp_gateway_shadow_mirror_i/processing_system7_0/inst/FCLK_CLK_unbuffered[0]
    BUFGCTRL_X0Y17       BUFG (Prop_bufg_I_O)         0.026     0.336 r  udp_gateway_shadow_mirror_i/processing_system7_0/inst/buffer_fclk_clk_0.FCLK_CLK_0_BUFG/O
                         net (fo=54559, routed)       0.651     0.987    udp_gateway_shadow_mirror_i/rst_ps7_0_100M/U0/slowest_sync_clk
    SLICE_X62Y128        FDRE                                         r  udp_gateway_shadow_mirror_i/rst_ps7_0_100M/U0/ACTIVE_LOW_PR_OUT_DFF[0].FDRE_PER_N/C
  -------------------------------------------------------------------    -------------------
    SLICE_X62Y128        FDRE (Prop_fdre_C_Q)         0.164     1.151 r  udp_gateway_shadow_mirror_i/rst_ps7_0_100M/U0/ACTIVE_LOW_PR_OUT_DFF[0].FDRE_PER_N/Q
                         net (fo=100, routed)         1.638     2.789    udp_gateway_shadow_mirror_i/dma_gateway_hybrid_0/inst/u_shadow_acl_filter/u_acl/rst_n
    SLICE_X90Y125        LUT1 (Prop_lut1_I0_O)        0.045     2.834 f  udp_gateway_shadow_mirror_i/dma_gateway_hybrid_0/inst/u_shadow_acl_filter/u_acl/s_axil_awready_i_2/O
                         net (fo=1991, routed)        1.341     4.175    udp_gateway_shadow_mirror_i/dma_gateway_hybrid_0/inst/u_device_dna_reader/o_dna_value_reg[56]_0
    SLICE_X65Y87         FDCE                                         f  udp_gateway_shadow_mirror_i/dma_gateway_hybrid_0/inst/u_device_dna_reader/dna_bit_count_reg[2]/CLR
  -------------------------------------------------------------------    -------------------

                         (clock shadow_dna_clk rise edge)
                                                      0.000     0.000 r  
    PS7_X0Y0             PS7                          0.000     0.000 r  udp_gateway_shadow_mirror_i/processing_system7_0/inst/PS7_i/FCLKCLK[0]
                         net (fo=1, routed)           0.337     0.337    udp_gateway_shadow_mirror_i/processing_system7_0/inst/FCLK_CLK_unbuffered[0]
    BUFGCTRL_X0Y17       BUFG (Prop_bufg_I_O)         0.029     0.366 r  udp_gateway_shadow_mirror_i/processing_system7_0/inst/buffer_fclk_clk_0.FCLK_CLK_0_BUFG/O
                         net (fo=54559, routed)       0.852     1.218    udp_gateway_shadow_mirror_i/dma_gateway_hybrid_0/inst/u_device_dna_reader/clk
    SLICE_X57Y45         FDCE (Prop_fdce_C_Q)         0.175     1.393 r  udp_gateway_shadow_mirror_i/dma_gateway_hybrid_0/inst/u_device_dna_reader/dna_clk_reg/Q
                         net (fo=1, routed)           0.506     1.899    udp_gateway_shadow_mirror_i/dma_gateway_hybrid_0/inst/u_device_dna_reader/dna_clk
    BUFGCTRL_X0Y16       BUFG (Prop_bufg_I_O)         0.029     1.928 r  udp_gateway_shadow_mirror_i/dma_gateway_hybrid_0/inst/u_device_dna_reader/dna_clk_BUFG_inst/O
                         net (fo=69, routed)          0.844     2.772    udp_gateway_shadow_mirror_i/dma_gateway_hybrid_0/inst/u_device_dna_reader/dna_clk_BUFG
    SLICE_X65Y87         FDCE                                         r  udp_gateway_shadow_mirror_i/dma_gateway_hybrid_0/inst/u_device_dna_reader/dna_bit_count_reg[2]/C
                         clock pessimism             -0.030     2.742    
    SLICE_X65Y87         FDCE (Remov_fdce_C_CLR)     -0.092     2.650    udp_gateway_shadow_mirror_i/dma_gateway_hybrid_0/inst/u_device_dna_reader/dna_bit_count_reg[2]
  -------------------------------------------------------------------
                         required time                         -2.650    
                         arrival time                           4.175    
  -------------------------------------------------------------------
                         slack                                  1.525    

Slack (MET) :             1.580ns  (arrival time - required time)
  Source:                 udp_gateway_shadow_mirror_i/rst_ps7_0_100M/U0/ACTIVE_LOW_PR_OUT_DFF[0].FDRE_PER_N/C
                            (rising edge-triggered cell FDRE clocked by clk_fpga_0  {rise@0.000ns fall@10.000ns period=20.000ns})
  Destination:            udp_gateway_shadow_mirror_i/dma_gateway_hybrid_0/inst/u_device_dna_reader/dna_shift_reg/CLR
                            (removal check against rising-edge clock shadow_dna_clk  {rise@0.000ns fall@320.000ns period=640.000ns})
  Path Group:             **async_default**
  Path Type:              Removal (Min at Fast Process Corner)
  Requirement:            0.000ns  (shadow_dna_clk rise@0.000ns - clk_fpga_0 rise@0.000ns)
  Data Path Delay:        3.242ns  (logic 0.209ns (6.446%)  route 3.033ns (93.554%))
  Logic Levels:           1  (LUT1=1)
  Clock Path Skew:        1.754ns (DCD - SCD - CPR)
    Destination Clock Delay (DCD):    2.771ns
    Source Clock Delay      (SCD):    0.987ns
    Clock Pessimism Removal (CPR):    0.030ns

    Location             Delay type                Incr(ns)  Path(ns)    Netlist Resource(s)
  -------------------------------------------------------------------    -------------------
                         (clock clk_fpga_0 rise edge)
                                                      0.000     0.000 r  
    PS7_X0Y0             PS7                          0.000     0.000 r  udp_gateway_shadow_mirror_i/processing_system7_0/inst/PS7_i/FCLKCLK[0]
                         net (fo=1, routed)           0.310     0.310    udp_gateway_shadow_mirror_i/processing_system7_0/inst/FCLK_CLK_unbuffered[0]
    BUFGCTRL_X0Y17       BUFG (Prop_bufg_I_O)         0.026     0.336 r  udp_gateway_shadow_mirror_i/processing_system7_0/inst/buffer_fclk_clk_0.FCLK_CLK_0_BUFG/O
                         net (fo=54559, routed)       0.651     0.987    udp_gateway_shadow_mirror_i/rst_ps7_0_100M/U0/slowest_sync_clk
    SLICE_X62Y128        FDRE                                         r  udp_gateway_shadow_mirror_i/rst_ps7_0_100M/U0/ACTIVE_LOW_PR_OUT_DFF[0].FDRE_PER_N/C
  -------------------------------------------------------------------    -------------------
    SLICE_X62Y128        FDRE (Prop_fdre_C_Q)         0.164     1.151 r  udp_gateway_shadow_mirror_i/rst_ps7_0_100M/U0/ACTIVE_LOW_PR_OUT_DFF[0].FDRE_PER_N/Q
                         net (fo=100, routed)         1.638     2.789    udp_gateway_shadow_mirror_i/dma_gateway_hybrid_0/inst/u_shadow_acl_filter/u_acl/rst_n
    SLICE_X90Y125        LUT1 (Prop_lut1_I0_O)        0.045     2.834 f  udp_gateway_shadow_mirror_i/dma_gateway_hybrid_0/inst/u_shadow_acl_filter/u_acl/s_axil_awready_i_2/O
                         net (fo=1991, routed)        1.395     4.229    udp_gateway_shadow_mirror_i/dma_gateway_hybrid_0/inst/u_device_dna_reader/o_dna_value_reg[56]_0
    SLICE_X65Y86         FDCE                                         f  udp_gateway_shadow_mirror_i/dma_gateway_hybrid_0/inst/u_device_dna_reader/dna_shift_reg/CLR
  -------------------------------------------------------------------    -------------------

                         (clock shadow_dna_clk rise edge)
                                                      0.000     0.000 r  
    PS7_X0Y0             PS7                          0.000     0.000 r  udp_gateway_shadow_mirror_i/processing_system7_0/inst/PS7_i/FCLKCLK[0]
                         net (fo=1, routed)           0.337     0.337    udp_gateway_shadow_mirror_i/processing_system7_0/inst/FCLK_CLK_unbuffered[0]
    BUFGCTRL_X0Y17       BUFG (Prop_bufg_I_O)         0.029     0.366 r  udp_gateway_shadow_mirror_i/processing_system7_0/inst/buffer_fclk_clk_0.FCLK_CLK_0_BUFG/O
                         net (fo=54559, routed)       0.852     1.218    udp_gateway_shadow_mirror_i/dma_gateway_hybrid_0/inst/u_device_dna_reader/clk
    SLICE_X57Y45         FDCE (Prop_fdce_C_Q)         0.175     1.393 r  udp_gateway_shadow_mirror_i/dma_gateway_hybrid_0/inst/u_device_dna_reader/dna_clk_reg/Q
                         net (fo=1, routed)           0.506     1.899    udp_gateway_shadow_mirror_i/dma_gateway_hybrid_0/inst/u_device_dna_reader/dna_clk
    BUFGCTRL_X0Y16       BUFG (Prop_bufg_I_O)         0.029     1.928 r  udp_gateway_shadow_mirror_i/dma_gateway_hybrid_0/inst/u_device_dna_reader/dna_clk_BUFG_inst/O
                         net (fo=69, routed)          0.843     2.771    udp_gateway_shadow_mirror_i/dma_gateway_hybrid_0/inst/u_device_dna_reader/dna_clk_BUFG
    SLICE_X65Y86         FDCE                                         r  udp_gateway_shadow_mirror_i/dma_gateway_hybrid_0/inst/u_device_dna_reader/dna_shift_reg/C
                         clock pessimism             -0.030     2.741    
    SLICE_X65Y86         FDCE (Remov_fdce_C_CLR)     -0.092     2.649    udp_gateway_shadow_mirror_i/dma_gateway_hybrid_0/inst/u_device_dna_reader/dna_shift_reg
  -------------------------------------------------------------------
                         required time                         -2.649    
                         arrival time                           4.229    
  -------------------------------------------------------------------
                         slack                                  1.580    

Slack (MET) :             1.583ns  (arrival time - required time)
  Source:                 udp_gateway_shadow_mirror_i/rst_ps7_0_100M/U0/ACTIVE_LOW_PR_OUT_DFF[0].FDRE_PER_N/C
                            (rising edge-triggered cell FDRE clocked by clk_fpga_0  {rise@0.000ns fall@10.000ns period=20.000ns})
  Destination:            udp_gateway_shadow_mirror_i/dma_gateway_hybrid_0/inst/u_device_dna_reader/dna_busy_raw_reg/PRE
                            (removal check against rising-edge clock shadow_dna_clk  {rise@0.000ns fall@320.000ns period=640.000ns})
  Path Group:             **async_default**
  Path Type:              Removal (Min at Fast Process Corner)
  Requirement:            0.000ns  (shadow_dna_clk rise@0.000ns - clk_fpga_0 rise@0.000ns)
  Data Path Delay:        3.242ns  (logic 0.209ns (6.446%)  route 3.033ns (93.554%))
  Logic Levels:           1  (LUT1=1)
  Clock Path Skew:        1.754ns (DCD - SCD - CPR)
    Destination Clock Delay (DCD):    2.771ns
    Source Clock Delay      (SCD):    0.987ns
    Clock Pessimism Removal (CPR):    0.030ns

    Location             Delay type                Incr(ns)  Path(ns)    Netlist Resource(s)
  -------------------------------------------------------------------    -------------------
                         (clock clk_fpga_0 rise edge)
                                                      0.000     0.000 r  
    PS7_X0Y0             PS7                          0.000     0.000 r  udp_gateway_shadow_mirror_i/processing_system7_0/inst/PS7_i/FCLKCLK[0]
                         net (fo=1, routed)           0.310     0.310    udp_gateway_shadow_mirror_i/processing_system7_0/inst/FCLK_CLK_unbuffered[0]
    BUFGCTRL_X0Y17       BUFG (Prop_bufg_I_O)         0.026     0.336 r  udp_gateway_shadow_mirror_i/processing_system7_0/inst/buffer_fclk_clk_0.FCLK_CLK_0_BUFG/O
                         net (fo=54559, routed)       0.651     0.987    udp_gateway_shadow_mirror_i/rst_ps7_0_100M/U0/slowest_sync_clk
    SLICE_X62Y128        FDRE                                         r  udp_gateway_shadow_mirror_i/rst_ps7_0_100M/U0/ACTIVE_LOW_PR_OUT_DFF[0].FDRE_PER_N/C
  -------------------------------------------------------------------    -------------------
    SLICE_X62Y128        FDRE (Prop_fdre_C_Q)         0.164     1.151 r  udp_gateway_shadow_mirror_i/rst_ps7_0_100M/U0/ACTIVE_LOW_PR_OUT_DFF[0].FDRE_PER_N/Q
                         net (fo=100, routed)         1.638     2.789    udp_gateway_shadow_mirror_i/dma_gateway_hybrid_0/inst/u_shadow_acl_filter/u_acl/rst_n
    SLICE_X90Y125        LUT1 (Prop_lut1_I0_O)        0.045     2.834 f  udp_gateway_shadow_mirror_i/dma_gateway_hybrid_0/inst/u_shadow_acl_filter/u_acl/s_axil_awready_i_2/O
                         net (fo=1991, routed)        1.395     4.229    udp_gateway_shadow_mirror_i/dma_gateway_hybrid_0/inst/u_device_dna_reader/o_dna_value_reg[56]_0
    SLICE_X65Y86         FDPE                                         f  udp_gateway_shadow_mirror_i/dma_gateway_hybrid_0/inst/u_device_dna_reader/dna_busy_raw_reg/PRE
  -------------------------------------------------------------------    -------------------

                         (clock shadow_dna_clk rise edge)
                                                      0.000     0.000 r  
    PS7_X0Y0             PS7                          0.000     0.000 r  udp_gateway_shadow_mirror_i/processing_system7_0/inst/PS7_i/FCLKCLK[0]
                         net (fo=1, routed)           0.337     0.337    udp_gateway_shadow_mirror_i/processing_system7_0/inst/FCLK_CLK_unbuffered[0]
    BUFGCTRL_X0Y17       BUFG (Prop_bufg_I_O)         0.029     0.366 r  udp_gateway_shadow_mirror_i/processing_system7_0/inst/buffer_fclk_clk_0.FCLK_CLK_0_BUFG/O
                         net (fo=54559, routed)       0.852     1.218    udp_gateway_shadow_mirror_i/dma_gateway_hybrid_0/inst/u_device_dna_reader/clk
    SLICE_X57Y45         FDCE (Prop_fdce_C_Q)         0.175     1.393 r  udp_gateway_shadow_mirror_i/dma_gateway_hybrid_0/inst/u_device_dna_reader/dna_clk_reg/Q
                         net (fo=1, routed)           0.506     1.899    udp_gateway_shadow_mirror_i/dma_gateway_hybrid_0/inst/u_device_dna_reader/dna_clk
    BUFGCTRL_X0Y16       BUFG (Prop_bufg_I_O)         0.029     1.928 r  udp_gateway_shadow_mirror_i/dma_gateway_hybrid_0/inst/u_device_dna_reader/dna_clk_BUFG_inst/O
                         net (fo=69, routed)          0.843     2.771    udp_gateway_shadow_mirror_i/dma_gateway_hybrid_0/inst/u_device_dna_reader/dna_clk_BUFG
    SLICE_X65Y86         FDPE                                         r  udp_gateway_shadow_mirror_i/dma_gateway_hybrid_0/inst/u_device_dna_reader/dna_busy_raw_reg/C
                         clock pessimism             -0.030     2.741    
    SLICE_X65Y86         FDPE (Remov_fdpe_C_PRE)     -0.095     2.646    udp_gateway_shadow_mirror_i/dma_gateway_hybrid_0/inst/u_device_dna_reader/dna_busy_raw_reg
  -------------------------------------------------------------------
                         required time                         -2.646    
                         arrival time                           4.229    
  -------------------------------------------------------------------
                         slack                                  1.583    

Slack (MET) :             1.583ns  (arrival time - required time)
  Source:                 udp_gateway_shadow_mirror_i/rst_ps7_0_100M/U0/ACTIVE_LOW_PR_OUT_DFF[0].FDRE_PER_N/C
                            (rising edge-triggered cell FDRE clocked by clk_fpga_0  {rise@0.000ns fall@10.000ns period=20.000ns})
  Destination:            udp_gateway_shadow_mirror_i/dma_gateway_hybrid_0/inst/u_device_dna_reader/dna_read_reg/PRE
                            (removal check against rising-edge clock shadow_dna_clk  {rise@0.000ns fall@320.000ns period=640.000ns})
  Path Group:             **async_default**
  Path Type:              Removal (Min at Fast Process Corner)
  Requirement:            0.000ns  (shadow_dna_clk rise@0.000ns - clk_fpga_0 rise@0.000ns)
  Data Path Delay:        3.242ns  (logic 0.209ns (6.446%)  route 3.033ns (93.554%))
  Logic Levels:           1  (LUT1=1)
  Clock Path Skew:        1.754ns (DCD - SCD - CPR)
    Destination Clock Delay (DCD):    2.771ns
    Source Clock Delay      (SCD):    0.987ns
    Clock Pessimism Removal (CPR):    0.030ns

    Location             Delay type                Incr(ns)  Path(ns)    Netlist Resource(s)
  -------------------------------------------------------------------    -------------------
                         (clock clk_fpga_0 rise edge)
                                                      0.000     0.000 r  
    PS7_X0Y0             PS7                          0.000     0.000 r  udp_gateway_shadow_mirror_i/processing_system7_0/inst/PS7_i/FCLKCLK[0]
                         net (fo=1, routed)           0.310     0.310    udp_gateway_shadow_mirror_i/processing_system7_0/inst/FCLK_CLK_unbuffered[0]
    BUFGCTRL_X0Y17       BUFG (Prop_bufg_I_O)         0.026     0.336 r  udp_gateway_shadow_mirror_i/processing_system7_0/inst/buffer_fclk_clk_0.FCLK_CLK_0_BUFG/O
                         net (fo=54559, routed)       0.651     0.987    udp_gateway_shadow_mirror_i/rst_ps7_0_100M/U0/slowest_sync_clk
    SLICE_X62Y128        FDRE                                         r  udp_gateway_shadow_mirror_i/rst_ps7_0_100M/U0/ACTIVE_LOW_PR_OUT_DFF[0].FDRE_PER_N/C
  -------------------------------------------------------------------    -------------------
    SLICE_X62Y128        FDRE (Prop_fdre_C_Q)         0.164     1.151 r  udp_gateway_shadow_mirror_i/rst_ps7_0_100M/U0/ACTIVE_LOW_PR_OUT_DFF[0].FDRE_PER_N/Q
                         net (fo=100, routed)         1.638     2.789    udp_gateway_shadow_mirror_i/dma_gateway_hybrid_0/inst/u_shadow_acl_filter/u_acl/rst_n
    SLICE_X90Y125        LUT1 (Prop_lut1_I0_O)        0.045     2.834 f  udp_gateway_shadow_mirror_i/dma_gateway_hybrid_0/inst/u_shadow_acl_filter/u_acl/s_axil_awready_i_2/O
                         net (fo=1991, routed)        1.395     4.229    udp_gateway_shadow_mirror_i/dma_gateway_hybrid_0/inst/u_device_dna_reader/o_dna_value_reg[56]_0
    SLICE_X65Y86         FDPE                                         f  udp_gateway_shadow_mirror_i/dma_gateway_hybrid_0/inst/u_device_dna_reader/dna_read_reg/PRE
  -------------------------------------------------------------------    -------------------

                         (clock shadow_dna_clk rise edge)
                                                      0.000     0.000 r  
    PS7_X0Y0             PS7                          0.000     0.000 r  udp_gateway_shadow_mirror_i/processing_system7_0/inst/PS7_i/FCLKCLK[0]
                         net (fo=1, routed)           0.337     0.337    udp_gateway_shadow_mirror_i/processing_system7_0/inst/FCLK_CLK_unbuffered[0]
    BUFGCTRL_X0Y17       BUFG (Prop_bufg_I_O)         0.029     0.366 r  udp_gateway_shadow_mirror_i/processing_system7_0/inst/buffer_fclk_clk_0.FCLK_CLK_0_BUFG/O
                         net (fo=54559, routed)       0.852     1.218    udp_gateway_shadow_mirror_i/dma_gateway_hybrid_0/inst/u_device_dna_reader/clk
    SLICE_X57Y45         FDCE (Prop_fdce_C_Q)         0.175     1.393 r  udp_gateway_shadow_mirror_i/dma_gateway_hybrid_0/inst/u_device_dna_reader/dna_clk_reg/Q
                         net (fo=1, routed)           0.506     1.899    udp_gateway_shadow_mirror_i/dma_gateway_hybrid_0/inst/u_device_dna_reader/dna_clk
    BUFGCTRL_X0Y16       BUFG (Prop_bufg_I_O)         0.029     1.928 r  udp_gateway_shadow_mirror_i/dma_gateway_hybrid_0/inst/u_device_dna_reader/dna_clk_BUFG_inst/O
                         net (fo=69, routed)          0.843     2.771    udp_gateway_shadow_mirror_i/dma_gateway_hybrid_0/inst/u_device_dna_reader/dna_clk_BUFG
    SLICE_X65Y86         FDPE                                         r  udp_gateway_shadow_mirror_i/dma_gateway_hybrid_0/inst/u_device_dna_reader/dna_read_reg/C
                         clock pessimism             -0.030     2.741    
    SLICE_X65Y86         FDPE (Remov_fdpe_C_PRE)     -0.095     2.646    udp_gateway_shadow_mirror_i/dma_gateway_hybrid_0/inst/u_device_dna_reader/dna_read_reg
  -------------------------------------------------------------------
                         required time                         -2.646    
                         arrival time                           4.229    
  -------------------------------------------------------------------
                         slack                                  1.583    





--------------------------------------------------------------------------------------
Path Group:  (none)
From Clock:  
  To Clock:  clk_fpga_0

Max Delay             1 Endpoint
Min Delay             1 Endpoint
--------------------------------------------------------------------------------------


Max Delay Paths
--------------------------------------------------------------------------------------
Slack:                    inf
  Source:                 udp_gateway_shadow_mirror_i/processing_system7_0/inst/PS7_i/FCLKRESETN[0]
                            (internal pin)
  Destination:            udp_gateway_shadow_mirror_i/rst_ps7_0_100M/U0/EXT_LPF/ACTIVE_LOW_EXT.ACT_LO_EXT/GENERATE_LEVEL_P_S_CDC.SINGLE_BIT.CROSS_PLEVEL_IN2SCNDRY_IN_cdc_to/D
                            (rising edge-triggered cell FDRE clocked by clk_fpga_0  {rise@0.000ns fall@10.000ns period=20.000ns})
  Path Group:             (none)
  Path Type:              Setup (Max at Slow Process Corner)
  Data Path Delay:        3.970ns  (logic 0.124ns (3.123%)  route 3.846ns (96.877%))
  Logic Levels:           1  (LUT1=1)
  Clock Uncertainty:      0.301ns  ((TSJ^2 + TIJ^2)^1/2 + DJ) / 2 + PE
    Total System Jitter     (TSJ):    0.050ns
    Total Input Jitter      (TIJ):    0.600ns
    Discrete Jitter          (DJ):    0.000ns
    Phase Error              (PE):    0.000ns
  Timing Exception:       False Path

    Location             Delay type                Incr(ns)  Path(ns)    Netlist Resource(s)
  -------------------------------------------------------------------    -------------------
    PS7_X0Y0             PS7                          0.000     0.000 f  udp_gateway_shadow_mirror_i/processing_system7_0/inst/PS7_i/FCLKRESETN[0]
                         net (fo=1, routed)           2.714     2.714    udp_gateway_shadow_mirror_i/rst_ps7_0_100M/U0/EXT_LPF/ACTIVE_LOW_EXT.ACT_LO_EXT/ext_reset_in
    SLICE_X46Y128        LUT1 (Prop_lut1_I0_O)        0.124     2.838 r  udp_gateway_shadow_mirror_i/rst_ps7_0_100M/U0/EXT_LPF/ACTIVE_LOW_EXT.ACT_LO_EXT/GENERATE_LEVEL_P_S_CDC.SINGLE_BIT.CROSS_PLEVEL_IN2SCNDRY_IN_cdc_to_i_1/O
                         net (fo=1, routed)           1.132     3.970    udp_gateway_shadow_mirror_i/rst_ps7_0_100M/U0/EXT_LPF/ACTIVE_LOW_EXT.ACT_LO_EXT/exr_d1
    SLICE_X62Y128        FDRE                                         r  udp_gateway_shadow_mirror_i/rst_ps7_0_100M/U0/EXT_LPF/ACTIVE_LOW_EXT.ACT_LO_EXT/GENERATE_LEVEL_P_S_CDC.SINGLE_BIT.CROSS_PLEVEL_IN2SCNDRY_IN_cdc_to/D
  -------------------------------------------------------------------    -------------------

                         (clock clk_fpga_0 rise edge)
                                                      0.000     0.000 r  
    PS7_X0Y0             PS7                          0.000     0.000 r  udp_gateway_shadow_mirror_i/processing_system7_0/inst/PS7_i/FCLKCLK[0]
                         net (fo=1, routed)           1.088     1.088    udp_gateway_shadow_mirror_i/processing_system7_0/inst/FCLK_CLK_unbuffered[0]
    BUFGCTRL_X0Y17       BUFG (Prop_bufg_I_O)         0.091     1.179 r  udp_gateway_shadow_mirror_i/processing_system7_0/inst/buffer_fclk_clk_0.FCLK_CLK_0_BUFG/O
                         net (fo=54559, routed)       1.702     2.881    udp_gateway_shadow_mirror_i/rst_ps7_0_100M/U0/EXT_LPF/ACTIVE_LOW_EXT.ACT_LO_EXT/slowest_sync_clk
    SLICE_X62Y128        FDRE                                         r  udp_gateway_shadow_mirror_i/rst_ps7_0_100M/U0/EXT_LPF/ACTIVE_LOW_EXT.ACT_LO_EXT/GENERATE_LEVEL_P_S_CDC.SINGLE_BIT.CROSS_PLEVEL_IN2SCNDRY_IN_cdc_to/C





Min Delay Paths
--------------------------------------------------------------------------------------
Slack:                    inf
  Source:                 udp_gateway_shadow_mirror_i/processing_system7_0/inst/PS7_i/FCLKRESETN[0]
                            (internal pin)
  Destination:            udp_gateway_shadow_mirror_i/rst_ps7_0_100M/U0/EXT_LPF/ACTIVE_LOW_EXT.ACT_LO_EXT/GENERATE_LEVEL_P_S_CDC.SINGLE_BIT.CROSS_PLEVEL_IN2SCNDRY_IN_cdc_to/D
                            (rising edge-triggered cell FDRE clocked by clk_fpga_0  {rise@0.000ns fall@10.000ns period=20.000ns})
  Path Group:             (none)
  Path Type:              Hold (Min at Fast Process Corner)
  Data Path Delay:        1.587ns  (logic 0.045ns (2.836%)  route 1.542ns (97.164%))
  Logic Levels:           1  (LUT1=1)
  Clock Uncertainty:      0.301ns  ((TSJ^2 + TIJ^2)^1/2 + DJ) / 2 + PE
    Total System Jitter     (TSJ):    0.050ns
    Total Input Jitter      (TIJ):    0.600ns
    Discrete Jitter          (DJ):    0.000ns
    Phase Error              (PE):    0.000ns
  Timing Exception:       False Path

    Location             Delay type                Incr(ns)  Path(ns)    Netlist Resource(s)
  -------------------------------------------------------------------    -------------------
    PS7_X0Y0             PS7                          0.000     0.000 f  udp_gateway_shadow_mirror_i/processing_system7_0/inst/PS7_i/FCLKRESETN[0]
                         net (fo=1, routed)           1.098     1.098    udp_gateway_shadow_mirror_i/rst_ps7_0_100M/U0/EXT_LPF/ACTIVE_LOW_EXT.ACT_LO_EXT/ext_reset_in
    SLICE_X46Y128        LUT1 (Prop_lut1_I0_O)        0.045     1.143 r  udp_gateway_shadow_mirror_i/rst_ps7_0_100M/U0/EXT_LPF/ACTIVE_LOW_EXT.ACT_LO_EXT/GENERATE_LEVEL_P_S_CDC.SINGLE_BIT.CROSS_PLEVEL_IN2SCNDRY_IN_cdc_to_i_1/O
                         net (fo=1, routed)           0.444     1.587    udp_gateway_shadow_mirror_i/rst_ps7_0_100M/U0/EXT_LPF/ACTIVE_LOW_EXT.ACT_LO_EXT/exr_d1
    SLICE_X62Y128        FDRE                                         r  udp_gateway_shadow_mirror_i/rst_ps7_0_100M/U0/EXT_LPF/ACTIVE_LOW_EXT.ACT_LO_EXT/GENERATE_LEVEL_P_S_CDC.SINGLE_BIT.CROSS_PLEVEL_IN2SCNDRY_IN_cdc_to/D
  -------------------------------------------------------------------    -------------------

                         (clock clk_fpga_0 rise edge)
                                                      0.000     0.000 r  
    PS7_X0Y0             PS7                          0.000     0.000 r  udp_gateway_shadow_mirror_i/processing_system7_0/inst/PS7_i/FCLKCLK[0]
                         net (fo=1, routed)           0.337     0.337    udp_gateway_shadow_mirror_i/processing_system7_0/inst/FCLK_CLK_unbuffered[0]
    BUFGCTRL_X0Y17       BUFG (Prop_bufg_I_O)         0.029     0.366 r  udp_gateway_shadow_mirror_i/processing_system7_0/inst/buffer_fclk_clk_0.FCLK_CLK_0_BUFG/O
                         net (fo=54559, routed)       0.922     1.288    udp_gateway_shadow_mirror_i/rst_ps7_0_100M/U0/EXT_LPF/ACTIVE_LOW_EXT.ACT_LO_EXT/slowest_sync_clk
    SLICE_X62Y128        FDRE                                         r  udp_gateway_shadow_mirror_i/rst_ps7_0_100M/U0/EXT_LPF/ACTIVE_LOW_EXT.ACT_LO_EXT/GENERATE_LEVEL_P_S_CDC.SINGLE_BIT.CROSS_PLEVEL_IN2SCNDRY_IN_cdc_to/C





--------------------------------------------------------------------------------------
Path Group:  (none)
From Clock:  clk_fpga_0
  To Clock:  clk_fpga_0

Max Delay             6 Endpoints
Min Delay             6 Endpoints
--------------------------------------------------------------------------------------


Max Delay Paths
--------------------------------------------------------------------------------------
Slack:                    inf
  Source:                 udp_gateway_shadow_mirror_i/rst_ps7_0_100M/U0/ACTIVE_LOW_PR_OUT_DFF[0].FDRE_PER_N/C
                            (rising edge-triggered cell FDRE clocked by clk_fpga_0  {rise@0.000ns fall@10.000ns period=20.000ns})
  Destination:            udp_gateway_shadow_mirror_i/axi_mem_intercon/m00_couplers/auto_pc/inst/gen_axi4_axi3.axi3_conv_inst/USE_READ.USE_SPLIT_R.read_addr_inst/USE_R_CHANNEL.cmd_queue/inst/fifo_gen_inst/inst_fifo_gen/gconvfifo.rf/grf.rf/rstblk/ngwrdrst.grst.g7serrst.gnsckt_wrst.rst_wr_reg2_inst/arststages_ff_reg[0]/PRE
                            (recovery check against rising-edge clock clk_fpga_0  {rise@0.000ns fall@10.000ns period=20.000ns})
  Path Group:             (none)
  Path Type:              Recovery (Max at Slow Process Corner)
  Data Path Delay:        10.595ns  (logic 0.670ns (6.324%)  route 9.925ns (93.676%))
  Logic Levels:           1  (LUT1=1)
  Clock Path Skew:        -0.546ns (DCD - SCD + CPR)
    Destination Clock Delay (DCD):    2.640ns
    Source Clock Delay      (SCD):    3.186ns
    Clock Pessimism Removal (CPR):    0.000ns
  Clock Uncertainty:      0.302ns  ((TSJ^2 + TIJ^2)^1/2 + DJ) / 2 + PE
    Total System Jitter     (TSJ):    0.071ns
    Total Input Jitter      (TIJ):    0.600ns
    Discrete Jitter          (DJ):    0.000ns
    Phase Error              (PE):    0.000ns
  Timing Exception:       False Path

    Location             Delay type                Incr(ns)  Path(ns)    Netlist Resource(s)
  -------------------------------------------------------------------    -------------------
                         (clock clk_fpga_0 rise edge)
                                                      0.000     0.000 r  
    PS7_X0Y0             PS7                          0.000     0.000 r  udp_gateway_shadow_mirror_i/processing_system7_0/inst/PS7_i/FCLKCLK[0]
                         net (fo=1, routed)           1.193     1.193    udp_gateway_shadow_mirror_i/processing_system7_0/inst/FCLK_CLK_unbuffered[0]
    BUFGCTRL_X0Y17       BUFG (Prop_bufg_I_O)         0.101     1.294 r  udp_gateway_shadow_mirror_i/processing_system7_0/inst/buffer_fclk_clk_0.FCLK_CLK_0_BUFG/O
                         net (fo=54559, routed)       1.892     3.186    udp_gateway_shadow_mirror_i/rst_ps7_0_100M/U0/slowest_sync_clk
    SLICE_X62Y128        FDRE                                         r  udp_gateway_shadow_mirror_i/rst_ps7_0_100M/U0/ACTIVE_LOW_PR_OUT_DFF[0].FDRE_PER_N/C
  -------------------------------------------------------------------    -------------------
    SLICE_X62Y128        FDRE (Prop_fdre_C_Q)         0.518     3.704 r  udp_gateway_shadow_mirror_i/rst_ps7_0_100M/U0/ACTIVE_LOW_PR_OUT_DFF[0].FDRE_PER_N/Q
                         net (fo=100, routed)         7.571    11.275    udp_gateway_shadow_mirror_i/axi_mem_intercon/m00_couplers/auto_pc/inst/gen_axi4_axi3.axi3_conv_inst/USE_WRITE.write_addr_inst/USE_BURSTS.cmd_queue/inst/aresetn
    SLICE_X28Y82         LUT1 (Prop_lut1_I0_O)        0.152    11.427 f  udp_gateway_shadow_mirror_i/axi_mem_intercon/m00_couplers/auto_pc/inst/gen_axi4_axi3.axi3_conv_inst/USE_WRITE.write_addr_inst/USE_BURSTS.cmd_queue/inst/S_AXI_AREADY_I_i_1/O
                         net (fo=253, routed)         2.354    13.781    udp_gateway_shadow_mirror_i/axi_mem_intercon/m00_couplers/auto_pc/inst/gen_axi4_axi3.axi3_conv_inst/USE_READ.USE_SPLIT_R.read_addr_inst/USE_R_CHANNEL.cmd_queue/inst/fifo_gen_inst/inst_fifo_gen/gconvfifo.rf/grf.rf/rstblk/ngwrdrst.grst.g7serrst.gnsckt_wrst.rst_wr_reg2_inst/src_arst
    SLICE_X52Y86         FDPE                                         f  udp_gateway_shadow_mirror_i/axi_mem_intercon/m00_couplers/auto_pc/inst/gen_axi4_axi3.axi3_conv_inst/USE_READ.USE_SPLIT_R.read_addr_inst/USE_R_CHANNEL.cmd_queue/inst/fifo_gen_inst/inst_fifo_gen/gconvfifo.rf/grf.rf/rstblk/ngwrdrst.grst.g7serrst.gnsckt_wrst.rst_wr_reg2_inst/arststages_ff_reg[0]/PRE
  -------------------------------------------------------------------    -------------------

                         (clock clk_fpga_0 rise edge)
                                                      0.000     0.000 r  
    PS7_X0Y0             PS7                          0.000     0.000 r  udp_gateway_shadow_mirror_i/processing_system7_0/inst/PS7_i/FCLKCLK[0]
                         net (fo=1, routed)           1.088     1.088    udp_gateway_shadow_mirror_i/processing_system7_0/inst/FCLK_CLK_unbuffered[0]
    BUFGCTRL_X0Y17       BUFG (Prop_bufg_I_O)         0.091     1.179 r  udp_gateway_shadow_mirror_i/processing_system7_0/inst/buffer_fclk_clk_0.FCLK_CLK_0_BUFG/O
                         net (fo=54559, routed)       1.461     2.640    udp_gateway_shadow_mirror_i/axi_mem_intercon/m00_couplers/auto_pc/inst/gen_axi4_axi3.axi3_conv_inst/USE_READ.USE_SPLIT_R.read_addr_inst/USE_R_CHANNEL.cmd_queue/inst/fifo_gen_inst/inst_fifo_gen/gconvfifo.rf/grf.rf/rstblk/ngwrdrst.grst.g7serrst.gnsckt_wrst.rst_wr_reg2_inst/dest_clk
    SLICE_X52Y86         FDPE                                         r  udp_gateway_shadow_mirror_i/axi_mem_intercon/m00_couplers/auto_pc/inst/gen_axi4_axi3.axi3_conv_inst/USE_READ.USE_SPLIT_R.read_addr_inst/USE_R_CHANNEL.cmd_queue/inst/fifo_gen_inst/inst_fifo_gen/gconvfifo.rf/grf.rf/rstblk/ngwrdrst.grst.g7serrst.gnsckt_wrst.rst_wr_reg2_inst/arststages_ff_reg[0]/C

Slack:                    inf
  Source:                 udp_gateway_shadow_mirror_i/rst_ps7_0_100M/U0/ACTIVE_LOW_PR_OUT_DFF[0].FDRE_PER_N/C
                            (rising edge-triggered cell FDRE clocked by clk_fpga_0  {rise@0.000ns fall@10.000ns period=20.000ns})
  Destination:            udp_gateway_shadow_mirror_i/axi_mem_intercon/m00_couplers/auto_pc/inst/gen_axi4_axi3.axi3_conv_inst/USE_READ.USE_SPLIT_R.read_addr_inst/USE_R_CHANNEL.cmd_queue/inst/fifo_gen_inst/inst_fifo_gen/gconvfifo.rf/grf.rf/rstblk/ngwrdrst.grst.g7serrst.gnsckt_wrst.rst_wr_reg2_inst/arststages_ff_reg[1]/PRE
                            (recovery check against rising-edge clock clk_fpga_0  {rise@0.000ns fall@10.000ns period=20.000ns})
  Path Group:             (none)
  Path Type:              Recovery (Max at Slow Process Corner)
  Data Path Delay:        10.595ns  (logic 0.670ns (6.324%)  route 9.925ns (93.676%))
  Logic Levels:           1  (LUT1=1)
  Clock Path Skew:        -0.546ns (DCD - SCD + CPR)
    Destination Clock Delay (DCD):    2.640ns
    Source Clock Delay      (SCD):    3.186ns
    Clock Pessimism Removal (CPR):    0.000ns
  Clock Uncertainty:      0.302ns  ((TSJ^2 + TIJ^2)^1/2 + DJ) / 2 + PE
    Total System Jitter     (TSJ):    0.071ns
    Total Input Jitter      (TIJ):    0.600ns
    Discrete Jitter          (DJ):    0.000ns
    Phase Error              (PE):    0.000ns
  Timing Exception:       False Path

    Location             Delay type                Incr(ns)  Path(ns)    Netlist Resource(s)
  -------------------------------------------------------------------    -------------------
                         (clock clk_fpga_0 rise edge)
                                                      0.000     0.000 r  
    PS7_X0Y0             PS7                          0.000     0.000 r  udp_gateway_shadow_mirror_i/processing_system7_0/inst/PS7_i/FCLKCLK[0]
                         net (fo=1, routed)           1.193     1.193    udp_gateway_shadow_mirror_i/processing_system7_0/inst/FCLK_CLK_unbuffered[0]
    BUFGCTRL_X0Y17       BUFG (Prop_bufg_I_O)         0.101     1.294 r  udp_gateway_shadow_mirror_i/processing_system7_0/inst/buffer_fclk_clk_0.FCLK_CLK_0_BUFG/O
                         net (fo=54559, routed)       1.892     3.186    udp_gateway_shadow_mirror_i/rst_ps7_0_100M/U0/slowest_sync_clk
    SLICE_X62Y128        FDRE                                         r  udp_gateway_shadow_mirror_i/rst_ps7_0_100M/U0/ACTIVE_LOW_PR_OUT_DFF[0].FDRE_PER_N/C
  -------------------------------------------------------------------    -------------------
    SLICE_X62Y128        FDRE (Prop_fdre_C_Q)         0.518     3.704 r  udp_gateway_shadow_mirror_i/rst_ps7_0_100M/U0/ACTIVE_LOW_PR_OUT_DFF[0].FDRE_PER_N/Q
                         net (fo=100, routed)         7.571    11.275    udp_gateway_shadow_mirror_i/axi_mem_intercon/m00_couplers/auto_pc/inst/gen_axi4_axi3.axi3_conv_inst/USE_WRITE.write_addr_inst/USE_BURSTS.cmd_queue/inst/aresetn
    SLICE_X28Y82         LUT1 (Prop_lut1_I0_O)        0.152    11.427 f  udp_gateway_shadow_mirror_i/axi_mem_intercon/m00_couplers/auto_pc/inst/gen_axi4_axi3.axi3_conv_inst/USE_WRITE.write_addr_inst/USE_BURSTS.cmd_queue/inst/S_AXI_AREADY_I_i_1/O
                         net (fo=253, routed)         2.354    13.781    udp_gateway_shadow_mirror_i/axi_mem_intercon/m00_couplers/auto_pc/inst/gen_axi4_axi3.axi3_conv_inst/USE_READ.USE_SPLIT_R.read_addr_inst/USE_R_CHANNEL.cmd_queue/inst/fifo_gen_inst/inst_fifo_gen/gconvfifo.rf/grf.rf/rstblk/ngwrdrst.grst.g7serrst.gnsckt_wrst.rst_wr_reg2_inst/src_arst
    SLICE_X52Y86         FDPE                                         f  udp_gateway_shadow_mirror_i/axi_mem_intercon/m00_couplers/auto_pc/inst/gen_axi4_axi3.axi3_conv_inst/USE_READ.USE_SPLIT_R.read_addr_inst/USE_R_CHANNEL.cmd_queue/inst/fifo_gen_inst/inst_fifo_gen/gconvfifo.rf/grf.rf/rstblk/ngwrdrst.grst.g7serrst.gnsckt_wrst.rst_wr_reg2_inst/arststages_ff_reg[1]/PRE
  -------------------------------------------------------------------    -------------------

                         (clock clk_fpga_0 rise edge)
                                                      0.000     0.000 r  
    PS7_X0Y0             PS7                          0.000     0.000 r  udp_gateway_shadow_mirror_i/processing_system7_0/inst/PS7_i/FCLKCLK[0]
                         net (fo=1, routed)           1.088     1.088    udp_gateway_shadow_mirror_i/processing_system7_0/inst/FCLK_CLK_unbuffered[0]
    BUFGCTRL_X0Y17       BUFG (Prop_bufg_I_O)         0.091     1.179 r  udp_gateway_shadow_mirror_i/processing_system7_0/inst/buffer_fclk_clk_0.FCLK_CLK_0_BUFG/O
                         net (fo=54559, routed)       1.461     2.640    udp_gateway_shadow_mirror_i/axi_mem_intercon/m00_couplers/auto_pc/inst/gen_axi4_axi3.axi3_conv_inst/USE_READ.USE_SPLIT_R.read_addr_inst/USE_R_CHANNEL.cmd_queue/inst/fifo_gen_inst/inst_fifo_gen/gconvfifo.rf/grf.rf/rstblk/ngwrdrst.grst.g7serrst.gnsckt_wrst.rst_wr_reg2_inst/dest_clk
    SLICE_X52Y86         FDPE                                         r  udp_gateway_shadow_mirror_i/axi_mem_intercon/m00_couplers/auto_pc/inst/gen_axi4_axi3.axi3_conv_inst/USE_READ.USE_SPLIT_R.read_addr_inst/USE_R_CHANNEL.cmd_queue/inst/fifo_gen_inst/inst_fifo_gen/gconvfifo.rf/grf.rf/rstblk/ngwrdrst.grst.g7serrst.gnsckt_wrst.rst_wr_reg2_inst/arststages_ff_reg[1]/C

Slack:                    inf
  Source:                 udp_gateway_shadow_mirror_i/rst_ps7_0_100M/U0/ACTIVE_LOW_PR_OUT_DFF[0].FDRE_PER_N/C
                            (rising edge-triggered cell FDRE clocked by clk_fpga_0  {rise@0.000ns fall@10.000ns period=20.000ns})
  Destination:            udp_gateway_shadow_mirror_i/axi_mem_intercon/m00_couplers/auto_pc/inst/gen_axi4_axi3.axi3_conv_inst/USE_WRITE.write_addr_inst/USE_B_CHANNEL.cmd_b_queue/inst/fifo_gen_inst/inst_fifo_gen/gconvfifo.rf/grf.rf/rstblk/ngwrdrst.grst.g7serrst.gnsckt_wrst.rst_wr_reg2_inst/arststages_ff_reg[0]/PRE
                            (recovery check against rising-edge clock clk_fpga_0  {rise@0.000ns fall@10.000ns period=20.000ns})
  Path Group:             (none)
  Path Type:              Recovery (Max at Slow Process Corner)
  Data Path Delay:        10.595ns  (logic 0.670ns (6.324%)  route 9.925ns (93.676%))
  Logic Levels:           1  (LUT1=1)
  Clock Path Skew:        -0.546ns (DCD - SCD + CPR)
    Destination Clock Delay (DCD):    2.640ns
    Source Clock Delay      (SCD):    3.186ns
    Clock Pessimism Removal (CPR):    0.000ns
  Clock Uncertainty:      0.302ns  ((TSJ^2 + TIJ^2)^1/2 + DJ) / 2 + PE
    Total System Jitter     (TSJ):    0.071ns
    Total Input Jitter      (TIJ):    0.600ns
    Discrete Jitter          (DJ):    0.000ns
    Phase Error              (PE):    0.000ns
  Timing Exception:       False Path

    Location             Delay type                Incr(ns)  Path(ns)    Netlist Resource(s)
  -------------------------------------------------------------------    -------------------
                         (clock clk_fpga_0 rise edge)
                                                      0.000     0.000 r  
    PS7_X0Y0             PS7                          0.000     0.000 r  udp_gateway_shadow_mirror_i/processing_system7_0/inst/PS7_i/FCLKCLK[0]
                         net (fo=1, routed)           1.193     1.193    udp_gateway_shadow_mirror_i/processing_system7_0/inst/FCLK_CLK_unbuffered[0]
    BUFGCTRL_X0Y17       BUFG (Prop_bufg_I_O)         0.101     1.294 r  udp_gateway_shadow_mirror_i/processing_system7_0/inst/buffer_fclk_clk_0.FCLK_CLK_0_BUFG/O
                         net (fo=54559, routed)       1.892     3.186    udp_gateway_shadow_mirror_i/rst_ps7_0_100M/U0/slowest_sync_clk
    SLICE_X62Y128        FDRE                                         r  udp_gateway_shadow_mirror_i/rst_ps7_0_100M/U0/ACTIVE_LOW_PR_OUT_DFF[0].FDRE_PER_N/C
  -------------------------------------------------------------------    -------------------
    SLICE_X62Y128        FDRE (Prop_fdre_C_Q)         0.518     3.704 r  udp_gateway_shadow_mirror_i/rst_ps7_0_100M/U0/ACTIVE_LOW_PR_OUT_DFF[0].FDRE_PER_N/Q
                         net (fo=100, routed)         7.571    11.275    udp_gateway_shadow_mirror_i/axi_mem_intercon/m00_couplers/auto_pc/inst/gen_axi4_axi3.axi3_conv_inst/USE_WRITE.write_addr_inst/USE_BURSTS.cmd_queue/inst/aresetn
    SLICE_X28Y82         LUT1 (Prop_lut1_I0_O)        0.152    11.427 f  udp_gateway_shadow_mirror_i/axi_mem_intercon/m00_couplers/auto_pc/inst/gen_axi4_axi3.axi3_conv_inst/USE_WRITE.write_addr_inst/USE_BURSTS.cmd_queue/inst/S_AXI_AREADY_I_i_1/O
                         net (fo=253, routed)         2.354    13.781    udp_gateway_shadow_mirror_i/axi_mem_intercon/m00_couplers/auto_pc/inst/gen_axi4_axi3.axi3_conv_inst/USE_WRITE.write_addr_inst/USE_B_CHANNEL.cmd_b_queue/inst/fifo_gen_inst/inst_fifo_gen/gconvfifo.rf/grf.rf/rstblk/ngwrdrst.grst.g7serrst.gnsckt_wrst.rst_wr_reg2_inst/src_arst
    SLICE_X52Y86         FDPE                                         f  udp_gateway_shadow_mirror_i/axi_mem_intercon/m00_couplers/auto_pc/inst/gen_axi4_axi3.axi3_conv_inst/USE_WRITE.write_addr_inst/USE_B_CHANNEL.cmd_b_queue/inst/fifo_gen_inst/inst_fifo_gen/gconvfifo.rf/grf.rf/rstblk/ngwrdrst.grst.g7serrst.gnsckt_wrst.rst_wr_reg2_inst/arststages_ff_reg[0]/PRE
  -------------------------------------------------------------------    -------------------

                         (clock clk_fpga_0 rise edge)
                                                      0.000     0.000 r  
    PS7_X0Y0             PS7                          0.000     0.000 r  udp_gateway_shadow_mirror_i/processing_system7_0/inst/PS7_i/FCLKCLK[0]
                         net (fo=1, routed)           1.088     1.088    udp_gateway_shadow_mirror_i/processing_system7_0/inst/FCLK_CLK_unbuffered[0]
    BUFGCTRL_X0Y17       BUFG (Prop_bufg_I_O)         0.091     1.179 r  udp_gateway_shadow_mirror_i/processing_system7_0/inst/buffer_fclk_clk_0.FCLK_CLK_0_BUFG/O
                         net (fo=54559, routed)       1.461     2.640    udp_gateway_shadow_mirror_i/axi_mem_intercon/m00_couplers/auto_pc/inst/gen_axi4_axi3.axi3_conv_inst/USE_WRITE.write_addr_inst/USE_B_CHANNEL.cmd_b_queue/inst/fifo_gen_inst/inst_fifo_gen/gconvfifo.rf/grf.rf/rstblk/ngwrdrst.grst.g7serrst.gnsckt_wrst.rst_wr_reg2_inst/dest_clk
    SLICE_X52Y86         FDPE                                         r  udp_gateway_shadow_mirror_i/axi_mem_intercon/m00_couplers/auto_pc/inst/gen_axi4_axi3.axi3_conv_inst/USE_WRITE.write_addr_inst/USE_B_CHANNEL.cmd_b_queue/inst/fifo_gen_inst/inst_fifo_gen/gconvfifo.rf/grf.rf/rstblk/ngwrdrst.grst.g7serrst.gnsckt_wrst.rst_wr_reg2_inst/arststages_ff_reg[0]/C

Slack:                    inf
  Source:                 udp_gateway_shadow_mirror_i/rst_ps7_0_100M/U0/ACTIVE_LOW_PR_OUT_DFF[0].FDRE_PER_N/C
                            (rising edge-triggered cell FDRE clocked by clk_fpga_0  {rise@0.000ns fall@10.000ns period=20.000ns})
  Destination:            udp_gateway_shadow_mirror_i/axi_mem_intercon/m00_couplers/auto_pc/inst/gen_axi4_axi3.axi3_conv_inst/USE_WRITE.write_addr_inst/USE_B_CHANNEL.cmd_b_queue/inst/fifo_gen_inst/inst_fifo_gen/gconvfifo.rf/grf.rf/rstblk/ngwrdrst.grst.g7serrst.gnsckt_wrst.rst_wr_reg2_inst/arststages_ff_reg[1]/PRE
                            (recovery check against rising-edge clock clk_fpga_0  {rise@0.000ns fall@10.000ns period=20.000ns})
  Path Group:             (none)
  Path Type:              Recovery (Max at Slow Process Corner)
  Data Path Delay:        10.595ns  (logic 0.670ns (6.324%)  route 9.925ns (93.676%))
  Logic Levels:           1  (LUT1=1)
  Clock Path Skew:        -0.546ns (DCD - SCD + CPR)
    Destination Clock Delay (DCD):    2.640ns
    Source Clock Delay      (SCD):    3.186ns
    Clock Pessimism Removal (CPR):    0.000ns
  Clock Uncertainty:      0.302ns  ((TSJ^2 + TIJ^2)^1/2 + DJ) / 2 + PE
    Total System Jitter     (TSJ):    0.071ns
    Total Input Jitter      (TIJ):    0.600ns
    Discrete Jitter          (DJ):    0.000ns
    Phase Error              (PE):    0.000ns
  Timing Exception:       False Path

    Location             Delay type                Incr(ns)  Path(ns)    Netlist Resource(s)
  -------------------------------------------------------------------    -------------------
                         (clock clk_fpga_0 rise edge)
                                                      0.000     0.000 r  
    PS7_X0Y0             PS7                          0.000     0.000 r  udp_gateway_shadow_mirror_i/processing_system7_0/inst/PS7_i/FCLKCLK[0]
                         net (fo=1, routed)           1.193     1.193    udp_gateway_shadow_mirror_i/processing_system7_0/inst/FCLK_CLK_unbuffered[0]
    BUFGCTRL_X0Y17       BUFG (Prop_bufg_I_O)         0.101     1.294 r  udp_gateway_shadow_mirror_i/processing_system7_0/inst/buffer_fclk_clk_0.FCLK_CLK_0_BUFG/O
                         net (fo=54559, routed)       1.892     3.186    udp_gateway_shadow_mirror_i/rst_ps7_0_100M/U0/slowest_sync_clk
    SLICE_X62Y128        FDRE                                         r  udp_gateway_shadow_mirror_i/rst_ps7_0_100M/U0/ACTIVE_LOW_PR_OUT_DFF[0].FDRE_PER_N/C
  -------------------------------------------------------------------    -------------------
    SLICE_X62Y128        FDRE (Prop_fdre_C_Q)         0.518     3.704 r  udp_gateway_shadow_mirror_i/rst_ps7_0_100M/U0/ACTIVE_LOW_PR_OUT_DFF[0].FDRE_PER_N/Q
                         net (fo=100, routed)         7.571    11.275    udp_gateway_shadow_mirror_i/axi_mem_intercon/m00_couplers/auto_pc/inst/gen_axi4_axi3.axi3_conv_inst/USE_WRITE.write_addr_inst/USE_BURSTS.cmd_queue/inst/aresetn
    SLICE_X28Y82         LUT1 (Prop_lut1_I0_O)        0.152    11.427 f  udp_gateway_shadow_mirror_i/axi_mem_intercon/m00_couplers/auto_pc/inst/gen_axi4_axi3.axi3_conv_inst/USE_WRITE.write_addr_inst/USE_BURSTS.cmd_queue/inst/S_AXI_AREADY_I_i_1/O
                         net (fo=253, routed)         2.354    13.781    udp_gateway_shadow_mirror_i/axi_mem_intercon/m00_couplers/auto_pc/inst/gen_axi4_axi3.axi3_conv_inst/USE_WRITE.write_addr_inst/USE_B_CHANNEL.cmd_b_queue/inst/fifo_gen_inst/inst_fifo_gen/gconvfifo.rf/grf.rf/rstblk/ngwrdrst.grst.g7serrst.gnsckt_wrst.rst_wr_reg2_inst/src_arst
    SLICE_X52Y86         FDPE                                         f  udp_gateway_shadow_mirror_i/axi_mem_intercon/m00_couplers/auto_pc/inst/gen_axi4_axi3.axi3_conv_inst/USE_WRITE.write_addr_inst/USE_B_CHANNEL.cmd_b_queue/inst/fifo_gen_inst/inst_fifo_gen/gconvfifo.rf/grf.rf/rstblk/ngwrdrst.grst.g7serrst.gnsckt_wrst.rst_wr_reg2_inst/arststages_ff_reg[1]/PRE
  -------------------------------------------------------------------    -------------------

                         (clock clk_fpga_0 rise edge)
                                                      0.000     0.000 r  
    PS7_X0Y0             PS7                          0.000     0.000 r  udp_gateway_shadow_mirror_i/processing_system7_0/inst/PS7_i/FCLKCLK[0]
                         net (fo=1, routed)           1.088     1.088    udp_gateway_shadow_mirror_i/processing_system7_0/inst/FCLK_CLK_unbuffered[0]
    BUFGCTRL_X0Y17       BUFG (Prop_bufg_I_O)         0.091     1.179 r  udp_gateway_shadow_mirror_i/processing_system7_0/inst/buffer_fclk_clk_0.FCLK_CLK_0_BUFG/O
                         net (fo=54559, routed)       1.461     2.640    udp_gateway_shadow_mirror_i/axi_mem_intercon/m00_couplers/auto_pc/inst/gen_axi4_axi3.axi3_conv_inst/USE_WRITE.write_addr_inst/USE_B_CHANNEL.cmd_b_queue/inst/fifo_gen_inst/inst_fifo_gen/gconvfifo.rf/grf.rf/rstblk/ngwrdrst.grst.g7serrst.gnsckt_wrst.rst_wr_reg2_inst/dest_clk
    SLICE_X52Y86         FDPE                                         r  udp_gateway_shadow_mirror_i/axi_mem_intercon/m00_couplers/auto_pc/inst/gen_axi4_axi3.axi3_conv_inst/USE_WRITE.write_addr_inst/USE_B_CHANNEL.cmd_b_queue/inst/fifo_gen_inst/inst_fifo_gen/gconvfifo.rf/grf.rf/rstblk/ngwrdrst.grst.g7serrst.gnsckt_wrst.rst_wr_reg2_inst/arststages_ff_reg[1]/C

Slack:                    inf
  Source:                 udp_gateway_shadow_mirror_i/rst_ps7_0_100M/U0/ACTIVE_LOW_PR_OUT_DFF[0].FDRE_PER_N/C
                            (rising edge-triggered cell FDRE clocked by clk_fpga_0  {rise@0.000ns fall@10.000ns period=20.000ns})
  Destination:            udp_gateway_shadow_mirror_i/axi_mem_intercon/m00_couplers/auto_pc/inst/gen_axi4_axi3.axi3_conv_inst/USE_WRITE.write_addr_inst/USE_BURSTS.cmd_queue/inst/fifo_gen_inst/inst_fifo_gen/gconvfifo.rf/grf.rf/rstblk/ngwrdrst.grst.g7serrst.gnsckt_wrst.rst_wr_reg2_inst/arststages_ff_reg[0]/PRE
                            (recovery check against rising-edge clock clk_fpga_0  {rise@0.000ns fall@10.000ns period=20.000ns})
  Path Group:             (none)
  Path Type:              Recovery (Max at Slow Process Corner)
  Data Path Delay:        9.138ns  (logic 0.670ns (7.332%)  route 8.468ns (92.668%))
  Logic Levels:           1  (LUT1=1)
  Clock Path Skew:        -0.487ns (DCD - SCD + CPR)
    Destination Clock Delay (DCD):    2.699ns
    Source Clock Delay      (SCD):    3.186ns
    Clock Pessimism Removal (CPR):    0.000ns
  Clock Uncertainty:      0.302ns  ((TSJ^2 + TIJ^2)^1/2 + DJ) / 2 + PE
    Total System Jitter     (TSJ):    0.071ns
    Total Input Jitter      (TIJ):    0.600ns
    Discrete Jitter          (DJ):    0.000ns
    Phase Error              (PE):    0.000ns
  Timing Exception:       False Path

    Location             Delay type                Incr(ns)  Path(ns)    Netlist Resource(s)
  -------------------------------------------------------------------    -------------------
                         (clock clk_fpga_0 rise edge)
                                                      0.000     0.000 r  
    PS7_X0Y0             PS7                          0.000     0.000 r  udp_gateway_shadow_mirror_i/processing_system7_0/inst/PS7_i/FCLKCLK[0]
                         net (fo=1, routed)           1.193     1.193    udp_gateway_shadow_mirror_i/processing_system7_0/inst/FCLK_CLK_unbuffered[0]
    BUFGCTRL_X0Y17       BUFG (Prop_bufg_I_O)         0.101     1.294 r  udp_gateway_shadow_mirror_i/processing_system7_0/inst/buffer_fclk_clk_0.FCLK_CLK_0_BUFG/O
                         net (fo=54559, routed)       1.892     3.186    udp_gateway_shadow_mirror_i/rst_ps7_0_100M/U0/slowest_sync_clk
    SLICE_X62Y128        FDRE                                         r  udp_gateway_shadow_mirror_i/rst_ps7_0_100M/U0/ACTIVE_LOW_PR_OUT_DFF[0].FDRE_PER_N/C
  -------------------------------------------------------------------    -------------------
    SLICE_X62Y128        FDRE (Prop_fdre_C_Q)         0.518     3.704 r  udp_gateway_shadow_mirror_i/rst_ps7_0_100M/U0/ACTIVE_LOW_PR_OUT_DFF[0].FDRE_PER_N/Q
                         net (fo=100, routed)         7.571    11.275    udp_gateway_shadow_mirror_i/axi_mem_intercon/m00_couplers/auto_pc/inst/gen_axi4_axi3.axi3_conv_inst/USE_WRITE.write_addr_inst/USE_BURSTS.cmd_queue/inst/aresetn
    SLICE_X28Y82         LUT1 (Prop_lut1_I0_O)        0.152    11.427 f  udp_gateway_shadow_mirror_i/axi_mem_intercon/m00_couplers/auto_pc/inst/gen_axi4_axi3.axi3_conv_inst/USE_WRITE.write_addr_inst/USE_BURSTS.cmd_queue/inst/S_AXI_AREADY_I_i_1/O
                         net (fo=253, routed)         0.897    12.324    udp_gateway_shadow_mirror_i/axi_mem_intercon/m00_couplers/auto_pc/inst/gen_axi4_axi3.axi3_conv_inst/USE_WRITE.write_addr_inst/USE_BURSTS.cmd_queue/inst/fifo_gen_inst/inst_fifo_gen/gconvfifo.rf/grf.rf/rstblk/ngwrdrst.grst.g7serrst.gnsckt_wrst.rst_wr_reg2_inst/src_arst
    SLICE_X26Y91         FDPE                                         f  udp_gateway_shadow_mirror_i/axi_mem_intercon/m00_couplers/auto_pc/inst/gen_axi4_axi3.axi3_conv_inst/USE_WRITE.write_addr_inst/USE_BURSTS.cmd_queue/inst/fifo_gen_inst/inst_fifo_gen/gconvfifo.rf/grf.rf/rstblk/ngwrdrst.grst.g7serrst.gnsckt_wrst.rst_wr_reg2_inst/arststages_ff_reg[0]/PRE
  -------------------------------------------------------------------    -------------------

                         (clock clk_fpga_0 rise edge)
                                                      0.000     0.000 r  
    PS7_X0Y0             PS7                          0.000     0.000 r  udp_gateway_shadow_mirror_i/processing_system7_0/inst/PS7_i/FCLKCLK[0]
                         net (fo=1, routed)           1.088     1.088    udp_gateway_shadow_mirror_i/processing_system7_0/inst/FCLK_CLK_unbuffered[0]
    BUFGCTRL_X0Y17       BUFG (Prop_bufg_I_O)         0.091     1.179 r  udp_gateway_shadow_mirror_i/processing_system7_0/inst/buffer_fclk_clk_0.FCLK_CLK_0_BUFG/O
                         net (fo=54559, routed)       1.520     2.699    udp_gateway_shadow_mirror_i/axi_mem_intercon/m00_couplers/auto_pc/inst/gen_axi4_axi3.axi3_conv_inst/USE_WRITE.write_addr_inst/USE_BURSTS.cmd_queue/inst/fifo_gen_inst/inst_fifo_gen/gconvfifo.rf/grf.rf/rstblk/ngwrdrst.grst.g7serrst.gnsckt_wrst.rst_wr_reg2_inst/dest_clk
    SLICE_X26Y91         FDPE                                         r  udp_gateway_shadow_mirror_i/axi_mem_intercon/m00_couplers/auto_pc/inst/gen_axi4_axi3.axi3_conv_inst/USE_WRITE.write_addr_inst/USE_BURSTS.cmd_queue/inst/fifo_gen_inst/inst_fifo_gen/gconvfifo.rf/grf.rf/rstblk/ngwrdrst.grst.g7serrst.gnsckt_wrst.rst_wr_reg2_inst/arststages_ff_reg[0]/C

Slack:                    inf
  Source:                 udp_gateway_shadow_mirror_i/rst_ps7_0_100M/U0/ACTIVE_LOW_PR_OUT_DFF[0].FDRE_PER_N/C
                            (rising edge-triggered cell FDRE clocked by clk_fpga_0  {rise@0.000ns fall@10.000ns period=20.000ns})
  Destination:            udp_gateway_shadow_mirror_i/axi_mem_intercon/m00_couplers/auto_pc/inst/gen_axi4_axi3.axi3_conv_inst/USE_WRITE.write_addr_inst/USE_BURSTS.cmd_queue/inst/fifo_gen_inst/inst_fifo_gen/gconvfifo.rf/grf.rf/rstblk/ngwrdrst.grst.g7serrst.gnsckt_wrst.rst_wr_reg2_inst/arststages_ff_reg[1]/PRE
                            (recovery check against rising-edge clock clk_fpga_0  {rise@0.000ns fall@10.000ns period=20.000ns})
  Path Group:             (none)
  Path Type:              Recovery (Max at Slow Process Corner)
  Data Path Delay:        9.138ns  (logic 0.670ns (7.332%)  route 8.468ns (92.668%))
  Logic Levels:           1  (LUT1=1)
  Clock Path Skew:        -0.487ns (DCD - SCD + CPR)
    Destination Clock Delay (DCD):    2.699ns
    Source Clock Delay      (SCD):    3.186ns
    Clock Pessimism Removal (CPR):    0.000ns
  Clock Uncertainty:      0.302ns  ((TSJ^2 + TIJ^2)^1/2 + DJ) / 2 + PE
    Total System Jitter     (TSJ):    0.071ns
    Total Input Jitter      (TIJ):    0.600ns
    Discrete Jitter          (DJ):    0.000ns
    Phase Error              (PE):    0.000ns
  Timing Exception:       False Path

    Location             Delay type                Incr(ns)  Path(ns)    Netlist Resource(s)
  -------------------------------------------------------------------    -------------------
                         (clock clk_fpga_0 rise edge)
                                                      0.000     0.000 r  
    PS7_X0Y0             PS7                          0.000     0.000 r  udp_gateway_shadow_mirror_i/processing_system7_0/inst/PS7_i/FCLKCLK[0]
                         net (fo=1, routed)           1.193     1.193    udp_gateway_shadow_mirror_i/processing_system7_0/inst/FCLK_CLK_unbuffered[0]
    BUFGCTRL_X0Y17       BUFG (Prop_bufg_I_O)         0.101     1.294 r  udp_gateway_shadow_mirror_i/processing_system7_0/inst/buffer_fclk_clk_0.FCLK_CLK_0_BUFG/O
                         net (fo=54559, routed)       1.892     3.186    udp_gateway_shadow_mirror_i/rst_ps7_0_100M/U0/slowest_sync_clk
    SLICE_X62Y128        FDRE                                         r  udp_gateway_shadow_mirror_i/rst_ps7_0_100M/U0/ACTIVE_LOW_PR_OUT_DFF[0].FDRE_PER_N/C
  -------------------------------------------------------------------    -------------------
    SLICE_X62Y128        FDRE (Prop_fdre_C_Q)         0.518     3.704 r  udp_gateway_shadow_mirror_i/rst_ps7_0_100M/U0/ACTIVE_LOW_PR_OUT_DFF[0].FDRE_PER_N/Q
                         net (fo=100, routed)         7.571    11.275    udp_gateway_shadow_mirror_i/axi_mem_intercon/m00_couplers/auto_pc/inst/gen_axi4_axi3.axi3_conv_inst/USE_WRITE.write_addr_inst/USE_BURSTS.cmd_queue/inst/aresetn
    SLICE_X28Y82         LUT1 (Prop_lut1_I0_O)        0.152    11.427 f  udp_gateway_shadow_mirror_i/axi_mem_intercon/m00_couplers/auto_pc/inst/gen_axi4_axi3.axi3_conv_inst/USE_WRITE.write_addr_inst/USE_BURSTS.cmd_queue/inst/S_AXI_AREADY_I_i_1/O
                         net (fo=253, routed)         0.897    12.324    udp_gateway_shadow_mirror_i/axi_mem_intercon/m00_couplers/auto_pc/inst/gen_axi4_axi3.axi3_conv_inst/USE_WRITE.write_addr_inst/USE_BURSTS.cmd_queue/inst/fifo_gen_inst/inst_fifo_gen/gconvfifo.rf/grf.rf/rstblk/ngwrdrst.grst.g7serrst.gnsckt_wrst.rst_wr_reg2_inst/src_arst
    SLICE_X26Y91         FDPE                                         f  udp_gateway_shadow_mirror_i/axi_mem_intercon/m00_couplers/auto_pc/inst/gen_axi4_axi3.axi3_conv_inst/USE_WRITE.write_addr_inst/USE_BURSTS.cmd_queue/inst/fifo_gen_inst/inst_fifo_gen/gconvfifo.rf/grf.rf/rstblk/ngwrdrst.grst.g7serrst.gnsckt_wrst.rst_wr_reg2_inst/arststages_ff_reg[1]/PRE
  -------------------------------------------------------------------    -------------------

                         (clock clk_fpga_0 rise edge)
                                                      0.000     0.000 r  
    PS7_X0Y0             PS7                          0.000     0.000 r  udp_gateway_shadow_mirror_i/processing_system7_0/inst/PS7_i/FCLKCLK[0]
                         net (fo=1, routed)           1.088     1.088    udp_gateway_shadow_mirror_i/processing_system7_0/inst/FCLK_CLK_unbuffered[0]
    BUFGCTRL_X0Y17       BUFG (Prop_bufg_I_O)         0.091     1.179 r  udp_gateway_shadow_mirror_i/processing_system7_0/inst/buffer_fclk_clk_0.FCLK_CLK_0_BUFG/O
                         net (fo=54559, routed)       1.520     2.699    udp_gateway_shadow_mirror_i/axi_mem_intercon/m00_couplers/auto_pc/inst/gen_axi4_axi3.axi3_conv_inst/USE_WRITE.write_addr_inst/USE_BURSTS.cmd_queue/inst/fifo_gen_inst/inst_fifo_gen/gconvfifo.rf/grf.rf/rstblk/ngwrdrst.grst.g7serrst.gnsckt_wrst.rst_wr_reg2_inst/dest_clk
    SLICE_X26Y91         FDPE                                         r  udp_gateway_shadow_mirror_i/axi_mem_intercon/m00_couplers/auto_pc/inst/gen_axi4_axi3.axi3_conv_inst/USE_WRITE.write_addr_inst/USE_BURSTS.cmd_queue/inst/fifo_gen_inst/inst_fifo_gen/gconvfifo.rf/grf.rf/rstblk/ngwrdrst.grst.g7serrst.gnsckt_wrst.rst_wr_reg2_inst/arststages_ff_reg[1]/C





Min Delay Paths
--------------------------------------------------------------------------------------
Slack:                    inf
  Source:                 udp_gateway_shadow_mirror_i/rst_ps7_0_100M/U0/ACTIVE_LOW_PR_OUT_DFF[0].FDRE_PER_N/C
                            (rising edge-triggered cell FDRE clocked by clk_fpga_0  {rise@0.000ns fall@10.000ns period=20.000ns})
  Destination:            udp_gateway_shadow_mirror_i/axi_mem_intercon/m00_couplers/auto_pc/inst/gen_axi4_axi3.axi3_conv_inst/USE_WRITE.write_addr_inst/USE_BURSTS.cmd_queue/inst/fifo_gen_inst/inst_fifo_gen/gconvfifo.rf/grf.rf/rstblk/ngwrdrst.grst.g7serrst.gnsckt_wrst.rst_wr_reg2_inst/arststages_ff_reg[0]/PRE
                            (removal check against rising-edge clock clk_fpga_0  {rise@0.000ns fall@10.000ns period=20.000ns})
  Path Group:             (none)
  Path Type:              Removal (Min at Fast Process Corner)
  Data Path Delay:        4.026ns  (logic 0.208ns (5.167%)  route 3.818ns (94.833%))
  Logic Levels:           1  (LUT1=1)
  Clock Path Skew:        0.221ns (DCD - SCD - CPR)
    Destination Clock Delay (DCD):    1.208ns
    Source Clock Delay      (SCD):    0.987ns
    Clock Pessimism Removal (CPR):    -0.000ns
  Clock Uncertainty:      0.302ns  ((TSJ^2 + TIJ^2)^1/2 + DJ) / 2 + PE
    Total System Jitter     (TSJ):    0.071ns
    Total Input Jitter      (TIJ):    0.600ns
    Discrete Jitter          (DJ):    0.000ns
    Phase Error              (PE):    0.000ns
  Timing Exception:       False Path

    Location             Delay type                Incr(ns)  Path(ns)    Netlist Resource(s)
  -------------------------------------------------------------------    -------------------
                         (clock clk_fpga_0 rise edge)
                                                      0.000     0.000 r  
    PS7_X0Y0             PS7                          0.000     0.000 r  udp_gateway_shadow_mirror_i/processing_system7_0/inst/PS7_i/FCLKCLK[0]
                         net (fo=1, routed)           0.310     0.310    udp_gateway_shadow_mirror_i/processing_system7_0/inst/FCLK_CLK_unbuffered[0]
    BUFGCTRL_X0Y17       BUFG (Prop_bufg_I_O)         0.026     0.336 r  udp_gateway_shadow_mirror_i/processing_system7_0/inst/buffer_fclk_clk_0.FCLK_CLK_0_BUFG/O
                         net (fo=54559, routed)       0.651     0.987    udp_gateway_shadow_mirror_i/rst_ps7_0_100M/U0/slowest_sync_clk
    SLICE_X62Y128        FDRE                                         r  udp_gateway_shadow_mirror_i/rst_ps7_0_100M/U0/ACTIVE_LOW_PR_OUT_DFF[0].FDRE_PER_N/C
  -------------------------------------------------------------------    -------------------
    SLICE_X62Y128        FDRE (Prop_fdre_C_Q)         0.164     1.151 r  udp_gateway_shadow_mirror_i/rst_ps7_0_100M/U0/ACTIVE_LOW_PR_OUT_DFF[0].FDRE_PER_N/Q
                         net (fo=100, routed)         3.429     4.580    udp_gateway_shadow_mirror_i/axi_mem_intercon/m00_couplers/auto_pc/inst/gen_axi4_axi3.axi3_conv_inst/USE_WRITE.write_addr_inst/USE_BURSTS.cmd_queue/inst/aresetn
    SLICE_X28Y82         LUT1 (Prop_lut1_I0_O)        0.044     4.624 f  udp_gateway_shadow_mirror_i/axi_mem_intercon/m00_couplers/auto_pc/inst/gen_axi4_axi3.axi3_conv_inst/USE_WRITE.write_addr_inst/USE_BURSTS.cmd_queue/inst/S_AXI_AREADY_I_i_1/O
                         net (fo=253, routed)         0.389     5.013    udp_gateway_shadow_mirror_i/axi_mem_intercon/m00_couplers/auto_pc/inst/gen_axi4_axi3.axi3_conv_inst/USE_WRITE.write_addr_inst/USE_BURSTS.cmd_queue/inst/fifo_gen_inst/inst_fifo_gen/gconvfifo.rf/grf.rf/rstblk/ngwrdrst.grst.g7serrst.gnsckt_wrst.rst_wr_reg2_inst/src_arst
    SLICE_X26Y91         FDPE                                         f  udp_gateway_shadow_mirror_i/axi_mem_intercon/m00_couplers/auto_pc/inst/gen_axi4_axi3.axi3_conv_inst/USE_WRITE.write_addr_inst/USE_BURSTS.cmd_queue/inst/fifo_gen_inst/inst_fifo_gen/gconvfifo.rf/grf.rf/rstblk/ngwrdrst.grst.g7serrst.gnsckt_wrst.rst_wr_reg2_inst/arststages_ff_reg[0]/PRE
  -------------------------------------------------------------------    -------------------

                         (clock clk_fpga_0 rise edge)
                                                      0.000     0.000 r  
    PS7_X0Y0             PS7                          0.000     0.000 r  udp_gateway_shadow_mirror_i/processing_system7_0/inst/PS7_i/FCLKCLK[0]
                         net (fo=1, routed)           0.337     0.337    udp_gateway_shadow_mirror_i/processing_system7_0/inst/FCLK_CLK_unbuffered[0]
    BUFGCTRL_X0Y17       BUFG (Prop_bufg_I_O)         0.029     0.366 r  udp_gateway_shadow_mirror_i/processing_system7_0/inst/buffer_fclk_clk_0.FCLK_CLK_0_BUFG/O
                         net (fo=54559, routed)       0.842     1.208    udp_gateway_shadow_mirror_i/axi_mem_intercon/m00_couplers/auto_pc/inst/gen_axi4_axi3.axi3_conv_inst/USE_WRITE.write_addr_inst/USE_BURSTS.cmd_queue/inst/fifo_gen_inst/inst_fifo_gen/gconvfifo.rf/grf.rf/rstblk/ngwrdrst.grst.g7serrst.gnsckt_wrst.rst_wr_reg2_inst/dest_clk
    SLICE_X26Y91         FDPE                                         r  udp_gateway_shadow_mirror_i/axi_mem_intercon/m00_couplers/auto_pc/inst/gen_axi4_axi3.axi3_conv_inst/USE_WRITE.write_addr_inst/USE_BURSTS.cmd_queue/inst/fifo_gen_inst/inst_fifo_gen/gconvfifo.rf/grf.rf/rstblk/ngwrdrst.grst.g7serrst.gnsckt_wrst.rst_wr_reg2_inst/arststages_ff_reg[0]/C

Slack:                    inf
  Source:                 udp_gateway_shadow_mirror_i/rst_ps7_0_100M/U0/ACTIVE_LOW_PR_OUT_DFF[0].FDRE_PER_N/C
                            (rising edge-triggered cell FDRE clocked by clk_fpga_0  {rise@0.000ns fall@10.000ns period=20.000ns})
  Destination:            udp_gateway_shadow_mirror_i/axi_mem_intercon/m00_couplers/auto_pc/inst/gen_axi4_axi3.axi3_conv_inst/USE_WRITE.write_addr_inst/USE_BURSTS.cmd_queue/inst/fifo_gen_inst/inst_fifo_gen/gconvfifo.rf/grf.rf/rstblk/ngwrdrst.grst.g7serrst.gnsckt_wrst.rst_wr_reg2_inst/arststages_ff_reg[1]/PRE
                            (removal check against rising-edge clock clk_fpga_0  {rise@0.000ns fall@10.000ns period=20.000ns})
  Path Group:             (none)
  Path Type:              Removal (Min at Fast Process Corner)
  Data Path Delay:        4.026ns  (logic 0.208ns (5.167%)  route 3.818ns (94.833%))
  Logic Levels:           1  (LUT1=1)
  Clock Path Skew:        0.221ns (DCD - SCD - CPR)
    Destination Clock Delay (DCD):    1.208ns
    Source Clock Delay      (SCD):    0.987ns
    Clock Pessimism Removal (CPR):    -0.000ns
  Clock Uncertainty:      0.302ns  ((TSJ^2 + TIJ^2)^1/2 + DJ) / 2 + PE
    Total System Jitter     (TSJ):    0.071ns
    Total Input Jitter      (TIJ):    0.600ns
    Discrete Jitter          (DJ):    0.000ns
    Phase Error              (PE):    0.000ns
  Timing Exception:       False Path

    Location             Delay type                Incr(ns)  Path(ns)    Netlist Resource(s)
  -------------------------------------------------------------------    -------------------
                         (clock clk_fpga_0 rise edge)
                                                      0.000     0.000 r  
    PS7_X0Y0             PS7                          0.000     0.000 r  udp_gateway_shadow_mirror_i/processing_system7_0/inst/PS7_i/FCLKCLK[0]
                         net (fo=1, routed)           0.310     0.310    udp_gateway_shadow_mirror_i/processing_system7_0/inst/FCLK_CLK_unbuffered[0]
    BUFGCTRL_X0Y17       BUFG (Prop_bufg_I_O)         0.026     0.336 r  udp_gateway_shadow_mirror_i/processing_system7_0/inst/buffer_fclk_clk_0.FCLK_CLK_0_BUFG/O
                         net (fo=54559, routed)       0.651     0.987    udp_gateway_shadow_mirror_i/rst_ps7_0_100M/U0/slowest_sync_clk
    SLICE_X62Y128        FDRE                                         r  udp_gateway_shadow_mirror_i/rst_ps7_0_100M/U0/ACTIVE_LOW_PR_OUT_DFF[0].FDRE_PER_N/C
  -------------------------------------------------------------------    -------------------
    SLICE_X62Y128        FDRE (Prop_fdre_C_Q)         0.164     1.151 r  udp_gateway_shadow_mirror_i/rst_ps7_0_100M/U0/ACTIVE_LOW_PR_OUT_DFF[0].FDRE_PER_N/Q
                         net (fo=100, routed)         3.429     4.580    udp_gateway_shadow_mirror_i/axi_mem_intercon/m00_couplers/auto_pc/inst/gen_axi4_axi3.axi3_conv_inst/USE_WRITE.write_addr_inst/USE_BURSTS.cmd_queue/inst/aresetn
    SLICE_X28Y82         LUT1 (Prop_lut1_I0_O)        0.044     4.624 f  udp_gateway_shadow_mirror_i/axi_mem_intercon/m00_couplers/auto_pc/inst/gen_axi4_axi3.axi3_conv_inst/USE_WRITE.write_addr_inst/USE_BURSTS.cmd_queue/inst/S_AXI_AREADY_I_i_1/O
                         net (fo=253, routed)         0.389     5.013    udp_gateway_shadow_mirror_i/axi_mem_intercon/m00_couplers/auto_pc/inst/gen_axi4_axi3.axi3_conv_inst/USE_WRITE.write_addr_inst/USE_BURSTS.cmd_queue/inst/fifo_gen_inst/inst_fifo_gen/gconvfifo.rf/grf.rf/rstblk/ngwrdrst.grst.g7serrst.gnsckt_wrst.rst_wr_reg2_inst/src_arst
    SLICE_X26Y91         FDPE                                         f  udp_gateway_shadow_mirror_i/axi_mem_intercon/m00_couplers/auto_pc/inst/gen_axi4_axi3.axi3_conv_inst/USE_WRITE.write_addr_inst/USE_BURSTS.cmd_queue/inst/fifo_gen_inst/inst_fifo_gen/gconvfifo.rf/grf.rf/rstblk/ngwrdrst.grst.g7serrst.gnsckt_wrst.rst_wr_reg2_inst/arststages_ff_reg[1]/PRE
  -------------------------------------------------------------------    -------------------

                         (clock clk_fpga_0 rise edge)
                                                      0.000     0.000 r  
    PS7_X0Y0             PS7                          0.000     0.000 r  udp_gateway_shadow_mirror_i/processing_system7_0/inst/PS7_i/FCLKCLK[0]
                         net (fo=1, routed)           0.337     0.337    udp_gateway_shadow_mirror_i/processing_system7_0/inst/FCLK_CLK_unbuffered[0]
    BUFGCTRL_X0Y17       BUFG (Prop_bufg_I_O)         0.029     0.366 r  udp_gateway_shadow_mirror_i/processing_system7_0/inst/buffer_fclk_clk_0.FCLK_CLK_0_BUFG/O
                         net (fo=54559, routed)       0.842     1.208    udp_gateway_shadow_mirror_i/axi_mem_intercon/m00_couplers/auto_pc/inst/gen_axi4_axi3.axi3_conv_inst/USE_WRITE.write_addr_inst/USE_BURSTS.cmd_queue/inst/fifo_gen_inst/inst_fifo_gen/gconvfifo.rf/grf.rf/rstblk/ngwrdrst.grst.g7serrst.gnsckt_wrst.rst_wr_reg2_inst/dest_clk
    SLICE_X26Y91         FDPE                                         r  udp_gateway_shadow_mirror_i/axi_mem_intercon/m00_couplers/auto_pc/inst/gen_axi4_axi3.axi3_conv_inst/USE_WRITE.write_addr_inst/USE_BURSTS.cmd_queue/inst/fifo_gen_inst/inst_fifo_gen/gconvfifo.rf/grf.rf/rstblk/ngwrdrst.grst.g7serrst.gnsckt_wrst.rst_wr_reg2_inst/arststages_ff_reg[1]/C

Slack:                    inf
  Source:                 udp_gateway_shadow_mirror_i/rst_ps7_0_100M/U0/ACTIVE_LOW_PR_OUT_DFF[0].FDRE_PER_N/C
                            (rising edge-triggered cell FDRE clocked by clk_fpga_0  {rise@0.000ns fall@10.000ns period=20.000ns})
  Destination:            udp_gateway_shadow_mirror_i/axi_mem_intercon/m00_couplers/auto_pc/inst/gen_axi4_axi3.axi3_conv_inst/USE_READ.USE_SPLIT_R.read_addr_inst/USE_R_CHANNEL.cmd_queue/inst/fifo_gen_inst/inst_fifo_gen/gconvfifo.rf/grf.rf/rstblk/ngwrdrst.grst.g7serrst.gnsckt_wrst.rst_wr_reg2_inst/arststages_ff_reg[0]/PRE
                            (removal check against rising-edge clock clk_fpga_0  {rise@0.000ns fall@10.000ns period=20.000ns})
  Path Group:             (none)
  Path Type:              Removal (Min at Fast Process Corner)
  Data Path Delay:        4.661ns  (logic 0.208ns (4.463%)  route 4.453ns (95.537%))
  Logic Levels:           1  (LUT1=1)
  Clock Path Skew:        0.194ns (DCD - SCD - CPR)
    Destination Clock Delay (DCD):    1.181ns
    Source Clock Delay      (SCD):    0.987ns
    Clock Pessimism Removal (CPR):    -0.000ns
  Clock Uncertainty:      0.302ns  ((TSJ^2 + TIJ^2)^1/2 + DJ) / 2 + PE
    Total System Jitter     (TSJ):    0.071ns
    Total Input Jitter      (TIJ):    0.600ns
    Discrete Jitter          (DJ):    0.000ns
    Phase Error              (PE):    0.000ns
  Timing Exception:       False Path

    Location             Delay type                Incr(ns)  Path(ns)    Netlist Resource(s)
  -------------------------------------------------------------------    -------------------
                         (clock clk_fpga_0 rise edge)
                                                      0.000     0.000 r  
    PS7_X0Y0             PS7                          0.000     0.000 r  udp_gateway_shadow_mirror_i/processing_system7_0/inst/PS7_i/FCLKCLK[0]
                         net (fo=1, routed)           0.310     0.310    udp_gateway_shadow_mirror_i/processing_system7_0/inst/FCLK_CLK_unbuffered[0]
    BUFGCTRL_X0Y17       BUFG (Prop_bufg_I_O)         0.026     0.336 r  udp_gateway_shadow_mirror_i/processing_system7_0/inst/buffer_fclk_clk_0.FCLK_CLK_0_BUFG/O
                         net (fo=54559, routed)       0.651     0.987    udp_gateway_shadow_mirror_i/rst_ps7_0_100M/U0/slowest_sync_clk
    SLICE_X62Y128        FDRE                                         r  udp_gateway_shadow_mirror_i/rst_ps7_0_100M/U0/ACTIVE_LOW_PR_OUT_DFF[0].FDRE_PER_N/C
  -------------------------------------------------------------------    -------------------
    SLICE_X62Y128        FDRE (Prop_fdre_C_Q)         0.164     1.151 r  udp_gateway_shadow_mirror_i/rst_ps7_0_100M/U0/ACTIVE_LOW_PR_OUT_DFF[0].FDRE_PER_N/Q
                         net (fo=100, routed)         3.429     4.580    udp_gateway_shadow_mirror_i/axi_mem_intercon/m00_couplers/auto_pc/inst/gen_axi4_axi3.axi3_conv_inst/USE_WRITE.write_addr_inst/USE_BURSTS.cmd_queue/inst/aresetn
    SLICE_X28Y82         LUT1 (Prop_lut1_I0_O)        0.044     4.624 f  udp_gateway_shadow_mirror_i/axi_mem_intercon/m00_couplers/auto_pc/inst/gen_axi4_axi3.axi3_conv_inst/USE_WRITE.write_addr_inst/USE_BURSTS.cmd_queue/inst/S_AXI_AREADY_I_i_1/O
                         net (fo=253, routed)         1.024     5.648    udp_gateway_shadow_mirror_i/axi_mem_intercon/m00_couplers/auto_pc/inst/gen_axi4_axi3.axi3_conv_inst/USE_READ.USE_SPLIT_R.read_addr_inst/USE_R_CHANNEL.cmd_queue/inst/fifo_gen_inst/inst_fifo_gen/gconvfifo.rf/grf.rf/rstblk/ngwrdrst.grst.g7serrst.gnsckt_wrst.rst_wr_reg2_inst/src_arst
    SLICE_X52Y86         FDPE                                         f  udp_gateway_shadow_mirror_i/axi_mem_intercon/m00_couplers/auto_pc/inst/gen_axi4_axi3.axi3_conv_inst/USE_READ.USE_SPLIT_R.read_addr_inst/USE_R_CHANNEL.cmd_queue/inst/fifo_gen_inst/inst_fifo_gen/gconvfifo.rf/grf.rf/rstblk/ngwrdrst.grst.g7serrst.gnsckt_wrst.rst_wr_reg2_inst/arststages_ff_reg[0]/PRE
  -------------------------------------------------------------------    -------------------

                         (clock clk_fpga_0 rise edge)
                                                      0.000     0.000 r  
    PS7_X0Y0             PS7                          0.000     0.000 r  udp_gateway_shadow_mirror_i/processing_system7_0/inst/PS7_i/FCLKCLK[0]
                         net (fo=1, routed)           0.337     0.337    udp_gateway_shadow_mirror_i/processing_system7_0/inst/FCLK_CLK_unbuffered[0]
    BUFGCTRL_X0Y17       BUFG (Prop_bufg_I_O)         0.029     0.366 r  udp_gateway_shadow_mirror_i/processing_system7_0/inst/buffer_fclk_clk_0.FCLK_CLK_0_BUFG/O
                         net (fo=54559, routed)       0.815     1.181    udp_gateway_shadow_mirror_i/axi_mem_intercon/m00_couplers/auto_pc/inst/gen_axi4_axi3.axi3_conv_inst/USE_READ.USE_SPLIT_R.read_addr_inst/USE_R_CHANNEL.cmd_queue/inst/fifo_gen_inst/inst_fifo_gen/gconvfifo.rf/grf.rf/rstblk/ngwrdrst.grst.g7serrst.gnsckt_wrst.rst_wr_reg2_inst/dest_clk
    SLICE_X52Y86         FDPE                                         r  udp_gateway_shadow_mirror_i/axi_mem_intercon/m00_couplers/auto_pc/inst/gen_axi4_axi3.axi3_conv_inst/USE_READ.USE_SPLIT_R.read_addr_inst/USE_R_CHANNEL.cmd_queue/inst/fifo_gen_inst/inst_fifo_gen/gconvfifo.rf/grf.rf/rstblk/ngwrdrst.grst.g7serrst.gnsckt_wrst.rst_wr_reg2_inst/arststages_ff_reg[0]/C

Slack:                    inf
  Source:                 udp_gateway_shadow_mirror_i/rst_ps7_0_100M/U0/ACTIVE_LOW_PR_OUT_DFF[0].FDRE_PER_N/C
                            (rising edge-triggered cell FDRE clocked by clk_fpga_0  {rise@0.000ns fall@10.000ns period=20.000ns})
  Destination:            udp_gateway_shadow_mirror_i/axi_mem_intercon/m00_couplers/auto_pc/inst/gen_axi4_axi3.axi3_conv_inst/USE_READ.USE_SPLIT_R.read_addr_inst/USE_R_CHANNEL.cmd_queue/inst/fifo_gen_inst/inst_fifo_gen/gconvfifo.rf/grf.rf/rstblk/ngwrdrst.grst.g7serrst.gnsckt_wrst.rst_wr_reg2_inst/arststages_ff_reg[1]/PRE
                            (removal check against rising-edge clock clk_fpga_0  {rise@0.000ns fall@10.000ns period=20.000ns})
  Path Group:             (none)
  Path Type:              Removal (Min at Fast Process Corner)
  Data Path Delay:        4.661ns  (logic 0.208ns (4.463%)  route 4.453ns (95.537%))
  Logic Levels:           1  (LUT1=1)
  Clock Path Skew:        0.194ns (DCD - SCD - CPR)
    Destination Clock Delay (DCD):    1.181ns
    Source Clock Delay      (SCD):    0.987ns
    Clock Pessimism Removal (CPR):    -0.000ns
  Clock Uncertainty:      0.302ns  ((TSJ^2 + TIJ^2)^1/2 + DJ) / 2 + PE
    Total System Jitter     (TSJ):    0.071ns
    Total Input Jitter      (TIJ):    0.600ns
    Discrete Jitter          (DJ):    0.000ns
    Phase Error              (PE):    0.000ns
  Timing Exception:       False Path

    Location             Delay type                Incr(ns)  Path(ns)    Netlist Resource(s)
  -------------------------------------------------------------------    -------------------
                         (clock clk_fpga_0 rise edge)
                                                      0.000     0.000 r  
    PS7_X0Y0             PS7                          0.000     0.000 r  udp_gateway_shadow_mirror_i/processing_system7_0/inst/PS7_i/FCLKCLK[0]
                         net (fo=1, routed)           0.310     0.310    udp_gateway_shadow_mirror_i/processing_system7_0/inst/FCLK_CLK_unbuffered[0]
    BUFGCTRL_X0Y17       BUFG (Prop_bufg_I_O)         0.026     0.336 r  udp_gateway_shadow_mirror_i/processing_system7_0/inst/buffer_fclk_clk_0.FCLK_CLK_0_BUFG/O
                         net (fo=54559, routed)       0.651     0.987    udp_gateway_shadow_mirror_i/rst_ps7_0_100M/U0/slowest_sync_clk
    SLICE_X62Y128        FDRE                                         r  udp_gateway_shadow_mirror_i/rst_ps7_0_100M/U0/ACTIVE_LOW_PR_OUT_DFF[0].FDRE_PER_N/C
  -------------------------------------------------------------------    -------------------
    SLICE_X62Y128        FDRE (Prop_fdre_C_Q)         0.164     1.151 r  udp_gateway_shadow_mirror_i/rst_ps7_0_100M/U0/ACTIVE_LOW_PR_OUT_DFF[0].FDRE_PER_N/Q
                         net (fo=100, routed)         3.429     4.580    udp_gateway_shadow_mirror_i/axi_mem_intercon/m00_couplers/auto_pc/inst/gen_axi4_axi3.axi3_conv_inst/USE_WRITE.write_addr_inst/USE_BURSTS.cmd_queue/inst/aresetn
    SLICE_X28Y82         LUT1 (Prop_lut1_I0_O)        0.044     4.624 f  udp_gateway_shadow_mirror_i/axi_mem_intercon/m00_couplers/auto_pc/inst/gen_axi4_axi3.axi3_conv_inst/USE_WRITE.write_addr_inst/USE_BURSTS.cmd_queue/inst/S_AXI_AREADY_I_i_1/O
                         net (fo=253, routed)         1.024     5.648    udp_gateway_shadow_mirror_i/axi_mem_intercon/m00_couplers/auto_pc/inst/gen_axi4_axi3.axi3_conv_inst/USE_READ.USE_SPLIT_R.read_addr_inst/USE_R_CHANNEL.cmd_queue/inst/fifo_gen_inst/inst_fifo_gen/gconvfifo.rf/grf.rf/rstblk/ngwrdrst.grst.g7serrst.gnsckt_wrst.rst_wr_reg2_inst/src_arst
    SLICE_X52Y86         FDPE                                         f  udp_gateway_shadow_mirror_i/axi_mem_intercon/m00_couplers/auto_pc/inst/gen_axi4_axi3.axi3_conv_inst/USE_READ.USE_SPLIT_R.read_addr_inst/USE_R_CHANNEL.cmd_queue/inst/fifo_gen_inst/inst_fifo_gen/gconvfifo.rf/grf.rf/rstblk/ngwrdrst.grst.g7serrst.gnsckt_wrst.rst_wr_reg2_inst/arststages_ff_reg[1]/PRE
  -------------------------------------------------------------------    -------------------

                         (clock clk_fpga_0 rise edge)
                                                      0.000     0.000 r  
    PS7_X0Y0             PS7                          0.000     0.000 r  udp_gateway_shadow_mirror_i/processing_system7_0/inst/PS7_i/FCLKCLK[0]
                         net (fo=1, routed)           0.337     0.337    udp_gateway_shadow_mirror_i/processing_system7_0/inst/FCLK_CLK_unbuffered[0]
    BUFGCTRL_X0Y17       BUFG (Prop_bufg_I_O)         0.029     0.366 r  udp_gateway_shadow_mirror_i/processing_system7_0/inst/buffer_fclk_clk_0.FCLK_CLK_0_BUFG/O
                         net (fo=54559, routed)       0.815     1.181    udp_gateway_shadow_mirror_i/axi_mem_intercon/m00_couplers/auto_pc/inst/gen_axi4_axi3.axi3_conv_inst/USE_READ.USE_SPLIT_R.read_addr_inst/USE_R_CHANNEL.cmd_queue/inst/fifo_gen_inst/inst_fifo_gen/gconvfifo.rf/grf.rf/rstblk/ngwrdrst.grst.g7serrst.gnsckt_wrst.rst_wr_reg2_inst/dest_clk
    SLICE_X52Y86         FDPE                                         r  udp_gateway_shadow_mirror_i/axi_mem_intercon/m00_couplers/auto_pc/inst/gen_axi4_axi3.axi3_conv_inst/USE_READ.USE_SPLIT_R.read_addr_inst/USE_R_CHANNEL.cmd_queue/inst/fifo_gen_inst/inst_fifo_gen/gconvfifo.rf/grf.rf/rstblk/ngwrdrst.grst.g7serrst.gnsckt_wrst.rst_wr_reg2_inst/arststages_ff_reg[1]/C

Slack:                    inf
  Source:                 udp_gateway_shadow_mirror_i/rst_ps7_0_100M/U0/ACTIVE_LOW_PR_OUT_DFF[0].FDRE_PER_N/C
                            (rising edge-triggered cell FDRE clocked by clk_fpga_0  {rise@0.000ns fall@10.000ns period=20.000ns})
  Destination:            udp_gateway_shadow_mirror_i/axi_mem_intercon/m00_couplers/auto_pc/inst/gen_axi4_axi3.axi3_conv_inst/USE_WRITE.write_addr_inst/USE_B_CHANNEL.cmd_b_queue/inst/fifo_gen_inst/inst_fifo_gen/gconvfifo.rf/grf.rf/rstblk/ngwrdrst.grst.g7serrst.gnsckt_wrst.rst_wr_reg2_inst/arststages_ff_reg[0]/PRE
                            (removal check against rising-edge clock clk_fpga_0  {rise@0.000ns fall@10.000ns period=20.000ns})
  Path Group:             (none)
  Path Type:              Removal (Min at Fast Process Corner)
  Data Path Delay:        4.661ns  (logic 0.208ns (4.463%)  route 4.453ns (95.537%))
  Logic Levels:           1  (LUT1=1)
  Clock Path Skew:        0.194ns (DCD - SCD - CPR)
    Destination Clock Delay (DCD):    1.181ns
    Source Clock Delay      (SCD):    0.987ns
    Clock Pessimism Removal (CPR):    -0.000ns
  Clock Uncertainty:      0.302ns  ((TSJ^2 + TIJ^2)^1/2 + DJ) / 2 + PE
    Total System Jitter     (TSJ):    0.071ns
    Total Input Jitter      (TIJ):    0.600ns
    Discrete Jitter          (DJ):    0.000ns
    Phase Error              (PE):    0.000ns
  Timing Exception:       False Path

    Location             Delay type                Incr(ns)  Path(ns)    Netlist Resource(s)
  -------------------------------------------------------------------    -------------------
                         (clock clk_fpga_0 rise edge)
                                                      0.000     0.000 r  
    PS7_X0Y0             PS7                          0.000     0.000 r  udp_gateway_shadow_mirror_i/processing_system7_0/inst/PS7_i/FCLKCLK[0]
                         net (fo=1, routed)           0.310     0.310    udp_gateway_shadow_mirror_i/processing_system7_0/inst/FCLK_CLK_unbuffered[0]
    BUFGCTRL_X0Y17       BUFG (Prop_bufg_I_O)         0.026     0.336 r  udp_gateway_shadow_mirror_i/processing_system7_0/inst/buffer_fclk_clk_0.FCLK_CLK_0_BUFG/O
                         net (fo=54559, routed)       0.651     0.987    udp_gateway_shadow_mirror_i/rst_ps7_0_100M/U0/slowest_sync_clk
    SLICE_X62Y128        FDRE                                         r  udp_gateway_shadow_mirror_i/rst_ps7_0_100M/U0/ACTIVE_LOW_PR_OUT_DFF[0].FDRE_PER_N/C
  -------------------------------------------------------------------    -------------------
    SLICE_X62Y128        FDRE (Prop_fdre_C_Q)         0.164     1.151 r  udp_gateway_shadow_mirror_i/rst_ps7_0_100M/U0/ACTIVE_LOW_PR_OUT_DFF[0].FDRE_PER_N/Q
                         net (fo=100, routed)         3.429     4.580    udp_gateway_shadow_mirror_i/axi_mem_intercon/m00_couplers/auto_pc/inst/gen_axi4_axi3.axi3_conv_inst/USE_WRITE.write_addr_inst/USE_BURSTS.cmd_queue/inst/aresetn
    SLICE_X28Y82         LUT1 (Prop_lut1_I0_O)        0.044     4.624 f  udp_gateway_shadow_mirror_i/axi_mem_intercon/m00_couplers/auto_pc/inst/gen_axi4_axi3.axi3_conv_inst/USE_WRITE.write_addr_inst/USE_BURSTS.cmd_queue/inst/S_AXI_AREADY_I_i_1/O
                         net (fo=253, routed)         1.024     5.648    udp_gateway_shadow_mirror_i/axi_mem_intercon/m00_couplers/auto_pc/inst/gen_axi4_axi3.axi3_conv_inst/USE_WRITE.write_addr_inst/USE_B_CHANNEL.cmd_b_queue/inst/fifo_gen_inst/inst_fifo_gen/gconvfifo.rf/grf.rf/rstblk/ngwrdrst.grst.g7serrst.gnsckt_wrst.rst_wr_reg2_inst/src_arst
    SLICE_X52Y86         FDPE                                         f  udp_gateway_shadow_mirror_i/axi_mem_intercon/m00_couplers/auto_pc/inst/gen_axi4_axi3.axi3_conv_inst/USE_WRITE.write_addr_inst/USE_B_CHANNEL.cmd_b_queue/inst/fifo_gen_inst/inst_fifo_gen/gconvfifo.rf/grf.rf/rstblk/ngwrdrst.grst.g7serrst.gnsckt_wrst.rst_wr_reg2_inst/arststages_ff_reg[0]/PRE
  -------------------------------------------------------------------    -------------------

                         (clock clk_fpga_0 rise edge)
                                                      0.000     0.000 r  
    PS7_X0Y0             PS7                          0.000     0.000 r  udp_gateway_shadow_mirror_i/processing_system7_0/inst/PS7_i/FCLKCLK[0]
                         net (fo=1, routed)           0.337     0.337    udp_gateway_shadow_mirror_i/processing_system7_0/inst/FCLK_CLK_unbuffered[0]
    BUFGCTRL_X0Y17       BUFG (Prop_bufg_I_O)         0.029     0.366 r  udp_gateway_shadow_mirror_i/processing_system7_0/inst/buffer_fclk_clk_0.FCLK_CLK_0_BUFG/O
                         net (fo=54559, routed)       0.815     1.181    udp_gateway_shadow_mirror_i/axi_mem_intercon/m00_couplers/auto_pc/inst/gen_axi4_axi3.axi3_conv_inst/USE_WRITE.write_addr_inst/USE_B_CHANNEL.cmd_b_queue/inst/fifo_gen_inst/inst_fifo_gen/gconvfifo.rf/grf.rf/rstblk/ngwrdrst.grst.g7serrst.gnsckt_wrst.rst_wr_reg2_inst/dest_clk
    SLICE_X52Y86         FDPE                                         r  udp_gateway_shadow_mirror_i/axi_mem_intercon/m00_couplers/auto_pc/inst/gen_axi4_axi3.axi3_conv_inst/USE_WRITE.write_addr_inst/USE_B_CHANNEL.cmd_b_queue/inst/fifo_gen_inst/inst_fifo_gen/gconvfifo.rf/grf.rf/rstblk/ngwrdrst.grst.g7serrst.gnsckt_wrst.rst_wr_reg2_inst/arststages_ff_reg[0]/C

Slack:                    inf
  Source:                 udp_gateway_shadow_mirror_i/rst_ps7_0_100M/U0/ACTIVE_LOW_PR_OUT_DFF[0].FDRE_PER_N/C
                            (rising edge-triggered cell FDRE clocked by clk_fpga_0  {rise@0.000ns fall@10.000ns period=20.000ns})
  Destination:            udp_gateway_shadow_mirror_i/axi_mem_intercon/m00_couplers/auto_pc/inst/gen_axi4_axi3.axi3_conv_inst/USE_WRITE.write_addr_inst/USE_B_CHANNEL.cmd_b_queue/inst/fifo_gen_inst/inst_fifo_gen/gconvfifo.rf/grf.rf/rstblk/ngwrdrst.grst.g7serrst.gnsckt_wrst.rst_wr_reg2_inst/arststages_ff_reg[1]/PRE
                            (removal check against rising-edge clock clk_fpga_0  {rise@0.000ns fall@10.000ns period=20.000ns})
  Path Group:             (none)
  Path Type:              Removal (Min at Fast Process Corner)
  Data Path Delay:        4.661ns  (logic 0.208ns (4.463%)  route 4.453ns (95.537%))
  Logic Levels:           1  (LUT1=1)
  Clock Path Skew:        0.194ns (DCD - SCD - CPR)
    Destination Clock Delay (DCD):    1.181ns
    Source Clock Delay      (SCD):    0.987ns
    Clock Pessimism Removal (CPR):    -0.000ns
  Clock Uncertainty:      0.302ns  ((TSJ^2 + TIJ^2)^1/2 + DJ) / 2 + PE
    Total System Jitter     (TSJ):    0.071ns
    Total Input Jitter      (TIJ):    0.600ns
    Discrete Jitter          (DJ):    0.000ns
    Phase Error              (PE):    0.000ns
  Timing Exception:       False Path

    Location             Delay type                Incr(ns)  Path(ns)    Netlist Resource(s)
  -------------------------------------------------------------------    -------------------
                         (clock clk_fpga_0 rise edge)
                                                      0.000     0.000 r  
    PS7_X0Y0             PS7                          0.000     0.000 r  udp_gateway_shadow_mirror_i/processing_system7_0/inst/PS7_i/FCLKCLK[0]
                         net (fo=1, routed)           0.310     0.310    udp_gateway_shadow_mirror_i/processing_system7_0/inst/FCLK_CLK_unbuffered[0]
    BUFGCTRL_X0Y17       BUFG (Prop_bufg_I_O)         0.026     0.336 r  udp_gateway_shadow_mirror_i/processing_system7_0/inst/buffer_fclk_clk_0.FCLK_CLK_0_BUFG/O
                         net (fo=54559, routed)       0.651     0.987    udp_gateway_shadow_mirror_i/rst_ps7_0_100M/U0/slowest_sync_clk
    SLICE_X62Y128        FDRE                                         r  udp_gateway_shadow_mirror_i/rst_ps7_0_100M/U0/ACTIVE_LOW_PR_OUT_DFF[0].FDRE_PER_N/C
  -------------------------------------------------------------------    -------------------
    SLICE_X62Y128        FDRE (Prop_fdre_C_Q)         0.164     1.151 r  udp_gateway_shadow_mirror_i/rst_ps7_0_100M/U0/ACTIVE_LOW_PR_OUT_DFF[0].FDRE_PER_N/Q
                         net (fo=100, routed)         3.429     4.580    udp_gateway_shadow_mirror_i/axi_mem_intercon/m00_couplers/auto_pc/inst/gen_axi4_axi3.axi3_conv_inst/USE_WRITE.write_addr_inst/USE_BURSTS.cmd_queue/inst/aresetn
    SLICE_X28Y82         LUT1 (Prop_lut1_I0_O)        0.044     4.624 f  udp_gateway_shadow_mirror_i/axi_mem_intercon/m00_couplers/auto_pc/inst/gen_axi4_axi3.axi3_conv_inst/USE_WRITE.write_addr_inst/USE_BURSTS.cmd_queue/inst/S_AXI_AREADY_I_i_1/O
                         net (fo=253, routed)         1.024     5.648    udp_gateway_shadow_mirror_i/axi_mem_intercon/m00_couplers/auto_pc/inst/gen_axi4_axi3.axi3_conv_inst/USE_WRITE.write_addr_inst/USE_B_CHANNEL.cmd_b_queue/inst/fifo_gen_inst/inst_fifo_gen/gconvfifo.rf/grf.rf/rstblk/ngwrdrst.grst.g7serrst.gnsckt_wrst.rst_wr_reg2_inst/src_arst
    SLICE_X52Y86         FDPE                                         f  udp_gateway_shadow_mirror_i/axi_mem_intercon/m00_couplers/auto_pc/inst/gen_axi4_axi3.axi3_conv_inst/USE_WRITE.write_addr_inst/USE_B_CHANNEL.cmd_b_queue/inst/fifo_gen_inst/inst_fifo_gen/gconvfifo.rf/grf.rf/rstblk/ngwrdrst.grst.g7serrst.gnsckt_wrst.rst_wr_reg2_inst/arststages_ff_reg[1]/PRE
  -------------------------------------------------------------------    -------------------

                         (clock clk_fpga_0 rise edge)
                                                      0.000     0.000 r  
    PS7_X0Y0             PS7                          0.000     0.000 r  udp_gateway_shadow_mirror_i/processing_system7_0/inst/PS7_i/FCLKCLK[0]
                         net (fo=1, routed)           0.337     0.337    udp_gateway_shadow_mirror_i/processing_system7_0/inst/FCLK_CLK_unbuffered[0]
    BUFGCTRL_X0Y17       BUFG (Prop_bufg_I_O)         0.029     0.366 r  udp_gateway_shadow_mirror_i/processing_system7_0/inst/buffer_fclk_clk_0.FCLK_CLK_0_BUFG/O
                         net (fo=54559, routed)       0.815     1.181    udp_gateway_shadow_mirror_i/axi_mem_intercon/m00_couplers/auto_pc/inst/gen_axi4_axi3.axi3_conv_inst/USE_WRITE.write_addr_inst/USE_B_CHANNEL.cmd_b_queue/inst/fifo_gen_inst/inst_fifo_gen/gconvfifo.rf/grf.rf/rstblk/ngwrdrst.grst.g7serrst.gnsckt_wrst.rst_wr_reg2_inst/dest_clk
    SLICE_X52Y86         FDPE                                         r  udp_gateway_shadow_mirror_i/axi_mem_intercon/m00_couplers/auto_pc/inst/gen_axi4_axi3.axi3_conv_inst/USE_WRITE.write_addr_inst/USE_B_CHANNEL.cmd_b_queue/inst/fifo_gen_inst/inst_fifo_gen/gconvfifo.rf/grf.rf/rstblk/ngwrdrst.grst.g7serrst.gnsckt_wrst.rst_wr_reg2_inst/arststages_ff_reg[1]/C





